time,disturbance,avg_freq_dev
0.02,0,-3.836930773104541e-13
0.04,0,-7.389644451905042e-13
0.06,0,-9.379164112033322e-13
0.08,0,-1.0800249583553523e-12
0.1,0,-1.1866063687193673e-12
0.12000000000000001,0,-1.2789769243681803e-12
0.14,0,-1.3002932064409833e-12
0.16,0,-1.2931877790833823e-12
0.18,0,-1.3855583347321954e-12
0.19999999999999998,0,-1.6484591469634324e-12
0.21999999999999997,0,-2.1316282072803006e-12
0.23999999999999996,0,-2.9345414986892138e-12
0.25999999999999995,0,-3.737454790098127e-12
0.27999999999999997,0,-4.305888978706207e-12
0.3,0,-4.661160346586257e-12
0.32,0,-4.838796030526282e-12
0.34,0,-4.82458517581108e-12
0.36000000000000004,0,-4.639844064513454e-12
0.38000000000000006,0,-4.312994406063808e-12
0.4000000000000001,0,-3.851141627819743e-12
0.4200000000000001,0,-3.282707439211663e-12
0.4400000000000001,0,-2.6290081223123707e-12
0.46000000000000013,0,-1.9255708139098715e-12
0.48000000000000015,0,-1.1723955140041653e-12
0.5000000000000001,0,-4.263256414560601e-13
0.5200000000000001,0,3.126388037344441e-13
0.5400000000000001,0,1.0089706847793423e-12
0.5600000000000002,0,1.6342482922482304e-12
0.5800000000000002,0,2.2026824808563106e-12
0.6000000000000002,0,2.6645352591003757e-12
0.6200000000000002,0,3.0340174816956278e-12
0.6400000000000002,0,3.289812866569264e-12
0.6600000000000003,0,3.147704319417244e-12
0.6800000000000003,0,2.9984903449076228e-12
0.7000000000000003,0,3.0269120543380268e-12
0.7200000000000003,0,2.6219026949547697e-12
0.7400000000000003,0,2.2239987629291136e-12
0.7600000000000003,0,1.7905676941154525e-12
0.7800000000000004,0,1.3500311979441904e-12
0.8000000000000004,0,8.952838470577262e-13
0.8200000000000004,0,4.476419235288631e-13
0.8400000000000004,0,1.4210854715202004e-14
0.8600000000000004,0,-3.907985046680551e-13
0.8800000000000004,0,-7.531752999057062e-13
0.9000000000000005,0,-1.0658141036401503e-12
0.9200000000000005,0,-1.3358203432289883e-12
0.9400000000000005,0,-1.5347723092418164e-12
0.9600000000000005,0,-1.7692514120426495e-12
0.9800000000000005,0,-2.0108359422010835e-12
1.0000000000000004,0,-2.1316282072803006e-12
1.0200000000000005,0,-2.1529444893531036e-12
1.0400000000000005,0,-2.0961010704922955e-12
1.0600000000000005,0,-1.9468870959826745e-12
1.0800000000000005,0,-1.7337242752546445e-12
1.1000000000000005,0,-1.4708234630234074e-12
1.1200000000000006,0,-1.1510792319313623e-12
1.1400000000000006,0,-8.100187187665142e-13
1.1600000000000006,0,-4.334310688136611e-13
1.1800000000000006,0,-6.394884621840902e-14
1.2000000000000006,0,3.126388037344441e-13
1.2200000000000006,0,6.608047442568932e-13
1.2400000000000007,0,9.876544027065393e-13
1.2600000000000007,0,1.2860823517257813e-12
1.2800000000000007,0,1.5347723092418164e-12
1.3000000000000007,0,1.7408297026122455e-12
1.3200000000000007,0,1.8829382497642655e-12
1.3400000000000007,0,1.9753088054130785e-12
1.3600000000000008,0,2.0108359422010835e-12
1.3800000000000008,0,2.0037305148434825e-12
1.4000000000000008,0,1.9326762412674725e-12
1.4200000000000008,0,1.8189894035458565e-12
1.4400000000000008,0,1.6768808563938364e-12
1.4600000000000009,0,1.4850343177386094e-12
1.4800000000000009,0,1.2860823517257813e-12
1.5000000000000009,0,1.0516032489249483e-12
1.520000000000001,0,8.171241461241152e-13
1.540000000000001,0,5.684341886080801e-13
1.560000000000001,0,3.410605131648481e-13
1.580000000000001,0,1.2789769243681803e-13
1.600000000000001,0,-8.526512829121202e-14
1.620000000000001,0,-2.5579538487363607e-13
1.640000000000001,0,-3.979039320256561e-13
1.660000000000001,0,-5.115907697472721e-13
1.680000000000001,0,-5.826450433232822e-13
1.700000000000001,0,-6.252776074688882e-13
1.720000000000001,0,-6.323830348264892e-13
1.740000000000001,0,-5.968558980384842e-13
1.7600000000000011,0,-5.400124791776761e-13
1.7800000000000011,0,-4.547473508864641e-13
1.8000000000000012,0,-3.268496584496461e-13
1.8200000000000012,0,-1.9184653865522705e-13
1.8400000000000012,0,-4.263256414560601e-14
1.8600000000000012,0,1.1368683772161603e-13
1.8800000000000012,0,2.8421709430404007e-13
1.9000000000000012,0,4.476419235288631e-13
1.9200000000000013,0,6.110667527536862e-13
1.9400000000000013,0,7.531752999057062e-13
1.9600000000000013,0,8.881784197001252e-13
1.9800000000000013,0,1.0018652574217413e-12
2.0000000000000013,0,1.0942358130705543e-12
2.0200000000000014,0,1.1723955140041653e-12
2.0400000000000014,0,1.2221335055073723e-12
2.0600000000000014,0,1.2505552149377763e-12
2.0800000000000014,0,1.2505552149377763e-12
2.1000000000000014,0,1.2221335055073723e-12
2.1200000000000014,0,1.1795009413617663e-12
2.1400000000000015,0,1.1226575225009583e-12
2.1600000000000015,0,1.0444978215673473e-12
2.1800000000000015,0,9.592326932761353e-13
2.2000000000000015,0,8.668621376273222e-13
2.2200000000000015,0,7.673861546209082e-13
2.2400000000000015,0,6.536993168992922e-13
2.2600000000000016,0,5.471179065352771e-13
2.2800000000000016,0,4.547473508864641e-13
2.3000000000000016,0,3.694822225952521e-13
2.3200000000000016,0,2.8421709430404007e-13
2.3400000000000016,0,2.2737367544323206e-13
2.3600000000000017,0,1.7053025658242404e-13
2.3800000000000017,0,1.3500311979441904e-13
2.4000000000000017,0,1.1368683772161603e-13
2.4200000000000017,0,1.0658141036401503e-13
2.4400000000000017,0,1.1368683772161603e-13
2.4600000000000017,0,1.3500311979441904e-13
2.4800000000000018,0,1.7053025658242404e-13
2.5000000000000018,0,2.2026824808563106e-13
2.520000000000002,0,2.8421709430404007e-13
2.540000000000002,0,3.481659405224491e-13
2.560000000000002,0,4.121147867408581e-13
2.580000000000002,0,-4.263256414560601e-14
2.600000000000002,0,-4.547473508864641e-13
2.620000000000002,0,-8.100187187665142e-13
2.640000000000002,0,-1.1439738045737613e-12
2.660000000000002,0,-1.3713474800169934e-12
2.680000000000002,0,-1.5205614545266144e-12
2.700000000000002,0,-1.6129320101754274e-12
2.720000000000002,0,-1.6200374375330284e-12
2.740000000000002,0,-1.5631940186722204e-12
2.760000000000002,0,-1.4352963262354024e-12
2.780000000000002,0,-1.2576606422953773e-12
2.800000000000002,0,-1.0231815394945443e-12
2.820000000000002,0,-7.531752999057062e-13
2.840000000000002,0,-4.476419235288631e-13
2.860000000000002,0,-1.3500311979441904e-13
2.880000000000002,0,1.9895196601282805e-13
2.900000000000002,0,5.258016244624741e-13
2.920000000000002,0,8.384404281969182e-13
2.940000000000002,0,1.1297629498585593e-12
2.960000000000002,0,1.3926637620897964e-12
2.980000000000002,0,1.6129320101754274e-12
3.000000000000002,0,1.7976731214730535e-12
3.0200000000000022,0,1.9326762412674725e-12
3.0400000000000023,0,2.0250467969162855e-12
3.0600000000000023,0,2.0605739337042905e-12
3.0800000000000023,0,2.0534685063466895e-12
3.1000000000000023,0,1.9966250874858815e-12
3.1200000000000023,0,1.9042545318370685e-12
3.1400000000000023,0,1.7763568394002505e-12
3.1600000000000024,0,1.6129320101754274e-12
3.1800000000000024,0,1.4281908988778014e-12
3.2000000000000024,0,1.2221335055073723e-12
3.2200000000000024,0,1.0160761121369433e-12
3.2400000000000024,0,7.958078640513122e-13
3.2600000000000025,0,5.897504706808832e-13
3.2800000000000025,0,3.836930773104541e-13
3.3000000000000025,0,1.9895196601282805e-13
3.3200000000000025,0,4.263256414560601e-14
3.3400000000000025,0,-9.947598300641403e-14
3.3600000000000025,0,-2.1316282072803006e-13
3.3800000000000026,0,-2.8421709430404007e-13
3.4000000000000026,0,-3.339550858072471e-13
3.4200000000000026,0,-3.481659405224491e-13
3.4400000000000026,0,-3.410605131648481e-13
3.4600000000000026,0,-2.913225216616411e-13
3.4800000000000026,0,-2.2737367544323206e-13
3.5000000000000027,0,-1.3500311979441904e-13
3.5200000000000027,0,-2.1316282072803006e-14
3.5400000000000027,0,9.947598300641403e-14
3.5600000000000027,0,2.3447910280083306e-13
3.5800000000000027,0,3.765876499528531e-13
3.6000000000000028,0,5.044853423896711e-13
3.6200000000000028,0,6.465938895416912e-13
3.640000000000003,0,7.673861546209082e-13
3.660000000000003,0,8.881784197001252e-13
3.680000000000003,0,5.613287612504791e-13
3.700000000000003,0,2.2026824808563106e-13
3.720000000000003,0,-1.2079226507921703e-13
3.740000000000003,0,-4.263256414560601e-13
3.760000000000003,0,-7.105427357601002e-13
3.780000000000003,0,-9.379164112033322e-13
3.800000000000003,0,-1.1155520951433573e-12
3.820000000000003,0,-1.2363443602225743e-12
3.840000000000003,0,-1.2931877790833823e-12
3.860000000000003,0,-1.3073986337985843e-12
3.880000000000003,0,-1.2505552149377763e-12
3.900000000000003,0,-1.1439738045737613e-12
3.920000000000003,0,-9.805489753489383e-13
3.940000000000003,0,-7.887024366937112e-13
3.960000000000003,0,-5.613287612504791e-13
3.980000000000003,0,-3.126388037344441e-13
4.000000000000003,0,-2.5579538487363607e-13
4.020000000000002,0,1.4210854715202004e-14
4.040000000000002,0,2.913225216616411e-13
4.060000000000001,0,1.2789769243681803e-13
4.080000000000001,0,-4.973799150320701e-14
4.1000000000000005,0,-2.1316282072803006e-13
4.12,0,-3.623767952376511e-13
4.14,0,-3.481659405224491e-13
4.159999999999999,0,-2.2737367544323206e-13
4.179999999999999,0,-1.3500311979441904e-13
4.199999999999998,0,-5.684341886080802e-14
4.219999999999998,0,2.842170943040401e-14
4.2399999999999975,0,1.0658141036401503e-13
4.259999999999997,0,1.9895196601282805e-13
4.279999999999997,0,2.7711166694643907e-13
4.299999999999996,0,3.552713678800501e-13
4.319999999999996,0,4.334310688136611e-13
4.339999999999995,0,5.115907697472721e-13
4.359999999999995,0,5.684341886080801e-13
4.379999999999995,0,6.252776074688882e-13
4.399999999999994,0,6.679101716144942e-13
4.419999999999994,0,7.034373084024992e-13
4.439999999999993,0,7.318590178329032e-13
4.459999999999993,0,7.389644451905042e-13
4.479999999999992,0,7.389644451905042e-13
4.499999999999992,0,7.389644451905042e-13
4.519999999999992,0,7.176481631177012e-13
4.539999999999991,0,6.821210263296962e-13
4.559999999999991,0,6.394884621840902e-13
4.57999999999999,0,5.897504706808832e-13
4.59999999999999,0,7.318590178329032e-13
4.6199999999999894,0,7.247535904753022e-13
4.639999999999989,0,8.810729923425242e-13
4.659999999999989,0,9.876544027065393e-13
4.679999999999988,0,7.602807272633072e-13
4.699999999999988,0,5.684341886080801e-13
4.719999999999987,0,3.552713678800501e-13
4.739999999999987,0,1.2789769243681803e-13
4.7599999999999865,0,-1.7053025658242404e-13
4.779999999999986,0,-4.192202140984591e-13
4.799999999999986,0,-6.536993168992922e-13
4.819999999999985,0,-9.592326932761353e-13
4.839999999999985,0,-1.2363443602225743e-12
4.859999999999984,0,-1.3500311979441904e-12
4.879999999999984,0,-1.6910917111090384e-12
4.8999999999999835,0,-1.9682033780554775e-12
4.919999999999983,0,-2.1600499167107046e-12
4.939999999999983,0,-2.4371615836571436e-12
4.959999999999982,0,-2.7284841053187847e-12
4.979999999999982,0,-3.069544618483633e-12
4.999999999999981,0,-3.282707439211663e-12
5.019999999999981,0,-3.559819106158102e-12
5.0399999999999805,0,-3.879563337250147e-12
5.05999999999998,0,-4.050093593832571e-12
5.07999999999998,0,-4.298783551348606e-12
5.099999999999979,0,-4.604316927725449e-12
5.119999999999979,0,-4.916955731459893e-12
5.139999999999978,0,-5.229594535194337e-12
5.159999999999978,0,-5.329070518200751e-12
5.1799999999999775,0,-5.5564441936439835e-12
5.199999999999977,0,-5.8548721426632255e-12
5.219999999999977,0,-6.16751094639767e-12
5.239999999999976,0,-6.465938895416912e-12
5.259999999999976,0,-6.536993168992922e-12
5.279999999999975,0,-6.373568339768099e-12
5.299999999999975,0,-6.0182969718880486e-12
5.3199999999999745,0,-5.4853899200679734e-12
5.339999999999974,0,-4.817479748453479e-12
5.359999999999974,0,-4.028777311759768e-12
5.379999999999973,0,-3.140598892059643e-12
5.399999999999973,0,-2.2168933355715126e-12
5.419999999999972,0,-1.2647660696529783e-12
5.439999999999972,0,-3.197442310920451e-13
5.4599999999999715,0,5.755396159656812e-13
5.479999999999971,0,1.4139800441625994e-12
5.499999999999971,0,1.9255708139098715e-12
5.51999999999997,0,1.7976731214730535e-12
5.53999999999997,0,1.3216094885137863e-12
5.559999999999969,0,8.384404281969182e-13
5.579999999999969,0,3.694822225952521e-13
5.599999999999969,0,-1.1368683772161603e-13
5.619999999999968,0,-5.755396159656812e-13
5.639999999999968,0,-1.0018652574217413e-12
5.659999999999967,0,-1.3926637620897964e-12
5.679999999999967,0,-1.7266188478970435e-12
5.699999999999966,0,-2.0037305148434825e-12
5.719999999999966,0,-2.2168933355715126e-12
5.739999999999966,0,-2.3732127374387346e-12
5.759999999999965,0,-2.4584778657299466e-12
5.779999999999965,0,-2.4726887204451486e-12
5.799999999999964,0,-2.4300561562995426e-12
5.819999999999964,0,-2.3092638912203256e-12
5.839999999999963,0,-2.1600499167107046e-12
5.859999999999963,0,-1.9539925233402755e-12
5.879999999999963,0,-1.7124079931818414e-12
5.899999999999962,0,-1.4495071809506044e-12
5.919999999999962,0,-1.5916157281026244e-12
5.939999999999961,0,-2.1529444893531036e-12
5.959999999999961,0,-2.6361135496699717e-12
5.9799999999999605,0,-2.9984903449076228e-12
5.99999999999996,0,-3.232969447708456e-12
6.01999999999996,0,-3.360867140145274e-12
6.039999999999959,0,-3.396394276933279e-12
6.059999999999959,0,-3.325340003357269e-12
6.079999999999958,0,-3.531397396727698e-12
6.099999999999958,0,-4.028777311759768e-12
6.1199999999999575,0,-4.412470389070222e-12
6.139999999999957,0,-4.597211500367848e-12
6.159999999999957,0,-4.632738637155853e-12
6.179999999999956,0,-4.533262654149439e-12
6.199999999999956,0,-4.291678123991005e-12
6.219999999999955,0,-4.419575816427823e-12
6.239999999999955,0,-4.853006885241484e-12
6.2599999999999545,0,-5.051958851254312e-12
6.279999999999954,0,-5.080380560684716e-12
6.299999999999954,0,-4.938272013532696e-12
6.319999999999953,0,-4.661160346586257e-12
6.339999999999953,0,-4.270361841918202e-12
6.359999999999952,0,-3.780087354243733e-12
6.379999999999952,0,-3.211653165635653e-12
6.3999999999999515,0,-2.6005864128819667e-12
6.419999999999951,0,-1.9610979506978765e-12
6.439999999999951,0,-1.3073986337985843e-12
6.45999999999995,0,-6.821210263296962e-13
6.47999999999995,0,-8.526512829121202e-14
6.499999999999949,0,4.689582056016661e-13
6.519999999999949,0,9.379164112033322e-13
6.5399999999999485,0,1.3358203432289883e-12
6.559999999999948,0,1.6484591469634324e-12
6.579999999999948,0,1.8616219676914625e-12
6.599999999999947,0,1.7550405573274475e-12
6.619999999999947,0,1.8260948309034575e-12
6.639999999999946,0,1.7905676941154525e-12
6.659999999999946,0,1.6768808563938364e-12
6.6799999999999455,0,1.4637180356658064e-12
6.699999999999945,0,1.1795009413617663e-12
6.719999999999945,0,8.455458555545192e-13
6.739999999999944,0,4.760636329592671e-13
6.759999999999944,0,7.105427357601002e-14
6.779999999999943,0,-3.552713678800501e-13
6.799999999999943,0,-7.673861546209082e-13
6.8199999999999426,0,-1.1795009413617663e-12
6.839999999999942,0,-1.5560885913146194e-12
6.859999999999942,0,-1.9113599591946695e-12
6.879999999999941,0,-2.2097879082139116e-12
6.899999999999941,0,-2.4584778657299466e-12
6.91999999999994,0,-2.6503244043851737e-12
6.93999999999994,0,-2.7853275241795927e-12
6.95999999999994,0,-2.8634872251132037e-12
6.979999999999939,0,-2.8705926524708048e-12
6.999999999999939,0,-2.8279600883251987e-12
7.019999999999938,0,-2.7284841053187847e-12
7.039999999999938,0,-2.5863755581667647e-12
7.059999999999937,0,-2.3945290195115376e-12
7.079999999999937,0,-2.1742607714259066e-12
7.099999999999937,0,-1.9326762412674725e-12
7.119999999999936,0,-1.6697754290362354e-12
7.139999999999936,0,-1.4068746168049984e-12
7.159999999999935,0,-1.1510792319313623e-12
7.179999999999935,0,-8.952838470577262e-13
7.1999999999999345,0,-6.679101716144942e-13
7.219999999999934,0,-4.618527782440651e-13
7.239999999999934,0,-2.8421709430404007e-13
7.259999999999933,0,-1.3500311979441904e-13
7.279999999999933,0,-2.842170943040401e-14
7.299999999999932,0,3.552713678800501e-14
7.319999999999932,0,6.394884621840902e-14
7.3399999999999315,0,4.973799150320701e-14
7.359999999999931,0,0.0
7.379999999999931,0,-7.815970093361102e-14
7.39999999999993,0,-1.8474111129762605e-13
7.41999999999993,0,-3.339550858072471e-13
7.439999999999929,0,-4.831690603168681e-13
7.459999999999929,0,-6.465938895416912e-13
7.4799999999999285,0,-8.242295734817162e-13
7.499999999999928,0,-1.0089706847793423e-12
7.519999999999928,0,-1.1795009413617663e-12
7.539999999999927,0,-1.3358203432289883e-12
7.559999999999927,0,-1.4992451724538114e-12
7.579999999999926,0,-1.6342482922482304e-12
7.599999999999926,0,-1.7479351299698465e-12
7.6199999999999255,0,-1.8332002582610585e-12
7.639999999999925,0,-1.9042545318370685e-12
7.659999999999925,0,-1.9397816686250735e-12
7.679999999999924,0,-1.9610979506978765e-12
7.699999999999924,0,-1.9468870959826745e-12
7.719999999999923,0,-1.9184653865522705e-12
7.739999999999923,0,-1.8616219676914625e-12
7.7599999999999225,0,-1.7905676941154525e-12
7.779999999999922,0,-1.7053025658242404e-12
7.799999999999922,0,-1.6058265828178264e-12
7.819999999999921,0,-1.4992451724538114e-12
7.839999999999921,0,-1.3926637620897964e-12
7.85999999999992,0,-1.2789769243681803e-12
7.87999999999992,0,-1.1795009413617663e-12
7.8999999999999195,0,-1.0729195309977513e-12
7.919999999999919,0,-9.876544027065393e-13
7.939999999999919,0,-9.094947017729282e-13
7.959999999999918,0,-8.455458555545192e-13
7.979999999999918,0,-7.958078640513122e-13
7.999999999999917,0,-7.531752999057062e-13
8.019999999999918,0,-7.460698725481052e-13
8.039999999999917,0,-7.460698725481052e-13
8.059999999999917,0,-7.602807272633072e-13
8.079999999999917,0,-7.958078640513122e-13
8.099999999999916,0,-8.384404281969182e-13
8.119999999999916,0,-8.952838470577262e-13
8.139999999999915,0,-9.592326932761353e-13
8.159999999999915,0,-1.0231815394945443e-12
8.179999999999914,0,-1.1084466677857563e-12
8.199999999999914,0,-1.1795009413617663e-12
8.219999999999914,0,-1.2505552149377763e-12
8.239999999999913,0,-1.5774048733874224e-12
8.259999999999913,0,-1.4779288903810084e-12
8.279999999999912,0,-1.4424017535930034e-12
8.299999999999912,0,-1.4352963262354024e-12
8.319999999999911,0,-1.4495071809506044e-12
8.339999999999911,0,-1.4708234630234074e-12
8.35999999999991,0,-1.4921397450962104e-12
8.37999999999991,0,-1.4921397450962104e-12
8.39999999999991,0,-1.5134560271690134e-12
8.41999999999991,0,-1.5134560271690134e-12
8.439999999999909,0,-1.5134560271690134e-12
8.459999999999908,0,-1.5063505998114124e-12
8.479999999999908,0,-1.4992451724538114e-12
8.499999999999908,0,-1.4779288903810084e-12
8.519999999999907,0,-1.4566126083082054e-12
8.539999999999907,0,-1.4352963262354024e-12
8.559999999999906,0,-1.4068746168049984e-12
8.579999999999906,0,-1.3855583347321954e-12
8.599999999999905,0,-1.3500311979441904e-12
8.619999999999905,0,-1.3287149158713873e-12
8.639999999999905,0,-1.3002932064409833e-12
8.659999999999904,0,-1.2647660696529783e-12
8.679999999999904,0,-1.2505552149377763e-12
8.699999999999903,0,-1.2363443602225743e-12
8.719999999999903,0,-1.2150280781497713e-12
8.739999999999903,0,-1.2008172234345693e-12
8.759999999999902,0,-1.1937117960769683e-12
8.779999999999902,0,-1.1937117960769683e-12
8.799999999999901,0,-1.2008172234345693e-12
8.8199999999999,0,-1.2079226507921703e-12
8.8399999999999,0,-1.2150280781497713e-12
8.8599999999999,0,-1.2292389328649733e-12
8.8799999999999,0,-1.2505552149377763e-12
8.899999999999899,0,-1.2647660696529783e-12
8.919999999999899,0,-1.2931877790833823e-12
8.939999999999898,0,-1.3073986337985843e-12
8.959999999999898,0,-1.3287149158713873e-12
8.979999999999897,0,-1.3500311979441904e-12
8.999999999999897,0,-1.3642420526593924e-12
9.019999999999897,0,-1.3855583347321954e-12
9.039999999999896,0,-1.4068746168049984e-12
9.059999999999896,0,-1.4210854715202004e-12
9.079999999999895,0,-1.4352963262354024e-12
9.099999999999895,0,-1.4424017535930034e-12
9.119999999999894,0,-1.4424017535930034e-12
9.139999999999894,0,-1.4495071809506044e-12
9.159999999999894,0,-1.4495071809506044e-12
9.179999999999893,0,-1.4424017535930034e-12
9.199999999999893,0,-1.4424017535930034e-12
9.219999999999892,0,-1.4352963262354024e-12
9.239999999999892,0,-1.4352963262354024e-12
9.259999999999891,0,-1.4139800441625994e-12
9.279999999999891,0,-1.4068746168049984e-12
9.29999999999989,0,-1.3926637620897964e-12
9.31999999999989,0,-1.3855583347321954e-12
9.33999999999989,0,-1.3713474800169934e-12
9.35999999999989,0,-1.3642420526593924e-12
9.379999999999889,0,-1.3571366253017914e-12
9.399999999999888,0,-1.3429257705865894e-12
9.419999999999888,0,-1.3358203432289883e-12
9.439999999999888,0,-1.3358203432289883e-12
9.459999999999887,0,-1.3358203432289883e-12
9.479999999999887,0,-1.3358203432289883e-12
9.499999999999886,0,-1.3358203432289883e-12
9.519999999999886,0,-1.3358203432289883e-12
9.539999999999885,0,-1.3358203432289883e-12
9.559999999999885,0,-1.3500311979441904e-12
9.579999999999885,0,-1.3500311979441904e-12
9.599999999999884,0,-1.3642420526593924e-12
9.619999999999884,0,-1.3713474800169934e-12
9.639999999999883,0,-1.3784529073745944e-12
9.659999999999883,0,-1.3926637620897964e-12
9.679999999999882,0,-1.3997691894473974e-12
9.699999999999882,0,-1.4068746168049984e-12
9.719999999999882,0,-1.4139800441625994e-12
9.739999999999881,0,-1.4210854715202004e-12
9.75999999999988,0,-1.4352963262354024e-12
9.77999999999988,0,-1.4352963262354024e-12
9.79999999999988,0,-1.4352963262354024e-12
9.81999999999988,0,-1.4424017535930034e-12
9.839999999999879,0,-1.4424017535930034e-12
9.859999999999879,0,-1.4424017535930034e-12
9.879999999999878,0,-1.4424017535930034e-12
9.899999999999878,0,-1.7905676941154525e-12
9.919999999999877,0,-1.4850343177386094e-12
9.939999999999877,0,-1.3216094885137863e-12
9.959999999999877,0,-1.2292389328649733e-12
9.979999999999876,0,-1.1795009413617663e-12
9.999999999999876,0,-1.1652900866465643e-12
10.019999999999875,0,-1.1652900866465643e-12
10.039999999999875,80,-0.0009523655881906734
10.059999999999874,80,-0.0028539987396598576
10.079999999999874,80,-0.004752402129405198
10.099999999999874,80,-0.006647639619345114
10.119999999999873,80,-0.00853979422677753
10.139999999999873,80,-0.010428949094801965
10.159999999999872,80,-0.012315178171675711
10.179999999999872,80,-0.014198542509937795
10.199999999999871,80,-0.016079089901651855
10.219999999999871,80,-0.017956856312409286
10.23999999999987,80,-0.019831868223853633
10.25999999999987,80,-0.021704145362164695
10.27999999999987,80,-0.02357370351084853
10.29999999999987,80,-0.025440557238390227
10.319999999999869,80,-0.027304722449997598
10.339999999999868,80,-0.02916621871802505
10.359999999999868,80,-0.03102507137204924
10.379999999999868,80,-0.032881313343558816
10.399999999999867,80,-0.03473498676787301
10.419999999999867,80,-0.03658614434841212
10.439999999999866,80,-0.038434850490148165
10.459999999999866,80,-0.04028118220782062
10.479999999999865,80,-0.042125229814281795
10.499999999999865,80,-0.043967097392730636
10.519999999999865,80,-0.045806903056025305
10.539999999999864,80,-0.04764477899519903
10.559999999999864,80,-0.04948087131913326
10.579999999999863,80,-0.05131533968717861
10.599999999999863,80,-0.053148356736961944
10.619999999999862,80,-0.05498010731049874
10.639999999999862,80,-0.05681078748240509
10.659999999999862,80,-0.058640603396149515
10.679999999999861,80,-0.06046976991544284
10.69999999999986,80,-0.06229850910021639
10.71999999999986,80,-0.06412704851865669
10.73999999999986,80,-0.06595561940932271
10.75999999999986,80,-0.0677844547093116
10.779999999999859,80,-0.06961378696764342
10.799999999999859,80,-0.07144384616446331
10.819999999999858,80,-0.07327485745973661
10.839999999999858,80,-0.07510703889651893
10.859999999999857,80,-0.07694059908622108
10.879999999999857,80,-0.07877573490442558
10.899999999999856,80,-0.08061262922696244
10.919999999999856,80,-0.08245144873689014
10.939999999999856,80,-0.0842923418329633
10.959999999999855,80,-0.08613543667014767
10.979999999999855,80,-0.08798083936157752
10.999999999999854,80,-0.08982863237033456
11.019999999999854,80,-0.09167887311743073
11.039999999999853,80,-0.09353159282964185
11.059999999999853,80,-0.09538679564820995
11.079999999999853,80,-0.09724445801581538
11.099999999999852,80,-0.09910452835545414
11.119999999999852,80,-0.10096692705041477
11.139999999999851,80,-0.10283154673037131
11.159999999999851,80,-0.10469825286382672
11.17999999999985,80,-0.10656688465216746
11.19999999999985,80,-0.10843725621623435
11.21999999999985,80,-0.11030915806144037
11.23999999999985,80,-0.11218235880310345
11.259999999999849,80,-0.11405660712959786
11.279999999999848,80,-0.1159316339772758
11.299999999999848,80,-0.11780715488779947
11.319999999999848,80,-0.11968287251612253
11.339999999999847,80,-0.12155847925487251
11.359999999999847,80,-0.1234336599399839
11.379999999999846,80,-0.1253080946015075
11.399999999999846,80,-0.1271814612231239
11.419999999999845,80,-0.12905343847519646
11.439999999999845,80,-0.13092370838666056
11.459999999999845,80,-0.1327919589234341
11.479999999999844,80,-0.13465788644307963
11.499999999999844,80,-0.13652119799831297
11.519999999999843,80,-0.13838161346518518
11.539999999999843,80,-0.14023886747524728
11.559999999999842,80,-0.1420927111346728
11.579999999999842,80,-0.14394291351727162
11.599999999999842,80,-0.1457892629221078
11.619999999999841,80,-0.14763156789031484
11.63999999999984,80,-0.14946965797949474
11.65999999999984,80,-0.15130338429752044
11.67999999999984,80,-0.15313261980101345
11.69999999999984,80,-0.15495725936655447
11.719999999999839,80,-0.15677721964556213
11.739999999999839,80,-0.15859243871588546
11.759999999999838,80,-0.16040287554508126
11.779999999999838,80,-0.16220850928192476
11.799999999999837,80,-0.16400933839363319
11.819999999999837,80,-0.16580537966712683
11.839999999999836,80,-0.1675966670928304
11.859999999999836,80,-0.16938325064961646
11.879999999999836,80,-0.17116519500915217
11.899999999999835,80,-0.1729425781770928
11.919999999999835,80,-0.1747154900880119
11.939999999999834,80,-0.1764840311696716
11.959999999999834,80,-0.17824831089112791
11.979999999999833,80,-0.1800084463077667
11.999999999999833,80,-0.18176456061509327
12.019999999999833,80,-0.1835167817214085
12.039999999999832,80,-0.18526524084859375
12.059999999999832,80,-0.18701007116802515
12.079999999999831,80,-0.18875140647834598
12.099999999999831,80,-0.19048937992960902
12.11999999999983,80,-0.19222412279798817
12.13999999999983,80,-0.19395576331378095
12.15999999999983,80,-0.1956844255449255
12.17999999999983,80,-0.19741022833743216
12.199999999999829,80,-0.19913328431360355
12.219999999999828,80,-0.20085369892868243
12.239999999999828,80,-0.20257156958624734
12.259999999999827,80,-0.20428698481249086
12.279999999999827,80,-0.20600002348984958
12.299999999999827,80,-0.20771075415009932
12.319999999999826,80,-0.20941923432756937
12.339999999999826,80,-0.2111255099732361
12.359999999999825,80,-0.212829614930655
12.379999999999825,80,-0.21453157047497484
12.399999999999824,80,-0.2162313849164761
12.419999999999824,80,-0.21792905327044565
12.439999999999824,80,-0.21962455699501504
12.459999999999823,80,-0.22131786379894436
12.479999999999823,80,-0.22300892752123502
12.499999999999822,80,-0.22469768808425528
12.519999999999822,80,-0.22638407152211926
12.539999999999822,80,-0.22806799008535705
12.559999999999821,80,-0.22974934242317602
12.57999999999982,80,-0.23142801384347678
12.59999999999982,80,-0.23310387665080157
12.61999999999982,80,-0.23477679056158962
12.63999999999982,80,-0.23644660319538247
12.659999999999819,80,-0.23811315064028804
12.679999999999819,80,-0.2397762580900178
12.699999999999818,80,-0.2414357405493206
12.719999999999818,80,-0.24309140360386294
12.739999999999817,80,-0.24474304425015703
12.759999999999817,80,-0.24639045178015095
12.779999999999816,80,-0.2480334087151448
12.799999999999816,80,-0.24967169178256654
12.819999999999816,80,-0.25130507292913506
12.839999999999815,80,-0.2529333203635389
12.859999999999815,80,-0.2545561996212413
12.879999999999814,80,-0.2561734746441573
12.899999999999814,80,-0.25778490886754923
12.919999999999813,80,-0.2593902663066032
12.939999999999813,80,-0.2609893126350826
12.959999999999813,80,-0.26258181624859134
12.979999999999812,80,-0.2641675493051636
12.999999999999812,80,-0.26574628873591166
13.019999999999811,80,-0.26731781721915127
13.03999999999981,80,-0.26888192411111334
13.05999999999981,80,-0.2704384063274148
13.07999999999981,80,-0.271987069169235
13.09999999999981,80,-0.2735277270889327
13.11999999999981,80,-0.2750602043902006
13.139999999999809,80,-0.27658433585828135
13.159999999999808,80,-0.27809996731633646
13.179999999999808,80,-0.27960695610453
13.199999999999807,80,-0.28110517147896275
13.219999999999807,80,-0.28259449492807676
13.239999999999807,80,-0.28407482040480403
13.259999999999806,80,-0.2855460544731301
13.279999999999806,80,-0.28700811636865353
13.299999999999805,80,-0.2884609379727223
13.319999999999805,80,-0.2899044637009638
13.339999999999804,80,-0.291338650307182
13.359999999999804,80,-0.29276346660412855
13.379999999999804,80,-0.29417889310366974
13.399999999999803,80,-0.29558492157887883
13.419999999999803,80,-0.2969815545514791
13.439999999999802,80,-0.29836880470522686
13.459999999999802,80,-0.2997466942227902
13.479999999999801,80,-0.3011152540668647
13.499999999999801,80,-0.3024745232163113
13.5199999999998,80,-0.30382454785436863
13.5399999999998,80,-0.305165380514552
13.5599999999998,80,-0.30649707919002367
13.5799999999998,80,-0.3078197064134969
13.599999999999799,80,-0.3091333283147506
13.619999999999798,80,-0.310438013663358
13.639999999999798,80,-0.31173383289007006
13.659999999999798,80,-0.3130208571071833
13.679999999999797,80,-0.3142991571460385
13.699999999999797,80,-0.3155688026137611
13.719999999999796,80,-0.31682986097690957
13.739999999999796,80,-0.31808239668040983
13.759999999999796,80,-0.3193264703095693
13.779999999999795,80,-0.32056213780293774
13.799999999999795,80,-0.3217894497236813
13.819999999999794,80,-0.32300845059637595
13.839999999999794,80,-0.3242191783159569
13.859999999999793,80,-0.3254216636348133
13.879999999999793,80,-0.32661592973329334
13.899999999999793,80,-0.32780199187830306
13.919999999999792,80,-0.3289798571736
13.939999999999792,80,-0.33014952440470324
13.959999999999791,80,-0.33131098400168923
13.97999999999979,80,-0.3324642180906636
13.99999999999979,80,-0.33360920061425503
14.01999999999979,80,-0.3347458975400457
14.03999999999979,80,-0.33587426716735536
14.059999999999789,80,-0.33699426052629633
14.079999999999789,80,-0.33810582186245597
14.099999999999788,80,-0.3392088892022116
14.119999999999788,80,-0.34030339499192763
14.139999999999787,80,-0.3413892668044127
14.159999999999787,80,-0.34246642810482797
14.179999999999787,80,-0.3435347990676547
14.199999999999786,80,-0.3445942974359255
14.219999999999786,80,-0.3456448394133247
14.239999999999785,80,-0.34668634057968717
14.259999999999785,80,-0.3477187168199194
14.279999999999784,80,-0.34874188525656535
14.299999999999784,80,-0.34975576517612694
14.319999999999784,80,-0.3507602789396387
14.339999999999783,80,-0.3517553528680253
14.359999999999783,80,-0.3527409180935024
14.379999999999782,80,-0.35371691136864314
14.399999999999782,80,-0.3546832758254368
14.419999999999781,80,-0.3556399616773973
14.439999999999781,80,-0.35658692685859705
14.45999999999978,80,-0.357524137594325
14.47999999999978,80,-0.35845156889899954
14.49999999999978,80,-0.3593692050107862
14.51999999999978,80,-0.36027703974829706
14.539999999999779,80,-0.361175076758812
14.559999999999778,80,-0.36206332967917376
14.579999999999778,80,-0.3629418222217211
14.599999999999778,80,-0.3638105881805913
14.619999999999777,80,-0.36466967136026085
14.639999999999777,80,-0.3655191254293726
14.659999999999776,80,-0.36635901370284785
14.679999999999776,80,-0.36718940885688056
14.699999999999775,80,-0.36801039258097745
14.719999999999775,80,-0.36882205512387856
14.739999999999775,80,-0.36962449478143355
14.759999999999774,80,-0.3704178173755679
14.779999999999774,80,-0.3712021357131974
14.799999999999773,80,-0.3719775690162095
14.819999999999773,80,-0.3727442423254459
14.839999999999772,80,-0.3735022858828003
14.859999999999772,80,-0.3742518344956167
14.879999999999772,80,-0.3749930268880348
14.899999999999771,80,-0.3757260050438447
14.91999999999977,80,-0.3764509135448435
14.93999999999977,80,-0.3771678989094909
14.95999999999977,80,-0.3778771089352091
14.97999999999977,80,-0.3785786920485279
14.999999999999769,80,-0.3792727966663989
15.019999999999769,80,-0.3799595705719838
15.039999999999768,80,-0.38063916030813516
15.059999999999768,80,-0.3813117105914259
15.079999999999767,80,-0.381977363700571
15.099999999999767,80,-0.3826362588783141
15.119999999999767,80,-0.3832885317850412
15.139999999999766,80,-0.3839343139986937
15.159999999999766,80,-0.38457373255651817
15.179999999999765,80,-0.3852069095365991
15.199999999999765,80,-0.38583396168031925
15.219999999999764,80,-0.3864550000568485
15.239999999999764,80,-0.38707012977121025
15.259999999999764,80,-0.38767944971745294
15.279999999999763,80,-0.3882830523781493
15.299999999999763,80,-0.3888810236714946
15.319999999999762,80,-0.38947344284703433
15.339999999999762,80,-0.39006038243066143
15.359999999999761,80,-0.3906419082195214
15.379999999999761,80,-0.39121807932676944
15.39999999999976,80,-0.39178894827616517
15.41999999999976,80,-0.39235456114581524
15.43999999999976,80,-0.3929149577601265
15.45999999999976,80,-0.3934701719285698
15.479999999999759,80,-0.39402023172949185
15.499999999999758,80,-0.3945651598366311
15.519999999999758,80,-0.3951049738858927
15.539999999999758,80,-0.3956396868791501
15.559999999999757,80,-0.3961693076217685
15.579999999999757,80,-0.3966938411899861
15.599999999999756,80,-0.3972132894242435
15.619999999999756,80,-0.39772765144385147
15.639999999999755,80,-0.398236924178633
15.659999999999755,80,-0.39874110291265197
15.679999999999755,80,-0.3992401818352249
15.699999999999754,80,-0.3997341545941282
15.719999999999754,80,-0.40022301484627576
15.739999999999753,80,-0.4007067568007088
15.759999999999753,80,-0.40118537574922897
15.779999999999752,80,-0.40165886858002153
15.799999999999752,80,-0.4021272342697486
15.819999999999752,80,-0.4025904743499993
15.839999999999751,80,-0.40304859334412413
15.85999999999975,80,-0.4035015991709585
15.87999999999975,80,-0.4039495035121661
15.89999999999975,80,-0.40439232214036025
15.91999999999975,80,-0.4048300752056804
15.939999999999749,80,-0.4052627874786907
15.959999999999749,80,-0.4056904885481245
15.979999999999748,80,-0.40611321297217984
15.999999999999748,80,-0.40653100038286993
16.019999999999747,80,-0.4069438955427813
16.039999999999747,80,-0.4073519483546022
16.059999999999746,80,-0.407755213823755
16.079999999999746,80,-0.4081537519749787
16.099999999999746,80,-0.4085476277240616
16.119999999999745,80,-0.4089369107062595
16.139999999999745,80,-0.40932167506323935
16.159999999999744,80,-0.4097019991905455
16.179999999999744,80,-0.4100779654480817
16.199999999999743,80,-0.41044965983616066
16.219999999999743,80,-0.4108171716399198
16.239999999999743,80,-0.4111805930451169
16.259999999999742,80,-0.41154001872848767
16.279999999999742,80,-0.41189554542604867
16.29999999999974,80,-0.41224727148255624
16.31999999999974,80,-0.41259529638609393
16.33999999999974,80,-0.41293972029094306
16.35999999999974,80,-0.41328064353287175
16.37999999999974,80,-0.4136181661402887
16.39999999999974,80,-0.41395238734516937
16.41999999999974,80,-0.41428340509754946
16.43999999999974,80,-0.4146113155872371
16.459999999999738,80,-0.41493621277649595
16.479999999999738,80,-0.4152581879473942
16.499999999999737,80,-0.4155773292671796
16.519999999999737,80,-0.41589372137526226
16.539999999999736,80,-0.4162074449949671
16.559999999999736,80,-0.41651857657308966
16.579999999999735,80,-0.4168271879501475
16.599999999999735,80,-0.4171333460639275
16.619999999999735,80,-0.41743711268873085
16.639999999999734,80,-0.4177385442121633
16.659999999999734,80,-0.4180376914514241
16.679999999999733,80,-0.418334599510338
16.699999999999733,80,-0.41862930767818085
16.719999999999732,80,-0.4189218493709319
16.739999999999732,80,-0.41921225211521573
16.75999999999973,80,-0.4195005375748053
16.77999999999973,80,-0.41978672161909003
16.79999999999973,80,-0.42007081443260574
16.81999999999973,80,-0.4203528206643554
16.83999999999973,80,-0.42063273961508685
16.85999999999973,80,-0.42091056546054517
16.87999999999973,80,-0.42118628750839093
16.89999999999973,80,-0.4214598904858633
16.919999999999728,80,-0.42173135485541025
16.939999999999728,80,-0.4220006571549746
16.959999999999727,80,-0.4222677703594613
16.979999999999727,80,-0.422532664259883
16.999999999999726,80,-0.42279530585646796
17.019999999999726,80,-0.4230556597618076
17.039999999999726,80,-0.42331368861035656
17.059999999999725,80,-0.4235693534704268
17.079999999999725,80,-0.42382261425483136
17.099999999999724,80,-0.42407343012664
17.119999999999724,80,-0.4243217598963298
17.139999999999723,80,-0.42456756240705573
17.159999999999723,80,-0.4248107969049286
17.179999999999723,80,-0.42505142339111046
17.199999999999722,80,-0.42528940295328965
17.21999999999972,80,-0.42552469807387183
17.23999999999972,80,-0.42575727291298904
17.25999999999972,80,-0.42598709356423115
17.27999999999972,80,-0.42621412828178507
17.29999999999972,80,-0.4264383476776388
17.31999999999972,80,-0.42665972488802595
17.33999999999972,80,-0.42687823570840067
17.35999999999972,80,-0.42709385869680005
17.37999999999972,80,-0.42730657524550963
17.399999999999718,80,-0.42751636962118766
17.419999999999717,80,-0.4277232289742585
17.439999999999717,80,-0.4279271433179801
17.459999999999717,80,-0.4281281054785353
17.479999999999716,80,-0.4283261110170429
17.499999999999716,80,-0.428521158125001
17.519999999999715,80,-0.42871324749471285
17.539999999999715,80,-0.42890238216622834
17.559999999999715,80,-0.4290885673527782
17.579999999999714,80,-0.4292718102463411
17.599999999999714,80,-0.4294521198055463
17.619999999999713,80,-0.42962950652774623
17.639999999999713,80,-0.4298039822074742
17.659999999999712,80,-0.4299755596832213
17.679999999999712,80,-0.4301442525748769
17.69999999999971,80,-0.4303100750136153
17.71999999999971,80,-0.4304730413668665
17.73999999999971,80,-0.4306331659598115
17.75999999999971,80,-0.4307904627961463
17.77999999999971,80,-0.43094494527965566
17.79999999999971,80,-0.4310966259389062
17.81999999999971,80,-0.4312455161569062
17.83999999999971,80,-0.4313916259076507
17.859999999999708,80,-0.43153496350155507
17.879999999999708,80,-0.4316755353412205
17.899999999999707,80,-0.43181334568975416
17.919999999999707,80,-0.4319483964528601
17.939999999999706,80,-0.4320806869764908
17.959999999999706,80,-0.4322102138614383
17.979999999999706,80,-0.43233697079631384
17.999999999999705,80,-0.4324609484101387
18.019999999999705,80,-0.4325821341456333
18.039999999999704,80,-0.4327005121543124
18.059999999999704,80,-0.43281606321426835
18.079999999999703,80,-0.4329287646712956
18.099999999999703,80,-0.4330385904040881
18.119999999999703,80,-0.43314551081375896
18.139999999999702,80,-0.43324949283817205
18.1599999999997,80,-0.43335049999095787
18.1799999999997,80,-0.43344849242530614
18.1999999999997,80,-0.4335434270221299
18.2199999999997,80,-0.43363525750233833
18.2399999999997,80,-0.43372393456232317
18.2599999999997,80,-0.43380940603212537
18.2799999999997,80,-0.43389161705511015
18.2999999999997,80,-0.4339705102880629
18.3199999999997,80,-0.4340460261203276
18.339999999999698,80,-0.43411810291053143
18.359999999999697,80,-0.4341866772392464
18.379999999999697,80,-0.43425168417585525
18.399999999999697,80,-0.43431305755760263
18.419999999999696,80,-0.4343707302789994
18.439999999999696,80,-0.4344246345893765
18.459999999999695,80,-0.4344747023963933
18.479999999999695,80,-0.43452086557349645
18.499999999999694,80,-0.4345630562687859
18.519999999999694,80,-0.43460120721327655
18.539999999999694,80,-0.43463525202624
18.559999999999693,80,-0.4346651255152736
18.579999999999693,80,-0.43469076396917217
18.599999999999692,80,-0.43471210544128525
18.619999999999692,80,-0.434729090021456
18.63999999999969,80,-0.4347416600945522
18.65999999999969,80,-0.43474976058394077
18.67999999999969,80,-0.4347533391780445
18.69999999999969,80,-0.43475234653862316
18.71999999999969,80,-0.43474673648940154
18.73999999999969,80,-0.43473646618385686
18.75999999999969,80,-0.4347214962510435
18.77999999999969,80,-0.4347017909189219
18.799999999999688,80,-0.4346773181142396
18.819999999999688,80,-0.43464804953878655
18.839999999999687,80,-0.43461396072159175
18.859999999999687,80,-0.4345750310471175
18.879999999999686,80,-0.434531243759551
18.899999999999686,80,-0.4344825859435204
18.919999999999686,80,-0.4344290484816966
18.939999999999685,80,-0.4343706259899349
18.959999999999685,80,-0.4343073167309939
18.979999999999684,80,-0.4342391225073641
18.999999999999684,80,-0.43416604853491947
19.019999999999683,80,-0.4340881032981301
19.039999999999683,80,-0.4340052983885556
19.059999999999683,80,-0.43391764832794166
19.079999999999682,80,-0.4338251703776592
19.09999999999968,80,-0.4337278843359229
19.11999999999968,80,-0.43362581232485553
19.13999999999968,80,-0.43351897856894084
19.15999999999968,80,-0.4334074091667688
19.17999999999968,80,-0.4332911318581196
19.19999999999968,80,-0.4331701757880353
19.21999999999968,80,-0.43304457126996
19.23999999999968,80,-0.4329143495497618
19.25999999999968,80,-0.4327795425725327
19.279999999999678,80,-0.4326401827539712
19.299999999999677,80,-0.43249630275809636
19.319999999999677,80,-0.4323479352831612
19.339999999999677,80,-0.43219511285712287
19.359999999999676,80,-0.43203786764451024
19.379999999999676,80,-0.4318762312659601
19.399999999999675,80,-0.4317102346317796
19.419999999999675,80,-0.4315399077908211
19.439999999999674,80,-0.43136527979558537
19.459999999999674,80,-0.43118637858475495
19.479999999999674,80,-0.43100323088356873
19.499999999999673,80,-0.4308158621230831
19.519999999999673,80,-0.43062429637834043
19.539999999999672,80,-0.43042855632615584
19.559999999999672,80,-0.43022866322227316
19.57999999999967,80,-0.43002463689810355
19.59999999999967,80,-0.42981649577666303
19.61999999999967,80,-0.4296042569073464
19.63999999999967,80,-0.429387936018955
19.65999999999967,80,-0.4291675475903034
19.67999999999967,80,-0.42894310493738885
19.69999999999967,80,-0.42871462031621377
19.71999999999967,80,-0.42848210503996853
19.739999999999668,80,-0.4282455696093592
19.759999999999668,80,-0.4280050238545243
19.779999999999667,80,-0.4277604770872472
19.799999999999667,80,-0.42751193826163103
19.819999999999666,80,-0.42725941614161655
19.839999999999666,80,-0.4270029194737859
19.859999999999665,80,-0.42674245716343506
19.879999999999665,80,-0.4264780384524016
19.899999999999665,80,-0.4262096730966931
19.919999999999664,80,-0.4259373715422612
19.939999999999664,80,-0.42566114509720165
19.959999999999663,80,-0.4253810060987746
19.979999999999663,80,-0.42509696807352526
19.999999999999662,80,-0.4248090458891909
20.019999999999662,80,-0.4245172558968946
20.03999999999966,80,-0.4242216160623542
20.05999999999966,80,-0.42392214608496914
20.07999999999966,80,-0.4236188675036985
20.09999999999966,80,-0.4233118037889625
20.11999999999966,80,-0.4230009804196442
20.13999999999966,80,-0.42268642494473596
20.15999999999966,80,-0.4223681670290844
20.17999999999966,80,-0.4220462384830057
20.19999999999966,80,-0.4217206732755088
20.219999999999658,80,-0.4213915075312471
20.239999999999657,80,-0.4210587795112275
20.259999999999657,80,-0.4207225295776382
20.279999999999657,80,-0.4203828001430381
20.299999999999656,80,-0.42003963560472357
20.319999999999656,80,-0.41969308226454416
20.339999999999655,80,-0.4193431882352172
20.359999999999655,80,-0.4189900033339171
20.379999999999654,80,-0.4186335789638491
20.399999999999654,80,-0.41827396798531424
20.419999999999654,80,-0.41791122457675556
20.439999999999653,80,-0.4175454040873916
20.459999999999653,80,-0.4171765628824602
20.479999999999652,80,-0.41680475818226626
20.499999999999652,80,-0.4164300478963554
20.51999999999965,80,-0.4160524904540637
20.53999999999965,80,-0.41567214463290014
20.55999999999965,80,-0.4152890693856861
20.57999999999965,80,-0.4149033236681845
20.59999999999965,80,-0.4145149662682073
20.61999999999965,80,-0.4141240556375436
20.63999999999965,80,-0.41373064972789564
20.65999999999965,80,-0.41333480583206494
20.679999999999648,80,-0.4129365804314773
20.699999999999648,80,-0.4125360290511182
20.719999999999647,80,-0.41213320612294524
20.739999999999647,80,-0.41172816485862995
20.759999999999646,80,-0.4113209571326024
20.779999999999646,80,-0.4109116333761733
20.799999999999645,80,-0.41050024248333017
20.819999999999645,80,-0.41008683172893257
20.839999999999645,80,-0.40967144669983213
20.859999999999644,80,-0.4092541312391589
20.879999999999644,80,-0.4088349274042429
20.899999999999643,80,-0.4084138754383133
20.919999999999643,80,-0.40799101375600344
20.939999999999642,80,-0.40756637894266134
20.959999999999642,80,-0.40714000576734577
20.97999999999964,80,-0.40671192720917304
20.99999999999964,80,-0.40628217449669535
21.01999999999964,80,-0.405850777159813
21.03999999999964,80,-0.40541776309362376
21.05999999999964,80,-0.404983158633506
21.07999999999964,80,-0.4045469886407034
21.09999999999964,80,-0.4041092765974241
21.11999999999964,80,-0.40367004471067247
21.139999999999638,80,-0.4032293140236263
21.159999999999638,80,-0.4027871045335729
21.179999999999637,80,-0.4023434353152098
21.199999999999637,80,-0.40189832464820086
21.219999999999636,80,-0.4014517901477177
21.239999999999636,80,-0.40100384889673535
21.259999999999636,80,-0.40055451757895355
21.279999999999635,80,-0.40010381261095773
21.299999999999635,80,-0.3996517502726462
21.319999999999634,80,-0.39919834683443867
21.339999999999634,80,-0.3987436186804132
21.359999999999634,80,-0.3982875824261498
21.379999999999633,80,-0.3978302550302857
21.399999999999633,80,-0.39737165389876594
21.419999999999632,80,-0.39691179698100143
21.439999999999632,80,-0.3964507028571518
21.45999999999963,80,-0.3959883908156314
21.47999999999963,80,-0.395524880920604
21.49999999999963,80,-0.3950601940684777
21.51999999999963,80,-0.3945943520334936
21.53999999999963,80,-0.39412737750166826
21.55999999999963,80,-0.3936592940932542
21.57999999999963,80,-0.3931901263734119
21.59999999999963,80,-0.3927198998511443
21.619999999999628,80,-0.39224864096669876
21.639999999999628,80,-0.3917763770676004
21.659999999999627,80,-0.39130313637362946
21.679999999999627,80,-0.39082894793112644
21.699999999999626,80,-0.3903538415572356
21.719999999999626,80,-0.38987784777449974
21.739999999999625,80,-0.3894009977365869
21.759999999999625,80,-0.38892332314578226
21.779999999999625,80,-0.38844485616311175
21.799999999999624,80,-0.38796562931182166
21.819999999999624,80,-0.3874856753751814
21.839999999999623,80,-0.38700502728946873
21.859999999999623,80,-0.38652371803315333
21.879999999999622,80,-0.38604178051310356
21.899999999999622,80,-0.385559247449045
21.91999999999962,80,-0.3850761512569676
21.93999999999962,80,-0.38459252393269594
21.95999999999962,80,-0.3841083969364689
21.97999999999962,80,-0.3836238010795867
21.99999999999962,80,-0.38313876641395694
22.01999999999962,80,-0.3826533221255488
22.03999999999962,80,-0.38216749643249415
22.05999999999962,80,-0.3816813164888586
22.079999999999618,80,-0.3811948082945449
22.099999999999618,80,-0.38070799661241495
22.119999999999617,80,-0.38022090489285887
22.139999999999617,80,-0.37973355520680485
22.159999999999616,80,-0.37924596818736234
22.179999999999616,80,-0.37875816298065956
22.199999999999616,80,-0.3782701572062095
22.219999999999615,80,-0.3777819669270528
22.239999999999615,80,-0.3772936066299337
22.259999999999614,80,-0.37680508921542355
22.279999999999614,80,-0.3763164259982119
22.299999999999613,80,-0.37582762671729597
22.319999999999613,80,-0.3753386995561243
22.339999999999613,80,-0.37484965117219105
22.359999999999612,80,-0.374360486735938
22.37999999999961,80,-0.37387120997854595
22.39999999999961,80,-0.37338182324794644
22.41999999999961,80,-0.37289232757284907
22.43999999999961,80,-0.3724027227338169
22.45999999999961,80,-0.37191300734097865
22.47999999999961,80,-0.3714231789174747
22.49999999999961,80,-0.3709332339880618
22.51999999999961,80,-0.3704431681719029
22.53999999999961,80,-0.3699529762788387
22.559999999999608,80,-0.36946265240823095
22.579999999999607,80,-0.36897219004952575
22.599999999999607,80,-0.3684815821837475
22.619999999999607,80,-0.36799082138488615
22.639999999999606,80,-0.3674998999206025
22.659999999999606,80,-0.3670088098511286
22.679999999999605,80,-0.3665175431258234
22.699999999999605,80,-0.3660260916763889
22.719999999999605,80,-0.3655344475062279
22.739999999999604,80,-0.36504260277511236
22.759999999999604,80,-0.3645505498786008
22.779999999999603,80,-0.3640582815216362
22.799999999999603,80,-0.36356579078575635
22.819999999999602,80,-0.3630730711895822
22.839999999999602,80,-0.36258011674206614
22.8599999999996,80,-0.3620869219882792
22.8799999999996,80,-0.3615934820475104
22.8999999999996,80,-0.3610997926434294
22.9199999999996,80,-0.3606058501262339
22.9399999999996,80,-0.3601116514869105
22.9599999999996,80,-0.35961719436332373
22.9799999999996,80,-0.35912247703858213
22.9999999999996,80,-0.3586274984316873
23.019999999999598,80,-0.3581322580806585
23.039999999999598,80,-0.35763675611856627
23.059999999999597,80,-0.35714099324271587
23.079999999999597,80,-0.3566449706774506
23.099999999999596,80,-0.35614869013097916
23.119999999999596,80,-0.3556521537467461
23.139999999999596,80,-0.35515536404987813
23.159999999999595,80,-0.354658323889268
23.179999999999595,80,-0.3541610363758707
23.199999999999594,80,-0.35366350481784536
23.219999999999594,80,-0.35316573265325957
23.239999999999593,80,-0.3526677233807618
23.259999999999593,80,-0.35216948048920926
23.279999999999593,80,-0.35167100738664203
23.299999999999592,80,-0.3511723073293922
23.31999999999959,80,-0.3506733833519462
23.33999999999959,80,-0.3501742381981856
23.35999999999959,80,-0.34967487425464583
23.37999999999959,80,-0.34917529348638254
23.39999999999959,80,-0.34867549737603554
23.41999999999959,80,-0.34817548686652344
23.43999999999959,80,-0.34767526230816514
23.45999999999959,80,-0.3471748234102421
23.47999999999959,80,-0.34667416919790384
23.499999999999588,80,-0.3461732979744738
23.519999999999587,80,-0.3456722072895957
23.539999999999587,80,-0.345170893913604
23.559999999999587,80,-0.3446693538181336
23.579999999999586,80,-0.34416758216335097
23.599999999999586,80,-0.34366557329182257
23.619999999999585,80,-0.3431633207291256
23.639999999999585,80,-0.3426608171911951
23.659999999999584,80,-0.34215805459835025
23.679999999999584,80,-0.3416550240959353
23.699999999999584,80,-0.3411517160813915
23.719999999999583,80,-0.34064812023751756
23.739999999999583,80,-0.3401442255717271
23.759999999999582,80,-0.33964002046091935
23.779999999999582,80,-0.33913549270163657
23.79999999999958,80,-0.3386306295651167
23.81999999999958,80,-0.3381254178567161
23.83999999999958,80,-0.3376198439793541
23.85999999999958,80,-0.3371138940003533
23.87999999999958,80,-0.3366075537211728
23.89999999999958,80,-0.33610080874950654
23.91999999999958,80,-0.3355936445731018
23.93999999999958,80,-0.33508604663477115
23.959999999999578,80,-0.33457800040790886
23.979999999999578,80,-0.33406949147211407
23.999999999999577,80,-0.3335605055880322
24.019999999999577,80,-0.3330510287710666
24.039999999999576,80,-0.33254104736330703
24.059999999999576,80,-0.3320305481031056
24.079999999999576,80,-0.33151951819178294
24.099999999999575,80,-0.3310079453570154
24.119999999999575,80,-0.3304958179123503
24.139999999999574,80,-0.32998312481247893
24.159999999999574,80,-0.3294698557038913
24.179999999999573,80,-0.32895600097052125
24.199999999999573,80,-0.32844155177408396
24.219999999999573,80,-0.32792650008887847
24.239999999999572,80,-0.32741083873084875
24.25999999999957,80,-0.32689456138072615
24.27999999999957,80,-0.32637766260118894
24.29999999999957,80,-0.32586013784791135
24.31999999999957,80,-0.3253419834746296
24.33999999999957,80,-0.3248231967321331
24.35999999999957,80,-0.32430377576136493
24.37999999999957,80,-0.32378371958078844
24.39999999999957,80,-0.32326302806814056
24.41999999999957,80,-0.32274170193691987
24.439999999999568,80,-0.3222197427077731
24.459999999999567,80,-0.3216971526751422
24.479999999999567,80,-0.32117393486957724
24.499999999999567,80,-0.32065009301603453
24.519999999999566,80,-0.32012563148861517
24.539999999999566,80,-0.31960055526209885
24.559999999999565,80,-0.3190748698608843
24.579999999999565,80,-0.3185485813056488
24.599999999999564,80,-0.3180216960583664
24.619999999999564,80,-0.317494220965969
24.639999999999564,80,-0.31696616320352433
24.659999999999563,80,-0.31643753021691623
24.679999999999563,80,-0.315908329666037
24.699999999999562,80,-0.31537856936859754
24.719999999999562,80,-0.31484825724528065
24.73999999999956,80,-0.3143174012665497
24.75999999999956,80,-0.3137860094016247
24.77999999999956,80,-0.3132540895700515
24.79999999999956,80,-0.3127216495961562
24.81999999999956,80,-0.31218869716695963
24.83999999999956,80,-0.31165523979355925
24.85999999999956,80,-0.3111212847766893
24.87999999999956,80,-0.31058683917624563
24.899999999999558,80,-0.3100519097854786
24.919999999999558,80,-0.30951650310954903
24.939999999999557,80,-0.3089806253490366
24.959999999999557,80,-0.3084442823881304
24.979999999999556,80,-0.3079074797877581
24.999999999999556,80,-0.30737022278363213
25.019999999999555,80,-0.30683251628903463
25.039999999999555,80,-0.306294364902449
25.059999999999555,80,-0.3057557729198095
25.079999999999554,80,-0.30521674435118484
25.099999999999554,80,-0.30467728294176055
25.119999999999553,80,-0.30413739219678604
25.139999999999553,80,-0.30359707541035164
25.159999999999553,80,-0.3030563356974909
25.179999999999552,80,-0.3025151760294591
25.19999999999955,80,-0.30197359927170453
25.21999999999955,80,-0.3014316082241564
25.23999999999955,80,-0.3008892056635375
25.25999999999955,80,-0.3003463943871125
25.27999999999955,80,-0.29980317725753025
25.29999999999955,80,-0.2992595572482841
25.31999999999955,80,-0.2987155374895849
25.33999999999955,80,-0.2981711213137501
25.35999999999955,80,-0.2976263123000962
25.379999999999548,80,-0.29708111431870066
25.399999999999547,80,-0.29653553157270096
25.419999999999547,80,-0.2959895686386318
25.439999999999547,80,-0.2954432305046879
25.459999999999546,80,-0.29489652260615173
25.479999999999546,80,-0.29434945085813524
25.499999999999545,80,-0.2938020216849395
25.519999999999545,80,-0.2932542420460038
25.539999999999544,80,-0.29270611945820235
25.559999999999544,80,-0.29215766201414795
25.579999999999544,80,-0.2916088783965023
25.599999999999543,80,-0.29105977788815807
25.619999999999543,80,-0.2905103703780867
25.639999999999542,80,-0.28996066636295836
25.659999999999542,80,-0.2894106769444491
25.67999999999954,80,-0.28886041382229166
25.69999999999954,80,-0.28830988928311996
25.71999999999954,80,-0.2877591161852706
25.73999999999954,80,-0.2872081079396054
25.75999999999954,80,-0.28665687848656063
25.77999999999954,80,-0.2861054422696725
25.79999999999954,80,-0.2855538142057128
25.81999999999954,80,-0.2850020096518193
25.839999999999538,80,-0.28445004436979104
25.859999999999538,80,-0.28389793448788936
25.879999999999537,80,-0.2833456964605148
25.899999999999537,80,-0.28279334702607173
25.919999999999536,80,-0.2822409031632347
25.939999999999536,80,-0.28168838204631186
25.959999999999535,80,-0.28113580099967095
25.979999999999535,80,-0.28058317745183814
25.999999999999535,80,-0.28003052888966806
26.019999999999534,80,-0.2794778728127625
26.039999999999534,80,-0.2789252266885853
26.059999999999533,80,-0.2783726079087927
26.079999999999533,80,-0.2778200337467638
26.099999999999532,80,-0.27726752131697907
26.119999999999532,80,-0.2767150875364024
26.13999999999953,80,-0.27616274908812244
26.15999999999953,80,-0.2756105223876304
26.17999999999953,80,-0.2750584235518332
26.19999999999953,80,-0.2745064683712002
26.21999999999953,80,-0.2739546722850008
26.23999999999953,80,-0.2734030503599598
26.25999999999953,80,-0.2728516172724085
26.27999999999953,80,-0.27230038729403105
26.299999999999528,80,-0.271749374281157
26.319999999999528,80,-0.2711985916678472
26.339999999999527,80,-0.27064805246257606
26.359999999999527,80,-0.27009776924862194
26.379999999999526,80,-0.26954775418790433
26.399999999999526,80,-0.268998019028416
26.419999999999526,80,-0.26844857511493814
26.439999999999525,80,-0.26789943340297384
26.459999999999525,80,-0.2673506044756806
26.479999999999524,80,-0.2668020985635664
26.499999999999524,80,-0.2662539255668932
26.519999999999524,80,-0.2657060950801835
26.539999999999523,80,-0.26515861641900784
26.559999999999523,80,-0.2646114986484207
26.579999999999522,80,-0.26406475061286017
26.599999999999522,80,-0.26351838096728386
26.61999999999952,80,-0.2629723982090866
26.63999999999952,80,-0.2624268107106076
26.65999999999952,80,-0.2618816267518156
26.67999999999952,80,-0.26133685455289424
26.69999999999952,80,-0.2607925023064013
26.71999999999952,80,-0.26024857820870295
26.73999999999952,80,-0.25970509049039237
26.75999999999952,80,-0.25916204744537197
26.779999999999518,80,-0.2586194574583942
26.799999999999518,80,-0.25807732903074054
26.819999999999517,80,-0.257535670803847
26.839999999999517,80,-0.2569944915806275
26.859999999999516,80,-0.256453800344417
26.879999999999516,80,-0.2559136062752003
26.899999999999515,80,-0.25537391876312654
26.919999999999515,80,-0.2548347474191459
26.939999999999515,80,-0.2542961020826624
26.959999999999514,80,-0.25375799282625877
26.979999999999514,80,-0.253220429957274
26.999999999999513,80,-0.25268342401641064
27.019999999999513,80,-0.2521469857733578
27.039999999999512,80,-0.2516111262194016
27.059999999999512,80,-0.2510758565571862
27.07999999999951,80,-0.2505411881877251
27.09999999999951,80,-0.2500071326948259
27.11999999999951,80,-0.24947370182687223
27.13999999999951,80,-0.248940907476495
27.15999999999951,80,-0.24840876165800552
27.17999999999951,80,-0.2478772764829813
27.19999999999951,80,-0.247346464134111
27.21999999999951,80,-0.2468163368376679
27.239999999999508,80,-0.2462869068347544
27.259999999999508,80,-0.24575818635157987
27.279999999999507,80,-0.24523018756914894
27.299999999999507,80,-0.244702922592424
27.319999999999506,80,-0.2441764034194307
27.339999999999506,80,-0.24365064191047736
27.359999999999506,80,-0.24312564975772233
27.379999999999505,80,-0.2426014384554307
27.399999999999505,80,-0.24207801927111205
27.419999999999504,80,-0.2415554032177596
27.439999999999504,80,-0.24103360102749605
27.459999999999503,80,-0.24051262312683264
27.479999999999503,80,-0.23999247961356218
27.499999999999503,80,-0.23947318023576258
27.519999999999502,80,-0.23895473437284664
27.5399999999995,80,-0.23843715101889273
27.5599999999995,80,-0.23792043876833446
27.5799999999995,80,-0.23740460580418699
27.5999999999995,80,-0.23688965988878863
27.6199999999995,80,-0.23637560835716442
27.6399999999995,80,-0.23586245811311102
27.6599999999995,80,-0.23535021562781822
27.6799999999995,80,-0.23483888694123323
27.6999999999995,80,-0.23432847766596865
27.719999999999498,80,-0.23381899299378972
27.739999999999498,80,-0.23331043770456006
27.759999999999497,80,-0.23280281617747534
27.779999999999497,80,-0.23229613240464886
27.799999999999496,80,-0.23179039000666535
27.819999999999496,80,-0.23128559225017398
27.839999999999495,80,-0.23078174206712276
27.859999999999495,80,-0.23027884207570537
27.879999999999495,80,-0.22977689460253004
27.899999999999494,80,-0.2292759017060675
27.919999999999494,80,-0.22877586520097282
27.939999999999493,80,-0.22827678668315343
27.959999999999493,80,-0.22777866755531306
27.979999999999492,80,-0.2272815090527871
27.999999999999492,80,-0.22678531226938503
28.01999999999949,80,-0.22629007818304103
28.03999999999949,80,-0.22579580768108087
28.05999999999949,80,-0.225302501584828
28.07999999999949,80,-0.22481016067339255
28.09999999999949,80,-0.22431878570640862
28.11999999999949,80,-0.22382837744559936
28.13999999999949,80,-0.22333893667487814
28.15999999999949,80,-0.22285046421902166
28.179999999999488,80,-0.22236296096048846
28.199999999999488,80,-0.22187642785461037
28.219999999999487,80,-0.22139086594273039
28.239999999999487,80,-0.2209062763634222
28.259999999999486,80,-0.22042266036157798
28.279999999999486,80,-0.2199400192954002
28.299999999999486,80,-0.21945835464129715
28.319999999999485,80,-0.21897766799649787
28.339999999999485,80,-0.2184979610796418
28.359999999999484,80,-0.21801923572920145
28.379999999999484,80,-0.21754149389981592
28.399999999999483,80,-0.21706473765664924
28.419999999999483,80,-0.216588969167816
28.439999999999483,80,-0.21611419069503057
28.459999999999482,80,-0.2156404045824445
28.47999999999948,80,-0.21516761324404143
28.49999999999948,80,-0.21469581914954716
28.51999999999948,80,-0.2142250248089752
28.53999999999948,80,-0.21375523275620623
28.55999999999948,80,-0.21328644553151577
28.57999999999948,80,-0.21281866566335594
28.59999999999948,80,-0.21235189564955448
28.61999999999948,80,-0.21188613793816558
28.63999999999948,80,-0.21142139490798684
28.659999999999478,80,-0.21095766884919698
28.679999999999477,80,-0.21049496194403616
28.699999999999477,80,-0.21003327624791268
28.719999999999477,80,-0.20957261367098567
28.739999999999476,80,-0.20911297596049394
28.759999999999476,80,-0.20865436468386633
28.779999999999475,80,-0.2081967812129335
28.799999999999475,80,-0.20774022670924808
28.819999999999474,80,-0.20728470211072647
28.839999999999474,80,-0.20683020811969755
28.859999999999474,80,-0.20637674519245763
28.879999999999473,80,-0.2059243135304598
28.899999999999473,80,-0.205472913073244
28.919999999999472,80,-0.2050225434930084
28.939999999999472,80,-0.20457320419109948
28.95999999999947,80,-0.20412489429631364
28.97999999999947,80,-0.2036776126649471
28.99999999999947,80,-0.2032313578828706
29.01999999999947,80,-0.2027861282692669
29.03999999999947,80,-0.20234192188223687
29.05999999999947,80,-0.20189873652616086
29.07999999999947,80,-0.20145656976070825
29.09999999999947,80,-0.2010154189114317
29.119999999999468,80,-0.20057528108189615
29.139999999999468,80,-0.20013615316722166
29.159999999999467,80,-0.1996980318688486
29.179999999999467,80,-0.19926091371050347
29.199999999999466,80,-0.19882479505518802
29.219999999999466,80,-0.19838967212301384
29.239999999999466,80,-0.1979555410098186
29.259999999999465,80,-0.19752239770622282
29.279999999999465,80,-0.19709023811728343
29.299999999999464,80,-0.19665905808226114
29.319999999999464,80,-0.19622885339448715
29.339999999999463,80,-0.19579961982120864
29.359999999999463,80,-0.19537135312316423
29.379999999999463,80,-0.19494404907378993
29.399999999999462,80,-0.1945177034778709
29.41999999999946,80,-0.19409231218951106
29.43999999999946,80,-0.19366787112929984
29.45999999999946,80,-0.1932443763004983
29.47999999999946,80,-0.1928218238042021
29.49999999999946,80,-0.19240020985331796
29.51999999999946,80,-0.19197953078523966
29.53999999999946,80,-0.19155978307319543
29.55999999999946,80,-0.19114096333619557
29.57999999999946,80,-0.19072306834743102
29.599999999999458,80,-0.19030609504120832
29.619999999999457,80,-0.18989004051830705
29.639999999999457,80,-0.1894749020497244
29.659999999999457,80,-0.1890606770789205
29.679999999999456,80,-0.18864736322243658
29.699999999999456,80,-0.18823495826894998
29.719999999999455,80,-0.18782346017696483
29.739999999999455,80,-0.18741286707085436
29.759999999999454,80,-0.18700317723568105
29.779999999999454,80,-0.186594389110617
29.799999999999454,80,-0.18618650128115632
29.819999999999453,80,-0.1857795124702335
29.839999999999453,80,-0.18537342152819036
29.859999999999452,80,-0.18496822742202568
29.879999999999452,80,-0.18456392922362852
29.89999999999945,80,-0.184160526097493
29.91999999999945,80,-0.18375801728782903
29.93999999999945,80,-0.1833564021052254
29.95999999999945,80,-0.18295567991307848
29.97999999999945,80,-0.18255585011389996
29.99999999999945,80,-0.18215691213548268
30.01999999999945,80,-0.18175886541736475
30.03999999999945,80,-0.18136170939739316
30.059999999999448,80,-0.18096544349874222
30.079999999999448,80,-0.18057006711741508
30.099999999999447,80,-0.18017557961037056
30.119999999999447,80,-0.1797819802843108
30.139999999999446,80,-0.1793892683853926
30.159999999999446,80,-0.17899744308978427
30.179999999999445,80,-0.17860650349524576
30.199999999999445,80,-0.1782164486137674
30.219999999999445,80,-0.17782727736539528
30.239999999999444,80,-0.17743898857320062
30.259999999999444,80,-0.17705158095945706
30.279999999999443,80,-0.17666505314314662
30.299999999999443,80,-0.1762794036387163
30.319999999999443,80,-0.17589463085608514
30.339999999999442,80,-0.17551073310196585
30.35999999999944,80,-0.17512770858242988
30.37999999999944,80,-0.17474555540668746
30.39999999999944,80,-0.17436427159213963
30.41999999999944,80,-0.1739838550704178
30.43999999999944,80,-0.17360430369465263
30.45999999999944,80,-0.17322561524768076
30.47999999999944,80,-0.17284778745116114
30.49999999999944,80,-0.17247081797561492
30.51999999999944,80,-0.1720947044511263
30.539999999999438,80,-0.17171944447878218
30.559999999999437,80,-0.17134503564255965
30.579999999999437,80,-0.17097147552173197
30.599999999999437,80,-0.17059876170360155
30.619999999999436,80,-0.17022689179636075
30.639999999999436,80,-0.16985586344217296
30.659999999999435,80,-0.1694856743300832
30.679999999999435,80,-0.16911632220898554
30.699999999999434,80,-0.16874780490016406
30.719999999999434,80,-0.16838012030959248
30.739999999999434,80,-0.16801326643973624
30.759999999999433,80,-0.16764724140080745
30.779999999999433,80,-0.1672820434213662
30.799999999999432,80,-0.16691767085816167
30.819999999999432,80,-0.16655412220517718
30.83999999999943,80,-0.16619139610180866
30.85999999999943,80,-0.16582949133996294
30.87999999999943,80,-0.16546840687034603
30.89999999999943,80,-0.16510814180747246
30.91999999999943,80,-0.16474869543375092
30.93999999999943,80,-0.16439006720240457
30.95999999999943,80,-0.16403225673913369
30.97999999999943,80,-0.16367526384284758
30.999999999999428,80,-0.16331908848509613
31.019999999999428,80,-0.16296373080844972
31.039999999999427,80,-0.16260919112372108
31.059999999999427,80,-0.16225546990622775
31.079999999999426,80,-0.16190256779090362
31.099999999999426,80,-0.16155048556649376
31.119999999999425,80,-0.16119922416886112
31.139999999999425,80,-0.1608487846733908
31.159999999999425,80,-0.16049916828666255
31.179999999999424,80,-0.16015037633735574
31.199999999999424,80,-0.15980241026662156
31.219999999999423,80,-0.15945527161785122
31.239999999999423,80,-0.15910896202610303
31.259999999999422,80,-0.15876348320703926
31.279999999999422,80,-0.15841883694579906
31.29999999999942,80,-0.15807502508559423
31.31999999999942,80,-0.1577320495162411
31.33999999999942,80,-0.15738991216288412
31.35999999999942,80,-0.15704861497471967
31.37999999999942,80,-0.15670815991399678
31.39999999999942,80,-0.15636854894536611
31.41999999999942,80,-0.15602978402562684
31.43999999999942,80,-0.15569186709395666
31.459999999999418,80,-0.1553548000627316
31.479999999999418,80,-0.1550185848089356
31.499999999999417,80,-0.15468322316637995
31.519999999999417,80,-0.1543487169185198
31.539999999999417,80,-0.15401506779224405
31.559999999999416,80,-0.15368227745239693
31.579999999999416,80,-0.15335034749726617
31.599999999999415,80,-0.15301927945490945
31.619999999999415,80,-0.15268907478043303
31.639999999999414,80,-0.1523597348542225
31.659999999999414,80,-0.15203126098111852
31.679999999999414,80,-0.1517036543904169
31.699999999999413,80,-0.15137691623690586
31.719999999999413,80,-0.1510510476027207
31.739999999999412,80,-0.15072604950002955
31.759999999999412,80,-0.15040192287455767
31.77999999999941,80,-0.15007866860989338
31.79999999999941,80,-0.1497562875324263
31.81999999999941,80,-0.14943478041703884
31.83999999999941,80,-0.14911414799328782
31.85999999999941,80,-0.14879439095214764
31.87999999999941,80,-0.1484755099531796
31.89999999999941,80,-0.14815750563209207
31.91999999999941,80,-0.14784037860855648
31.939999999999408,80,-0.14752412949423643
31.959999999999408,80,-0.14720875890092344
31.979999999999407,80,-0.146894267448765
31.999999999999407,80,-0.14658065577438606
32.019999999999406,80,-0.14626792453891824
32.03999999999941,80,-0.14595607443585834
32.05999999999941,80,-0.14564510619857174
32.079999999999416,80,-0.14533502060751857
32.09999999999942,80,-0.14502581849705365
32.11999999999942,80,-0.144717500761665
32.139999999999425,80,-0.14441006836176484
32.15999999999943,80,-0.14410352232886225
32.17999999999943,80,-0.14379786377003256
32.199999999999434,80,-0.14349309387172582
32.21999999999944,80,-0.14318921390294292
32.23999999999944,80,-0.14288622521750938
32.259999999999444,80,-0.1425841292556882
32.27999999999945,80,-0.14228292754495442
32.29999999999945,80,-0.1419826217000093
32.31999999999945,80,-0.14168321342197032
32.339999999999456,80,-0.14138470449680796
32.35999999999946,80,-0.14108709679300802
32.37999999999946,80,-0.14079039225842394
32.399999999999466,80,-0.14049459291653932
32.41999999999947,80,-0.14019970086188493
32.43999999999947,80,-0.13990571825495124
32.459999999999475,80,-0.13961264731639744
32.47999999999948,80,-0.13932049032079163
32.49999999999948,80,-0.13902924958976826
32.519999999999484,80,-0.1387389274848232
32.53999999999949,80,-0.13844952639970387
32.55999999999949,80,-0.1381610487524796
32.579999999999494,80,-0.1378734969773916
32.5999999999995,80,-0.13758687351653975
32.6199999999995,80,-0.1373011808113631
32.6399999999995,80,-0.13701642129429814
32.659999999999506,80,-0.13673259738018828
32.67999999999951,80,-0.13644971145808427
32.69999999999951,80,-0.13616776588300183
32.719999999999516,80,-0.13588676296799918
32.73999999999952,80,-0.13560670497656702
32.75999999999952,80,-0.1353275941153811
32.779999999999525,80,-0.13504943252736012
32.79999999999953,80,-0.13477222228536334
32.81999999999953,80,-0.13449596538620057
32.839999999999534,80,-0.13422066374540975
32.85999999999954,80,-0.1339463191924537
32.87999999999954,80,-0.1336729334665563
32.899999999999544,80,-0.13340050821330607
32.91999999999955,80,-0.13312904498177858
32.93999999999955,80,-0.1328585452224118
32.95999999999955,80,-0.1325890102855638
32.979999999999556,80,-0.13232044142072397
32.99999999999956,80,-0.132052839776442
33.01999999999956,80,-0.13178620640089633
33.039999999999566,80,-0.1315205422431447
33.05999999999957,80,-0.13125584815494307
33.07999999999957,80,-0.1309921248932966
33.099999999999575,80,-0.13072937312340116
33.11999999999958,80,-0.13046759342228853
33.13999999999958,80,-0.1302067862828551
33.159999999999584,80,-0.1299469521183667
33.17999999999959,80,-0.1296880912673828
33.19999999999959,80,-0.12943020399898586
33.219999999999594,80,-0.12917329051833093
33.2399999999996,80,-0.1289173509724364
33.2599999999996,80,-0.12866238545610997
33.2799999999996,80,-0.12840839401803805
33.299999999999606,80,-0.12815537666688925
33.31999999999961,80,-0.12790333337748905
33.33999999999961,80,-0.12765226409683805
33.359999999999616,80,-0.12740216875011612
33.37999999999962,80,-0.12715304724645193
33.39999999999962,80,-0.12690489948447237
33.419999999999625,80,-0.12665772535763864
33.43999999999963,80,-0.1264115247591846
33.45999999999963,80,-0.12616629758675657
33.479999999999634,80,-0.12592204374659133
33.49999999999964,80,-0.12567876315733173
33.51999999999964,80,-0.1254364557532952
33.539999999999644,80,-0.1251951214872875
33.55999999999965,80,-0.12495476033291197
33.57999999999965,80,-0.12471537228629614
33.59999999999965,80,-0.12447695736734943
33.619999999999656,80,-0.12423951562035995
33.63999999999966,80,-0.12400304711415089
33.65999999999966,80,-0.12376755194161859
33.679999999999666,80,-0.12353303021875206
33.69999999999967,80,-0.12329948208309816
33.71999999999967,80,-0.1230669076917934
33.739999999999675,80,-0.12283530721900604
33.75999999999968,80,-0.12260468085300147
33.77999999999968,80,-0.12237502879274587
33.799999999999685,80,-0.12214635124409767
33.81999999999969,80,-0.12191864841571487
33.83999999999969,80,-0.12169192051456434
33.859999999999694,80,-0.12146616774116836
33.8799999999997,80,-0.12124139028471603
33.8999999999997,80,-0.12101758831789766
33.9199999999997,80,-0.1207947619916041
33.939999999999706,80,-0.12057291142966164
33.95999999999971,80,-0.12035203672337502
33.97999999999971,80,-0.12013213792621258
33.999999999999716,80,-0.11991321504848429
34.01999999999972,80,-0.1196952680521548
34.03999999999972,80,-0.11947829684583411
34.059999999999725,80,-0.11926230127994586
34.07999999999973,80,-0.11904728114212304
34.09999999999973,80,-0.11883323615295183
34.119999999999735,80,-0.11862016596199254
34.13999999999974,80,-0.11840807014412036
34.15999999999974,80,-0.1181969481963634
34.179999999999744,80,-0.117986799535025
34.19999999999975,80,-0.11777762349334608
34.21999999999975,80,-0.1175694193195227
34.23999999999975,80,-0.11736218617531335
34.259999999999756,80,-0.11715592313501588
34.27999999999976,80,-0.11695062918497712
34.29999999999976,80,-0.11674630322359292
34.319999999999766,80,-0.11654294406179133
34.33999999999977,80,-0.11634055042396341
34.35999999999977,80,-0.1161391209494198
34.379999999999775,80,-0.1159386541942169
34.39999999999978,80,-0.11573914863352286
34.41999999999978,80,-0.11554060266428934
34.439999999999785,80,-0.11534301460837071
34.45999999999979,80,-0.11514638271597022
34.47999999999979,80,-0.11495070516949113
34.499999999999794,80,-0.11475598008750154
34.5199999999998,80,-0.11456220552916818
34.5399999999998,80,-0.11436937949875414
34.5599999999998,80,-0.1141774999503582
34.57999999999981,80,-0.11398656479278202
34.59999999999981,80,-0.11379657189448977
34.61999999999981,80,-0.11360751908858191
34.639999999999816,80,-0.11341940417788976
34.65999999999982,80,-0.1132322249399067
34.67999999999982,80,-0.11304597913174064
34.699999999999825,80,-0.11286066449492438
34.71999999999983,80,-0.1126762787600839
34.73999999999983,80,-0.11249281965137925
34.759999999999835,80,-0.11231028489085304
34.77999999999984,80,-0.11212867220234557
34.79999999999984,80,-0.11194797931531042
34.819999999999844,80,-0.11176820396817533
34.83999999999985,80,-0.11158934391147568
34.85999999999985,80,-0.1114113969105972
34.87999999999985,80,-0.11123436074815629
34.89999999999986,80,-0.11105823322599662
34.91999999999986,80,-0.11088301216680918
34.93999999999986,80,-0.11070869541534734
34.959999999999866,80,-0.11053528083925102
34.97999999999987,80,-0.11036276632945885
34.99999999999987,80,-0.11019114980024369
35.019999999999875,80,-0.11002042918887867
35.03999999999988,80,-0.10985060245486977
35.05999999999988,80,-0.10968166757893982
35.079999999999885,80,-0.1095136225615434
35.09999999999989,80,-0.10934646542115445
35.11999999999989,80,-0.10918019419223413
35.139999999999894,80,-0.10901480692290733
35.1599999999999,80,-0.10885030167244025
35.1799999999999,80,-0.10868667650844088
35.1999999999999,80,-0.10852392950397416
35.21999999999991,80,-0.10836205873437166
35.23999999999991,80,-0.10820106227416915
35.25999999999991,80,-0.10804093819368177
35.279999999999916,80,-0.10788168455574265
35.29999999999992,80,-0.10772329941235625
35.31999999999992,80,-0.10756578080135171
35.339999999999925,80,-0.10740912674312852
35.35999999999993,80,-0.1072533352374947
35.37999999999993,80,-0.10709840426059003
35.399999999999935,80,-0.10694433176202267
35.41999999999994,80,-0.10679111566206956
35.43999999999994,80,-0.10663875384926769
35.459999999999944,80,-0.10648724417806221
35.47999999999995,80,-0.10633658446678851
35.49999999999995,80,-0.10618677249595976
35.51999999999995,80,-0.10603780600673929
35.53999999999996,80,-0.10588968269987475
35.55999999999996,80,-0.10574240023476023
35.57999999999996,80,-0.10559595622902407
35.599999999999966,80,-0.10545034825827315
35.61999999999997,80,-0.10530557385631312
35.63999999999997,80,-0.1051616305155676
35.659999999999975,80,-0.10501851568797349
35.67999999999998,80,-0.1048762267860468
35.69999999999998,80,-0.10473476118440317
35.719999999999985,80,-0.10459411622149162
35.73999999999999,80,-0.1044542892016267
35.75999999999999,80,-0.10431527739731905
35.779999999999994,80,-0.10417707805184762
35.8,80,-0.10403968838204491
35.82,80,-0.10390310558130977
35.84,80,-0.10376732682277634
35.86000000000001,80,-0.10363234926266784
35.88000000000001,80,-0.10349817004376405
35.90000000000001,80,-0.10336478629894685
35.920000000000016,80,-0.10323219515482407
35.94000000000002,80,-0.10310039373546687
35.96000000000002,80,-0.10296937916602644
35.980000000000025,80,-0.10283914857640042
36.00000000000003,80,-0.10270969910490635
36.02000000000003,80,-0.10258102790177759
36.040000000000035,80,-0.10245313213260943
36.06000000000004,80,-0.10232600898167732
36.08000000000004,80,-0.10219965565507039
36.100000000000044,80,-0.1020740693836899
36.12000000000005,80,-0.10194924742603462
36.14000000000005,80,-0.10182518707069477
36.16000000000005,80,-0.10170188563876792
36.18000000000006,80,-0.1015793404858556
36.20000000000006,80,-0.10145754900388226
36.22000000000006,80,-0.10133650862264432
36.240000000000066,80,-0.10121621681105353
36.26000000000007,80,-0.10109667107808207
36.28000000000007,80,-0.10097786897342331
36.300000000000075,80,-0.10085980808790396
36.32000000000008,80,-0.10074248605352665
36.34000000000008,80,-0.10062590054329235
36.360000000000085,80,-0.10051004927071006
36.38000000000009,80,-0.10039492998909338
36.40000000000009,80,-0.10028054049049473
36.420000000000094,80,-0.10016687860449736
36.4400000000001,80,-0.10005394219676589
36.4600000000001,80,-0.09994172916731259
36.4800000000001,80,-0.09983023744865704
36.50000000000011,80,-0.09971946500377982
36.52000000000011,80,-0.09960940982394817
36.54000000000011,80,-0.09950006992636418
36.560000000000116,80,-0.09939144335179861
36.58000000000012,80,-0.0992835281620259
36.60000000000012,80,-0.09917632243735852
36.620000000000125,80,-0.0990698242740109
36.64000000000013,80,-0.09896403178154145
36.66000000000013,80,-0.09885894308028753
36.680000000000135,80,-0.09875455629888563
36.70000000000014,80,-0.09865086957174896
36.72000000000014,80,-0.098547881036815
36.740000000000144,80,-0.09844558883317234
36.76000000000015,80,-0.09834399109909953
36.78000000000015,80,-0.09824308596994058
36.80000000000015,80,-0.09814287157642809
36.82000000000016,80,-0.09804334604299925
36.84000000000016,80,-0.09794450748641736
36.86000000000016,80,-0.09784635401450714
36.880000000000166,80,-0.09774888372516699
36.90000000000017,80,-0.09765209470564429
36.92000000000017,80,-0.09755598503189589
36.940000000000175,80,-0.09746055276832521
36.96000000000018,80,-0.09736579596769701
36.98000000000018,80,-0.0972717126712368
37.000000000000185,80,-0.09717830090905721
37.02000000000019,80,-0.09708555870065538
37.04000000000019,80,-0.09699348405586505
37.060000000000194,80,-0.09690207497571635
37.0800000000002,80,-0.09681132945373605
37.1000000000002,80,-0.09672124547726924
37.1200000000002,80,-0.09663182102910639
37.14000000000021,80,-0.09654305408911057
37.16000000000021,80,-0.09645494263608612
37.18000000000021,80,-0.09636748464976819
37.200000000000216,80,-0.09628067811280516
37.22000000000022,80,-0.09619452101294002
37.24000000000022,80,-0.09610901134517746
37.260000000000225,80,-0.09602414711400797
37.28000000000023,80,-0.09593992633567439
37.30000000000023,80,-0.09585634704033197
37.320000000000235,80,-0.09577340727435768
37.34000000000024,80,-0.09569110510245338
37.36000000000024,80,-0.09560943860974902
37.380000000000244,80,-0.09552840590385614
37.40000000000025,80,-0.09544800511673657
37.42000000000025,80,-0.09536823440656406
37.44000000000025,80,-0.09528909195928037
37.46000000000026,80,-0.09521057599025085
37.48000000000026,80,-0.09513268474550074
37.50000000000026,80,-0.09505541650295157
37.520000000000266,80,-0.09497876957340168
37.54000000000027,80,-0.09490274230135753
37.56000000000027,80,-0.0948273330655951
37.580000000000275,80,-0.09475254027960744
37.60000000000028,80,-0.09467836239179661
37.62000000000028,80,-0.0946047978854665
37.640000000000285,80,-0.09453184527860259
37.66000000000029,80,-0.09445950312348828
37.68000000000029,80,-0.09438777000605114
37.700000000000294,80,-0.09431664454509558
37.7200000000003,80,-0.09424612539132937
37.7400000000003,80,-0.0941762112261273
37.7600000000003,80,-0.09410690076028061
37.78000000000031,80,-0.09403819273246228
37.80000000000031,80,-0.09397008590764955
37.82000000000031,80,-0.09390257907531918
37.840000000000316,80,-0.09383567104764268
37.86000000000032,80,-0.09376936065748254
37.88000000000032,80,-0.09370364675640985
37.900000000000325,80,-0.09363852821255136
37.92000000000033,80,-0.09357400390850046
37.94000000000033,80,-0.09351007273913581
37.960000000000335,80,-0.09344673360941158
37.98000000000034,80,-0.09338398543225424
38.00000000000034,80,-0.09332182712637405
38.020000000000344,80,-0.09326025761419032
38.04000000000035,80,-0.09319927581977794
38.06000000000035,80,-0.09313888066692755
38.080000000000354,80,-0.09307907107724134
38.10000000000036,80,-0.09301984596839219
38.12000000000036,80,-0.0929612042524326
38.14000000000036,80,-0.09290314483430961
38.160000000000366,80,-0.09284566661042959
38.18000000000037,80,-0.0927887684674289
38.20000000000037,80,-0.09273244928110103
38.220000000000375,80,-0.09267670791545157
38.24000000000038,80,-0.09262154322190952
38.26000000000038,80,-0.09256695403877302
38.280000000000385,80,-0.09251293919071912
38.30000000000039,80,-0.09245949748863325
38.32000000000039,80,-0.09240662772937469
38.340000000000394,80,-0.09235432869601823
38.3600000000004,80,-0.09230259915793226
38.3800000000004,80,-0.09225143787128331
38.400000000000404,80,-0.09220084357946234
38.42000000000041,80,-0.09215081501385214
38.44000000000041,80,-0.09210135089457339
38.46000000000041,80,-0.09205244993140838
38.480000000000416,80,-0.0920041108248455
38.50000000000042,80,-0.09195633226721611
38.52000000000042,80,-0.09190911294384563
38.540000000000425,80,-0.09186245153439643
38.56000000000043,80,-0.09181634671414685
38.58000000000043,80,-0.09177079715540515
38.600000000000435,80,-0.09172580152884535
38.62000000000044,80,-0.09168135850498516
38.64000000000044,80,-0.09163746675552886
38.660000000000444,80,-0.09159412495479557
38.68000000000045,80,-0.09155133178105501
38.70000000000045,80,-0.0915090859178278
38.720000000000454,80,-0.09146738605515026
38.74000000000046,80,-0.09142623089076096
38.76000000000046,80,-0.09138561913117371
38.78000000000046,80,-0.09134554949268647
38.800000000000466,80,-0.09130602070229799
38.82000000000047,80,-0.09126703149847515
38.84000000000047,80,-0.09122858063184935
38.860000000000475,80,-0.09119066686572097
38.88000000000048,80,-0.09115328897649988
38.90000000000048,80,-0.09111644575396838
38.920000000000485,80,-0.09108013600142328
38.94000000000049,80,-0.09104435853568305
38.96000000000049,80,-0.09100911218692431
38.980000000000494,80,-0.09097439579839772
39.0000000000005,80,-0.09094020822607263
39.0200000000005,80,-0.0909065483379976
39.040000000000504,80,-0.0908734150136965
39.06000000000051,80,-0.09084080714330156
39.08000000000051,80,-0.09080872362670078
39.10000000000051,80,-0.090777163372465
39.120000000000516,80,-0.09074612529675363
39.14000000000052,80,-0.09071560832208547
39.16000000000052,80,-0.09068561137603126
39.180000000000526,80,-0.0906561333899063
39.20000000000053,80,-0.09062717329728542
39.22000000000053,80,-0.0905987300325819
39.240000000000535,80,-0.09057080252950556
39.26000000000054,80,-0.0905433897196275
39.28000000000054,80,-0.09051649053074584
39.300000000000544,80,-0.09049010388545753
39.32000000000055,80,-0.09046422869958803
39.34000000000055,80,-0.09043886388074185
39.360000000000554,80,-0.09041400832683166
39.38000000000056,80,-0.09038966092476386
39.40000000000056,80,-0.09036582054902453
39.42000000000056,80,-0.09034248606047157
39.440000000000566,80,-0.09031965630516936
39.46000000000057,80,-0.09029733011325192
39.48000000000057,80,-0.0902755062980205
39.500000000000576,80,-0.0902541836549986
39.52000000000058,80,-0.09023336096117163
39.54000000000058,80,-0.09021303697433325
39.560000000000585,80,-0.09019321043258799
39.58000000000059,80,-0.09017388005385385
39.60000000000059,80,-0.09015504453566336
39.620000000000594,80,-0.09013670255492201
39.6400000000006,80,-0.09011885276788689
39.6600000000006,80,-0.09010149381025911
39.680000000000604,80,-0.09008462429738984
39.70000000000061,80,-0.09006824282455028
39.72000000000061,80,-0.09005234796737938
39.74000000000061,80,-0.09003693828242376
39.760000000000616,80,-0.0900220123077844
39.78000000000062,80,-0.09000756856377023
39.80000000000062,80,-0.08999360555378644
39.820000000000626,80,-0.08998012176517278
39.84000000000063,80,-0.08996711567019133
39.86000000000063,80,-0.08995458572698567
39.880000000000635,80,-0.08994253038070354
39.90000000000064,80,-0.0899309480645556
39.92000000000064,80,-0.0899198372009522
39.940000000000644,80,-0.08990919620265458
39.96000000000065,80,-0.08989902347392587
39.98000000000065,80,-0.08988931741165374
40.000000000000654,80,-0.08988007640654416
40.02000000000066,80,-0.08987129884418721
40.04000000000066,80,-0.08986298310615837
40.06000000000066,80,-0.08985512757104175
40.080000000000666,80,-0.08984773061544615
40.10000000000067,80,-0.08984079061491457
40.12000000000067,80,-0.08983430594479103
40.140000000000676,80,-0.08982827498101642
40.16000000000068,80,-0.08982269610086036
40.18000000000068,80,-0.08981756768351801
40.200000000000685,80,-0.08981288811065014
40.22000000000069,80,-0.08980865576688046
40.24000000000069,80,-0.08980486904010121
40.260000000000694,80,-0.08980152632176441
40.2800000000007,80,-0.08979862600699562
40.3000000000007,80,-0.08979616649472177
40.320000000000704,80,-0.08979414618760728
40.34000000000071,80,-0.089792563491919
40.36000000000071,80,-0.08979141681731306
40.38000000000071,80,-0.08979070457653648
40.400000000000716,80,-0.08979042518505764
40.42000000000072,80,-0.0897905770605334
40.44000000000072,80,-0.089791158622333
40.460000000000726,80,-0.08979216829087022
40.48000000000073,80,-0.08979360448699936
40.50000000000073,80,-0.08979546563120522
40.520000000000735,80,-0.08979775014290681
40.54000000000074,80,-0.08980045643960466
40.56000000000074,80,-0.08980358293607793
40.580000000000744,80,-0.08980712804348201
40.60000000000075,80,-0.08981109016851718
40.62000000000075,80,-0.08981546771252624
40.640000000000754,80,-0.08982025907066316
40.66000000000076,80,-0.08982546263098357
40.68000000000076,80,-0.0898310767736561
40.70000000000076,80,-0.08983709987014521
40.720000000000766,80,-0.08984353028244385
40.74000000000077,80,-0.08985036636234156
40.76000000000077,80,-0.089857606450785
40.780000000000776,80,-0.08986524887725267
40.80000000000078,80,-0.08987329195917937
40.82000000000078,80,-0.08988173400153698
40.840000000000785,80,-0.08989057329640815
40.86000000000079,80,-0.08989980812263099
40.88000000000079,80,-0.08990943674558594
40.900000000000794,80,-0.08991945741706786
40.9200000000008,80,-0.08992986837513683
40.9400000000008,80,-0.08994066784416788
40.960000000000804,80,-0.08995185403498596
40.98000000000081,80,-0.08996342514496547
41.00000000000081,80,-0.0899753793583784
41.02000000000081,80,-0.08998771484671408
41.040000000000816,80,-0.09000042976907707
41.06000000000082,80,-0.09001352227275561
41.08000000000082,80,-0.0900269904937403
41.100000000000826,80,-0.09004083255740625
41.12000000000083,80,-0.0900550465792378
41.14000000000083,80,-0.09006963066552487
41.160000000000835,80,-0.09008458291425825
41.18000000000084,80,-0.09009990141592539
41.20000000000084,80,-0.09011558425448385
41.220000000000844,80,-0.09013162950821396
41.24000000000085,80,-0.09014803525069937
41.26000000000085,80,-0.09016479955181467
41.280000000000854,80,-0.09018192047869888
41.30000000000086,80,-0.09019939609671468
41.32000000000086,80,-0.09021722447040759
41.34000000000086,80,-0.0902354036645292
41.360000000000866,80,-0.09025393174491825
41.38000000000087,80,-0.09027280677943139
41.40000000000087,80,-0.09029202683883142
41.420000000000876,80,-0.09031158999761146
41.44000000000088,80,-0.09033149433481213
41.46000000000088,80,-0.09035173793475337
41.480000000000885,80,-0.09037231888770947
41.50000000000089,80,-0.09039323529056276
41.52000000000089,80,-0.09041448524737206
41.540000000000894,80,-0.09043606686987005
41.5600000000009,80,-0.09045797827786828
41.5800000000009,80,-0.0904802175996906
41.600000000000904,80,-0.09050278297238634
41.62000000000091,80,-0.09052567254201449
41.64000000000091,80,-0.09054888446375742
41.66000000000091,80,-0.09057241690202034
41.680000000000916,80,-0.09059626803040999
41.70000000000092,80,-0.09062043603172754
41.72000000000092,80,-0.09064491909780514
41.740000000000926,80,-0.09066971542933544
41.76000000000093,80,-0.09069482323560152
41.78000000000093,80,-0.09072024073423535
41.800000000000935,80,-0.09074596615080566
41.82000000000094,80,-0.0907719977184911
41.84000000000094,80,-0.09079833367757573
41.860000000000944,80,-0.09082497227502984
41.88000000000095,80,-0.0908519117639841
41.90000000000095,80,-0.09087915040323935
41.920000000000954,80,-0.0909066864567123
41.94000000000096,80,-0.09093451819287424
41.96000000000096,80,-0.09096264388421105
41.98000000000096,80,-0.09099106180669025
42.000000000000966,80,-0.0910197702391713
42.02000000000097,80,-0.09104876746290813
42.04000000000097,80,-0.09107805176101635
42.060000000000976,80,-0.09110762141801843
42.08000000000098,80,-0.0911374747193392
42.10000000000098,80,-0.09116760995088669
42.120000000000985,80,-0.09119802539869681
42.14000000000099,80,-0.09122871934855681
42.16000000000099,80,-0.0912596900857281
42.180000000000994,80,-0.09129093589466919
42.200000000001,80,-0.09132245505887226
42.220000000001,80,-0.09135424586067131
42.240000000001004,80,-0.09138630658122793
42.26000000000101,80,-0.09141863550040341
42.28000000000101,80,-0.09145123089688667
42.30000000000101,80,-0.09148409104820132
42.320000000001016,80,-0.09151721423087622
42.34000000000102,80,-0.09155059872067994
42.36000000000102,80,-0.0915842427927771
42.380000000001026,80,-0.09161814472211915
42.40000000000103,80,-0.09165230278380676
42.42000000000103,80,-0.09168671525340244
42.440000000001035,80,-0.09172138040747058
42.46000000000104,80,-0.09175629652401085
42.48000000000104,80,-0.09179146188301956
42.500000000001044,80,-0.09182687476702256
42.52000000000105,80,-0.09186253346165074
42.54000000000105,80,-0.09189843625629379
42.560000000001054,80,-0.09193458144466149
42.58000000000106,80,-0.09197096732549426
42.60000000000106,80,-0.0920075922031387
42.62000000000106,80,-0.09204445438825815
42.640000000001066,80,-0.09208155219845793
42.66000000000107,80,-0.09211888395889645
42.68000000000107,80,-0.0921564480029673
42.700000000001076,80,-0.0921942426728748
42.72000000000108,80,-0.09223226632021664
42.74000000000108,80,-0.09227051730658786
42.760000000001085,80,-0.09230899400407111
42.78000000000109,80,-0.0923476947957198
42.80000000000109,80,-0.09238661807609105
42.820000000001095,80,-0.09242576225157961
42.8400000000011,80,-0.0924651257408371
42.8600000000011,80,-0.09250470697509883
42.880000000001104,80,-0.09254450439840411
42.90000000000111,80,-0.0925845164679231
42.92000000000111,80,-0.092624741654042
42.94000000000111,80,-0.09266517844053368
42.960000000001116,80,-0.09270582532459315
42.98000000000112,80,-0.0927466808168873
43.00000000000112,80,-0.09278774344151941
43.020000000001126,80,-0.09282901173589408
43.04000000000113,80,-0.09287048425065336
43.06000000000113,80,-0.09291215954944931
43.080000000001135,80,-0.09295403620870246
43.10000000000114,80,-0.09299611281738152
43.12000000000114,80,-0.0930383879766623
43.140000000001145,80,-0.09308086029955831
43.16000000000115,80,-0.09312352841058669
43.18000000000115,80,-0.09316639094532064
43.200000000001154,80,-0.0932094465499631
43.22000000000116,80,-0.09325269388090618
43.24000000000116,80,-0.09329613160421957
43.26000000000116,80,-0.09333975839520292
43.280000000001166,80,-0.09338357293783872
43.30000000000117,80,-0.09342757392435885
43.32000000000117,80,-0.09347176005468327
43.340000000001176,80,-0.09351613003592973
43.36000000000118,80,-0.09356068258196615
43.38000000000118,80,-0.09360541641289899
43.400000000001185,80,-0.09365033025459724
43.42000000000119,80,-0.09369542283830157
43.44000000000119,80,-0.09374069290016251
43.460000000001195,80,-0.09378613918088519
43.4800000000012,80,-0.09383176042533137
43.5000000000012,80,-0.0938775553822282
43.520000000001204,80,-0.0939235228038271
43.54000000000121,80,-0.09396966144572616
43.56000000000121,80,-0.09401597006653617
43.58000000000121,80,-0.09406244742780956
43.60000000000122,80,-0.09410909229383435
43.62000000000122,80,-0.09415590343153468
43.64000000000122,80,-0.09420287961045659
43.660000000001226,80,-0.09425001960268276
43.68000000000123,80,-0.09429732218292486
43.70000000000123,80,-0.09434478612850938
43.720000000001235,80,-0.09439241021951261
43.74000000000124,80,-0.09444019323891695
43.76000000000124,80,-0.09448813397270328
43.780000000001245,80,-0.094536231210121
43.80000000000125,80,-0.09458448374384432
43.82000000000125,80,-0.09463289037029199
43.840000000001254,80,-0.09468144988986182
43.86000000000126,80,-0.09473016110721488
43.88000000000126,80,-0.09477902283163075
43.90000000000126,80,-0.09482803387727046
43.92000000000127,80,-0.09487719306358144
43.94000000000127,80,-0.09492649921556762
43.96000000000127,80,-0.09497595116417301
43.980000000001276,80,-0.09502554774664418
44.00000000000128,80,-0.09507528780680019
44.02000000000128,80,-0.09512517019540212
44.040000000001285,80,-0.0951751937704941
44.06000000000129,80,-0.09522535739767335
44.08000000000129,80,-0.09527565995036014
44.100000000001295,80,-0.09532610031008915
44.1200000000013,80,-0.09537667736677946
44.1400000000013,80,-0.09542739001886957
44.160000000001304,80,-0.09547823717358739
44.18000000000131,80,-0.09552921774702128
44.20000000000131,80,-0.09558033066434746
44.22000000000131,80,-0.09563157485980867
44.24000000000132,80,-0.09568294927686338
44.26000000000132,80,-0.0957344528681574
44.28000000000132,80,-0.09578608459554516
44.300000000001326,80,-0.09583784342996182
44.32000000000133,80,-0.0958897283514446
44.34000000000133,80,-0.09594173834894804
44.360000000001335,80,-0.09599387242018054
44.38000000000134,80,-0.0960461295714552
44.40000000000134,80,-0.09609850881741977
44.420000000001345,80,-0.09615100918085773
44.44000000000135,80,-0.09620362969237561
44.46000000000135,80,-0.0962563693900691
44.480000000001354,80,-0.09630922731926717
44.50000000000136,80,-0.09636220253212002
44.52000000000136,80,-0.09641529408720118
44.54000000000136,80,-0.0964685010491948
44.56000000000137,80,-0.0965218224884623
44.58000000000137,80,-0.09657525748058049
44.60000000000137,80,-0.09662880510597915
44.620000000001376,80,-0.09668246444949347
44.64000000000138,80,-0.09673623459992342
44.66000000000138,80,-0.09679011464964304
44.680000000001385,80,-0.09684410369412433
44.70000000000139,80,-0.09689820083158907
44.72000000000139,80,-0.0969524051625612
44.740000000001395,80,-0.09700671578947606
44.7600000000014,80,-0.09706113181632503
44.7800000000014,80,-0.09711565234831454
44.800000000001404,80,-0.09717027649147525
44.82000000000141,80,-0.09722500335242756
44.84000000000141,80,-0.09727983203800505
44.86000000000141,80,-0.09733476165506971
44.88000000000142,80,-0.09738979131024905
44.90000000000142,80,-0.09744492010970873
44.92000000000142,80,-0.09750014715900335
44.940000000001426,80,-0.09755547156292721
44.96000000000143,80,-0.09761089242540777
44.98000000000143,80,-0.09766640884939193
45.000000000001435,80,-0.09772201993681051
45.02000000000144,80,-0.09777772478856406
45.04000000000144,80,-0.09783352250448729
45.060000000001445,80,-0.09788941218343439
45.08000000000145,80,-0.0979453929233145
45.10000000000145,80,-0.09800146382115571
45.120000000001454,80,-0.09805762397327555
45.14000000000146,80,-0.09811387247533077
45.16000000000146,80,-0.09817020842254465
45.18000000000146,80,-0.09822663090985628
45.20000000000147,80,-0.09828313903206265
45.22000000000147,80,-0.09833973188410994
45.24000000000147,80,-0.09839640856120724
45.260000000001476,80,-0.09845316815913208
45.28000000000148,80,-0.09851000977441515
45.30000000000148,80,-0.09856693250456061
45.320000000001485,80,-0.09862393544833736
45.34000000000149,80,-0.09868101770594961
45.36000000000149,80,-0.09873817837929266
45.380000000001495,80,-0.09879541657218027
45.4000000000015,80,-0.09885273139055784
45.4200000000015,80,-0.09891012194268001
45.440000000001504,80,-0.09896758733935229
45.46000000000151,80,-0.09902512669405894
45.48000000000151,80,-0.09908273912314769
45.50000000000151,80,-0.09914042374596477
45.52000000000152,80,-0.09919817968497568
45.54000000000152,80,-0.09925600606587892
45.56000000000152,80,-0.09931390201767698
45.580000000001526,80,-0.09937186667270481
45.60000000000153,80,-0.0994298991667506
45.62000000000153,80,-0.0994879986389492
45.640000000001535,80,-0.09954616423187446
45.66000000000154,80,-0.09960439509143271
45.68000000000154,80,-0.09966269036683428
45.700000000001545,80,-0.09972104921048697
45.72000000000155,80,-0.09977947077795335
45.74000000000155,80,-0.09983795422772346
45.760000000001554,80,-0.09989649872116502
45.78000000000156,80,-0.09995510342229608
45.80000000000156,80,-0.10001376749761448
45.82000000000156,80,-0.10007249011594865
45.84000000000157,80,-0.10013127044813075
45.86000000000157,80,-0.1001901076669185
45.88000000000157,80,-0.10024900094664702
45.900000000001576,80,-0.10030794946298727
45.92000000000158,80,-0.1003669523927897
45.94000000000158,80,-0.10042600891372899
45.960000000001585,80,-0.1004851182040909
45.98000000000159,80,-0.10054427944250222
46.00000000000159,80,-0.10060349180770345
46.020000000001595,80,-0.10066275447822903
46.0400000000016,80,-0.10072206663225103
46.0600000000016,80,-0.10078142744725938
46.080000000001604,80,-0.10084083609991978
46.10000000000161,80,-0.10090029176577531
46.12000000000161,80,-0.10095979361908292
46.14000000000161,80,-0.10101934083267139
46.16000000000162,80,-0.10107893257767131
46.18000000000162,80,-0.10113856802344401
46.20000000000162,80,-0.10119824633746788
46.220000000001626,80,-0.10125796668512521
46.24000000000163,80,-0.1013177282297093
46.26000000000163,80,-0.10137753013232498
46.280000000001635,80,-0.10143737155180332
46.30000000000164,80,-0.10149725164475143
46.32000000000164,80,-0.10155716956547423
46.340000000001645,80,-0.10161712446604554
46.36000000000165,80,-0.10167711549633651
46.38000000000165,80,-0.10173714180405824
46.400000000001654,80,-0.10179720253485414
46.42000000000166,80,-0.10185729683244915
46.44000000000166,80,-0.1019174238386995
46.46000000000166,80,-0.10197758269375612
46.48000000000167,80,-0.10203777253625645
46.50000000000167,80,-0.10209799250345952
46.52000000000167,80,-0.10215824173142352
46.540000000001676,80,-0.10221851935523318
46.56000000000168,80,-0.10227882450919168
46.58000000000168,80,-0.10233915632703372
46.600000000001685,80,-0.10239951394214586
46.62000000000169,80,-0.10245989648780807
46.64000000000169,80,-0.10252030309739268
46.660000000001695,80,-0.10258073290464864
46.6800000000017,80,-0.10264118504387199
46.7000000000017,80,-0.1027016586501972
46.720000000001704,80,-0.10276215285975354
46.74000000000171,80,-0.10282266680994923
46.76000000000171,80,-0.10288319963964909
46.78000000000171,80,-0.10294375048937354
46.80000000000172,80,-0.1030043185015117
46.82000000000172,80,-0.10306490282049197
46.84000000000172,80,-0.1031255025929596
46.860000000001726,80,-0.1031861169679189
46.88000000000173,80,-0.10324674509688236
46.90000000000173,80,-0.10330738613397727
46.920000000001735,80,-0.10336803923610205
46.94000000000174,80,-0.10342870356296885
46.96000000000174,80,-0.10348937827718174
46.980000000001745,80,-0.1035500625443575
47.00000000000175,80,-0.10361075553306875
47.02000000000175,80,-0.10367145641496478
47.040000000001754,80,-0.10373216436470756
47.06000000000176,80,-0.10379287856000019
47.08000000000176,80,-0.10385359818153717
47.100000000001764,80,-0.10391432241301857
47.12000000000177,80,-0.10397505044102928
47.14000000000177,80,-0.10403578145501768
47.16000000000177,80,-0.10409651464719616
47.180000000001776,80,-0.10415724921247715
47.20000000000178,80,-0.10421798434832397
47.22000000000178,80,-0.10427871925472232
47.240000000001785,80,-0.10433945313398851
47.26000000000179,80,-0.10440018519068417
47.28000000000179,80,-0.10446091463152385
47.300000000001795,80,-0.104521640665169
47.3200000000018,80,-0.10458236250219244
47.3400000000018,80,-0.10464307935488648
47.360000000001804,80,-0.10470379043716349
47.38000000000181,80,-0.10476449496442086
47.40000000000181,80,-0.10482519215346997
47.420000000001814,80,-0.10488588122236564
47.44000000000182,80,-0.10494656139032088
47.46000000000182,80,-0.10500723187763583
47.48000000000182,80,-0.10506789190558408
47.500000000001826,80,-0.10512854069637001
47.52000000000183,80,-0.10518917747303647
47.54000000000183,80,-0.10524980145942209
47.560000000001835,80,-0.10531041188015422
47.58000000000184,80,-0.10537100796055654
47.60000000000184,80,-0.10543158892673432
47.620000000001845,80,-0.10549215400549627
47.64000000000185,80,-0.1055527024244185
47.66000000000185,80,-0.10561323341186579
47.680000000001854,80,-0.1056737461970414
47.70000000000186,80,-0.10573424001007226
47.72000000000186,80,-0.10579471408205166
47.740000000001864,80,-0.1058551676451458
47.76000000000187,80,-0.10591559993270039
47.78000000000187,80,-0.10597601017937563
47.80000000000187,80,-0.1060363976212173
47.820000000001876,80,-0.10609676149587699
47.84000000000188,80,-0.10615710104269027
47.86000000000188,80,-0.10621741550286146
47.880000000001885,80,-0.10627770411964832
47.90000000000189,80,-0.10633796613849711
47.92000000000189,80,-0.10639820080723439
47.940000000001895,80,-0.106458407376266
47.9600000000019,80,-0.10651858509871914
47.9800000000019,80,-0.1065787332306769
48.000000000001904,80,-0.10663885103132031
48.02000000000191,80,-0.10669893776314154
48.04000000000191,80,-0.1067589926920931
48.060000000001914,80,-0.1068190150877939
48.08000000000192,80,-0.10687900422369978
48.10000000000192,80,-0.10693895937726694
48.12000000000192,80,-0.10699887983008693
48.140000000001926,80,-0.10705876486805721
48.16000000000193,80,-0.10711861378153742
48.18000000000193,80,-0.107178425865456
48.200000000001936,80,-0.10723820041945942
48.22000000000194,80,-0.10729793674799026
48.24000000000194,80,-0.107357634160401
48.260000000001945,80,-0.10741729197103211
48.28000000000195,80,-0.10747690949931155
48.30000000000195,80,-0.10753648606979027
48.320000000001954,80,-0.1075960210121778
48.34000000000196,80,-0.10765551366140613
48.36000000000196,80,-0.10771496335763686
48.380000000001964,80,-0.10777436944626118
48.40000000000197,80,-0.10783373127791407
48.42000000000197,80,-0.1078930482084175
48.44000000000197,80,-0.1079523195988088
48.460000000001976,80,-0.10801154481525543
48.48000000000198,80,-0.10807072322899813
48.50000000000198,80,-0.10812985421636512
48.520000000001986,80,-0.10818893715860156
48.54000000000199,80,-0.10824797144185538
48.56000000000199,80,-0.10830695645708488
48.580000000001995,80,-0.10836589159994503
48.600000000002,80,-0.10842477627071645
48.620000000002,80,-0.1084836098741846
48.640000000002004,80,-0.10854239181957581
48.66000000000201,80,-0.10860112152038681
48.68000000000201,80,-0.10865979839434203
48.700000000002014,80,-0.10871842186325154
48.72000000000202,80,-0.10877699135292573
48.74000000000202,80,-0.1088355062930475
48.76000000000202,80,-0.10889396611710822
48.780000000002026,80,-0.1089523702622941
48.80000000000203,80,-0.10901071816937247
48.82000000000203,80,-0.10906900928266339
48.840000000002036,80,-0.10912724304989752
48.86000000000204,80,-0.1091854189222019
48.88000000000204,80,-0.10924353635401474
48.900000000002045,80,-0.10930159480300006
48.92000000000205,80,-0.10935959373005488
48.94000000000205,80,-0.10941753259926656
48.960000000002054,80,-0.10947541087780621
48.98000000000206,80,-0.10953322803604237
49.00000000000206,80,-0.10959098354742025
49.020000000002064,80,-0.10964867688853275
49.04000000000207,80,-0.10970630753907074
49.06000000000207,80,-0.10976387498192253
49.08000000000207,80,-0.10982137870313124
49.100000000002076,80,-0.10987881819195877
49.12000000000208,80,-0.1099361929409568
49.14000000000208,80,-0.10999350244598816
49.160000000002086,80,-0.11005074620629074
49.18000000000209,80,-0.110107923724577
49.20000000000209,80,-0.11016503450704818
49.220000000002095,80,-0.11022207806355766
49.2400000000021,80,-0.11027905390761816
49.2600000000021,80,-0.11033596155649406
49.280000000002104,80,-0.1103928005313648
49.30000000000211,80,-0.11044957035731784
49.32000000000211,80,-0.11050627056353335
49.340000000002114,80,-0.11056290068327712
49.36000000000212,80,-0.110619460254064
49.38000000000212,80,-0.11067594881774312
49.40000000000212,80,-0.11073236592054059
49.420000000002126,80,-0.11078871111318023
49.44000000000213,80,-0.11084498395094755
49.46000000000213,80,-0.1109011839937395
49.480000000002136,80,-0.11095731080620652
49.50000000000214,80,-0.11101336395771
49.52000000000214,80,-0.1110693430224643
49.540000000002145,80,-0.11112524757952258
49.56000000000215,80,-0.11118107721286208
49.58000000000215,80,-0.11123683151138408
49.600000000002154,80,-0.11129251006891394
49.62000000000216,80,-0.11134811248427923
49.64000000000216,80,-0.11140363836125289
49.660000000002164,80,-0.11145908730857457
49.68000000000217,80,-0.11151445893991507
49.70000000000217,80,-0.11156975287386928
49.72000000000217,80,-0.11162496873390637
49.740000000002176,80,-0.11168010614834856
49.76000000000218,80,-0.11173516475029999
49.78000000000218,80,-0.1117901441775615
49.800000000002186,80,-0.11184504407262352
49.82000000000219,80,-0.11189986408255947
49.84000000000219,80,-0.11195460385889788
49.860000000002195,80,-0.11200926305760106
49.8800000000022,80,-0.11206384133895142
49.9000000000022,80,-0.11211833836743068
49.920000000002204,80,-0.1121727538116204
49.94000000000221,80,-0.11222708734408826
49.96000000000221,80,-0.11228133864132417
49.980000000002214,80,-0.11233550738356257
50.00000000000222,80,-0.11238959325469011
