Frequency (rad/s),Pxx
0.0,5993.800743320589
0.06282871163621406,2573.3387054971913
0.12565742327242813,12.99099735798982
0.18848613490864216,31.13801940684921
0.25131484654485625,27.742572884531718
0.31414355818107026,19.332681789539684
0.3769722698172843,0.7343082293036183
0.43980098145349844,7.444009347777204
0.5026296930897125,8.478346234346045
0.5654584047259265,5.005274037219367
0.6282871163621405,8.30339331191474
0.6911158279983547,4.258540051096934
0.7539445396345686,2.5986894396605282
0.8167732512707828,1.3487340273789337
0.8796019629069969,2.9065865830316726
0.9424306745432108,4.530954539304486
1.005259386179425,2.9589215019748196
1.068088097815639,2.912984003582415
1.130916809451853,4.064051505817525
1.193745521088067,6.745656885752107
1.256574232724281,1.7987144283865237
1.3194029443604953,2.6283363574306335
1.3822316559967094,2.2242826943539713
1.4450603676329234,1.5667302025281962
1.5078890792691373,2.400863504788311
1.5707177909053514,2.1905383734477843
1.6335465025415656,3.005198662610421
1.6963752141777795,4.045462108386996
1.7592039258139938,5.469242801892061
1.8220326374502076,4.107626046596285
1.8848613490864217,2.463245238264388
1.9476900607226357,2.4420069563689126
2.01051877235885,1.589157791116442
2.073347483995064,1.846767183188601
2.136176195631278,3.031445034948694
2.199004907267492,4.128137929676599
2.261833618903706,3.2526812551033624
2.3246623305399203,1.2837455260267119
2.387491042176134,4.23241945377962
2.4503197538123485,1.3481712517614952
2.513148465448562,2.5946785848689293
2.575977177084776,2.4501456612182313
2.6388058887209906,1.646480609600481
2.7016346003572043,2.1545486665077593
2.7644633119934188,3.0001222630162547
2.8272920236296324,2.908812525607137
2.890120735265847,2.5074024760378455
2.9529494469020605,1.4415864224170345
3.0157781585382746,1.9621254494551434
3.078606870174489,1.3980595132608136
3.1414355818107027,3.5591428689393845
3.2042642934469168,4.170881028203939
3.2670930050831313,1.4891068099078955
3.3299217167193453,3.227304043016976
3.392750428355559,1.5932342589754618
3.455579139991773,2.540166994865036
3.5184078516279875,7.013236080248417
3.581236563264201,4.5118081069727545
3.644065274900415,5.555118979384387
3.7068939865366297,6.14970007609947
3.7697226981728433,8.548203016453567
3.8325514098090574,8.563971106404953
3.8953801214452715,9.140725796617108
3.958208833081486,9.176039491436065
4.0210375447177,4.877714595122284
4.083866256353914,1.3296606599870722
4.146694967990128,3.438421732087198
4.209523679626342,1.6921801892797441
4.272352391262556,1.0782865626613878
4.33518110289877,1.4657051483323404
4.398009814534984,0.8957368901122276
4.460838526171198,0.983102846716181
4.523667237807412,1.1452902814307087
4.586495949443626,0.6329198435183446
4.649324661079841,0.19332869186917856
4.712153372716054,0.4310676984694593
4.774982084352268,0.4453563072501137
4.837810795988482,0.22787583262535704
4.900639507624697,0.2385142234647876
4.9634682192609105,0.0960373209724674
5.026296930897124,0.2693424676736084
5.089125642533339,0.3152417745392576
5.151954354169552,0.30510750501987643
5.214783065805767,0.38466568225882886
5.277611777441981,0.32557635173294414
5.340440489078195,0.2294611324804839
5.4032692007144085,0.22200344987903406
5.466097912350623,0.31859031976912916
5.5289266239868375,0.31576876673250803
5.591755335623051,0.42555506809713545
5.654584047259265,0.14807544778815418
5.717412758895479,0.2049272987871013
5.780241470531694,0.3860511220402947
5.843070182167907,0.3169854732437684
5.905898893804121,0.30079419486219977
5.9687276054403355,0.2627327591383878
6.031556317076549,0.2673911904110327
6.094385028712764,0.1620361286336015
6.157213740348978,0.3211874120679078
6.220042451985192,0.37465807993634076
6.282871163621405,0.3334156458793913
6.34569987525762,0.2546360892978815
6.4085285868938335,0.4107652471536166
6.471357298530048,0.5171115349011358
6.5341860101662625,0.25852312620560064
6.597014721802475,0.583093749945253
6.659843433438691,0.3079333436369651
6.722672145074905,0.8651863467590648
6.785500856711118,0.7408178627428255
6.848329568347332,0.2569784271230653
6.911158279983546,0.4692539165368745
6.9739869916197605,0.786038739459592
7.036815703255975,0.4691586632845371
7.099644414892188,0.22642227750941754
7.162473126528402,0.16081626892921022
7.225301838164617,0.27347055885006005
7.28813054980083,0.3804054796869139
7.350959261437045,0.46084794283798125
7.413787973073259,0.6070620343128693
7.476616684709472,0.40694429978165786
7.539445396345687,0.35186857441753255
7.602274107981902,0.6660545435422298
7.665102819618115,0.7969393696024277
7.727931531254329,0.5144073036372491
7.790760242890543,0.5694011442174519
7.853588954526757,0.2650098531876468
7.916417666162972,0.07410646634716167
7.979246377799185,0.3686919512247278
8.0420750894354,0.13611479536084015
8.104903801071615,0.4958516352314071
8.167732512707827,0.3201344365500585
8.230561224344042,0.227981862957597
8.293389935980256,0.40009755551846016
8.356218647616469,0.18779669803753443
8.419047359252684,0.19428515649691075
8.481876070888896,0.19611108768501934
8.544704782525113,0.2357317986154202
8.607533494161327,0.3609607392604934
8.67036220579754,0.2332652165232461
8.733190917433754,0.47901508511853086
8.796019629069969,0.4998197423490253
8.858848340706182,0.5103106434285551
8.921677052342396,0.6287436690157795
8.98450576397861,0.7256255427944236
9.047334475614823,0.38466502780519785
9.110163187251038,0.44080476948548497
9.172991898887252,0.18084586655444074
9.235820610523467,0.1145168831172107
9.298649322159681,0.23471886775337888
9.361478033795894,0.26276036226411537
9.424306745432109,0.22920035415033702
9.487135457068323,0.17759296749173348
9.549964168704536,0.2699777960745314
9.61279288034075,0.4361244221281948
9.675621591976965,0.34385923048045497
9.73845030361318,0.351015316957297
9.801279015249394,0.5182653471143346
9.864107726885608,0.4920216563851336
9.926936438521821,0.1656717745262361
9.989765150158036,0.2680682006959935
10.052593861794248,0.5334610593545063
10.115422573430463,0.4969587589308037
10.178251285066677,0.07288043882740486
10.24107999670289,0.17569529181551904
10.303908708339105,0.10064052398405574
10.36673741997532,0.01911283783047596
10.429566131611534,0.09076087053193443
10.492394843247748,0.1122150729850754
10.555223554883963,0.2797525140615095
10.618052266520175,0.5003239967367514
10.68088097815639,0.4491656359564802
10.743709689792604,0.34629671183384525
10.806538401428817,0.23646570938665315
10.869367113065032,0.4411882687966559
10.932195824701246,0.3709828872751639
10.99502453633746,0.14984165943031316
11.057853247973675,0.2053923788014819
11.120681959609888,0.2702374367926933
11.183510671246102,0.22200242539926746
11.246339382882317,0.23347537270089366
11.30916809451853,0.4729192963569908
11.371996806154744,0.31124801770428995
11.434825517790959,0.10244909985789957
11.497654229427173,0.37458279810048606
11.560482941063388,0.31077137954484607
11.623311652699602,0.0385041708730236
11.686140364335815,0.11821877586402922
11.74896907597203,0.18930863458029024
11.811797787608242,0.2961229797801347
11.874626499244457,0.1757109475869512
11.937455210880671,0.14125167546163792
12.000283922516884,0.3695896850436063
12.063112634153098,0.0606155297188694
12.125941345789313,0.31977970724775323
12.188770057425527,0.2936907315839312
12.251598769061742,0.40085493980088827
12.314427480697956,0.34004401382550203
12.377256192334169,0.338861303038272
12.440084903970384,0.4690784861225999
12.502913615606596,0.3085678875543848
12.56574232724281,0.26592182444845947
12.628571038879025,0.25624904653005903
12.69139975051524,0.05176592935610287
12.754228462151454,0.154919917053516
12.817057173787667,0.14980245991364788
12.879885885423882,0.31625387207858024
12.942714597060096,0.27703324085980896
13.00554330869631,0.19421915023551964
13.068372020332525,0.06640880647315685
13.131200731968736,0.08905698467756624
13.19402944360495,0.1344247060322129
13.256858155241165,0.207518708062941
13.319686866877381,0.3388751775504386
13.382515578513596,0.14775923360705884
13.44534429014981,0.11940235849331819
13.508173001786021,0.15446903951106922
13.571001713422236,0.05786529772261096
13.63383042505845,0.040980019967029095
13.696659136694665,0.18998172790085396
13.75948784833088,0.33333565913346974
13.822316559967092,0.22708672274261515
13.885145271603307,0.12643832813910916
13.947973983239521,0.05581571821080405
14.010802694875736,0.07831519504329493
14.07363140651195,0.13535865259436
14.136460118148165,0.1951110668938787
14.199288829784376,0.18998709114372284
14.26211754142059,0.2564477407111908
14.324946253056805,0.30850981606533895
14.387774964693019,0.4573935241821077
14.450603676329234,0.12069882310253902
14.513432387965446,0.032240332581641454
14.57626109960166,0.20498287585485592
14.639089811237875,0.13423947009734985
14.70191852287409,0.038614926705190566
14.764747234510304,0.23780190131039008
14.827575946146519,0.29068526279763246
14.89040465778273,0.0875132683478622
14.953233369418944,0.10277075708124432
15.016062081055159,0.08843235979754022
15.078890792691373,0.14766719329904215
15.14171950432759,0.23507893294251256
15.204548215963804,0.18779584613049743
15.267376927600015,0.1735846430560757
15.33020563923623,0.20329140757339628
15.393034350872444,0.20630980042471547
15.455863062508659,0.09164709951755495
15.518691774144873,0.171499185045042
15.581520485781086,0.19466337549994175
15.6443491974173,0.06708233055522643
15.707177909053515,0.062408184425858014
15.77000662068973,0.10119268194206504
15.832835332325944,0.022069121817290642
15.895664043962158,0.19194255091965054
15.95849275559837,0.1142489367545872
16.021321467234586,0.1426805984180599
16.0841501788708,0.07511941950012775
16.146978890507015,0.13340441766686806
16.20980760214323,0.16521005966786026
16.27263631377944,0.1801674936248947
16.335465025415655,0.15357092454480611
16.39829373705187,0.24241192351320962
16.461122448688084,0.22709229010131124
16.523951160324298,0.006628549803958516
16.586779871960513,0.15510179921282882
16.649608583596724,0.016774580569867685
16.712437295232938,0.069678476659231
16.775266006869153,0.08496568959742073
16.838094718505367,0.11083719267009098
16.90092343014158,0.19000574139869666
16.963752141777793,0.10683853503848913
17.026580853414007,0.13021425388443775
17.089409565050225,0.08510434101703994
17.15223827668644,0.19686242495993286
17.215066988322654,0.23064431672328012
17.27789569995887,0.17629523773873068
17.34072441159508,0.07636568906713581
17.403553123231294,0.1125133433305547
17.46638183486751,0.20598857446592386
17.529210546503723,0.27001199362400247
17.592039258139938,0.06068813250467568
17.654867969776152,0.13678554416665592
17.717696681412363,0.08907747821916169
17.780525393048578,0.06169547715955266
17.843354104684792,0.201434270222171
17.906182816321007,0.3305672623768933
17.96901152795722,0.17559936091609088
18.031840239593432,0.10757786735718036
18.094668951229647,0.09310827134958975
18.15749766286586,0.06672569056752582
18.220326374502076,0.11781219795561992
18.28315508613829,0.063651473194977
18.345983797774505,0.027933879519444198
18.40881250941072,0.2729188305597523
18.471641221046934,0.25177133129885393
18.534469932683148,0.13120197991969798
18.597298644319363,0.08153868362669886
18.660127355955577,0.020881235459353113
18.722956067591788,0.0522069838894673
18.785784779228003,0.021977194941853177
18.848613490864217,0.16295744166366646
18.91144220250043,0.10636528941034411
18.974270914136646,0.07315466993589671
19.03709962577286,0.11543604903098924
19.09992833740907,0.2399526467190406
19.162757049045286,0.12443868647266118
19.2255857606815,0.047071047999124524
19.288414472317715,0.13894294015189773
19.35124318395393,0.16233759470576448
19.414071895590144,0.15482208549937185
19.47690060722636,0.09504406619204867
19.539729318862573,0.06172002990973381
19.602558030498788,0.1238301355697571
19.665386742135002,0.06703103083471831
19.728215453771217,0.1450406746994651
19.791044165407428,0.029968550926486596
19.853872877043642,0.17438173039354182
19.916701588679857,0.31014372111137906
19.97953030031607,0.3090941875924678
20.042359011952286,0.2274292758705209
20.105187723588497,0.12126628326161863
20.16801643522471,0.26653233907248497
20.230845146860926,0.2596815782357275
20.29367385849714,0.18537818143560394
20.356502570133355,0.17727891627409642
20.41933128176957,0.16621789211116245
20.48215999340578,0.0825140874156698
20.544988705041995,0.18492563257822325
20.60781741667821,0.0822973651298061
20.670646128314424,0.09940379325436692
20.73347483995064,0.3079330841166832
20.796303551586856,0.18646360702614384
20.859132263223067,0.10607242499189529
20.92196097485928,0.06601056639785984
20.984789686495496,0.13156014027607743
21.04761839813171,0.07666215308221411
21.110447109767925,0.060390430205967384
21.173275821404136,0.07229204078863022
21.23610453304035,0.07874952639889886
21.298933244676565,0.24718269360403403
21.36176195631278,0.22680052213358004
21.424590667948994,0.09953448771709428
21.48741937958521,0.2419009909666784
21.55024809122142,0.15683130009899637
21.613076802857634,0.11177910895977161
21.67590551449385,0.1856387197608978
21.738734226130063,0.10329885248315493
21.801562937766278,0.1465151614324755
21.864391649402492,0.14738067483827397
21.927220361038707,0.12716680064320385
21.99004907267492,0.1372504638775674
22.052877784311136,0.13651783552803923
22.11570649594735,0.0761107298195806
22.178535207583565,0.042433137400886126
22.241363919219776,0.12354294441369329
22.30419263085599,0.08005068926278523
22.367021342492205,0.12297433119082604
22.42985005412842,0.15729692535566428
22.492678765764634,0.08818860600215885
22.555507477400845,0.20545305840538305
22.61833618903706,0.23949341669749546
22.681164900673274,0.16607677171625543
22.743993612309488,0.09913924994484921
22.806822323945703,0.20465938412015947
22.869651035581917,0.18588661428303083
22.93247974721813,0.05253633699267377
22.995308458854346,0.010034649913390788
23.05813717049056,0.15404900219883158
23.120965882126775,0.20904597662963903
23.18379459376299,0.06707031622334358
23.246623305399204,0.09287231581733554
23.309452017035415,0.04595837260213441
23.37228072867163,0.051869080273984826
23.435109440307844,0.14278769848945735
23.49793815194406,0.20471536992330625
23.560766863580273,0.11591683054865476
23.623595575216484,0.1263979658989303
23.6864242868527,0.04010759934352699
23.749252998488913,0.18272886948541187
23.812081710125128,0.15743466617719187
23.874910421761342,0.02671187388668893
23.937739133397557,0.07001620903272657
24.000567845033768,0.10321378794336111
24.063396556669982,0.1104683739093647
24.126225268306197,0.11260842216746379
24.18905397994241,0.08216874052112194
24.251882691578626,0.10701045171610798
24.31471140321484,0.17687908514815037
24.377540114851055,0.2464382366974271
24.44036882648727,0.13369878555139839
24.503197538123484,0.07492268426567669
24.566026249759698,0.1716509820473553
24.628854961395913,0.14012341112643376
24.691683673032124,0.029872173612611682
24.754512384668338,0.08671701930614704
24.817341096304553,0.22595841211548415
24.880169807940767,0.2043878754307659
24.94299851957698,0.08237524009182542
25.005827231213193,0.17161546157883076
25.068655942849407,0.1302886359402765
25.13148465448562,0.1014162656271431
25.194313366121836,0.04953569324294935
25.25714207775805,0.13671441052655023
25.319970789394265,0.09936845884091307
25.38279950103048,0.08634560251778825
25.445628212666694,0.09545328421569423
25.50845692430291,0.12953610354399436
25.57128563593912,0.11208448909267789
25.634114347575334,0.03561702551070582
25.69694305921155,0.11106869937526488
25.759771770847763,0.054497343140085884
25.822600482483978,0.041520202513666164
25.885429194120192,0.036400726597111716
25.948257905756407,0.010884171185835246
26.01108661739262,0.10859179900529542
26.073915329028836,0.08016199912264324
26.13674404066505,0.10720632980866211
26.199572752301265,0.14135643445689117
26.262401463937472,0.16064373176943358
26.325230175573687,0.1348725929376655
26.3880588872099,0.14813475637425827
26.450887598846116,0.15522008815340826
26.51371631048233,0.19861771571233056
26.576545022118548,0.11537280932049303
26.639373733754763,0.17142902675084826
26.702202445390977,0.11430205456033674
26.76503115702719,0.05052940111068765
26.827859868663406,0.03815887041881203
26.89068858029962,0.09856719711297189
26.953517291935828,0.12899308339903076
27.016346003572043,0.046786717795138495
27.079174715208257,0.02134050372978287
27.14200342684447,0.07819090342364751
27.204832138480686,0.14903844186537468
27.2676608501169,0.14358850260549516
27.330489561753115,0.09774471345279724
27.39331827338933,0.050597432056956396
27.456146985025544,0.11924118286010385
27.51897569666176,0.0733561297020317
27.581804408297973,0.0695259817289018
27.644633119934184,0.14161590170039823
27.7074618315704,0.26998143851163975
27.770290543206613,0.22333600192168324
27.833119254842828,0.08759037211421414
27.895947966479042,0.073029521117521
27.958776678115257,0.11203872154317965
28.02160538975147,0.10846854978970745
28.084434101387686,0.06710188919035673
28.1472628130239,0.04814649000349694
28.210091524660115,0.037699078246776326
28.27292023629633,0.08750614656570187
28.335748947932537,0.18326061924495057
28.39857765956875,0.23680258960457393
28.461406371204966,0.19064925264209417
28.52423508284118,0.1309793177884988
28.587063794477395,0.17388672951402348
28.64989250611361,0.1258497189520424
28.712721217749824,0.004322991527964206
28.775549929386038,0.10682701107000164
28.838378641022253,0.06137526146786531
28.901207352658467,0.13487821472211858
28.96403606429468,0.1204914875501392
29.026864775930893,0.1963239381589491
29.089693487567107,0.132487789245065
29.15252219920332,0.13316155379171635
29.215350910839536,0.15180818506407365
29.27817962247575,0.11117107775660481
29.341008334111965,0.047997346866066916
29.40383704574818,0.1274554907378884
29.466665757384394,0.08333300505363361
29.52949446902061,0.04079781858213079
29.592323180656823,0.08350617361031368
29.655151892293038,0.04742265115195784
29.717980603929252,0.12107464675768287
29.78080931556546,0.15771411210037486
29.843638027201674,0.09862620672795376
29.90646673883789,0.10639985971755896
29.969295450474103,0.08325329907433655
30.032124162110318,0.08701025422868229
30.094952873746532,0.04234029314584163
30.157781585382747,0.07993967093813079
30.220610297018965,0.17058026734427081
30.28343900865518,0.17632006773723177
30.346267720291394,0.05187431794446729
30.40909643192761,0.17276748511540627
30.471925143563816,0.09136681432286181
30.53475385520003,0.09892076238263932
30.597582566836245,0.149073443097956
30.66041127847246,0.09191074551493714
30.723239990108674,0.14814106281402148
30.786068701744888,0.1096313798972586
30.848897413381103,0.030953318753992348
30.911726125017317,0.08954754602705738
30.97455483665353,0.02957394043189167
31.037383548289746,0.14231739631059487
31.10021225992596,0.0736901774742805
31.16304097156217,0.012309309784288692
31.225869683198386,0.08926103479350778
31.2886983948346,0.08161616163763379
31.351527106470815,0.0343193139820411
31.41435581810703,0.11646871047124269
31.477184529743244,0.1326881689669961
31.54001324137946,0.08347741432245515
31.602841953015673,0.07450696710426068
31.665670664651888,0.08772834242587493
31.728499376288102,0.056944519719612056
31.791328087924317,0.018005314596835284
31.854156799560524,0.020511602052828117
31.91698551119674,0.04118170188827157
31.979814222832953,0.07975116914338885
32.04264293446917,0.13196108051065458
32.105471646105386,0.0583196474081598
32.1683003577416,0.03443036420922378
32.231129069377815,0.045374884779711994
32.29395778101403,0.06589439868317692
32.356786492650244,0.07003002023673117
32.41961520428646,0.07551027267360107
32.48244391592267,0.07973270295370549
32.54527262755888,0.026422571765602032
32.608101339195095,0.00962400717513468
32.67093005083131,0.08878708724285453
32.733758762467524,0.06063951060652929
32.79658747410374,0.10478282323921644
32.85941618573995,0.16237668410410921
32.92224489737617,0.17243402363847093
32.98507360901238,0.050078531518925225
33.047902320648596,0.10423656077788687
33.11073103228481,0.0633757087061409
33.173559743921025,0.07601186475438991
33.23638845555723,0.06789625603541065
33.29921716719345,0.09006178936509547
33.36204587882966,0.07985390890297535
33.424874590465876,0.07533157242041874
33.48770330210209,0.08313643848114449
33.550532013738305,0.02227276219441038
33.61336072537452,0.09361724108709167
33.676189437010734,0.09885510987859926
33.73901814864695,0.04714227599240506
33.80184686028316,0.018729229982315115
33.86467557191938,0.0405342196146845
33.927504283555585,0.08922611714954651
33.9903329951918,0.14593904562733534
34.053161706828014,0.10427872133340185
34.11599041846423,0.06689059003486354
34.17881913010045,0.052948307543810316
34.241647841736665,0.05416847866904642
34.30447655337288,0.009641819740610487
34.367305265009094,0.0302169671347194
34.43013397664531,0.0230187623896171
34.49296268828152,0.05123526717802229
34.55579139991774,0.03371951985846838
34.618620111553945,0.022014359975037798
34.68144882319016,0.09096653696290023
34.744277534826374,0.1330032637803852
34.80710624646259,0.07334100570193976
34.8699349580988,0.06680502604363071
34.93276366973502,0.11270585402924108
34.99559238137123,0.13901250986068897
35.058421093007446,0.12439892167514956
35.12124980464366,0.10338797752571799
35.184078516279875,0.08143611335790799
35.24690722791609,0.06964765649577002
35.309735939552304,0.11602327688831891
35.37256465118851,0.03977572405635164
35.435393362824726,0.03641279661581461
35.49822207446094,0.1168205998033344
35.561050786097155,0.09477452252372148
35.62387949773337,0.04635502903206497
35.686708209369584,0.06371769948662552
35.7495369210058,0.06606397255065079
35.81236563264201,0.011894333615842391
35.87519434427823,0.06464070705337756
35.93802305591444,0.05024238874613262
36.00085176755066,0.030773586188912003
36.063680479186864,0.037594433131252596
36.12650919082308,0.031046345321956218
36.18933790245929,0.013838418491294429
36.25216661409551,0.05487925324293991
36.31499532573172,0.07977335235721433
36.37782403736794,0.0316914444637463
36.44065274900415,0.05152044467620549
36.503481460640366,0.057219231133868106
36.56631017227658,0.11196568441833117
36.629138883912795,0.15044847880163112
36.69196759554901,0.038075159355673314
36.754796307185224,0.07023475701627417
36.81762501882144,0.08858506816099221
36.88045373045765,0.05829329546381806
36.94328244209387,0.06756183615101106
37.00611115373008,0.06680579102348845
37.068939865366296,0.030964654081325777
37.13176857700251,0.03901658164099061
37.194597288638725,0.10452684836920144
37.25742600027494,0.09182825956752165
37.320254711911154,0.0412706912372505
37.38308342354737,0.038566905119468385
37.445912135183576,0.10327042561716573
37.50874084681979,0.08426644007497484
37.571569558456005,0.08277597255915126
37.63439827009222,0.09930275068299066
37.697226981728434,0.11735129094111738
37.76005569336465,0.04976802607303294
37.82288440500086,0.06313119069336048
37.88571311663708,0.08956389238727293
37.94854182827329,0.117749916322254
38.01137053990951,0.07840407432334746
38.07419925154572,0.12768130633901997
38.13702796318193,0.11923338646431669
38.19985667481814,0.11700882656833313
38.26268538645436,0.09492573027714662
38.32551409809057,0.009983082243157682
38.38834280972679,0.09416838395294798
38.451171521363,0.051351129219514846
38.514000232999216,0.037939241017463876
38.57682894463543,0.054052137458591686
38.639657656271645,0.00930723424860427
38.70248636790786,0.0474682300699507
38.765315079544074,0.054271609106114865
38.82814379118029,0.03363749430527835
38.8909725028165,0.08856477442228515
38.95380121445272,0.11826451566441668
39.01662992608893,0.03743447189823698
39.079458637725146,0.0377503686964523
39.14228734936136,0.05273594589931993
39.205116060997575,0.04340099451709406
39.26794477263379,0.017549346436963487
39.330773484270004,0.035379759767039075
39.39360219590622,0.036979733926166575
39.45643090754243,0.021972608097723414
39.51925961917864,0.04772874096153033
39.582088330814855,0.06271182916176311
39.64491704245107,0.08844129775845375
39.707745754087284,0.11533651449677043
39.7705744657235,0.07770195705350402
39.83340317735971,0.1055460738536067
39.89623188899593,0.12774177049930185
39.95906060063214,0.012990217727175839
40.02188931226836,0.025640925843607682
40.08471802390457,0.019770825486412597
40.147546735540786,0.02622875742684467
40.21037544717699,0.09398282368575353
40.27320415881321,0.032697965612937564
40.33603287044942,0.07530977463498813
40.39886158208564,0.08922201952185324
40.46169029372185,0.10795261666246234
40.524519005358066,0.07680192336004646
40.58734771699428,0.051995201300872686
40.650176428630495,0.09218748925547941
40.71300514026671,0.011999648129737967
40.775833851902924,0.08257491710015101
40.83866256353914,0.12736079029633568
40.90149127517535,0.13934144567059759
40.96431998681156,0.08494764845102867
41.027148698447775,0.05709435630603078
41.08997741008399,0.04434510585219823
41.152806121720204,0.0550541749822009
41.21563483335642,0.09689370580236968
41.27846354499263,0.07636718008066606
41.34129225662885,0.02296455300173434
41.40412096826506,0.05731434790289889
41.46694967990128,0.04077179392229931
41.5297783915375,0.028543084269577697
41.59260710317371,0.04831656605249246
41.65543581480992,0.025194255793085978
41.718264526446134,0.035372225173301776
41.78109323808235,0.058403049551348896
41.84392194971856,0.04429424212966004
41.90675066135478,0.039842724336824634
41.96957937299099,0.02555824194515134
42.03240808462721,0.054615948226497756
42.09523679626342,0.04139179451837812
42.158065507899636,0.03803882111322134
42.22089421953585,0.018141331170355213
42.283722931172065,0.03501648818672885
42.34655164280827,0.04534858188028066
42.40938035444449,0.06660652071315079
42.4722090660807,0.08393143044168108
42.535037777716916,0.10707815352849036
42.59786648935313,0.09285491372832051
42.660695200989345,0.041188689316923544
42.72352391262556,0.058749781615924646
42.786352624261774,0.08052413390969836
42.84918133589799,0.0642278309696987
42.9120100475342,0.026855219008298847
42.97483875917042,0.10215005347532079
43.037667470806625,0.11549081914584587
43.10049618244284,0.06008507434963053
43.163324894079054,0.04762874593045963
43.22615360571527,0.04617069029023589
43.28898231735148,0.025676694679530675
43.3518110289877,0.07929278511264726
43.41463974062391,0.05353442425040839
43.477468452260126,0.0476773177862187
43.54029716389634,0.06992368164784331
43.603125875532555,0.038900735518179325
43.66595458716877,0.012795270417003339
43.728783298804984,0.06142047996965321
43.7916120104412,0.05423870279298035
43.85444072207741,0.0403291138995782
43.91726943371363,0.06619664779567247
43.98009814534984,0.014295868127208155
44.04292685698606,0.03511233698061591
44.10575556862227,0.06513311087468426
44.168584280258486,0.0578359637415437
44.2314129918947,0.03411367592303598
44.294241703530915,0.03654587788513718
44.35707041516713,0.0739505203013552
44.41989912680334,0.06655692320926829
44.48272783843955,0.03532764817808726
44.545556550075766,0.007284949989548613
44.60838526171198,0.05745925663956978
44.671213973348195,0.058086837421999146
44.73404268498441,0.02139264549171125
44.796871396620624,0.03271663613477864
44.85970010825684,0.05690466306586247
44.92252881989305,0.050057410008771126
44.98535753152927,0.09545406658763551
45.04818624316548,0.1722115252227344
45.11101495480169,0.10716416473624996
45.173843666437904,0.10303109192221832
45.23667237807412,0.08232893013863436
45.29950108971033,0.03152898775065698
45.36232980134655,0.030213164519558806
45.42515851298276,0.04129497603142734
45.487987224618976,0.012846534771393383
45.55081593625519,0.02936714268436252
45.613644647891405,0.027756590906505115
45.67647335952762,0.04596103970252017
45.739302071163834,0.10484739435751976
45.80213078280005,0.0556710410121699
45.86495949443626,0.0448161386261153
45.92778820607248,0.030498591405020137
45.99061691770869,0.060961759399944644
46.05344562934491,0.04030470167496633
46.11627434098112,0.07773911325939394
46.179103052617336,0.039262325119801274
46.24193176425355,0.06970904004002589
46.304760475889765,0.025230647476793207
46.36758918752598,0.058625361911093486
46.430417899162194,0.04977447146105908
46.49324661079841,0.07718369857442364
46.556075322434616,0.028323461311879117
46.61890403407083,0.03721671409769792
46.681732745707045,0.019917810588026653
46.74456145734326,0.07008424650951856
46.807390168979474,0.07275160237596102
46.87021888061569,0.08158938167585236
46.9330475922519,0.02650748692431423
46.99587630388812,0.03905750033525395
47.05870501552433,0.021461339920019886
47.121533727160546,0.02906753470015505
47.18436243879676,0.05795105086619395
47.24719115043297,0.06917238112372232
47.31001986206918,0.11372003093705998
47.3728485737054,0.07660508365387159
47.43567728534161,0.03276975557495308
47.498505996977826,0.0588495687209238
47.56133470861404,0.05070270942100664
47.624163420250255,0.07273221159272808
47.68699213188647,0.06721279340957984
47.749820843522684,0.012615317843819038
47.8126495551589,0.10301560546708405
47.87547826679511,0.14496220152678227
47.93830697843132,0.02860973979045019
48.001135690067535,0.02117922741152294
48.06396440170375,0.03029338422125688
48.126793113339964,0.05510735545074568
48.18962182497618,0.04828463002540974
48.25245053661239,0.05494895705883381
48.31527924824861,0.022478839166810826
48.37810795988482,0.034427002153715774
48.44093667152104,0.03343151861046535
48.50376538315725,0.06569900148297297
48.566594094793466,0.05768892375373045
48.62942280642968,0.03189500574648273
48.692251518065895,0.06099903543156029
48.75508022970211,0.07324025697190861
48.817908941338324,0.017877343159431396
48.88073765297454,0.03568046865385159
48.94356636461075,0.0646536792022128
49.00639507624697,0.1073970491905732
49.06922378788318,0.08225627410011527
49.132052499519396,0.08895180938891935
49.19488121115561,0.07647812636229098
49.257709922791825,0.06454382902943187
49.32053863442803,0.037328551437812885
49.38336734606425,0.02422723813593679
49.44619605770046,0.014540859254168974
49.509024769336676,0.045300238331961826
49.57185348097289,0.011278066389190022
49.634682192609105,0.033136355674385075
49.69751090424532,0.06706829302832813
49.760339615881534,0.0957096188804811
49.82316832751775,0.0487273931729095
49.88599703915396,0.05925733677686168
49.94882575079018,0.11265269479236587
50.011654462426385,0.03269074848593646
50.0744831740626,0.10261758197048375
50.137311885698814,0.08461685066897222
50.20014059733503,0.022552123076294422
50.26296930897124,0.05177918547300562
50.325798020607465,0.02446197368082972
50.38862673224367,0.0779895983635754
50.45145544387989,0.048723186766414246
50.5142841555161,0.025997848429768277
50.577112867152316,0.044973862761750485
50.63994157878853,0.06069605160213596
50.702770290424745,0.007613800186897666
50.76559900206096,0.07121546455106337
50.828427713697174,0.01799664165819612
50.89125642533339,0.044754811494947366
50.9540851369696,0.061673419797997724
51.01691384860582,0.12091983276167619
51.07974256024203,0.056054328460599524
51.14257127187824,0.05061923310592989
51.20539998351446,0.03479726755238757
51.26822869515067,0.07020402087841222
51.33105740678689,0.1176474545491223
51.3938861184231,0.09193199007062355
51.45671483005932,0.06353159012942514
51.519543541695526,0.025153147123549564
51.58237225333175,0.039790395043812675
51.645200964967955,0.07404040383281699
51.70802967660418,0.011898294152980328
51.770858388240384,0.05510736380313529
51.83368709987659,0.07291552948536865
51.89651581151281,0.06820994015847395
51.95934452314902,0.03249401309852105
52.02217323478524,0.038169611022177634
52.08500194642145,0.0509234836419964
52.14783065805767,0.0736333468835983
52.21065936969388,0.01765503934588253
52.2734880813301,0.043749745076650214
52.33631679296631,0.10294305005283527
52.39914550460253,0.06545903702415462
52.46197421623874,0.044826299000893695
52.524802927874944,0.013519333185331325
52.587631639511166,0.01961477162854381
52.65046035114737,0.02001714079953258
52.713289062783595,0.0071106037639052004
52.7761177744198,0.02060836758680937
52.838946486056024,0.011532589340947285
52.90177519769223,0.06431458625454187
52.96460390932845,0.045581998953735325
53.02743262096466,0.017456142577591864
53.09026133260088,0.052104455951294794
53.153090044237096,0.028785244197471475
53.215918755873304,0.08493552097968651
53.278747467509525,0.10899737236465609
53.34157617914573,0.06769737917790965
53.404404890781954,0.06184350780786251
53.46723360241816,0.03714954064925523
53.53006231405438,0.018145110322006438
53.59289102569059,0.012809606913384456
53.65571973732681,0.03742565586152338
53.71854844896302,0.02765327581790408
53.78137716059924,0.026922798489711384
53.84420587223545,0.02818464553085261
53.907034583871656,0.05182300069470941
53.96986329550788,0.05389999608798754
54.032692007144085,0.06494964394177537
54.09552071878031,0.029131556224308783
54.158349430416514,0.007422915385554651
54.221178142052736,0.07206557614696713
54.28400685368894,0.09574093874018207
54.346835565325165,0.11167497213022831
54.40966427696137,0.027845918964568336
54.472492988597594,0.03959229130865838
54.5353217002338,0.0247782403457431
54.59815041187001,0.026979402707287835
54.66097912350623,0.05329341809623227
54.72380783514244,0.07657260099123689
54.78663654677866,0.01979150870721176
54.84946525841487,0.03437517194113767
54.91229397005109,0.05851243351801255
54.975122681687296,0.08421624156785001
55.03795139332352,0.07104314367849386
55.100780104959725,0.06987243570305372
55.163608816595946,0.08748746815873444
55.226437528232154,0.01375500312953262
55.28926623986837,0.020815622612027268
55.35209495150458,0.008782226813925351
55.4149236631408,0.041437262707349994
55.47775237477701,0.042055107387121704
55.540581086413226,0.0301748137882575
55.60340979804944,0.050686591513803995
55.666238509685655,0.07174509678447967
55.72906722132187,0.05708271250765554
55.791895932958084,0.049481151653086974
55.8547246445943,0.038907487122283486
55.91755335623051,0.03122831408949711
55.98038206786672,0.022534879299377645
56.04321077950294,0.02782021033801932
56.10603949113915,0.041615609367770943
56.16886820277537,0.019050448495149953
56.23169691441158,0.03677057255292314
56.2945256260478,0.027582603250482417
56.35735433768401,0.020901906032701884
56.42018304932023,0.03504797550250414
56.48301176095644,0.023691809003785955
56.54584047259266,0.05987716149562392
56.608669184228866,0.06570636502693182
56.67149789586507,0.026397978961560296
56.734326607501295,0.020654757884821028
56.7971553191375,0.06301606755539566
56.859984030773724,0.07225344587419079
56.92281274240993,0.01092797095798899
56.98564145404615,0.05971060095681934
57.04847016568236,0.08042136175639927
57.11129887731858,0.06282847750320038
57.17412758895479,0.08563708914301187
57.23695630059101,0.05515618564837472
57.29978501222722,0.041612044899450515
57.36261372386343,0.0808022120740955
57.42544243549965,0.06180247647126091
57.48827114713586,0.020163243067628414
57.551099858772076,0.01616610528610859
57.61392857040829,0.03284579517050626
57.676757282044505,0.020448591031082174
57.73958599368072,0.04588746287972527
57.802414705316934,0.01798703470796376
57.86524341695315,0.024845851917362206
57.92807212858936,0.03667985852723667
57.99090084022558,0.10083987118953912
58.053729551861785,0.10365051747573722
58.11655826349801,0.05636547093079056
58.179386975134214,0.00380265929137318
58.242215686770436,0.055117875918425
58.30504439840664,0.06562863403139671
58.367873110042865,0.049324112580330585
58.43070182167907,0.03276151453335518
58.493530533315294,0.06142479567436881
58.5563592449515,0.04431197473317362
58.61918795658772,0.021535934729805098
58.68201666822393,0.0348007709881085
58.74484537986014,0.004621121156483315
58.80767409149636,0.03597890125829058
58.87050280313257,0.060388524888649674
58.93333151476879,0.05776928708612415
58.996160226404996,0.03811637301247476
59.05898893804122,0.05040927309844993
59.121817649677425,0.056378098068064326
59.184646361313646,0.01935476144777277
59.247475072949854,0.04398482224885932
59.310303784586075,0.014312337308723153
59.37313249622228,0.017376176527248856
59.435961207858504,0.017905174217457104
59.49878991949471,0.034724689761498166
59.56161863113092,0.05039408452622405
59.62444734276714,0.058459825416109126
59.68727605440335,0.02005027273728918
59.75010476603957,0.050207051206415304
59.81293347767578,0.03471516879807307
59.875762189312,0.03317602976092658
59.938590900948206,0.03703068703971409
60.00141961258443,0.035835146889773524
60.064248324220635,0.03884291326305649
60.12707703585686,0.0525796164660845
60.189905747493064,0.04691338366919125
60.25273445912928,0.03570339509055932
60.31556317076549,0.01766788504658713
60.37839188240171,0.05489032237356091
60.44122059403793,0.021609569924172674
60.50404930567414,0.03274057835204397
60.56687801731036,0.07012593497341477
60.629706728946566,0.04487721496535257
60.69253544058279,0.027668780541219698
60.755364152218995,0.08508311038923343
60.81819286385522,0.10294899716299184
60.881021575491424,0.08624961606430798
60.94385028712763,0.07905605508917918
61.00667899876385,0.07486171613465983
61.06950771040006,0.01028654574544411
61.13233642203628,0.02804150162182145
61.19516513367249,0.020078617999844207
61.25799384530871,0.043543218593377946
61.32082255694492,0.044484150199812084
61.38365126858114,0.027164975999450548
61.44647998021735,0.03790788710341831
61.50930869185357,0.03912093966545812
61.572137403489776,0.017277580512124656
61.634966115125984,0.035662901607501324
61.697794826762205,0.03423967894434855
61.76062353839841,0.011606818695022475
61.823452250034634,0.03559589533997294
61.88628096167084,0.0441283407334159
61.94910967330706,0.03901324063878946
62.01193838494327,0.03608581263658447
62.07476709657949,0.05156564227216646
62.1375958082157,0.057342341590289676
62.20042451985192,0.02972641849918707
62.26325323148813,0.06602337253554834
62.32608194312434,0.07647945740199243
62.38891065476056,0.046352083508278054
62.45173936639677,0.04787127303107832
62.51456807803299,0.0349085699021128
62.5773967896692,0.0843346235606222
62.640225501305416,0.07674874535123524
62.70305421294163,0.014640175238009489
62.765882924577845,0.04978105337170583
62.82871163621406,0.030588011558150524
62.891540347850274,0.045621738206997074
62.95436905948649,0.0103349340108533
63.017197771122696,0.008971322196014117
63.08002648275892,0.05039259602452165
63.142855194395125,0.0771776439944799
63.20568390603135,0.06524787596446513
63.268512617667554,0.010743064985007812
63.331341329303775,0.056518477502465754
63.39417004093998,0.09403165138935975
63.456998752576204,0.08149907450043853
63.51982746421241,0.06324971085677902
63.58265617584863,0.025329797043457097
63.64548488748484,0.011245876203011852
63.70831359912105,0.026752864115970026
63.77114231075727,0.04091761459035904
63.83397102239348,0.0395692159242292
63.8967997340297,0.04416203182925593
63.959628445665906,0.02527916743347744
64.02245715730213,0.03979389247839959
64.08528586893834,0.056804551241493126
64.14811458057456,0.07870935542040326
64.21094329221077,0.034686758286043874
64.27377200384699,0.006444838710492379
64.3366007154832,0.032257553999433086
64.3994294271194,0.007971795037142924
64.46225813875563,0.06959805177697845
64.52508685039183,0.0570786234832668
64.58791556202806,0.030986392196577235
64.65074427366426,0.045411334806766325
64.71357298530049,0.04766171389371547
64.77640169693669,0.0533220303171637
64.83923040857292,0.03626393985543879
64.90205912020912,0.05639958333997808
64.96488783184535,0.06463579430128139
65.02771654348155,0.054908600507905886
65.09054525511776,0.04943296248474055
65.15337396675397,0.051879455064089586
65.21620267839019,0.022588842007573457
65.2790313900264,0.029100494553936575
65.34186010166262,0.041981857378679814
65.40468881329883,0.044577734259084276
65.46751752493505,0.031580147307977736
65.53034623657126,0.021469537924385038
65.59317494820748,0.04275112627913893
65.65600365984369,0.027362613052391585
65.7188323714799,0.013102417935087962
65.78166108311612,0.04294640725043533
65.84448979475233,0.045838862464544126
65.90731850638855,0.047595728303651774
65.97014721802476,0.10700557022898685
66.03297592966098,0.06462654487059259
66.09580464129719,0.02170132766550904
66.1586333529334,0.013853757557264593
66.22146206456962,0.025424307259916304
66.28429077620584,0.048412899276198976
66.34711948784205,0.04338160784001225
66.40994819947826,0.0326090993070643
66.47277691111447,0.01951096459845667
66.5356056227507,0.0640642560201428
66.5984343343869,0.06696875277821668
66.66126304602312,0.07244868830931042
66.72409175765932,0.026881996164656086
66.78692046929555,0.03056783645619593
66.84974918093175,0.056488702590927115
66.91257789256798,0.04761602177728399
66.97540660420418,0.05357076151215775
67.03823531584041,0.04824429010139546
67.10106402747661,0.01607073297914799
67.16389273911282,0.014606495851539121
67.22672145074904,0.029791780915934252
67.28955016238525,0.05170186147859842
67.35237887402147,0.048428091273828355
67.41520758565768,0.0514253474406127
67.4780362972939,0.07668280823107293
67.54086500893011,0.04360903025012511
67.60369372056633,0.01161469082591897
67.66652243220254,0.027296154930940467
67.72935114383876,0.034589036473904405
67.79217985547497,0.03452713052074508
67.85500856711117,0.01747370207862361
67.9178372787474,0.036699084386036696
67.9806659903836,0.013506927294757097
68.04349470201983,0.02761690570960258
68.10632341365603,0.03999979352537052
68.16915212529226,0.062418968928173835
68.23198083692846,0.003309516832939235
68.29480954856469,0.031339993866663717
68.3576382602009,0.05866651835795616
68.42046697183712,0.05567077230262253
68.48329568347333,0.07354625965003693
68.54612439510953,0.05290443323187677
68.60895310674576,0.015632273273629715
68.67178181838196,0.008406523774354179
68.73461053001819,0.01631199134837587
68.79743924165439,0.004841894210389723
68.86026795329062,0.017390443878204147
68.92309666492682,0.031957421897944566
68.98592537656305,0.02609117664110382
69.04875408819925,0.0038913531579704923
69.11158279983547,0.0018876952038972335
69.17441151147167,0.027428480653533486
69.23724022310789,0.01779797268120417
69.3000689347441,0.0183190831081768
69.36289764638032,0.022256099048897773
69.42572635801653,0.03383570285623709
69.48855506965275,0.010271665565230645
69.55138378128896,0.0815006642498474
69.61421249292518,0.1010769515177236
69.67704120456139,0.048594678828873056
69.7398699161976,0.015754367390755405
69.80269862783382,0.03673682951934048
69.86552733947003,0.050407547540521375
69.92835605110625,0.061968660950123385
69.99118476274246,0.02587961626334482
70.05401347437866,0.03546596843939897
70.11684218601489,0.08981928180875483
70.17967089765109,0.06204613505762894
70.24249960928732,0.05294030478094705
70.30532832092352,0.043186160066060665
70.36815703255975,0.035847607686138455
70.43098574419595,0.014633090160428306
70.49381445583218,0.02532741473262327
70.55664316746838,0.04577825136134905
70.61947187910461,0.03548087379422203
70.68230059074081,0.015391771811110412
70.74512930237702,0.03766499020692718
70.80795801401324,0.017818611033746674
70.87078672564945,0.01988901414747451
70.93361543728567,0.04193465898423143
70.99644414892188,0.06061898781394739
71.0592728605581,0.06768532821165865
71.12210157219431,0.0363611074418045
71.18493028383052,0.049993669590648396
71.24775899546674,0.02856228055121027
71.31058770710295,0.07238842173396615
71.37341641873917,0.05123841442499945
71.43624513037538,0.029510161411549343
71.4990738420116,0.03945820608244891
71.56190255364781,0.02671628446990787
71.62473126528403,0.023890810977114638
71.68755997692024,0.01371432493375115
71.75038868855646,0.01918287815027459
71.81321740019267,0.05010738052277504
71.87604611182888,0.06249593230756324
71.9388748234651,0.03551183457050084
72.00170353510131,0.03674703755026176
72.06453224673753,0.03757462542442914
72.12736095837373,0.021542010854912665
72.19018967000996,0.015287232853282881
72.25301838164616,0.033583931842485176
72.31584709328239,0.038653417134772876
72.37867580491859,0.03855698817879503
72.44150451655482,0.023607688274207003
72.50433322819102,0.010699344686888445
72.56716193982724,0.06300500538821328
72.62999065146344,0.07237160136053881
72.69281936309967,0.07300413934903384
72.75564807473587,0.04161017865616071
72.81847678637209,0.036310008900799884
72.8813054980083,0.018538238789231547
72.94413420964452,0.060635766382050114
73.00696292128073,0.0853279407669318
73.06979163291695,0.02040874823524216
73.13262034455316,0.02021848028407673
73.19544905618937,0.032597987982232283
73.25827776782559,0.014078218183957988
73.3211064794618,0.037515569503125394
73.38393519109802,0.10359730042110171
73.44676390273423,0.07216029581381912
73.50959261437045,0.038840542715006116
73.57242132600666,0.015167700945638088
73.63525003764288,0.03622377675193125
73.69807874927909,0.013416463893188724
73.7609074609153,0.011681914150290997
73.82373617255152,0.017169500432083734
73.88656488418773,0.04200646178501269
73.94939359582395,0.049949170692438295
74.01222230746016,0.04580989093708261
74.07505101909638,0.02942821029896219
74.13787973073259,0.06626116354284302
74.20070844236879,0.018197878486526244
74.26353715400502,0.019171352965183918
74.32636586564122,0.04035406747868834
74.38919457727745,0.014520781856920522
74.45202328891365,0.03073723054233768
74.51485200054988,0.019967730002547226
74.57768071218608,0.04931495444925909
74.64050942382231,0.05311974895861438
74.70333813545851,0.021202865726567297
74.76616684709474,0.022753008139099567
74.82899555873094,0.025430193909711112
74.89182427036715,0.03406338026119426
74.95465298200337,0.027460567567505315
75.01748169363958,0.07217894538952442
75.0803104052758,0.07302304565242262
75.14313911691201,0.06232801253652498
75.20596782854822,0.07052982904604875
75.26879654018444,0.06616986944179239
75.33162525182065,0.045585965924430163
75.39445396345687,0.08078922495416538
75.45728267509308,0.07067804939096545
75.5201113867293,0.02138121360290286
75.58294009836551,0.050187446951254114
75.64576881000173,0.08200047796983637
75.70859752163794,0.03891988097570088
75.77142623327416,0.02112704282884733
75.83425494491037,0.048192784308047576
75.89708365654658,0.055230562222311215
75.9599123681828,0.04193349749059645
76.02274107981901,0.0707232755135262
76.08556979145523,0.05667532791124142
76.14839850309144,0.017667538905292518
76.21122721472766,0.022732239406891536
76.27405592636386,0.0359023437239067
76.33688463800009,0.029651666212429005
76.39971334963629,0.03194537526923295
76.46254206127252,0.009684923295753583
76.52537077290872,0.02905960071318123
76.58819948454494,0.05617838143373702
76.65102819618114,0.08165752334328598
76.71385690781737,0.03441936881768242
76.77668561945357,0.03247929341877842
76.8395143310898,0.037243391302371226
76.902343042726,0.028023908607886037
76.96517175436222,0.0476045742185275
77.02800046599843,0.023061905798972073
77.09082917763465,0.02432255456571546
77.15365788927086,0.04150573299058892
77.21648660090707,0.023332791477652222
77.27931531254329,0.01622899907177224
77.3421440241795,0.02532290196079396
77.40497273581572,0.023037954134723336
77.46780144745193,0.02308748483806823
77.53063015908815,0.02923110684523564
77.59345887072436,0.02347352365396473
77.65628758236058,0.03605932965151102
77.71911629399679,0.04937567022497286
77.781945005633,0.036387533210330995
77.84477371726922,0.04249942330433455
77.90760242890543,0.02550065343112862
77.97043114054165,0.049158355991658555
78.03325985217786,0.0525025518789547
78.09608856381408,0.05457169223853706
78.15891727545029,0.032396053469885756
78.2217459870865,0.034582529108634
78.28457469872272,0.032712729528953426
78.34740341035892,0.07999159842975001
78.41023212199515,0.06158026819467682
78.47306083363135,0.008191515312256425
78.53588954526758,0.028609303794349977
78.59871825690378,0.023450859702587114
78.66154696854001,0.036120691979035315
78.72437568017621,0.032584027033269555
78.78720439181244,0.017063278662886115
78.85003310344864,0.05078948063931517
78.91286181508487,0.03846983950774251
78.97569052672107,0.01309600338741908
79.03851923835728,0.030329094231220145
79.1013479499935,0.043188319386551634
79.16417666162971,0.06622629949285794
79.22700537326592,0.03227986448817613
79.28983408490214,0.021220932322185578
79.35266279653835,0.048606747401942554
79.41549150817457,0.05002424428347515
79.47832021981078,0.06345545009228115
79.541148931447,0.051034520933226885
79.60397764308321,0.023618343716114192
79.66680635471943,0.003153991934892041
79.72963506635563,0.008115036999012252
79.79246377799186,0.03171956875473974
79.85529248962806,0.020822705232917016
79.91812120126428,0.024005439272102847
79.9809499129005,0.04343580344605631
80.04377862453671,0.021405365160565046
80.10660733617293,0.03346360866981114
80.16943604780914,0.02761458007655481
80.23226475944536,0.015120986706513798
80.29509347108157,0.050426869761021106
80.35792218271779,0.020989157175302132
80.42075089435399,0.02798922720833188
80.48357960599022,0.02438362368750153
80.54640831762642,0.0423523816863621
80.60923702926264,0.04684519832093984
80.67206574089884,0.023020410107116106
80.73489445253507,0.02379034763892536
80.79772316417127,0.03088557828324726
80.8605518758075,0.041048198836792706
80.9233805874437,0.04827762437629846
80.98620929907993,0.04851436790231552
81.04903801071613,0.05200928631276072
81.11186672235236,0.0236620403845436
81.17469543398856,0.01831417092956638
81.23752414562477,0.024910782089475936
81.30035285726099,0.04631778675375233
81.3631815688972,0.015133886934548653
81.42601028053342,0.009838683683344679
81.48883899216963,0.05900048900852209
81.55166770380585,0.04576168371813666
81.61449641544206,0.02544105397264068
81.67732512707828,0.04459464958565242
81.74015383871449,0.05602924911598243
81.8029825503507,0.03787218643704192
81.86581126198692,0.027901493321471793
81.92863997362312,0.019660273160094437
81.99146868525935,0.05716294310006616
82.05429739689555,0.0368685208717066
82.11712610853178,0.04553690880543766
82.17995482016798,0.04436066591533552
82.2427835318042,0.01579300053086639
82.30561224344041,0.020028093819622138
82.36844095507664,0.03805348624699839
82.43126966671284,0.02215618786963922
82.49409837834907,0.011416809345633414
82.55692708998527,0.018990394235469974
82.61975580162148,0.01961780631931573
82.6825845132577,0.021784380206663193
82.74541322489391,0.03935203412565706
82.80824193653012,0.0676233939007753
82.87107064816634,0.06819855294007525
82.93389935980257,0.012330053843568306
82.99672807143877,0.014246573171307411
83.059556783075,0.03347289897584488
83.1223854947112,0.04013069905300505
83.18521420634742,0.033214038444400906
83.24804291798362,0.03786970199047359
83.31087162961984,0.04766335667687574
83.37370034125605,0.03646341040340315
83.43652905289227,0.05157540501132328
83.49935776452848,0.04385490776423404
83.5621864761647,0.014827295564651786
83.62501518780091,0.037587939763170965
83.68784389943713,0.05254587779860166
83.75067261107334,0.03648893655298167
83.81350132270956,0.027861427523595876
83.87633003434577,0.02097190315193145
83.93915874598198,0.024064402587413658
84.00198745761818,0.03762498209932333
84.06481616925441,0.03537987985361572
84.12764488089061,0.01409572682763216
84.19047359252684,0.027621089438359493
84.25330230416304,0.03682877791103837
84.31613101579927,0.040713221437712235
84.37895972743547,0.008268374775008427
84.4417884390717,0.03441823426560377
84.5046171507079,0.031731217579987474
84.56744586234413,0.0151092834921413
84.63027457398033,0.016653142288348594
84.69310328561654,0.010601182572954428
84.75593199725276,0.00852907263711293
84.81876070888897,0.013831045056597888
84.88158942052519,0.019232234712535656
84.9444181321614,0.055420080052742564
85.00724684379762,0.024912057202998
85.07007555543383,0.023684061919391278
85.13290426707005,0.043874884586511564
85.19573297870626,0.045662752908974424
85.25856169034248,0.024734780090078953
85.32139040197869,0.027638611403036993
85.3842191136149,0.03157298856026125
85.44704782525112,0.017757347951005885
85.50987653688733,0.0030490005344005295
85.57270524852355,0.019411099125902075
85.63553396015976,0.02145253536626012
85.69836267179598,0.03781535275445237
85.76119138343219,0.030956132783273166
85.8240200950684,0.031060637004373174
85.88684880670462,0.024970530748031832
85.94967751834083,0.029314001681974906
86.01250622997705,0.04277110394897869
86.07533494161325,0.043355910399668594
86.13816365324948,0.02269211006996181
86.20099236488568,0.03491909488572386
86.26382107652191,0.02311661460279786
86.32664978815811,0.035152914906411245
86.38947849979434,0.02534889337354205
86.45230721143054,0.036971659368502954
86.51513592306677,0.05965070320818417
86.57796463470297,0.04095885174197352
86.6407933463392,0.041576914709364435
86.7036220579754,0.0251215269161897
86.76645076961161,0.04242154257352881
86.82927948124782,0.04367189582543609
86.89210819288404,0.022501785063754418
86.95493690452025,0.014533220948938323
87.01776561615647,0.04231674997830847
87.08059432779268,0.042266974677404597
87.1434230394289,0.011184296109309218
87.20625175106511,0.04223683045833142
87.26908046270133,0.001792918726673385
87.33190917433754,0.027241581286897555
87.39473788597375,0.003079936638485244
87.45756659760997,0.016044093265132075
87.52039530924618,0.03212221788273668
87.5832240208824,0.0386389952863807
87.64605273251861,0.022954734363857178
87.70888144415483,0.019383205276650554
87.77171015579104,0.025688201482862348
87.83453886742726,0.0067473638577827295
87.89736757906347,0.04272120061146421
87.96019629069968,0.03877165398703574
88.0230250023359,0.04172487927294303
88.08585371397211,0.027595161338336702
88.14868242560831,0.018624254296350604
88.21151113724454,0.03471964305465462
88.27433984888074,0.028744096517839074
88.33716856051697,0.08638075633345164
88.39999727215317,0.0871303503241745
88.4628259837894,0.044512705221281895
88.5256546954256,0.012603603162156552
88.58848340706183,0.03636503945401891
88.65131211869803,0.019888733606711444
88.71414083033426,0.007035365103931109
88.77696954197046,0.020237977751747273
88.83979825360667,0.05306755324528785
88.90262696524289,0.02861580623702751
88.9654556768791,0.019456731048424727
89.02828438851532,0.010748446931403895
89.09111310015153,0.025615272397073754
89.15394181178775,0.021935460193430154
89.21677052342396,0.02559536536496264
89.27959923506018,0.02656776090491136
89.34242794669639,0.035900211259144374
89.4052566583326,0.03960297879599564
89.46808536996882,0.04271245834293638
89.53091408160503,0.010952832141843907
89.59374279324125,0.050376538967966726
89.65657150487746,0.07852531827264263
89.71940021651368,0.0512364581302628
89.78222892814989,0.03350495428063436
89.8450576397861,0.012520325105844998
89.90788635142232,0.02001310027225595
89.97071506305853,0.014911674045572521
90.03354377469475,0.03075182867487488
90.09637248633096,0.04513674590912267
90.15920119796718,0.018050599393540822
90.22202990960338,0.01585409443712474
90.28485862123961,0.02233993072991689
90.34768733287581,0.025880264722761188
90.41051604451204,0.03197624316901481
90.47334475614824,0.03931698191722942
90.53617346778447,0.012437444292657036
90.59900217942067,0.00884558391034496
90.6618308910569,0.028663112981890875
90.7246596026931,0.03210195801983275
90.78748831432932,0.02648712080850186
90.85031702596552,0.03860844886236267
90.91314573760174,0.025003181829734794
90.97597444923795,0.025635782953556268
91.03880316087417,0.00644672827640051
91.10163187251038,0.011610369962247655
91.1644605841466,0.013627255477023717
91.22728929578281,0.034448175396208154
91.29011800741903,0.037298389085777726
91.35294671905524,0.009104378758097524
91.41577543069145,0.025908033196507356
91.47860414232767,0.05875794650721225
91.54143285396388,0.043946598022023386
91.6042615656001,0.016366096254071535
91.66709027723631,0.013043722902499109
91.72991898887253,0.01565863454727977
91.79274770050874,0.061283623004639985
91.85557641214496,0.04422448282447756
91.91840512378117,0.02331341730808524
91.98123383541738,0.027123653137280223
92.0440625470536,0.019699267320419045
92.10689125868981,0.02268306779853221
92.16971997032603,0.011293480441114048
92.23254868196224,0.02258915877195629
92.29537739359846,0.02174305593246039
92.35820610523467,0.016147106207469532
92.42103481687087,0.033033215524058204
92.4838635285071,0.0448251394523733
92.5466922401433,0.06877037277399756
92.60952095177953,0.06333892399343613
92.67234966341573,0.06791101180406725
92.73517837505196,0.04541783871831862
92.79800708668816,0.005596255153880534
92.86083579832439,0.014021778866315572
92.92366450996059,0.03509750399545676
92.98649322159682,0.021379383614117037
93.04932193323302,0.012640903500377899
93.11215064486923,0.01754985549348487
93.17497935650545,0.030335471683958046
93.23780806814166,0.037536743434104874
93.30063677977788,0.04792556689647815
93.36346549141409,0.041254428260285525
93.4262942030503,0.015870688868248477
93.48912291468652,0.016725095486168667
93.55195162632273,0.042749387004530036
93.61478033795895,0.03359042870764185
93.67760904959516,0.03321243026699687
93.74043776123138,0.02780346202607599
93.80326647286758,0.03274041283889463
93.8660951845038,0.011834227569942095
93.92892389614,0.03465341263872969
93.99175260777623,0.06871493739073473
94.05458131941243,0.033288847866679995
94.11741003104866,0.04006707181755869
94.18023874268486,0.042437498973364116
94.24306745432109,0.02363385092007203
94.3058961659573,0.032374892155661375
94.36872487759352,0.01721994084458583
94.43155358922972,0.019047415517387825
94.49438230086594,0.03302719825700056
94.55721101250217,0.015573697997323409
94.62003972413837,0.007101090512803644
94.6828684357746,0.003897792100791221
94.7456971474108,0.028636583941229442
94.80852585904702,0.05203902468993522
94.87135457068322,0.02659721220829792
94.93418328231945,0.027863226111598992
94.99701199395565,0.04389463553733596
95.05984070559188,0.03981507199037406
95.12266941722808,0.02700160782693076
95.1854981288643,0.011008888128757414
95.24832684050051,0.022199945819818802
95.31115555213673,0.01880554788771469
95.37398426377294,0.032662919114259
95.43681297540915,0.035613661569305795
95.49964168704537,0.021285992660782703
95.56247039868158,0.007074936962027933
95.6252991103178,0.029300629935669325
95.68812782195401,0.03531395795051243
95.75095653359023,0.010578095456205076
95.81378524522644,0.02380498490333301
95.87661395686264,0.01980561404895529
95.93944266849887,0.03838449935569194
96.00227138013507,0.039524328226238796
96.0651000917713,0.03250088038135024
96.1279288034075,0.01814994574843992
96.19075751504373,0.015666487608605593
96.25358622667993,0.020854623028133294
96.31641493831616,0.008806297137282287
96.37924364995236,0.027392803479385733
96.44207236158859,0.03973513203978449
96.50490107322479,0.01807376815920929
96.567729784861,0.05765264984134928
96.63055849649722,0.07804295622738622
96.69338720813343,0.020912466246004152
96.75621591976964,0.012317554660537767
96.81904463140586,0.03664485309685348
96.88187334304207,0.02199940281607262
96.94470205467829,0.037242593910768645
97.0075307663145,0.030724676935652184
97.07035947795072,0.020314421664839672
97.13318818958693,0.02772654274225915
97.19601690122315,0.023960076909211318
97.25884561285936,0.03777628388607568
97.32167432449558,0.015061569154945295
97.38450303613179,0.012421186511719964
97.447331747768,0.0009910472144825898
97.51016045940422,0.01452027956824416
97.57298917104043,0.010703233950651009
97.63581788267665,0.017147812165603297
97.69864659431286,0.02825490847149724
97.76147530594908,0.05377437008025697
97.82430401758529,0.043809228905391726
97.8871327292215,0.03897402951023103
97.9499614408577,0.02362047407889019
98.01279015249393,0.0160855457198995
98.07561886413013,0.03034777949596706
98.13844757576636,0.0074725728522174965
98.20127628740256,0.015845967370610572
98.26410499903879,0.00798856595217442
98.326933710675,0.02255726541813678
98.38976242231122,0.03558780293181152
98.45259113394742,0.018893975814702528
98.51541984558365,0.028325542707387446
98.57824855721985,0.014773436113319525
98.64107726885607,0.015963511959676612
98.70390598049228,0.025650388239674374
98.7667346921285,0.0035736667127877065
98.82956340376471,0.009100253696210663
98.89239211540092,0.020860359780686216
98.95522082703714,0.011152349787662804
99.01804953867335,0.03279853402375115
99.08087825030957,0.028255152888808737
99.14370696194578,0.016405769774257527
99.206535673582,0.017317262370027058
99.26936438521821,0.03691235415386053
99.33219309685443,0.028429437352240863
99.39502180849064,0.023486466699144427
99.45785052012685,0.009280840084806945
99.52067923176307,0.01588502408521114
99.58350794339928,0.05218903955764047
99.6463366550355,0.030883299447768377
99.70916536667171,0.06113955113229988
99.77199407830793,0.07630321854743236
99.83482278994414,0.046718676033845365
99.89765150158036,0.04578797583158483
99.96048021321657,0.01850630339797516
100.02330892485277,0.011563835660408636
100.086137636489,0.03127299535557009
100.1489663481252,0.04446899551884126
100.21179505976143,0.016121971429748822
100.27462377139763,0.03664281035259186
100.33745248303386,0.06009990037537764
100.40028119467006,0.0626224840175546
100.46310990630629,0.03642807906596896
100.52593861794249,0.019431001226843547
100.58876732957872,0.017241139126440846
100.65159604121493,0.025547532229233193
100.71442475285113,0.031211364358161423
100.77725346448734,0.030106233818213136
100.84008217612357,0.05466510268845005
100.90291088775977,0.060553234457827176
100.96573959939599,0.03811711672579569
101.0285683110322,0.007024933145437068
101.09139702266843,0.033164690258410665
101.15422573430463,0.05246919698790113
101.21705444594085,0.029703459425528638
101.27988315757706,0.023746537895239568
101.34271186921329,0.03781156927827473
101.40554058084949,0.010623605503581733
101.4683692924857,0.011739703233112509
101.53119800412192,0.008724978472856698
101.59402671575812,0.011783275887476947
101.65685542739435,0.0355116245252019
101.71968413903056,0.005029361252480603
101.78251285066678,0.03652173425503533
101.84534156230298,0.019598507791081528
101.9081702739392,0.011724743475337846
101.97099898557542,0.031159710794924297
102.03382769721163,0.019256330240491004
102.09665640884783,0.006517816704608825
102.15948512048406,0.0037308055520435092
102.22231383212028,0.014946603307357111
102.28514254375648,0.029335932938435193
102.3479712553927,0.03390927804922597
102.41079996702892,0.023054640773734262
102.47362867866514,0.007485318503874139
102.53645739030134,0.015316329912497324
102.59928610193755,0.0019635731817627794
102.66211481357378,0.013240866551576162
102.72494352521,0.002204614109667097
102.7877722368462,0.011414185877346085
102.85060094848241,0.024318511344954004
102.91342966011864,0.03648771755066154
102.97625837175482,0.03317700649370675
103.03908708339105,0.02309251266018953
103.10191579502727,0.02839363917304224
103.1647445066635,0.037984452488509755
103.2275732182997,0.061725182475012894
103.29040192993591,0.054552652879649464
103.35323064157213,0.046144125228916553
103.41605935320835,0.020525713622235552
103.47888806484455,0.02361179948867816
103.54171677648077,0.022160432204364675
103.60454548811698,0.03802017785032337
103.66737419975318,0.0192836531762534
103.73020291138941,0.026625747387969915
103.79303162302563,0.012348610387794954
103.85586033466184,0.020840471573389696
103.91868904629804,0.018392929791087358
103.98151775793427,0.009869166283554163
104.04434646957048,0.017668628538710252
104.1071751812067,0.008702625546955688
104.1700038928429,0.04652885723511481
104.23283260447913,0.03671022755466324
104.29566131611534,0.009958400201779944
104.35849002775154,0.025013243518057088
104.42131873938776,0.03225992221240596
104.48414745102399,0.01676269935997016
104.5469761626602,0.014129070960956074
104.6098048742964,0.03683677004918349
104.67263358593262,0.037549205755669904
104.73546229756884,0.046510351727287236
104.79829100920506,0.05784990956400635
104.86111972084126,0.053909599540592115
104.92394843247747,0.05050758747844662
104.9867771441137,0.027568764058015418
105.04960585574989,0.002587845108461757
105.11243456738612,0.010772443020483602
105.17526327902233,0.012871768748287334
105.23809199065856,0.010291533292620348
105.30092070229475,0.013144338399780036
105.36374941393098,0.009517725490053221
105.42657812556719,0.01723413216038337
105.48940683720342,0.013121236140920036
105.5522355488396,0.019160557910716823
105.61506426047583,0.029263273343899894
105.67789297211205,0.004203668461010764
105.74072168374825,0.009939525708411426
105.80355039538446,0.02781997013468736
105.86637910702069,0.03948722249217367
105.9292078186569,0.019077489501415464
105.9920365302931,0.01888689817312449
106.05486524192932,0.03091317118178059
106.11769395356555,0.00327362480581728
106.18052266520176,0.006835637795864626
106.24335137683796,0.0302233233280386
106.30618008847419,0.0196683639789717
106.36900880011041,0.0210012978690968
106.43183751174661,0.023100313359059516
106.49466622338282,0.01575504761527276
106.55749493501905,0.018851886825259446
106.62032364665527,0.0297521926423708
106.68315235829147,0.037221921793879856
106.74598106992768,0.028353961409535628
106.80880978156391,0.03124238781977484
106.87163849320012,0.013185720088189933
106.93446720483632,0.016353431324651658
106.99729591647254,0.005648348953786384
107.06012462810877,0.008114615177068941
107.12295333974495,0.009209294504039034
107.18578205138118,0.015509444472555822
107.2486107630174,0.015281387632561731
107.31143947465362,0.020864581743783087
107.37426818628981,0.01294606754063185
107.43709689792604,0.015794769653336004
107.49992560956225,0.016596533008247434
107.56275432119848,0.013296855731665586
107.62558303283467,0.010316982880164645
107.6884117444709,0.0031108540657936003
107.75124045610711,0.011906725544990065
107.81406916774331,0.01660512008209118
107.87689787937953,0.03132731168852908
107.93972659101576,0.014632399064405978
108.00255530265197,0.02335665771264304
108.06538401428817,0.05257061883097512
108.12821272592439,0.03992651037618962
108.19104143756061,0.011478741804406481
108.25387014919683,0.023111782584192653
108.31669886083303,0.03051614574236713
108.37952757246924,0.010402778625858762
108.44235628410547,0.026225346628533097
108.50518499574167,0.026255170437978897
108.56801370737789,0.022897826141046435
108.6308424190141,0.05455162944124588
108.69367113065033,0.05330955634177499
108.75649984228653,0.01899813867742658
108.81932855392274,0.009181789585995538
108.88215726555896,0.02179402842680344
108.94498597719519,0.026632595994747363
109.00781468883139,0.02991375410562105
109.0706434004676,0.024732528867541563
109.13347211210382,0.020087536252734788
109.19630082374002,0.04885100239609929
109.25912953537625,0.035793049266720646
109.32195824701246,0.013250063121939753
109.38478695864869,0.009204675449146828
109.44761567028488,0.011457985146005217
109.5104443819211,0.028623574625049178
109.57327309355732,0.02900438258030817
109.63610180519355,0.021560662700531853
109.69893051682973,0.011063758398227238
109.76175922846596,0.022466350993906058
109.82458794010218,0.025288253629142974
109.88741665173838,0.02772515995802421
109.95024536337459,0.019703421711467318
110.01307407501082,0.008419541794881748
110.07590278664703,0.008568541240125587
110.13873149828324,0.034923788438452216
110.20156020991945,0.030585312596735855
110.26438892155568,0.012174356723687942
110.32721763319189,0.018375047943374172
110.3900463448281,0.011606143761418743
110.45287505646431,0.009438194785142354
110.51570376810054,0.02767933930032579
110.57853247973674,0.03749760386014464
110.64136119137295,0.013286046384726696
110.70418990300917,0.052177538113615154
110.7670186146454,0.009872529439281002
110.8298473262816,0.02687544348748207
110.89267603791781,0.02301854273414566
110.95550474955402,0.012733273974361397
111.01833346119025,0.010295676596747511
111.08116217282645,0.02054702467990761
111.14399088446267,0.047288056189934695
111.20681959609888,0.04131750184243999
111.26964830773508,0.02859722666231946
111.33247701937131,0.011075403616578449
111.39530573100753,0.008566030520514639
111.45813444264374,0.007120157609639105
111.52096315427994,0.018628471899509107
111.58379186591617,0.010631166398212502
111.64662057755238,0.01698411803462868
111.7094492891886,0.012784583228671337
111.7722780008248,0.006519225191778761
111.83510671246103,0.0057429073919211746
111.89793542409724,0.012308376709210454
111.96076413573344,0.024647339803167433
112.02359284736966,0.04987739122963711
112.08642155900588,0.01940042956712514
112.1492502706421,0.019535012907421268
112.2120789822783,0.021778819114896555
112.27490769391451,0.029035337767834617
112.33773640555074,0.030265580613334182
112.40056511718696,0.019042461046740355
112.46339382882316,0.0334408380400564
112.52622254045937,0.00817121317103639
112.5890512520956,0.007817896948905818
112.6518799637318,0.02356626645840553
112.71470867536802,0.026295211174368782
112.77753738700423,0.02450445251752166
112.84036609864046,0.03271882075191909
112.90319481027666,0.003953409712359171
112.96602352191287,0.021586417920105416
113.02885223354909,0.024684331422557135
113.09168094518532,0.010580225150722265
113.15450965682152,0.03753155318831017
113.21733836845773,0.028187466489249045
113.28016708009395,0.007128026370817714
113.34299579173015,0.021400693430501317
113.40582450336638,0.011763902640823696
113.46865321500259,0.02228071683822066
113.5314819266388,0.014434986290348737
113.594310638275,0.008124145113071335
113.65713934991123,0.012119358520845076
113.71996806154745,0.05300429907870404
113.78279677318366,0.058740675898731436
113.84562548481986,0.0371286427148497
113.90845419645609,0.022925837561189735
113.9712829080923,0.006532928805785721
114.0341116197285,0.004248744981751524
114.09694033136472,0.010557764543538937
114.15976904300095,0.03476422636334001
114.22259775463716,0.014252071785755317
114.28542646627336,0.04551552234038251
114.34825517790958,0.04196420315532468
114.41108388954581,0.014033624959211042
114.47391260118202,0.010901289744104342
114.53674131281822,0.013571800064620375
114.59957002445444,0.019887162858886524
114.66239873609067,0.019142429778113562
114.72522744772687,0.020466157263314435
114.78805615936308,0.023508564257442684
114.8508848709993,0.009423191384015574
114.91371358263552,0.030141392184455537
114.97654229427172,0.04161171118904184
115.03937100590794,0.029488878763329833
115.10219971754415,0.013554817406350266
115.16502842918038,0.022744820476485808
115.22785714081658,0.023341557570630448
115.2906858524528,0.022049719370355485
115.35351456408901,0.022254165794099057
115.41634327572521,0.016277105037064112
115.47917198736144,0.03564531308065597
115.54200069899765,0.0302699397360281
115.60482941063387,0.027764221264680606
115.66765812227007,0.03293133377601181
115.7304868339063,0.014208764612163896
115.79331554554251,0.003534497569903163
115.85614425717873,0.015438725912865242
115.91897296881493,0.0361141479769212
115.98180168045116,0.013681706083764827
116.04463039208737,0.022144632749985828
116.10745910372357,0.025036669552428413
116.17028781535979,0.025527643900766037
116.23311652699601,0.03202425283476522
116.29594523863223,0.025529166253292976
116.35877395026843,0.002444798550238041
116.42160266190464,0.009036388725354219
116.48443137354087,0.01088607866153853
116.54726008517709,0.01614978771802597
116.61008879681329,0.010568371628947014
116.6729175084495,0.031026015965559463
116.73574622008573,0.004693507729424699
116.79857493172192,0.024799642017807575
116.86140364335814,0.026666649128030823
116.92423235499436,0.019158062512472793
116.98706106663059,0.007734521410591821
117.04988977826677,0.021425595461611564
117.112718489903,0.013365544692941003
117.17554720153922,0.016865637201041162
117.23837591317545,0.015254924169968985
117.30120462481163,0.02983416513479308
117.36403333644786,0.04194840333915894
117.42686204808408,0.03335620653138511
117.48969075972028,0.006216362877209277
117.55251947135649,0.018977208584787658
117.61534818299272,0.03652198170955484
117.67817689462893,0.004352564051882331
117.74100560626513,0.021480553403199914
117.80383431790136,0.016952866067930665
117.86666302953758,0.004705955064887008
117.92949174117379,0.01298188402400727
117.99232045280999,0.009742040715216733
118.05514916444622,0.021029226409557962
118.11797787608243,0.01565662994679119
118.18080658771865,0.014784248489785396
118.24363529935485,0.03351997927887784
118.30646401099108,0.017939290274055684
118.36929272262729,0.01969035081142343
118.4321214342635,0.02073716504551459
118.49495014589971,0.02423357465629013
118.55777885753594,0.031909713291937786
118.62060756917215,0.030928335383885397
118.68343628080835,0.03599759738569639
118.74626499244457,0.03225491167928749
118.8090937040808,0.03345670630862613
118.87192241571701,0.02180609579004252
118.93475112735321,0.029083761376723746
118.99757983898942,0.03789964271966985
119.06040855062565,0.004064091657601396
119.12323726226184,0.015484319104861938
119.18606597389807,0.015225860586898406
119.24889468553428,0.010093535518721114
119.31172339717051,0.016330487111942293
119.3745521088067,0.026034084463988402
119.43738082044293,0.022048487552944897
119.50020953207914,0.03146185456534146
119.56303824371537,0.016911994398329494
119.62586695535155,0.03429230982427216
119.68869566698778,0.042820242365019856
119.751524378624,0.0043523509453074665
119.8143530902602,0.0421963716582207
119.87718180189641,0.0375121597885556
119.94001051353264,0.02448475726047295
120.00283922516886,0.027079779312755643
120.06566793680506,0.02579439764473501
120.12849664844127,0.008891042885447153
120.1913253600775,0.02365309304539083
120.25415407171371,0.03008020769466793
120.31698278334991,0.006320464680604649
120.37981149498613,0.0168841190488763
120.44264020662236,0.006692007619105697
120.50546891825856,0.00924717461994337
120.56829762989477,0.01236120473115918
120.63112634153099,0.022319718204491457
120.69395505316722,0.020986630884927856
120.75678376480342,0.02623227761387919
120.81961247643963,0.004168079672127208
120.88244118807586,0.012777209544690573
120.94526989971207,0.02628350674805667
121.00809861134827,0.027458939994200973
121.07092732298449,0.04192346841626422
121.13375603462072,0.03599054097788873
121.1965847462569,0.014518327031328831
121.25941345789313,0.0313064126626182
121.32224216952935,0.04732350442081941
121.38507088116557,0.036519113618393606
121.44789959280176,0.023523184783363484
121.51072830443799,0.012169189521000665
121.5735570160742,0.009753603075474512
121.63638572771043,0.014918593148164995
121.69921443934662,0.018642165082899575
121.76204315098285,0.004252789590764431
121.82487186261906,0.03648066470208345
121.88770057425526,0.02818047556685807
121.95052928589148,0.018295341124190834
122.0133579975277,0.05109314090881999
122.07618670916392,0.05411872162482168
122.13901542080012,0.0194747680796926
122.20184413243634,0.013111460201159183
122.26467284407256,0.028998556629954677
122.32750155570878,0.025613348104177893
122.39033026734498,0.018744385985139982
122.4531589789812,0.017790274132218616
122.51598769061742,0.023717656491643115
122.57881640225362,0.02371100359240269
122.64164511388984,0.01772846950331299
122.70447382552605,0.007691252384119889
122.76730253716228,0.009146408131648237
122.83013124879848,0.005081792964056673
122.8929599604347,0.018471211450535638
122.95578867207091,0.022511933066871027
123.01861738370714,0.009376860949316989
123.08144609534334,0.007125460347454505
123.14427480697955,0.018203552268181898
123.20710351861577,0.028442124931031664
123.26993223025197,0.021465393357457493
123.3327609418882,0.009626269828093599
123.39558965352441,0.026665704620064214
123.45841836516063,0.03347278782982089
123.52124707679683,0.010742434290469248
123.58407578843305,0.06931029273346889
123.64690450006927,0.014786888663530149
123.70973321170548,0.04615492897227957
123.77256192334168,0.05073097972686564
123.83539063497791,0.026691889118074734
123.89821934661413,0.030792737808513305
123.96104805825033,0.015525221784191811
124.02387676988654,0.01843079982684144
124.08670548152277,0.015735306400492366
124.14953419315898,0.024477298656969036
124.21236290479519,0.03057639263824525
124.2751916164314,0.011038891054683614
124.33802032806763,0.020412022054497592
124.40084903970384,0.032959892794247325
124.46367775134004,0.031578595662772345
124.52650646297626,0.01456696373392264
124.58933517461249,0.02250067246857427
124.65216388624869,0.028945257724252507
124.7149925978849,0.043396971075741406
124.77782130952112,0.049807541208925186
124.84065002115734,0.0221634282232908
124.90347873279354,0.014099050590085281
124.96630744442976,0.008154881856482141
125.02913615606597,0.01645921198432073
125.0919648677022,0.017721763231210816
125.1547935793384,0.02011504996405183
125.21762229097462,0.022510401255716447
125.28045100261083,0.03547434065837194
125.34327971424703,0.034890570370016305
125.40610842588326,0.017534384773224866
125.46893713751948,0.01926716101963971
125.53176584915569,0.02262593488961707
125.59459456079189,0.019632519647086694
125.65742327242812,0.02300859454460453
125.72025198406433,0.0158153233790255
125.78308069570055,0.01670594893855118
125.84590940733675,0.020352439732280164
125.90873811897298,0.014102423737476158
125.97156683060919,0.009973943509889801
126.03439554224539,0.019666534779738808
126.0972242538816,0.04313975639809052
126.16005296551783,0.028054734700961363
126.22288167715405,0.007098894144095929
126.28571038879025,0.022073831862308775
126.34853910042646,0.02273888240637498
126.4113678120627,0.005222946594817525
126.47419652369891,0.02946473925840166
126.53702523533511,0.02757469490499043
126.59985394697132,0.002552427376364054
126.66268265860755,0.013769000670541475
126.72551137024375,0.004703983370062706
126.78834008187997,0.007153549466798227
126.85116879351618,0.016184113941508118
126.91399750515241,0.04090850408365356
126.97682621678861,0.03983323683498582
127.03965492842482,0.019097982365049834
127.10248364006104,0.028994253583952308
127.16531235169727,0.01650675641639407
127.22814106333347,0.025261240012019546
127.29096977496968,0.03082744186557907
127.3537984866059,0.026325170827009126
127.4166271982421,0.04310726101569376
127.47945590987833,0.02790525797725746
127.54228462151454,0.010755757299620566
127.60511333315075,0.011583668092885994
127.66794204478695,0.022315414721703234
127.73077075642318,0.009427869076987722
127.7935994680594,0.028013012778347824
127.85642817969561,0.01099006825870667
127.91925689133181,0.013511971329438838
127.98208560296804,0.02008488863664054
128.04491431460426,0.010701337404931469
128.10774302624046,0.014250191913442465
128.17057173787668,0.011122656957873811
128.23340044951289,0.007885883028120145
128.2962291611491,0.009513520405079051
128.3590578727853,0.019671908009537355
128.42188658442154,0.01270173065450567
128.48471529605774,0.00833580523547954
128.54754400769397,0.009140078581767916
128.61037271933017,0.01044381322272016
128.6732014309664,0.0166024761730893
128.7360301426026,0.021631035161183303
128.7988588542388,0.020093025545740346
128.86168756587503,0.033036722370797536
128.92451627751126,0.029838028399494367
128.98734498914746,0.02559821461475792
129.05017370078366,0.009563741797681708
129.1130024124199,0.03353277476890871
129.17583112405612,0.04146261686531731
129.23865983569232,0.018665662989525857
129.30148854732852,0.026117786250968746
129.36431725896475,0.020759109089534093
129.42714597060098,0.020624717901566628
129.48997468223718,0.045986356024497466
129.55280339387338,0.04321092516899507
129.6156321055096,0.030939628530156887
129.67846081714583,0.014604087152652582
129.74128952878203,0.034095240858834995
129.80411824041823,0.01936764431473065
129.86694695205446,0.013380849735237517
129.9297756636907,0.02799212806462308
129.9926043753269,0.021744395155980843
130.0554330869631,0.012303090242038595
130.11826179859932,0.028303602136373136
130.18109051023552,0.03628166449866322
130.24391922187175,0.020698464352931965
130.30674793350795,0.015110139064595456
130.36957664514418,0.015577346301226157
130.43240535678038,0.014831339367359357
130.4952340684166,0.02566460940461519
130.5580627800528,0.02263487278511834
130.62089149168904,0.02311165874883068
130.68372020332524,0.008976787279514523
130.74654891496147,0.025662069010733077
130.80937762659767,0.03026092975666993
130.87220633823387,0.01945243048954181
130.9350350498701,0.012394663869590847
130.99786376150632,0.026183278011258325
131.06069247314252,0.03830644902548772
131.12352118477872,0.0432668924955059
131.18634989641495,0.047017106823203425
131.24917860805118,0.03279487203554978
131.31200731968738,0.017713710044017564
131.37483603132358,0.008812040018697013
131.4376647429598,0.009770757217721943
131.50049345459604,0.016383818047787116
131.56332216623224,0.013443583258980015
131.62615087786844,0.013382807517117437
131.68897958950467,0.01954376381996759
131.7518083011409,0.030443839757492975
131.8146370127771,0.00960935362250245
131.8774657244133,0.01650038172104529
131.94029443604953,0.016682814449965506
132.00312314768576,0.012060902875102078
132.06595185932196,0.01948109758346237
132.12878057095816,0.020824721491741794
132.19160928259438,0.013766425538922301
132.25443799423059,0.03612110556402992
132.3172667058668,0.03260096626894985
132.38009541750301,0.02049150754784472
132.44292412913924,0.01143543742064633
132.50575284077544,0.012297323895782693
132.56858155241167,0.03070652585784165
132.63141026404787,0.03860071448210483
132.6942389756841,0.019163139992915662
132.7570676873203,0.022062247978800846
132.81989639895653,0.02093817706589705
132.88272511059273,0.013876846342111383
132.94555382222893,0.025686303480527452
133.00838253386516,0.03047902948931434
133.0712112455014,0.010261860342632103
133.1340399571376,0.015498086508489682
133.1968686687738,0.018229777057984366
133.25969738041002,0.014397193893744085
133.32252609204625,0.0036918892178868833
133.38535480368245,0.009541756039655524
133.44818351531865,0.009408594044085929
133.51101222695488,0.01011406506976178
133.5738409385911,0.013460274271228681
133.6366696502273,0.021305003230405125
133.6994983618635,0.0300554021349598
133.76232707349973,0.02312674362239943
133.82515578513596,0.022670037821211544
133.88798449677216,0.01324012577210287
133.95081320840836,0.018274831888952653
134.0136419200446,0.02929109582585607
134.07647063168082,0.024039617171220534
134.13929934331702,0.030654390177355648
134.20212805495322,0.020645687937853367
134.26495676658945,0.029059351412191375
134.32778547822565,0.03634572695473264
134.39061418986188,0.01105106942506195
134.45344290149808,0.013504795735344024
134.5162716131343,0.017905806490239293
134.5791003247705,0.029291566761234428
134.64192903640674,0.026558749870438145
134.70475774804294,0.02637213910885094
134.76758645967917,0.04284373010998703
134.83041517131537,0.030623774244819817
134.8932438829516,0.015937542613840054
134.9560725945878,0.03131451215721458
135.018901306224,0.024432268751514916
135.08173001786022,0.0065288070617477365
135.14455872949645,0.011623371833881967
135.20738744113265,0.00781801100794554
135.27021615276885,0.017518419639538305
135.33304486440508,0.014358560253087588
135.3958735760413,0.012747032125977973
135.4587022876775,0.00842157850976013
135.5215309993137,0.012298117076644062
135.58435971094994,0.01015647269206677
135.64718842258617,0.012537675075417927
135.71001713422234,0.017359980727625835
135.77284584585857,0.013654195853073411
135.8356745574948,0.022891765908121853
135.89850326913103,0.041268913176983585
135.9613319807672,0.02840263928056607
136.02416069240343,0.013917037682476683
136.08698940403966,0.0017947621238239967
136.14981811567588,0.0036799457178345774
136.21264682731206,0.0034226656417341065
136.27547553894829,0.03494818925273716
136.3383042505845,0.045701777709368466
136.40113296222071,0.03670571402188317
136.46396167385691,0.021337018451554522
136.52679038549314,0.0045307781139263025
136.58961909712937,0.013732219755924823
136.65244780876557,0.004856071185435606
136.7152765204018,0.01883356911878148
136.778105232038,0.030560540409914898
136.84093394367423,0.024198238887814368
136.90376265531043,0.0013857882165330797
136.96659136694666,0.002789071940322556
137.02942007858286,0.019965175111861234
137.09224879021906,0.01377432018587243
137.1550775018553,0.01252811876751416
137.21790621349152,0.030543314834386832
137.28073492512772,0.009561872890611374
137.34356363676392,0.02172814412238194
137.40639234840015,0.029502914761626524
137.46922106003638,0.02158520694100519
137.53204977167258,0.027326742822186834
137.59487848330878,0.014830174759280813
137.657707194945,0.011519511567213404
137.72053590658123,0.022684997961099043
137.7833646182174,0.014569302849227446
137.84619332985363,0.016096958871476413
137.90902204148986,0.01452457654466723
137.9718507531261,0.009856074427621528
138.03467946476226,0.013841068557585788
138.0975081763985,0.024599753869459624
138.16033688803472,0.020779245582483643
138.22316559967095,0.020183156455459157
138.28599431130712,0.0052422257845569165
138.34882302294335,0.019455617877795057
138.41165173457958,0.030679562200165898
138.47448044621578,0.03301496285386853
138.53730915785198,0.02076760027211782
138.6001378694882,0.014852353423519433
138.66296658112444,0.019903726804507638
138.72579529276064,0.017502623974130653
138.78862400439684,0.008062201107260499
138.85145271603307,0.02189039637765973
138.9142814276693,0.024781756295112055
138.9771101393055,0.01905015440436198
139.0399388509417,0.023435119872825847
139.10276756257792,0.016237286600513462
139.16559627421412,0.00393574683316887
139.22842498585035,0.006682980431644822
139.29125369748655,0.01772800549975667
139.35408240912278,0.01814813329133352
139.41691112075898,0.025221934737167894
139.4797398323952,0.002330281000453368
139.5425685440314,0.022617328388649934
139.60539725566764,0.02700098758483926
139.66822596730384,0.005768461127082474
139.73105467894007,0.022853209866280588
139.7938833905763,0.01397173365149737
139.8567121022125,0.004061517571335734
139.9195408138487,0.0032233405544794098
139.98236952548493,0.014338857336559917
140.04519823712116,0.006076743362260336
140.10802694875733,0.023467977915142633
140.17085566039356,0.006559695152867024
140.23368437202978,0.026059721876379387
140.296513083666,0.017313120471637005
140.35934179530219,0.028744210178974102
140.42217050693841,0.024213599378530157
140.48499921857464,0.0189172379081798
140.54782793021087,0.03033012886385511
140.61065664184704,0.019430255076137156
140.67348535348327,0.018817675978068875
140.7363140651195,0.025494549078907768
140.7991427767557,0.009973214754967116
140.8619714883919,0.012950053291112257
140.92480020002813,0.010266664306061152
140.98762891166436,0.02252725153239658
141.05045762330056,0.016798472536682575
141.11328633493676,0.016270252312996617
141.176115046573,0.03277613976979368
141.23894375820922,0.028704866993124044
141.30177246984542,0.012407180632169947
141.36460118148162,0.019035416747140047
141.42742989311785,0.021566380833742453
141.49025860475405,0.008680063704791883
141.55308731639028,0.00976034281974517
141.61591602802648,0.02533955484302427
141.6787447396627,0.014878821823536835
141.7415734512989,0.020028881424406883
141.80440216293513,0.021681573318108008
141.86723087457133,0.011889165125767312
141.93005958620756,0.007974779777206611
141.99288829784376,0.02381545547129486
142.05571700948,0.029505605076812647
142.1185457211162,0.014113932301066367
142.1813744327524,0.024543460594836992
142.24420314438862,0.02128141161537355
142.30703185602485,0.0010314869037201689
142.36986056766105,0.010159365826153184
142.43268927929725,0.009479433267989642
142.49551799093348,0.006502753597021382
142.5583467025697,0.009514573439275625
142.6211754142059,0.01022448034774575
142.6840041258421,0.01051547928765981
142.74683283747834,0.009681825955510313
142.80966154911457,0.0276900181572158
142.87249026075077,0.02138211348841903
142.93531897238697,0.04205203858744197
142.9981476840232,0.03698211734879497
143.06097639565942,0.026697250101592365
143.12380510729562,0.01745844285218888
143.18663381893182,0.023132593686095337
143.24946253056805,0.016930877009481548
143.31229124220428,0.006137318053041182
143.37511995384048,0.010194487366840047
143.43794866547668,0.018754207343027792
143.5007773771129,0.02128778120492451
143.5636060887491,0.014283347791356506
143.62643480038534,0.01388587111987041
143.68926351202154,0.018067891387593578
143.75209222365777,0.025872580418915173
143.81492093529397,0.013493852017759902
143.8777496469302,0.026328220152027126
143.9405783585664,0.024425515248163412
144.00340707020263,0.006142992645630601
144.06623578183883,0.011568454352892034
144.12906449347506,0.013015967634401895
144.19189320511126,0.010668010331353084
144.25472191674746,0.004241172030013118
144.31755062838369,0.01677198776957939
144.3803793400199,0.013033544844870699
144.44320805165611,0.029093662945493474
144.50603676329231,0.02775591865484947
144.56886547492854,0.016998142590937185
144.63169418656477,0.013321856827979168
144.69452289820097,0.010075356515989843
144.75735160983717,0.016304290351850576
144.8201803214734,0.02360795336480485
144.88300903310963,0.025691417306296874
144.94583774474583,0.014880584882213145
145.00866645638203,0.017738031828405186
145.07149516801826,0.02023852982129072
145.1343238796545,0.025673931517211947
145.1971525912907,0.046511670542728895
145.2599813029269,0.04981429322886011
145.32281001456312,0.04440613007377354
145.38563872619935,0.01999323733076816
145.44846743783555,0.04175311258747728
145.51129614947175,0.054430021451830485
145.57412486110798,0.050919858324057335
145.63695357274418,0.05309673614507533
145.6997822843804,0.0294071109602974
145.7626109960166,0.013286353215891606
145.82543970765283,0.011638759130370841
145.88826841928903,0.024249147530749138
145.95109713092526,0.03878048306647262
146.01392584256146,0.03601798823160658
146.0767545541977,0.03339118812786806
146.1395832658339,0.022671424954305523
146.20241197747012,0.02036663694118361
146.26524068910632,0.023575006162413256
146.32806940074252,0.010165072249266775
146.39089811237875,0.011859793505930638
146.45372682401498,0.01714018787223734
146.51655553565118,0.027156412492759484
146.57938424728738,0.01328023423898465
146.6422129589236,0.02010949241736251
146.70504167055984,0.015871284568808163
146.76787038219604,0.008325925813400779
146.83069909383224,0.004374178885527528
146.89352780546847,0.006368104628519582
146.9563565171047,0.008850313250946422
147.0191852287409,0.014865829976535369
147.0820139403771,0.012362683281437897
147.14484265201332,0.00812659569251202
147.20767136364955,0.009405346177398724
147.27050007528575,0.012834557706475867
147.33332878692195,0.014925299027063193
147.39615749855818,0.003506886631047359
147.4589862101944,0.0055364499635502185
147.5218149218306,0.0027297309206192285
147.5846436334668,0.00909828897025697
147.64747234510304,0.015446856725438057
147.71030105673924,0.02090721654404804
147.77312976837547,0.030289529361388796
147.83595848001167,0.021845731821207047
147.8987871916479,0.018073410638723572
147.9616159032841,0.002285419988370203
148.02444461492033,0.00642247814824665
148.08727332655653,0.015908826104521833
148.15010203819276,0.01748483663218101
148.21293074982896,0.029178391832195873
148.27575946146519,0.027231940076690008
148.33858817310139,0.01070658799283101
148.40141688473759,0.010301707169883885
148.46424559637381,0.016277283721580632
148.52707430801004,0.03323098842114011
148.58990301964624,0.018427578754541474
148.65273173128244,0.010197884699871066
148.71556044291867,0.010835389861915278
148.7783891545549,0.00554500891776512
148.8412178661911,0.003549084864964838
148.9040465778273,0.0049312998023142585
148.96687528946353,0.018133715027070393
149.02970400109976,0.0208932847916981
149.09253271273596,0.022622503148077518
149.15536142437216,0.017496659612288922
149.2181901360084,0.030900711597942974
149.28101884764462,0.017756885649605692
149.34384755928082,0.016611685250791233
149.40667627091702,0.012830903143504971
149.46950498255325,0.018332276818444133
149.53233369418948,0.019937841295643854
149.59516240582568,0.003985147980932003
149.65799111746188,0.0069548534637715
149.7208198290981,0.008603696915236613
149.7836485407343,0.015338952408117413
149.84647725237053,0.019449733416741537
149.90930596400673,0.018721124694885263
149.97213467564296,0.006962174347424817
150.03496338727916,0.015169932267031607
150.0977920989154,0.02908815618636573
150.1606208105516,0.015107105363095797
150.22344952218782,0.020245913436318614
150.28627823382402,0.033390424770418994
150.34910694546025,0.0301870185300861
150.41193565709645,0.02194944768761464
150.47476436873265,0.016852908798296398
150.53759308036888,0.010212008010125307
150.6004217920051,0.02891830172522571
150.6632505036413,0.02748712074336786
150.7260792152775,0.012034139789161848
150.78890792691374,0.007867737698824005
150.85173663854997,0.022720471190927016
150.91456535018617,0.02753228799095864
150.97739406182237,0.01468590837958005
151.0402227734586,0.015225009403005378
151.10305148509482,0.016066302911085874
151.16588019673102,0.00910227112020858
151.22870890836722,0.014988654376559205
151.29153762000345,0.01978299978904551
151.35436633163968,0.016005431289825334
151.41719504327588,0.0041863637934379415
151.48002375491208,0.013609475380325291
151.5428524665483,0.010884334949602122
151.60568117818454,0.0157003162263464
151.66850988982074,0.012722666413784228
151.73133860145694,0.013128450503840497
151.79416731309317,0.01695801695807258
151.85699602472937,0.020024977820061764
151.9198247363656,0.026118487708879746
151.9826534480018,0.021091620427146917
152.04548215963803,0.02350062377869934
152.10831087127423,0.0180177403469111
152.17113958291046,0.031528055057562544
152.23396829454666,0.038968404185758455
152.29679700618289,0.027688559473844927
152.35962571781909,0.024494615550908243
152.4224544294553,0.030201617252774867
152.48528314109151,0.03435139287560144
152.54811185272771,0.02953022314324803
152.61094056436394,0.018458456442538032
152.67376927600017,0.007309191331606062
152.73659798763637,0.010195640673343095
152.79942669927257,0.01716187101878336
152.8622554109088,0.025066560134663247
152.92508412254503,0.01843703698091698
152.98791283418123,0.02098309515766571
153.05074154581743,0.02767761077096394
153.11357025745366,0.021466116673636793
153.1763989690899,0.014081563978098758
153.2392276807261,0.0021791630677375513
153.3020563923623,0.01389594075097565
153.36488510399852,0.003335636298827401
153.42771381563475,0.020998733717646097
153.49054252727095,0.008137675218834588
153.55337123890715,0.008710159516846384
153.61619995054338,0.025483402893122772
153.6790286621796,0.010870803994468207
153.7418573738158,0.01701525063595227
153.804686085452,0.01506337985209234
153.86751479708823,0.030631170392664414
153.93034350872443,0.043004564846921126
153.99317222036066,0.03815653482560948
154.05600093199686,0.002435210631594115
154.1188296436331,0.016335056433643073
154.1816583552693,0.014968043346061699
154.24448706690552,0.016579967682601393
154.30731577854172,0.01924209130101149
154.37014449017795,0.00994999345174499
154.43297320181415,0.00835937173246225
154.49580191345038,0.014246538780141184
154.55863062508658,0.0039806120272828744
154.62145933672278,0.020720120011004314
154.684288048359,0.019849330726756393
154.74711675999524,0.010498609824656207
154.80994547163144,0.007058536598962488
154.87277418326764,0.014097300219425849
154.93560289490387,0.024882488220812432
154.9984316065401,0.03577030446167164
155.0612603181763,0.024547667265975716
155.1240890298125,0.007186413931629274
155.18691774144872,0.020398804290043166
155.24974645308495,0.010643062151005255
155.31257516472115,0.01043626254243969
155.37540387635735,0.013560882606753496
155.43823258799358,0.019473740981308073
155.5010612996298,0.018397640776999277
155.563890011266,0.0176444925983451
155.6267187229022,0.021745774601338693
155.68954743453844,0.01079619089734825
155.75237614617467,0.011139625993202498
155.81520485781087,0.008571243096200215
155.87803356944707,0.013308760453435773
155.9408622810833,0.010523983862219812
156.0036909927195,0.012980512521506006
156.06651970435573,0.017431532716723024
156.12934841599193,0.01091158939979074
156.19217712762816,0.024526109681872015
156.25500583926436,0.015257441279642988
156.31783455090059,0.0275486185102988
156.38066326253679,0.032035771973873146
156.443491974173,0.01872892005008046
156.50632068580921,0.014982844663925023
156.56914939744544,0.03479041246722082
156.63197810908164,0.03818501785231785
156.69480682071784,0.018232245185662473
156.75763553235407,0.00757260279154662
156.8204642439903,0.006147237574945381
156.8832929556265,0.024397670210788917
156.9461216672627,0.0049325080402079615
157.00895037889893,0.02581824440723904
157.07177909053516,0.022693668633391586
157.13460780217136,0.014998216197988547
157.19743651380756,0.009393143786752413
157.2602652254438,0.0037008783539228627
157.32309393708002,0.01838834028715619
157.38592264871622,0.015890767213269326
157.44875136035242,0.02316003896537926
157.51158007198865,0.019569508383708568
157.57440878362488,0.010774628762836752
157.63723749526108,0.006885974938554636
157.70006620689728,0.005628352889760423
157.7628949185335,0.011509899676603643
157.82572363016973,0.005048828839680926
157.88855234180593,0.013790855207647697
157.95138105344213,0.016472617718301295
158.01420976507836,0.03424659445547073
158.07703847671456,0.008346137781955826
158.1398671883508,0.03659330387828158
158.202695899987,0.021727040257635746
158.26552461162322,0.009318247643789138
158.32835332325942,0.017223404085686414
158.39118203489565,0.019951127466229644
158.45401074653185,0.01287222676813886
158.51683945816808,0.026340471675527763
158.57966816980428,0.025965308584796152
158.6424968814405,0.005934887185941065
158.7053255930767,0.006387331152165582
158.7681543047129,0.023729756042195353
158.83098301634914,0.03941710532800446
158.89381172798537,0.018741809566053008
158.95664043962157,0.008611741010117548
159.01946915125777,0.007146380511999364
159.082297862894,0.021273710822769347
159.14512657453022,0.01634596268602012
159.20795528616642,0.01207051651918903
159.27078399780262,0.014625171799031576
159.33361270943885,0.004465766794487714
159.39644142107508,0.004848586603929722
159.45927013271125,0.00931886156293845
159.52209884434748,0.01277537653240651
159.5849275559837,0.01540077726827149
159.64775626761994,0.004187287345691689
159.7105849792561,0.01574809063271958
159.77341369089234,0.023674909673065316
159.83624240252857,0.022564737157119638
159.8990711141648,0.014171586990417817
159.961899825801,0.014923306720182895
160.0247285374372,0.006913728209876969
160.08755724907343,0.011724682795851525
160.15038596070963,0.02034604691660018
160.21321467234586,0.022403954335632418
160.27604338398206,0.020434895897942548
160.33887209561829,0.024948837811120006
160.40170080725449,0.015720049763969672
160.4645295188907,0.004415936003952509
160.52735823052691,0.00819769874219334
160.59018694216314,0.016766838351815548
160.65301565379934,0.02069168356572498
160.71584436543557,0.022884608160843308
160.77867307707177,0.024628960634037942
160.84150178870797,0.016740583882187982
160.9043305003442,0.02576932560061439
160.96715921198043,0.020619119425715322
161.02998792361663,0.004174561182896575
161.09281663525283,0.00925766196457623
161.15564534688906,0.011725084504791148
161.2184740585253,0.006078997484051499
161.2813027701615,0.006739525941840419
161.3441314817977,0.012123592470283938
161.40696019343392,0.027039779507483406
161.46978890507015,0.020323430907878196
161.53261761670635,0.005970955888495062
161.59544632834255,0.0033369878246163496
161.65827503997878,0.003397366378747595
161.721103751615,0.01707651266405437
161.78393246325118,0.019313719024829694
161.8467611748874,0.022088437841808542
161.90958988652363,0.01816545492455258
161.97241859815986,0.030198038556494586
162.03524730979603,0.035808292850824444
162.09807602143226,0.021952376571195184
162.1609047330685,0.014551524875234251
162.22373344470472,0.014379590711816713
162.2865621563409,0.018404060635859587
162.34939086797712,0.012889896261139004
162.41221957961335,0.02481645576568336
162.47504829124955,0.00899218686026776
162.53787700288575,0.00817129663736911
162.60070571452198,0.010405413762666073
162.6635344261582,0.005208574884129612
162.7263631377944,0.006049666472472996
162.7891918494306,0.010915144087111379
162.85202056106684,0.0065431949344503205
162.91484927270307,0.014638932507341941
162.97767798433927,0.035103014919518775
163.0405066959755,0.023702229447314784
163.1033354076117,0.006059455037503474
163.1661641192479,0.016959409795444188
163.22899283088412,0.025680183300969273
163.29182154252035,0.03873229655764487
163.35465025415655,0.03690853817087177
163.41747896579275,0.027269908915826934
163.48030767742898,0.030929224330607855
163.5431363890652,0.0162815978585762
163.6059651007014,0.013932113803204393
163.6687938123376,0.004411464513817721
163.73162252397384,0.012083998221878911
163.79445123561007,0.008535918214689112
163.85727994724624,0.002948674530262792
163.92010865888247,0.013967186952152799
163.9829373705187,0.013998990029354005
164.04576608215493,0.02066580089624013
164.1085947937911,0.03894677412645492
164.17142350542733,0.027812101758112478
164.23425221706356,0.012276078953927188
164.29708092869978,0.00447381548558346
164.35990964033596,0.017001734249166855
164.42273835197219,0.0204723513208685
164.4855670636084,0.013741664250761194
164.54839577524461,0.035558949608908035
164.61122448688081,0.01724318741477228
164.67405319851704,0.007296226355039542
164.73688191015327,0.006330322088559365
164.79971062178947,0.010223436959227214
164.86253933342567,0.015714503932570782
164.9253680450619,0.021457640239272744
164.98819675669813,0.0028108772007699174
165.05102546833433,0.024213757749268473
165.11385417997053,0.03749433991895348
165.17668289160676,0.0415618278175776
165.23951160324296,0.028213691507626523
165.3023403148792,0.02216653747733936
165.3651690265154,0.020168225097389823
165.42799773815162,0.022481473063045886
165.49082644978782,0.025036858269722066
165.55365516142405,0.01374906952603838
165.61648387306025,0.015461244187462505
165.67931258469648,0.021389040624432955
165.74214129633268,0.008481228395722792
165.8049700079689,0.011084215535154854
165.86779871960513,0.008882908306931754
165.9306274312413,0.005753075532380842
165.99345614287753,0.013074840170127656
166.05628485451376,0.02182608851711294
166.11911356615,0.00844198281458052
166.18194227778616,0.007545745252628544
166.2447709894224,0.009008018293156636
166.30759970105862,0.015512421947390187
166.37042841269485,0.021828115888257192
166.43325712433102,0.012320231444336584
166.49608583596725,0.01580584665611067
166.55891454760348,0.02410087405551466
166.62174325923968,0.012211966319864787
166.68457197087588,0.023768024036030573
166.7474006825121,0.013787483152748263
166.81022939414834,0.004164873041726433
166.87305810578454,0.012679780290283639
166.93588681742074,0.012682367608946222
166.99871552905697,0.008921728673087482
167.0615442406932,0.03558875877119421
167.1243729523294,0.02284707751830973
167.1872016639656,0.015434474643519493
167.25003037560182,0.010563668890794433
167.31285908723802,0.010534220973151775
167.37568779887425,0.01624629388557172
167.43851651051045,0.010985560237226601
167.50134522214668,0.008260941640595147
167.56417393378288,0.01404182943619537
167.6270026454191,0.008834638029778024
167.6898313570553,0.012864074957473234
167.75266006869154,0.010542386454208118
167.81548878032774,0.008246173959648165
167.87831749196397,0.014587666353474383
167.94114620360017,0.016561526047265716
168.00397491523637,0.012478636145583914
168.0668036268726,0.021295899237123314
168.12963233850883,0.00826835972333579
168.19246105014503,0.011231670771132681
168.25528976178123,0.02130723227829121
168.31811847341746,0.015399902876371068
168.38094718505369,0.009032812407342272
168.44377589668989,0.012739818949964052
168.50660460832609,0.006203920577698067
168.56943331996231,0.011819208259025158
168.63226203159854,0.01847608287402187
168.69509074323474,0.01207281449477065
168.75791945487094,0.007854585336841946
168.82074816650717,0.010283915629286053
168.8835768781434,0.01272281315781603
168.9464055897796,0.01952503609334204
169.0092343014158,0.029273287109721775
169.07206301305203,0.03970926866164405
169.13489172468826,0.030160451140175532
169.19772043632446,0.020532817107920782
169.26054914796066,0.019381630937130388
169.3233778595969,0.024920809648999908
169.3862065712331,0.03483801460031291
169.44903528286932,0.015600551012940733
169.51186399450552,0.019270734093278865
169.57469270614175,0.014903976368663049
169.63752141777795,0.012139939960524909
169.70035012941418,0.025094944338456448
169.76317884105038,0.030090029384442225
169.8260075526866,0.020990584392395813
169.8888362643228,0.01994915646411968
169.95166497595903,0.018190909817023405
170.01449368759523,0.009198129950611015
170.07732239923143,0.01906971298301157
170.14015111086766,0.019894004396901664
170.2029798225039,0.003775327266776194
170.2658085341401,0.025752991214584593
170.3286372457763,0.022139024953912994
170.39146595741252,0.011269280178228109
170.45429466904875,0.023531094605998722
170.51712338068495,0.004876384104625645
170.57995209232115,0.01342217546329237
170.64278080395738,0.019963332847168704
170.7056095155936,0.014781327246050168
170.7684382272298,0.01505010250881706
170.831266938866,0.007290697644287439
170.89409565050224,0.0211482616439009
170.95692436213847,0.009555907826222225
171.01975307377467,0.01455384405215686
171.08258178541087,0.009265389575915476
171.1454104970471,0.0070286553736197245
171.20823920868332,0.013628533082186478
171.27106792031952,0.008518427511904242
171.33389663195572,0.019390991313855875
171.39672534359195,0.025156075005322822
171.45955405522815,0.013336100788975704
171.52238276686438,0.023357780269791798
171.58521147850058,0.024629928532541933
171.6480401901368,0.008744479720593723
171.710868901773,0.009704693573763613
171.77369761340924,0.013802498634633224
171.83652632504544,0.03308503969915996
171.89935503668167,0.01899966472599717
171.96218374831787,0.0061923179238507296
172.0250124599541,0.0121623086966085
172.0878411715903,0.0036491158541708557
172.1506698832265,0.007729258798325914
172.21349859486273,0.01223200581863735
172.27632730649896,0.02216059647088588
172.33915601813516,0.01175788179685058
172.40198472977136,0.018998889502030145
172.46481344140759,0.008918934444597284
172.52764215304381,0.006595087922346123
172.59047086468001,0.02162124605273188
172.65329957631621,0.03161239317191084
172.71612828795244,0.020972148172727405
172.77895699958867,0.016645210160958733
172.84178571122487,0.01852650093997196
172.90461442286107,0.011365691223021784
172.9674431344973,0.008655147628294895
173.03027184613353,0.023616422144289613
173.09310055776973,0.02023409655248866
173.15592926940593,0.020203585222141746
173.21875798104216,0.019231128781151845
173.2815866926784,0.008330267729024912
173.3444154043146,0.016334106108478363
173.4072441159508,0.020040520290274536
173.47007282758702,0.02749799854531692
173.53290153922322,0.020837499857421546
173.59573025085945,0.030513340873071334
173.65855896249565,0.02742892409694994
173.72138767413188,0.015364970285425782
173.78421638576808,0.022279918311604443
173.8470450974043,0.015942857201570803
173.9098738090405,0.013345333316010097
173.97270252067673,0.014625037702272975
174.03553123231293,0.01608724386958174
174.09835994394916,0.0013096488178239013
174.16118865558536,0.022618083377642675
174.22401736722156,0.011293734091233234
174.2868460788578,0.005050293791997015
174.34967479049402,0.012792360536679804
174.41250350213022,0.014759899001971555
174.47533221376642,0.011779775815319606
174.53816092540265,0.01424999237073505
174.60098963703888,0.02075328619276467
174.66381834867508,0.009231562147726432
174.72664706031128,0.0011339748400379258
174.7894757719475,0.011837484370468443
174.85230448358374,0.022565428963808913
174.91513319521994,0.025186209324066688
174.97796190685614,0.01502047893781189
175.04079061849237,0.015057089589620902
175.1036193301286,0.010214041479598694
175.1664480417648,0.014770477108319469
175.229276753401,0.017866853375161227
175.29210546503722,0.009712270237944548
175.35493417667345,0.015929121837522965
175.41776288830965,0.0145878642137045
175.48059159994585,0.028255125452273187
175.54342031158208,0.030443522137697233
175.60624902321828,0.021886415059935778
175.6690777348545,0.018557127929119625
175.7319064464907,0.006347895995300472
175.79473515812694,0.017560707790262267
175.85756386976314,0.007738843854620406
175.92039258139937,0.014965312930020949
175.98322129303557,0.011294177878414583
176.0460500046718,0.03211874604476823
176.108878716308,0.030328631243071665
176.17170742794423,0.01297446918894294
176.23453613958043,0.0042849508052342925
176.29736485121663,0.025103275550532968
176.36019356285286,0.01944932726819325
176.42302227448909,0.013713760273673731
176.48585098612529,0.0061018372217284695
176.5486796977615,0.018849248256456907
176.61150840939771,0.018414867873726638
176.67433712103394,0.018637843652445227
176.73716583267014,0.0072193762686535564
176.79999454430634,0.022307764005215877
176.86282325594257,0.03722683149541632
176.9256519675788,0.021524756507472393
176.988480679215,0.006892924055534455
177.0513093908512,0.009323883859234688
177.11413810248743,0.02041766744351368
177.17696681412366,0.008355515600809285
177.23979552575986,0.03141028422611151
177.30262423739606,0.017061842965151116
177.3654529490323,0.01826695401787457
177.42828166066852,0.014752337287668298
177.49111037230472,0.005270181053483706
177.55393908394092,0.012198727658382168
177.61676779557715,0.012716138102284287
177.67959650721335,0.01099946541478749
177.74242521884958,0.01605084130975571
177.80525393048578,0.015492731532725658
177.868082642122,0.009492307821098198
177.9309113537582,0.008254019243646054
177.99374006539443,0.016954007025531855
178.05656877703063,0.014416398130155859
178.11939748866686,0.006030663736947381
178.18222620030306,0.010561223212371964
178.2450549119393,0.014795481821432343
178.3078836235755,0.020655145289089905
178.3707123352117,0.0033702350583575255
178.43354104684792,0.007263095631969653
178.49636975848415,0.0037409413675840893
178.55919847012035,0.01824117427462851
178.62202718175655,0.012859296725787783
178.68485589339278,0.02634623240788357
178.747684605029,0.027623288981447034
178.8105133166652,0.025146343546905994
178.8733420283014,0.021858762081731948
178.93617073993764,0.018165064075930833
178.99899945157387,0.012291165394286164
179.06182816321007,0.011772192501661534
179.12465687484627,0.020038492340644816
179.1874855864825,0.010535552239502383
179.25031429811872,0.017433553979990222
179.31314300975492,0.0214224597776289
179.37597172139112,0.0075304578833916246
179.43880043302735,0.013871839611407725
179.50162914466358,0.021909206304632323
179.56445785629978,0.022895755134571337
179.62728656793598,0.01472517939037999
179.6901152795722,0.019768549382194262
179.7529439912084,0.02296332689304961
179.81577270284464,0.003224669319250554
179.87860141448084,0.01308637371971364
179.94143012611707,0.011763385119071232
180.00425883775327,0.015186242898072045
180.0670875493895,0.009007567044504138
180.1299162610257,0.012317557939814148
180.19274497266193,0.022679856648573336
180.25557368429813,0.022023446223799238
180.31840239593436,0.01179959103452805
180.38123110757056,0.02298258586443975
180.44405981920676,0.014478122267555214
180.50688853084299,0.007305931804914816
180.56971724247921,0.01444289190653347
180.63254595411541,0.022920729080518412
180.69537466575161,0.01644864691281675
180.75820337738784,0.00990746360273156
180.82103208902407,0.010907429111694195
180.88386080066027,0.017585439180423056
180.94668951229647,0.01905838291456945
181.0095182239327,0.01814547925087989
181.07234693556893,0.019017211838600116
181.13517564720513,0.005651359925972513
181.19800435884133,0.010557488636712332
181.26083307047756,0.024769978472076536
181.3236617821138,0.016180924826529747
181.38649049375,0.015213407208652142
181.4493192053862,0.010050506964937379
181.51214791702242,0.00980203535357192
181.57497662865865,0.01804619818885726
181.63780534029485,0.017815399307454155
181.70063405193105,0.015084146628198918
181.76346276356728,0.020542118997875208
181.82629147520348,0.02194524599806387
181.8891201868397,0.02748785746197804
181.9519488984759,0.014501563575145208
182.01477761011213,0.023699590162453023
182.07760632174833,0.014910426357627203
182.14043503338456,0.010838720907258318
182.20326374502076,0.014600487439389642
182.266092456657,0.018598016784139096
182.3289211682932,0.0012402925592911796
182.39174987992942,0.023178427371950968
182.45457859156562,0.019906718192937267
182.51740730320185,0.00901787477457285
182.58023601483805,0.0255057845660542
182.64306472647428,0.032065748546204906
182.70589343811048,0.030065327908291622
182.76872214974668,0.018539647634024003
182.8315508613829,0.04387291841357158
182.89437957301914,0.01993681359231105
182.95720828465534,0.008822136105518803
183.02003699629154,0.010070574352594737
183.08286570792777,0.010207124581076091
183.145694419564,0.008936069934226477
183.2085231312002,0.018887490932866277
183.2713518428364,0.021492826578008686
183.33418055447262,0.00563288136208076
183.39700926610885,0.026350092881653738
183.45983797774505,0.022980985393951037
183.52266668938125,0.009894236267819052
183.58549540101748,0.0036909578648095047
183.6483241126537,0.02181660561780131
183.7111528242899,0.032385006966432116
183.7739815359261,0.023955012865070208
183.83681024756234,0.008965606561858205
183.89963895919857,0.025743024541815908
183.96246767083477,0.0037461163967067676
184.02529638247097,0.01747666756997549
184.0881250941072,0.023819386684935953
184.1509538057434,0.012695978676412692
184.21378251737963,0.004484026376300877
184.27661122901583,0.004468111997707714
184.33943994065206,0.007130471117670625
184.40226865228826,0.016136805678188076
184.46509736392449,0.023884983808402628
184.52792607556069,0.009409961477764569
184.59075478719691,0.010796770820656085
184.65358349883311,0.014159688871961751
184.71641221046934,0.02416298640126737
184.77924092210554,0.04692707664159277
184.84206963374174,0.026521052556754195
184.90489834537797,0.006763909647223073
184.9677270570142,0.004542154299332339
185.0305557686504,0.005973686246733526
185.0933844802866,0.01165394882749551
185.15621319192283,0.011051573080812742
185.21904190355906,0.013944184569170978
185.28187061519526,0.012422519006699906
185.34469932683146,0.012503771543231821
185.4075280384677,0.019676827830796214
185.47035675010392,0.01570908928747032
185.5331854617401,0.0128050622037162
185.59601417337632,0.00934605655429245
185.65884288501255,0.024129433420948417
185.72167159664878,0.009225959346891155
185.78450030828495,0.006083418124953567
185.84732901992118,0.014067859623697852
185.9101577315574,0.011968547620935932
185.97298644319363,0.0019559020610914572
186.03581515482983,0.01165546227018781
186.09864386646603,0.01336349763865278
186.16147257810226,0.008993921201552096
186.22430128973846,0.026107066013631188
186.2871300013747,0.03634391284941772
186.3499587130109,0.04397662113498212
186.41278742464712,0.024928004087509368
186.47561613628332,0.011310797760176837
186.53844484791955,0.004280435422100637
186.60127355955575,0.015749113600621586
186.66410227119198,0.023346348757226076
186.72693098282818,0.019067049375882477
186.7897596944644,0.010865525023410086
186.8525884061006,0.009181182726066309
186.9154171177368,0.014060590042361869
186.97824582937304,0.0031477886564009734
187.04107454100927,0.015055865714474885
187.10390325264547,0.01501734588608535
187.16673196428167,0.01975231976208346
187.2295606759179,0.020206600064149836
187.29238938755412,0.017050724620821304
187.35521809919032,0.01966874408097791
187.41804681082652,0.03597244805115722
187.48087552246275,0.04362709380000061
187.54370423409898,0.025741150675546397
187.60653294573515,0.010092775020940897
187.66936165737138,0.011378432630096968
187.7321903690076,0.021231520138883773
187.79501908064384,0.026747550924920795
187.85784779228,0.021569042113934636
187.92067650391624,0.01835488172555915
187.98350521555247,0.02560059015867406
188.0463339271887,0.017582321323393595
188.10916263882487,0.00990809757150077
188.1719913504611,0.00729038028987136
188.23482006209733,0.001459924990196301
188.29764877373353,0.023522236730636924
188.36047748536973,0.033919562558003304
188.42330619700596,0.0190473299803262
188.48613490864219,0.010906541852513992
188.54896362027839,0.025583567077738813
188.6117923319146,0.027322232663361024
188.67462104355081,0.012890131159401588
188.73744975518704,0.02159625394145297
188.80027846682324,0.02674818828851071
188.86310717845944,0.01481711862480362
188.92593589009567,0.029570110288376573
188.98876460173187,0.02368180855973899
189.0515933133681,0.01833525466172965
189.11442202500433,0.02345506985934548
189.17725073664053,0.012907003155918716
189.24007944827673,0.01282756221882743
189.30290815991296,0.004736987235363039
189.3657368715492,0.004803047731337652
189.4285655831854,0.01687514525242566
189.4913942948216,0.02827841174286781
189.55422300645782,0.030958227426783627
189.61705171809405,0.02367726515149581
189.67988042973022,0.02178005792743471
189.74270914136645,0.02654783603588521
189.80553785300268,0.02078310543884702
189.8683665646389,0.01869971180146007
189.93119527627508,0.004235440050275905
189.9940239879113,0.007813043877465724
190.05685269954753,0.019706472167471685
190.11968141118376,0.014966205922051416
190.18251012281993,0.009433181133000153
190.24533883445616,0.01011387017475422
190.3081675460924,0.01846763265066798
190.3709962577286,0.022912497609203678
190.4338249693648,0.011050582351356902
190.49665368100102,0.008760973509963679
190.55948239263725,0.003567131229763117
190.62231110427345,0.015341227211485772
190.68513981590965,0.024925753990542792
190.74796852754588,0.01303971436041591
190.8107972391821,0.007630502758884094
190.8736259508183,0.008773559808661157
190.9364546624545,0.0021723384514577386
190.99928337409074,0.015552633567465567
191.06211208572694,0.032504798275283575
191.12494079736317,0.019342942820222916
191.18776950899937,0.007723927444478489
191.2505982206356,0.014620298951241574
191.3134269322718,0.04987027389946707
191.37625564390802,0.049203427769356975
191.43908435554422,0.029805277572889973
191.50191306718045,0.02299073377765198
191.56474177881665,0.008513657770194343
191.62757049045288,0.0074866187594974
191.69039920208908,0.007311259241879122
191.75322791372528,0.008535301219867978
191.8160566253615,0.01516797862161798
191.87888533699774,0.02354433033742781
191.94171404863394,0.003303552385692517
192.00454276027014,0.012090655734498494
192.06737147190637,0.007319610035660921
192.1302001835426,0.008324209792412326
192.19302889517883,0.0030973543528434603
192.255857606815,0.00800227447665999
192.31868631845123,0.012281263749710015
192.38151503008746,0.011260206739581868
192.44434374172366,0.0030281751694980195
192.50717245335986,0.014653897036294421
192.57000116499609,0.01601719627316475
192.63282987663231,0.005288953041505881
192.69565858826851,0.007758824659229335
192.75848729990471,0.027784733819672197
192.82131601154094,0.02286121372044056
192.88414472317717,0.024166082546879294
192.94697343481337,0.014785352752921116
193.00980214644957,0.01069283613633936
193.0726308580858,0.014247871253678223
193.135459569722,0.01569208547797041
193.19828828135823,0.014033238151097664
193.26111699299443,0.006929406237714355
193.32394570463066,0.01333001892989537
193.38677441626686,0.015439941480281731
193.4496031279031,0.0228635392519862
193.5124318395393,0.03126841320771579
193.57526055117552,0.03170107728690207
193.63808926281172,0.028059602094909382
193.70091797444795,0.012940572233800216
193.76374668608415,0.016326982191816945
193.82657539772035,0.01321236936909232
193.88940410935658,0.01248504425900356
193.9522328209928,0.011514218315238595
194.015061532629,0.01889175002463201
194.0778902442652,0.018688732231879043
194.14071895590143,0.016324596252511668
194.20354766753766,0.017842953893686012
194.26637637917386,0.011381988081850692
194.32920509081006,0.015198766804638355
194.3920338024463,0.028996399615637276
194.45486251408252,0.015194027447014995
194.51769122571872,0.012109586779059678
194.58051993735492,0.016979519065336117
194.64334864899115,0.018330071230914922
194.70617736062738,0.01116942648523556
194.76900607226358,0.008976334106257939
194.83183478389978,0.007617964123157728
194.894663495536,0.0068768075432385075
194.95749220717224,0.014623292257198698
195.02032091880844,0.0302099855274138
195.08314963044464,0.032560803854468225
195.14597834208087,0.03518120531204626
195.20880705371707,0.012589354746542273
195.2716357653533,0.011394706863702359
195.3344644769895,0.01083891947468198
195.39729318862572,0.010089694984559281
195.46012190026192,0.008756219054457833
195.52295061189815,0.003242285537685393
195.58577932353435,0.004805110832467828
195.64860803517058,0.0055557269079111625
195.71143674680678,0.004967678276718512
195.774265458443,0.016110530679016775
195.8370941700792,0.010358528966996147
195.8999228817154,0.012111495539646388
195.96275159335164,0.006965921620532943
196.02558030498787,0.013107936025596616
196.08840901662407,0.016985853416631252
196.15123772826027,0.0011478966334671
196.2140664398965,0.01851672692349533
196.27689515153273,0.0055725553444256875
196.33972386316893,0.02229031138914157
196.40255257480513,0.033128896719958376
196.46538128644136,0.026994923338217902
196.52820999807759,0.023328861281294976
196.59103870971379,0.04071840593058703
196.65386742135,0.03682696858027756
196.71669613298621,0.02097963679366082
196.77952484462244,0.010605395945043698
196.84235355625864,0.02133841398613205
196.90518226789484,0.02523973562360021
196.96801097953107,0.009396537221930516
197.0308396911673,0.0077095129338224915
197.0936684028035,0.014372407550273626
197.1564971144397,0.005099531208423549
197.21932582607593,0.011510279664142632
197.28215453771213,0.006715699863468886
197.34498324934836,0.012837903583164504
197.40781196098456,0.018865273041033727
197.4706406726208,0.024042591639919817
197.533469384257,0.01936497133163042
197.59629809589322,0.02932133603988466
197.65912680752942,0.023241838244255273
197.72195551916565,0.00877946406031551
197.78478423080185,0.0056686413649661895
197.84761294243808,0.009446264866926037
197.91044165407428,0.011447016556415992
197.97327036571048,0.02594983881636505
198.0360990773467,0.025967249082415458
198.09892778898293,0.016217530563314538
198.16175650061913,0.014057274426571566
198.22458521225533,0.019553624807284016
198.28741392389156,0.018061227550093723
198.3502426355278,0.005742390424747458
198.413071347164,0.012259299744242369
198.4759000588002,0.010790886312961098
198.53872877043642,0.022272966451434173
198.60155748207265,0.012783351403902906
198.66438619370885,0.012344455933649148
198.72721490534505,0.018516491790312867
198.79004361698128,0.019924413278173004
198.8528723286175,0.012809019691389756
198.9157010402537,0.012778852339688701
198.9785297518899,0.01827004554694829
199.04135846352614,0.024000913597101225
199.10418717516237,0.0018598859802206877
199.16701588679857,0.013834592467037738
199.22984459843477,0.01082156898696453
199.292673310071,0.006276794595606525
199.3555020217072,0.020707500276369875
199.41833073334342,0.011561499336722068
199.48115944497962,0.0029973484923779964
199.54398815661585,0.015309529373551171
199.60681686825205,0.03622043317889405
199.66964557988828,0.012876448590965336
199.73247429152448,0.011359827312600547
199.7953030031607,0.021540699712410044
199.8581317147969,0.0067887917331482745
199.92096042643314,0.015347170767537109
199.98378913806934,0.003660020228878831
200.04661784970554,0.004507113561845496
200.10944656134177,0.004058113053242072
200.172275272978,0.013195580955686757
200.2351039846142,0.01773759863028432
200.2979326962504,0.020522803191578287
200.36076140788663,0.006259797814924893
200.42359011952286,0.01785393826651594
200.48641883115906,0.015102745562571277
200.54924754279526,0.0008093119988542376
200.61207625443149,0.01740167632902694
200.67490496606771,0.026114670260079305
200.73773367770391,0.009235827428374558
200.80056238934012,0.009311209949450415
200.86339110097634,0.009348174650462112
200.92621981261257,0.005972659665687369
200.98904852424877,0.005211984958429421
201.05187723588497,0.007209257740134324
201.11470594752117,0.007381513876461544
201.17753465915743,0.0114150009140061
201.24036337079363,0.006311089754611308
201.30319208242986,0.007262155943554254
201.36602079406606,0.009514769133204072
201.42884950570226,0.013914247973489134
201.4916782173385,0.019233849281916886
201.5545069289747,0.016917710876633737
201.6173356406109,0.01133116766761267
201.68016435224715,0.006166464110642641
201.74299306388335,0.014184070833385505
201.80582177551955,0.026022169239620748
201.86865048715578,0.02563561874424483
201.93147919879198,0.02183255741863746
201.9943079104282,0.020554704104126038
202.0571366220644,0.017879707700123967
202.1199653337006,0.010652712949036603
202.18279404533686,0.009298471932177445
202.24562275697306,0.010237002051546465
202.30845146860926,0.010621322662761171
202.3712801802455,0.010731745422077901
202.4341088918817,0.007046446300332769
202.4969376035179,0.019918469658999415
202.55976631515412,0.012946322195959939
202.62259502679032,0.005257997965438121
202.68542373842658,0.014270973339824562
202.74825245006278,0.028331022334354
202.81108116169898,0.03136921135745637
202.8739098733352,0.015469769954587783
202.9367385849714,0.021730999431748416
202.9995672966076,0.035855297683639216
203.06239600824384,0.017074269169824467
203.12522471988004,0.013425191447765987
203.18805343151624,0.033763565401390395
203.2508821431525,0.012898402341835365
203.3137108547887,0.00806692838037424
203.37653956642492,0.0036441407335830083
203.43936827806112,0.005091233136223732
203.50219698969732,0.015150996838784807
203.56502570133355,0.025350141825230686
203.62785441296975,0.034667083560648584
203.69068312460595,0.02081135066123607
203.7535118362422,0.013150534166007605
203.8163405478784,0.008423377280289853
203.8791692595146,0.011914676454811918
203.94199797115084,0.014975779837983587
204.00482668278704,0.014566174120619146
204.06765539442327,0.01602670757783227
204.13048410605947,0.015943225504470502
204.19331281769567,0.010207007135134541
204.25614152933193,0.013955011095252108
204.31897024096813,0.01101053807782214
204.38179895260433,0.017795742943833747
204.44462766424056,0.026385445192165805
204.50745637587676,0.023552920752864286
204.57028508751296,0.016682572259878115
204.63311379914919,0.015903230676581212
204.6959425107854,0.007339166237767621
204.75877122242164,0.016648893933069973
204.82159993405784,0.01253270508024228
204.88442864569404,0.016610806530218136
204.94725735733027,0.015205336295403923
205.01008606896647,0.019830324641365346
205.07291478060267,0.031157745306437563
205.1357434922389,0.016261189181687785
205.1985722038751,0.009241059469473211
205.2614009155113,0.017384690154060592
205.32422962714756,0.010134597655808715
205.38705833878376,0.008846199295132194
205.44988705042,0.012004844217285962
205.5127157620562,0.02076969687101922
205.5755444736924,0.02346327088453779
205.63837318532862,0.014815570875659002
205.70120189696482,0.01420441761515165
205.76403060860102,0.004093237129595875
205.82685932023728,0.018281630490074613
205.88968803187348,0.01795506390763014
205.95251674350965,0.011839000648789153
206.0153454551459,0.023135063588215876
206.0781741667821,0.02272235018140629
206.14100287841833,0.024314101604482042
206.20383159005453,0.0038590358714956394
206.26666030169073,0.011750521013626825
206.329489013327,0.0074986593406085305
206.3923177249632,0.0073100211211845545
206.4551464365994,0.013650271676979802
206.51797514823562,0.01057987050593785
206.58080385987182,0.0073207762366766654
206.64363257150802,0.014851455376724344
206.70646128314425,0.025499506834828496
206.76928999478045,0.020974328514161884
206.8321187064167,0.013809969928252813
206.8949474180529,0.007271702255304117
206.9577761296891,0.012359017861261827
207.02060484132534,0.01693359877448408
207.08343355296154,0.021337319721387516
207.14626226459774,0.011003702560591229
207.20909097623397,0.004320257847262186
207.27191968787017,0.012618445525537925
207.33474839950637,0.01891233978448056
207.39757711114262,0.012273746717455142
207.46040582277882,0.011766522924303604
207.52323453441505,0.019536154753651336
207.58606324605125,0.017728374556962447
207.64889195768745,0.009331218690833311
207.71172066932368,0.012073654010664403
207.77454938095988,0.01820066638026276
207.83737809259608,0.010243928917935952
207.90020680423234,0.010639431359784228
207.96303551586854,0.009887357964551521
208.0258642275047,0.019951667426771742
208.08869293914097,0.0177153714387591
208.15152165077717,0.009167889227053274
208.2143503624134,0.018389852607270663
208.2771790740496,0.020694708862338866
208.3400077856858,0.028454102698636383
208.40283649732206,0.017662772323129648
208.46566520895826,0.013692582853668067
208.52849392059443,0.021184579228161745
208.59132263223069,0.004851958229680458
208.65415134386689,0.014910650292663157
208.7169800555031,0.020539125929732067
208.77980876713931,0.012083555984458903
208.84263747877552,0.01592681360416282
208.90546619041177,0.0069035576328484284
208.96829490204797,0.011375371373198565
209.03112361368414,0.006352637197124863
209.0939523253204,0.01109944956870149
209.1567810369566,0.01657856000269765
209.2196097485928,0.014205868198599645
209.28243846022903,0.0176014590727368
209.34526717186523,0.009603051953050236
209.40809588350143,0.0038686250877350615
209.4709245951377,0.016445238946113567
209.5337533067739,0.005670203606725772
209.59658201841012,0.013163800722404986
209.65941073004632,0.0060055160121621955
209.72223944168252,0.008363034864031598
209.78506815331875,0.012308957276749334
209.84789686495495,0.021476477287223364
209.91072557659115,0.024297910195889793
209.9735542882274,0.01279078181971258
210.0363829998636,0.004759244471820437
210.09921171149978,0.023081036641202
210.16204042313603,0.02731777620938175
210.22486913477223,0.0028562310085103832
210.28769784640846,0.004279250577950304
210.35052655804466,0.011022664681003153
210.41335526968086,0.01582792892047782
210.47618398131712,0.026105055969588065
210.53901269295332,0.03189775851163463
210.6018414045895,0.00714947763738495
210.66467011622575,0.018759096741933545
210.72749882786195,0.01946412353342718
210.79032753949815,0.008332476952903
210.85315625113438,0.005187585776405831
210.91598496277058,0.0010586198039743155
210.97881367440684,0.011673706797288427
211.04164238604304,0.019208803881121513
211.1044710976792,0.008189687543689848
211.16729980931547,0.011136494968477921
211.23012852095167,0.026684731861437973
211.29295723258787,0.01979977988499987
211.3557859442241,0.010484595180133791
211.4186146558603,0.007211732582030504
211.4814433674965,0.006113586359580562
211.54427207913275,0.01987480588867929
211.60710079076892,0.02091821712087161
211.66992950240518,0.00996503289023034
211.73275821404138,0.0061873786319629615
211.79558692567758,0.00264495507973597
211.8584156373138,0.001240737331504621
211.92124434895,0.0025318573389729203
211.9840730605862,0.007062455321215259
212.04690177222247,0.0023184401341840412
212.10973048385864,0.012998759338957857
212.17255919549484,0.007101623946983472
212.2353879071311,0.007624324479773383
212.2982166187673,0.016417297414298343
212.36104533040353,0.012935107332405552
212.42387404203973,0.017169518967480406
212.48670275367593,0.013274485599539173
212.54953146531219,0.005081772550483528
212.61236017694839,0.00700978799841532
212.67518888858456,0.011863079355622256
212.73801760022081,0.009550610380555668
212.80084631185701,0.017763316945798753
212.86367502349322,0.017576042753602722
212.92650373512944,0.023248222203817708
212.98933244676564,0.014608848546436296
213.0521611584019,0.004310652404371566
213.1149898700381,0.015516990368158037
213.17781858167427,0.013878822432136768
213.24064729331053,0.009256980873830041
213.30347600494673,0.013421591588248264
213.36630471658293,0.024522533250754264
213.42913342821916,0.014076150204071906
213.49196213985536,0.019706396339823445
213.55479085149156,0.014585190487867631
213.61761956312782,0.015427569558564407
213.680448274764,0.006394772371966106
213.74327698640025,0.01250946001499316
213.80610569803645,0.015315304823245314
213.86893440967265,0.010007161810662189
213.93176312130888,0.005329390678533523
213.99459183294508,0.009003404635389546
214.05742054458128,0.01699660961457336
214.12024925621753,0.021205278210701332
214.1830779678537,0.025757124730510325
214.2459066794899,0.019185329892066835
214.30873539112616,0.01056428587292946
214.37156410276236,0.003254730462638775
214.4343928143986,0.009995861454863584
214.4972215260348,0.012190667313694847
214.560050237671,0.003943384440534312
214.62287894930725,0.008305415955718274
214.68570766094342,0.00918778239686264
214.74853637257962,0.0069706330764408905
214.81136508421588,0.0059127054829744815
214.87419379585208,0.012097486330073673
214.93702250748828,0.009060624541346991
214.9998512191245,0.014644434372398764
215.0626799307607,0.009609908782969722
215.12550864239697,0.019553185338061982
215.18833735403314,0.007767547341624458
215.25116606566934,0.008375241661942428
215.3139947773056,0.009898944577644472
215.3768234889418,0.015479775789812005
215.439652200578,0.012207737568033125
215.50248091221422,0.00887509161839754
215.56530962385042,0.017566766106803293
215.62813833548663,0.018272217376356186
215.69096704712288,0.013481889557025981
215.75379575875905,0.008529464081942217
215.8166244703953,0.012870216435399918
215.8794531820315,0.010159179609006192
215.9422818936677,0.014951030629620027
216.00511060530394,0.012852751055641813
216.06793931694014,0.01759815090683371
216.13076802857634,0.015499077661427016
216.1935967402126,0.008315728777183822
216.25642545184877,0.007730450678953895
216.31925416348497,0.013076445941131574
216.38208287512123,0.019781326162126564
216.44491158675743,0.01218714461445856
216.50774029839366,0.016488608480900755
216.57056901002986,0.017525342450178526
216.63339772166606,0.013706737627315774
216.69622643330231,0.016377024182458205
216.7590551449385,0.00827016667515206
216.8218838565747,0.00635718272906964
216.88471256821094,0.007872227888448725
216.94754127984714,0.008942018491490405
217.01036999148334,0.010467696632813833
217.07319870311957,0.018950708623035308
217.13602741475577,0.011899075061916837
217.19885612639203,0.021137194041895437
217.2616848380282,0.005944767428108645
217.3245135496644,0.011265253857151158
217.38734226130066,0.013330128902804944
217.45017097293686,0.019391820870542083
217.51299968457306,0.008083560814211774
217.5758283962093,0.016467235898574958
217.6386571078455,0.0041828978027923566
217.7014858194817,0.005967111798537973
217.76431453111792,0.01385206080695874
217.82714324275412,0.008993545353954016
217.88997195439038,0.004325995881238835
217.95280066602658,0.013321789248499694
218.01562937766278,0.003474915573125953
218.078458089299,0.003933579792719235
218.1412868009352,0.009193044103291947
218.2041155125714,0.00353881504881805
218.26694422420763,0.010017712341528942
218.32977293584383,0.0002947619528307904
218.39260164748003,0.018305815544936717
218.4554303591163,0.012263202205833143
218.5182590707525,0.016292362035752662
218.58108778238872,0.007765455899771681
218.64391649402492,0.02416493734226559
218.70674520566112,0.010152294994253259
218.76957391729738,0.009442380971033596
218.83240262893355,0.010809729176676391
218.89523134056975,0.01431173562895183
218.958060052206,0.022234468377050856
219.0208887638422,0.02976708714499466
219.0837174754784,0.005299506338535005
219.14654618711464,0.015842820938058298
219.20937489875084,0.006885024829120867
219.2722036103871,0.0020238239079782313
219.33503232202327,0.009995243401588623
219.39786103365947,0.0004607832125434336
219.46068974529572,0.0073275223870765795
219.52351845693192,0.005898909874590193
219.58634716856812,0.009334730139619407
219.64917588020435,0.005464708925519435
219.71200459184055,0.0026507087239033235
219.77483330347675,0.015168352877881094
219.83766201511298,0.005151283309049676
219.90049072674918,0.025710180005248134
219.96331943838544,0.04131626225989023
220.02614815002164,0.01596761064251684
220.08897686165784,0.003984538205717603
220.15180557329407,0.009979394612843116
220.21463428493027,0.015366076324436146
220.27746299656647,0.012075087084364115
220.3402917082027,0.0038279049077969036
220.4031204198389,0.0148058428605022
220.4659491314751,0.013262495502391206
220.52877784311136,0.014446854852282356
220.59160655474756,0.009241556416603153
220.65443526638379,0.008877985795737333
220.71726397802,0.0073877486178774215
220.7800926896562,0.008058809367021687
220.84292140129241,0.014604041161490344
220.90575011292862,0.013070644379109783
220.96857882456482,0.015097299459745559
221.03140753620107,0.026628035501550146
221.09423624783727,0.013123642181141766
221.15706495947347,0.009657894952570209
221.2198936711097,0.014011464581329082
221.2827223827459,0.007271387073306415
221.34555109438213,0.014188541238237345
221.40837980601833,0.017014148413341316
221.47120851765453,0.012062055357298814
221.5340372292908,0.024723355482004775
221.596865940927,0.017030387589948803
221.6596946525632,0.01029157247700147
221.72252336419942,0.024190690179330045
221.78535207583562,0.028539223415202625
221.84818078747182,0.03570821788691834
221.91100949910805,0.030790323895778623
221.97383821074425,0.01804191609421907
222.0366669223805,0.002486258377108192
222.0994956340167,0.005830454323561313
222.1623243456529,0.004075383473807974
222.22515305728913,0.007565865873601944
222.28798176892533,0.019257441961089448
222.35081048056153,0.014377030937500087
222.41363919219776,0.012886089301529858
222.47646790383396,0.005868794817041783
222.53929661547016,0.011621934340494326
222.60212532710642,0.011450157818889644
222.66495403874262,0.015411882718762121
222.72778275037885,0.008318614005763855
222.79061146201505,0.01090183312313692
222.85344017365125,0.007080462603343487
222.91626888528748,0.00767241450678344
222.97909759692368,0.0073381370260138055
223.04192630855988,0.006195837136568579
223.10475502019614,0.006249920171110262
223.16758373183234,0.0006342044950024389
223.23041244346854,0.012677523808391947
223.29324115510477,0.006428441253364623
223.35606986674097,0.007310810969735646
223.4188985783772,0.009832235772677353
223.4817272900134,0.003968444392925719
223.5445560016496,0.02021117861410932
223.60738471328585,0.01703589900492522
223.67021342492205,0.011022386009532925
223.73304213655825,0.016513351560061992
223.79587084819448,0.005723054187463167
223.85869955983068,0.005921942437807822
223.92152827146688,0.014170229088369922
223.9843569831031,0.013013471547636874
224.0471856947393,0.00803761022459133
224.11001440637557,0.022804893640777448
224.17284311801177,0.019559273754928188
224.23567182964797,0.02860501286584543
224.2985005412842,0.016445319062452654
224.3613292529204,0.006446591178650143
224.4241579645566,0.009411869044709966
224.48698667619283,0.009230979399175235
224.54981538782903,0.007197027284579655
224.61264409946523,0.007714485696988326
224.67547281110149,0.010058590272339005
224.7383015227377,0.00743250826732067
224.80113023437391,0.021449535439367874
224.86395894601011,0.012771415941411278
224.92678765764632,0.006325994532551995
224.98961636928254,0.02080515089058557
225.05244508091874,0.01755635329573723
225.11527379255494,0.011388853833045678
225.1781025041912,0.003493542897872913
225.2409312158274,0.012449876213566462
225.3037599274636,0.010430370882404614
225.36658863909983,0.018293687244484422
225.42941735073603,0.01655989560438397
225.49224606237226,0.014448022483189561
225.55507477400846,0.008234026164410732
225.61790348564466,0.010839555481220975
225.68073219728092,0.025678492177178797
225.74356090891712,0.009008724732194393
225.80638962055332,0.007221710340707585
225.86921833218955,0.013419139887316064
225.93204704382575,0.01791564574846432
225.99487575546195,0.00567230915335415
226.05770446709818,0.009885087759829471
226.12053317873438,0.010968149965887158
226.18336189037063,0.005017418637609597
226.24619060200683,0.006643424999077717
226.30901931364303,0.009285651065698038
226.37184802527926,0.00745294100693093
226.43467673691546,0.018516925495538714
226.49750544855166,0.01447192859020401
226.5603341601879,0.007736656029285453
226.6231628718241,0.011782576980076608
226.6859915834603,0.017599924188287222
226.74882029509655,0.020222755698831182
226.81164900673275,0.014740712245268487
226.87447771836898,0.013400852224512805
226.93730643000518,0.01735812812261434
227.00013514164138,0.010332538176223104
227.0629638532776,0.005597351321270694
227.1257925649138,0.005426476503546797
227.18862127655,0.007094395732261978
227.25144998818627,0.011445012474742377
227.31427869982247,0.013778725406990345
227.37710741145867,0.00705683431420213
227.4399361230949,0.011154460689311385
227.5027648347311,0.018903144835298497
227.56559354636732,0.017445343583941047
227.62842225800352,0.006839317340436608
227.69125096963973,0.0063295482909345845
227.75407968127598,0.0028450116406830476
227.81690839291218,0.018610936055670737
227.87973710454838,0.012189095771662845
227.9425658161846,0.0033236217413054247
228.0053945278208,0.006014962455486765
228.068223239457,0.012413240103002793
228.13105195109324,0.015527981064828392
228.19388066272944,0.010956376927325194
228.2567093743657,0.002413664640028722
228.3195380860019,0.01507362518170319
228.3823667976381,0.005576853227921436
228.44519550927433,0.007227308336294321
228.50802422091053,0.013432635466845508
228.57085293254673,0.012551807245150598
228.63368164418296,0.002951717605613428
228.69651035581916,0.008293751639557532
228.75933906745536,0.010213357093436857
228.82216777909161,0.012831583639228301
228.88499649072781,0.018712470111104662
228.94782520236404,0.01690137547458908
229.01065391400024,0.006069899029234324
229.07348262563644,0.006863847450183256
229.13631133727267,0.002073983088831493
229.19914004890887,0.015230976350104553
229.26196876054507,0.011426781226186606
229.32479747218133,0.0028840817702347472
229.38762618381753,0.0028965948239044205
229.45045489545373,0.012914393713551573
229.51328360708996,0.019447245670974632
229.57611231872616,0.01324480074609237
229.6389410303624,0.02739094001004029
229.7017697419986,0.005200719411986949
229.7645984536348,0.008859288444183894
229.82742716527105,0.014510296636213489
229.89025587690725,0.007323692288246629
229.95308458854345,0.012718382480521661
230.01591330017968,0.01759991717851112
230.07874201181588,0.01350958295191564
230.14157072345208,0.013092731613735033
230.2043994350883,0.006883253457379796
230.2672281467245,0.007728108306088687
230.33005685836076,0.0037404849258427094
230.39288556999696,0.004094283921373744
230.45571428163316,0.012511351904219035
230.5185429932694,0.015630100495370704
230.5813717049056,0.017675968728622277
230.6442004165418,0.00998445557716895
230.70702912817802,0.013027428997759652
230.76985783981422,0.019854693942877737
230.83268655145042,0.012524463370875248
230.89551526308668,0.0077185773943661135
230.95834397472288,0.003604711020736105
231.0211726863591,0.004401456617039763
231.0840013979953,0.009769748093549085
231.1468301096315,0.00849856692113788
231.20965882126774,0.008894911265696711
231.27248753290394,0.007351018450555112
231.33531624454014,0.007556464504928547
231.3981449561764,0.004983224768875458
231.4609736678126,0.005569769152541871
231.52380237944877,0.012034493797314553
231.58663109108502,0.013808689060970384
231.64945980272122,0.01974930732965558
231.71228851435745,0.01450660018763163
231.77511722599365,0.010330108579879184
231.83794593762985,0.012761534471612448
231.9007746492661,0.0027231135331437627
231.9636033609023,0.019272715351687928
232.02643207253848,0.02265907463525145
232.08926078417474,0.01917655424053951
232.15208949581094,0.009554009113680501
232.21491820744714,0.008342760799289516
232.27774691908337,0.006476576795400732
232.34057563071957,0.014915424567981546
232.40340434235583,0.005571456968463978
232.46623305399203,0.006114358208089505
232.52906176562823,0.006390832683650452
232.59189047726446,0.0015561342380224774
232.65471918890066,0.004267326315596551
232.71754790053686,0.003350063813333262
232.7803766121731,0.018195603200991263
232.8432053238093,0.02252636485720504
232.9060340354455,0.018775650443216586
232.96886274708174,0.0010560746672816897
233.03169145871794,0.009314512593698544
233.09452017035417,0.014533420352734167
233.15734888199037,0.013437559303149361
233.22017759362657,0.013010334817092831
233.2830063052628,0.009862014887483207
233.345835016899,0.012078613669959437
233.4086637285352,0.0036378310700875484
233.47149244017146,0.017142885387915627
233.53432115180766,0.0028762312195202474
233.59714986344383,0.007995946247895588
233.6599785750801,0.005583871221141887
233.7228072867163,0.01837047866290484
233.78563599835252,0.023745092289288866
233.84846470998872,0.012333570491410864
233.91129342162492,0.014086315327646452
233.97412213326118,0.007065992157475527
234.03695084489738,0.008328557705001967
234.09977955653355,0.01298597784693402
234.1626082681698,0.00839616234968898
234.225436979806,0.014702261962004588
234.2882656914422,0.013615853148987835
234.35109440307843,0.0034289970675937614
234.41392311471463,0.008462079801090304
234.4767518263509,0.010340012620523897
234.5395805379871,0.005384208926384874
234.60240924962326,0.002416050453894572
234.66523796125952,0.014545949664982264
234.72806667289572,0.0077936895009916435
234.79089538453192,0.014937994783766758
234.85372409616815,0.019623937340280596
234.91655280780435,0.019825781435760005
234.97938151944055,0.02392047208369585
235.0422102310768,0.02555639522527951
235.10503894271298,0.02355218840551407
235.16786765434924,0.027544074155770683
235.23069636598544,0.02880559826640672
235.29352507762164,0.011502775758926677
235.35635378925787,0.0018316770134906716
235.41918250089407,0.0018901422011536359
235.48201121253027,0.019583856129696365
235.54483992416652,0.015884649065563274
235.60766863580272,0.014988586795500147
235.6704973474389,0.011724193298696686
235.73332605907515,0.005012289808235987
235.79615477071135,0.010238957658037777
235.85898348234758,0.015146688916327844
235.92181219398378,0.012049003490312746
235.98464090561998,0.0070995599663877425
236.04746961725624,0.013896590894444196
236.11029832889244,0.00885835087820855
236.1731270405286,0.002369879473973087
236.23595575216487,0.01699956872045748
236.29878446380107,0.014318939859250852
236.3616131754373,0.00635283426976897
236.4244418870735,0.014496382075448585
236.4872705987097,0.003535100010266013
236.55009931034596,0.024766359182766314
236.61292802198216,0.025234790663994953
236.67575673361833,0.006887464589724463
236.73858544525459,0.0052656311617818976
236.8014141568908,0.01253446495889771
236.864242868527,0.015800733937478623
236.92707158016322,0.012557620723251485
236.98990029179942,0.007167265224182896
237.05272900343567,0.006945274211151084
237.11555771507187,0.007639172978543098
237.17838642670804,0.023037399070858677
237.2412151383443,0.0038117672916477352
237.3040438499805,0.007206759324975943
237.3668725616167,0.01457216551962578
237.42970127325293,0.023776625044944003
237.49252998488913,0.014438603939458824
237.55535869652533,0.0015425489779391708
237.6181874081616,0.002760501025214205
237.68101611979776,0.010871382562081193
237.74384483143402,0.018644439853517738
237.80667354307022,0.021591733179341106
237.86950225470642,0.004682630994760007
237.93233096634265,0.00949900408799304
237.99515967797885,0.017878786576389288
238.05798838961505,0.012317094607823579
238.1208171012513,0.022554777329391856
238.18364581288748,0.014672447293362974
238.24647452452368,0.009748280689545842
238.30930323615993,0.015813812549633356
238.37213194779613,0.015515173943295948
238.43496065943236,0.008358459250707682
238.49778937106856,0.008232134717026109
238.56061808270476,0.006332701253547588
238.62344679434102,0.002472969026143836
238.68627550597722,0.009919997235973756
238.7491042176134,0.017729385012654468
238.81193292924965,0.015545257576865163
238.87476164088585,0.00789903907423221
238.93759035252205,0.0059610293121540705
239.00041906415828,0.005314288560616829
239.06324777579448,0.01405546864336197
239.12607648743074,0.011529162932719614
239.18890519906694,0.015595063561875198
239.2517339107031,0.011478582674279692
239.31456262233937,0.006738109481820253
239.37739133397557,0.012045104330901163
239.44022004561177,0.020911338790683378
239.503048757248,0.004092699799618454
239.5658774688842,0.0043760376957613905
239.6287061805204,0.018216662392006852
239.69153489215665,0.021782229906740013
239.75436360379283,0.004902047269651151
239.81719231542908,0.009959503255750774
239.88002102706528,0.011955346010521827
239.94284973870148,0.01325990122338959
240.0056784503377,0.007581821335248053
240.0685071619739,0.009590914711764383
240.1313358736101,0.004627910117062537
240.19416458524637,0.014633338661599249
240.25699329688254,0.02347788370667929
240.31982200851874,0.010329896811855569
240.382650720155,0.010115474472993668
240.4454794317912,0.01121997286728928
240.50830814342743,0.013013054002130004
240.57113685506363,0.010603098040721832
240.63396556669983,0.005544036586264846
240.69679427833609,0.004448857686075161
240.75962298997226,0.0022997688068263117
240.82245170160846,0.002039153843380232
240.88528041324471,0.013295704298097765
240.94810912488092,0.001267417418252407
241.01093783651712,0.00905510242787959
241.07376654815334,0.025909939932618403
241.13659525978954,0.029747412999461695
241.1994239714258,0.01621939789216219
241.26225268306197,0.013009029724272795
241.32508139469817,0.005447491190066896
241.38791010633443,0.01693506304767309
241.45073881797063,0.02011981548902031
241.51356752960683,0.009984601111662675
241.57639624124306,0.008472361793639098
241.63922495287926,0.013047835840538365
241.70205366451546,0.011049999602808629
241.76488237615172,0.016775063659570252
241.8277110877879,0.00885633749335146
241.89053979942415,0.01350968146946173
241.95336851106035,0.0028554015373738573
242.01619722269655,0.009139600284107664
242.07902593433278,0.01671557902467375
242.14185464596898,0.014963263446565785
242.20468335760518,0.02210360791048957
242.26751206924143,0.028587721182704626
242.3303407808776,0.013865962508252895
242.3931694925138,0.00797880522576908
242.45599820415006,0.003153058786050168
242.51882691578626,0.006616803726864959
242.5816556274225,0.005945222594379303
242.6444843390587,0.002899948132034763
242.7073130506949,0.00916158143332252
242.77014176233115,0.006085619659374922
242.83297047396732,0.01521455215098126
242.89579918560352,0.016618523890721253
242.95862789723978,0.010664683305884262
243.02145660887598,0.01733314500856247
243.08428532051218,0.01877684599615408
243.1471140321484,0.021748007988173567
243.2099427437846,0.01207963307405465
243.27277145542087,0.010527210018778656
243.33560016705704,0.007399582696965952
243.39842887869324,0.010528069387505293
243.4612575903295,0.00043765186497731574
243.5240863019657,0.008707015474454965
243.5869150136019,0.01155750759416076
243.64974372523812,0.022781089823433576
243.71257243687432,0.01528471530178788
243.77540114851053,0.014244930973493632
243.83822986014675,0.01606977891018374
243.90105857178295,0.022253298825680747
243.9638872834192,0.021867808815356778
244.0267159950554,0.015208190105263017
244.0895447066916,0.008634818288705506
244.15237341832784,0.004476629643854154
244.21520212996404,0.007530963382153914
244.27803084160024,0.015462425823952252
244.34085955323647,0.007982893034932633
244.40368826487267,0.012663700498058626
244.46651697650887,0.011957485506528566
244.52934568814513,0.003133163832773122
244.59217439978133,0.016471227397368626
244.65500311141756,0.015924553060098934
244.71783182305376,0.007148132190018053
244.78066053468996,0.01444279645549625
244.84348924632621,0.01040925955522341
244.9063179579624,0.002427580727434087
244.9691466695986,0.013198919993860442
245.03197538123484,0.004691936374489835
245.09480409287104,0.018196298098272726
245.15763280450724,0.022814953753876772
245.22046151614347,0.0178998984550998
245.28329022777967,0.013172787830793583
245.34611893941593,0.007649926153050668
245.4089476510521,0.002819145636126303
245.4717763626883,0.015423388399650538
245.53460507432456,0.020482950144597643
245.59743378596076,0.0032761368519307324
245.66026249759696,0.013033834365987972
245.7230912092332,0.004418173013206822
245.7859199208694,0.011460264839101
245.8487486325056,0.013200636278957671
245.91157734414182,0.0058353974457396
245.97440605577802,0.01872689376398178
246.03723476741428,0.025288812954431604
246.10006347905048,0.007706536328455798
246.16289219068668,0.0030436998760490852
246.2257209023229,0.010785904584635058
246.2885496139591,0.015803294979016735
246.3513783255953,0.01147725361485094
246.41420703723153,0.013456506642844738
246.47703574886773,0.009204868277522926
246.53986446050394,0.017215172197416948
246.6026931721402,0.009635380505158019
246.6655218837764,0.004918907952773966
246.72835059541262,0.007889586528505322
246.79117930704882,0.0076155921360826564
246.85400801868502,0.0051179292694721115
246.91683673032125,0.00487043660857635
246.97966544195745,0.01289120987410573
247.04249415359365,0.007250462880934908
247.1053228652299,0.011336381234943236
247.1681515768661,0.01660035403215895
247.2309802885023,0.015866193466808863
247.29380900013854,0.011929661907368919
247.35663771177474,0.012074443571004314
247.41946642341097,0.016015670841070438
247.48229513504717,0.007473106155149796
247.54512384668337,0.01741531500814933
247.60795255831962,0.017873451617998862
247.67078126995582,0.020275966393680962
247.73360998159202,0.010153825457167967
247.79643869322825,0.005071143353797846
247.85926740486445,0.006270254481514198
247.92209611650065,0.005603162354702419
247.98492482813688,0.014211780968034235
248.04775353977308,0.015720392607619614
248.11058225140934,0.018029420611976665
248.17341096304554,0.012969222159537561
248.23623967468174,0.02092860102317101
248.29906838631797,0.029032484908038
248.36189709795417,0.021960475846037605
248.42472580959037,0.011335168785738483
248.4875545212266,0.014068942994360668
248.5503832328628,0.004277408157313381
248.613211944499,0.002537579990372306
248.67604065613526,0.005100094982332585
248.73886936777146,0.012192220289184102
248.80169807940769,0.007312630520426391
248.8645267910439,0.023039469552421196
248.9273555026801,0.026620336577137665
248.99018421431632,0.015808277689024017
249.05301292595252,0.008224283405918461
249.11584163758872,0.007097351813587873
249.17867034922497,0.007864846926941456
249.24149906086117,0.01272716305129064
249.30432777249737,0.009965659159978636
249.3671564841336,0.005188668991646075
249.4299851957698,0.002873703939351596
249.49281390740603,0.006738509455259281
249.55564261904223,0.016712398946673257
249.61847133067843,0.020581121680258458
249.6813000423147,0.02051322802360008
249.7441287539509,0.019415298152283635
249.8069574655871,0.011313167459247623
249.86978617722332,0.006020007794721948
249.93261488885952,0.010156738800347224
249.99544360049572,0.00399188542675529
250.05827231213195,0.015468309782301235
250.12110102376815,0.009282065072034848
250.1839297354044,0.011912029364804321
250.2467584470406,0.005603647046139578
250.3095871586768,0.00533912400195502
250.37241587031303,0.008580915424380584
250.43524458194923,0.0023148052385976283
250.49807329358543,0.002295281128259121
250.56090200522166,0.011432690747025366
250.62373071685786,0.021239433983267494
250.68655942849406,0.01281878097484746
250.74938814013032,0.0025692678945076395
250.81221685176652,0.010050493272063026
250.87504556340275,0.008020254481060373
250.93787427503895,0.006718254383068521
251.00070298667515,0.009823983168878666
251.06353169831138,0.006869205760156189
251.12636040994758,0.0034406107164345425
251.18918912158378,0.008438691530094019
251.25201783322004,0.009616592896570717
251.31484654485624,0.0037858121575728484
251.37767525649244,0.006474212311770533
251.44050396812867,0.009798413829117409
251.50333267976487,0.009206133912153677
251.5661613914011,0.01023453483939981
251.6289901030373,0.004643311441333705
251.6918188146735,0.013072941949648975
251.75464752630975,0.026203110999386017
251.81747623794595,0.0197089678295429
251.88030494958215,0.009247359384328155
251.94313366121838,0.002994323946126372
252.00596237285458,0.007834388012123217
252.06879108449078,0.011297422188333238
252.131619796127,0.00991470123386336
252.1944485077632,0.01081840894595915
252.25727721939947,0.00500848249564885
252.32010593103567,0.011741186198453064
252.38293464267187,0.016194890029744627
252.4457633543081,0.009579319290892774
252.5085920659443,0.022041354582615632
252.5714207775805,0.013724861822915074
252.63424948921673,0.006795140653580165
252.69707820085293,0.005514049289785822
252.75990691248913,0.015162935445719705
252.8227356241254,0.0216284879751322
252.8855643357616,0.014649620033566032
252.94839304739781,0.01678160463170772
253.01122175903402,0.009321490253322092
253.07405047067022,0.00419197047631601
253.13687918230644,0.004377335719858559
253.19970789394264,0.008139061063559055
253.26253660557884,0.013602961665829581
253.3253653172151,0.013677949475081493
253.3881940288513,0.007331339885336348
253.4510227404875,0.00702725922296154
253.51385145212373,0.004523442507169192
253.57668016375993,0.008391380298012894
253.63950887539616,0.014550412360229506
253.70233758703236,0.016733237720944764
253.76516629866856,0.019792768684475097
253.82799501030482,0.017530026729890062
253.89082372194102,0.017657033191893757
253.95365243357722,0.013544910584787071
254.01648114521345,0.008747266264514414
254.07930985684965,0.007929241638143437
254.14213856848585,0.0067310104339383045
254.20496728012208,0.007156672843671718
254.26779599175828,0.00836524717600777
254.33062470339453,0.011962711364938759
254.39345341503073,0.005109253316820376
254.45628212666693,0.011736425687083782
254.51911083830316,0.018872206725477056
254.58193954993936,0.014095214393266584
254.64476826157556,0.004643200982501941
254.7075969732118,0.01040444560479688
254.770425684848,0.006187026510502371
254.8332543964842,0.0032465522801191156
254.89608310812045,0.005722839064219678
254.95891181975665,0.007686152149936475
255.02174053139288,0.02137378884405523
255.08456924302908,0.014087404282846916
255.14739795466528,0.008191507408019055
255.2102266663015,0.0014170717421658422
255.2730553779377,0.009697495954866783
255.3358840895739,0.01348862885609146
255.39871280121017,0.006804630671431124
255.46154151284637,0.006915947866180948
255.52437022448257,0.011642649076073402
255.5871989361188,0.010003666125483016
255.650027647755,0.005481587462494393
255.71285635939122,0.015134590837201365
255.77568507102743,0.023849976351246346
255.83851378266363,0.014017679114641197
255.90134249429988,0.006363914702294501
255.96417120593608,0.013277578432926812
256.02699991757225,0.02011996163228559
256.0898286292085,0.01638355392113063
256.1526573408447,0.012286116837799945
256.2154860524809,0.00859272286969098
256.27831476411717,0.014338110514734942
256.34114347575337,0.009061384741865812
256.40397218738957,0.004195399010285174
256.46680089902577,0.014467103884206982
256.52962961066197,0.005835065818572917
256.5924583222982,0.010270574410409348
256.6552870339344,0.00890445875686137
256.7181157455706,0.0038205651417310095
256.7809444572069,0.0034290207956859317
256.8437731688431,0.009633311713828885
256.9066018804793,0.014392783626898763
256.9694305921155,0.01624117759508185
257.0322593037517,0.010520429871400722
257.09508801538794,0.013220169047090271
257.15791672702414,0.00971279881341981
257.22074543866034,0.009575137748479701
257.2835741502966,0.00496990515589302
257.3464028619328,0.008256316110614748
257.409231573569,0.0029156846196343312
257.4720602852052,0.010722127482380562
257.5348889968414,0.010591557318268092
257.5977177084776,0.0015032923342343102
257.66054642011386,0.01473099300743079
257.72337513175006,0.010110682097249246
257.7862038433863,0.009600488874303086
257.8490325550225,0.023675913797895937
257.9118612666587,0.008065642804138153
257.9746899782949,0.004202692082370463
258.0375186899311,0.01575014243493842
258.1003474015673,0.017728898139137344
258.1631761132036,0.01583938019857768
258.2260048248398,0.010232994051844893
258.288833536476,0.00821775937656143
258.35166224811223,0.011071547236897754
258.41449095974843,0.0034158997290965097
258.47731967138463,0.00914284774099287
258.54014838302083,0.024549720839439237
258.60297709465704,0.01687698944881052
258.6658058062933,0.009464255052035362
258.7286345179295,0.003673713988638405
258.7914632295657,0.010271660340831781
258.85429194120195,0.007481901020376222
258.91712065283815,0.009951732379275137
258.97994936447435,0.01283138365443667
259.04277807611055,0.007961215154654635
259.10560678774675,0.011294011039602096
259.168435499383,0.0019223432069477313
259.2312642110192,0.010955769241124852
259.2940929226554,0.01194388973137079
259.35692163429167,0.011567464328224648
259.41975034592787,0.0059676557737995675
259.48257905756407,0.02557766000190862
259.54540776920027,0.01780085147645965
259.60823648083647,0.018200816510854485
259.67106519247267,0.01708846426590672
259.7338939041089,0.012824317247780744
259.7967226157451,0.007440146783332468
259.8595513273814,0.003958831574286696
259.9223800390176,0.011129081916446883
259.9852087506538,0.016629253364059224
260.04803746229,0.012856673398883644
260.1108661739262,0.010100800120594784
260.1736948855624,0.007525133335231248
260.23652359719864,0.005710460064170413
260.29935230883484,0.004420416135801033
260.36218102047104,0.002624076591170796
260.4250097321073,0.01716240632104801
260.4878384437435,0.02168298718732001
260.5506671553797,0.012764750786775754
260.6134958670159,0.008541134895347592
260.6763245786521,0.01861053532466654
260.73915329028836,0.020161630322490857
260.80198200192456,0.025513458035752973
260.86481071356076,0.008818111667717557
260.927639425197,0.007586785824074428
260.9904681368332,0.003602015559156462
261.0532968484694,0.003668326593924613
261.1161255601056,0.006375598643462926
261.1789542717418,0.019958696284101535
261.2417829833781,0.031581767713488224
261.3046116950143,0.016696411856969778
261.3674404066505,0.006692805361287458
261.43026911828673,0.0014551515628450384
261.49309782992293,0.010143267773870432
261.55592654155913,0.015883247526533955
261.61875525319533,0.0032219202118499673
261.68158396483153,0.004569981323647164
261.74441267646773,0.007126047800667801
261.807241388104,0.00507991682665898
261.8700700997402,0.010295328888247714
261.93289881137645,0.020420443097120346
261.99572752301265,0.008939608487319057
262.05855623464885,0.014538237668555998
262.12138494628505,0.006948969858626366
262.18421365792125,0.010735554529612647
262.24704236955745,0.017733779449107454
262.3098710811937,0.011518584601621243
262.3726997928299,0.0013464370630002687
262.4355285044661,0.0031766825923446084
262.49835721610236,0.007310465744261055
262.56118592773856,0.01001226306742558
262.62401463937476,0.011091417799324956
262.68684335101096,0.006407541909556089
262.74967206264716,0.011859135955678378
262.8125007742834,0.010636187382774298
262.8753294859196,0.009052682672888484
262.9381581975558,0.01448758960666695
263.0009869091921,0.0022751048287630703
263.0638156208283,0.007698920497891866
263.1266443324645,0.011449398895403622
263.1894730441007,0.012277163676431235
263.2523017557369,0.008387019208621014
263.31513046737314,0.010948970751263826
263.37795917900934,0.006725956905537624
263.44078789064554,0.0062136997630048985
263.5036166022818,0.01574227211263995
263.566445313918,0.02344374797150199
263.6292740255542,0.01600756259058852
263.6921027371904,0.0009518705511931772
263.7549314488266,0.020837937216495517
263.8177601604628,0.028203799149962586
263.88058887209905,0.014697769393444823
263.94341758373525,0.01815586743863214
264.0062462953715,0.00932026794029699
264.0690750070077,0.004619219676202642
264.1319037186439,0.011740515844589605
264.1947324302801,0.015799646758674978
264.2575611419163,0.00927967433675179
264.3203898535525,0.01170087458695614
264.38321856518877,0.006227302662954561
264.44604727682497,0.013875385535057627
264.50887598846117,0.012869156041310052
264.5717047000974,0.011761222649847287
264.6345334117336,0.01139737855823039
264.6973621233698,0.004629876429999099
264.76019083500603,0.0075837209013429946
264.82301954664223,0.005281239461128353
264.8858482582785,0.004543912359451895
264.9486769699147,0.003446888048604004
265.0115056815509,0.006858668014828132
265.07433439318714,0.005352244863052792
265.13716310482334,0.0062317512137491865
265.19999181645954,0.00805062420071546
265.26282052809574,0.001916652436742165
265.32564923973194,0.0025810934699533796
265.3884779513682,0.009365180430977482
265.4513066630044,0.003379006073919868
265.5141353746406,0.00387126057059568
265.57696408627686,0.017525422761743126
265.63979279791306,0.021838616839472174
265.70262150954926,0.02233509797613668
265.76545022118546,0.0021965892008066717
265.82827893282166,0.014237590899972195
265.89110764445786,0.014086041256175396
265.9539363560941,0.012309941380761677
266.0167650677303,0.007068047870039169
266.0795937793666,0.0033475398806678738
266.1424224910028,0.005968140458980765
266.205251202639,0.0021689821186985855
266.2680799142752,0.007004262263318886
266.3309086259114,0.011230559226208952
266.3937373375476,0.011196173403820009
266.45656604918383,0.0022331039236064246
266.51939476082003,0.006833730833924204
266.58222347245623,0.016603496123009508
266.6450521840925,0.009123016832731895
266.7078808957287,0.007644987632058119
266.7707096073649,0.01575621450477885
266.8335383190011,0.0036045994761554957
266.8963670306373,0.010327063983120397
266.95919574227355,0.016942520351488084
267.02202445390975,0.003200766314172449
267.08485316554595,0.00470905574315421
267.1476818771822,0.0033519131042953265
267.2105105888184,0.007905603412624532
267.2733393004546,0.012399631510331601
267.3361680120908,0.01365591860886012
267.398996723727,0.003943648438286938
267.46182543536327,0.004411940758194808
267.52465414699947,0.006861001197410038
267.58748285863567,0.0066198651508550845
267.6503115702719,0.011858133460478202
267.7131402819081,0.01569330372961661
267.7759689935443,0.005635966953819279
267.8387977051805,0.003918905790053493
267.9016264168167,0.019083099217789074
267.9644551284529,0.022263640144150842
268.0272838400892,0.009484360762678699
268.0901125517254,0.007948821137378582
268.15294126336164,0.003874708612518019
268.21576997499784,0.00323272017274416
268.27859868663404,0.00865843830982885
268.34142739827024,0.010895553368505824
268.40425610990644,0.011969785547891278
268.46708482154264,0.011574856218800302
268.5299135331789,0.022059265916805335
268.5927422448151,0.02844856448007704
268.6555709564513,0.013376406050134302
268.71839966808756,0.006687527165038828
268.78122837972376,0.002514738363548351
268.84405709135996,0.004157445699051211
268.90688580299616,0.017918428066050467
268.96971451463236,0.019823087409322888
269.0325432262686,0.010750177641278627
269.0953719379048,0.009233786784208381
269.158200649541,0.008369770772133859
269.2210293611773,0.006184326568905685
269.2838580728135,0.007011538209150065
269.3466867844496,0.013401035269525028
269.4095154960859,0.010778325339266539
269.4723442077221,0.011886279524400217
269.53517291935833,0.008971852381312111
269.59800163099453,0.004263441992743003
269.66083034263073,0.007481264717038795
269.723659054267,0.017469810353905386
269.7864877659032,0.011984908257501838
269.84931647753933,0.0014311635598143139
269.9121451891756,0.0025214266063494405
269.9749739008118,0.0014126090661636885
270.037802612448,0.003440225623310382
270.10063132408425,0.0031767366015503654
270.16346003572045,0.006665113636861731
270.2262887473567,0.004227716875845989
270.2891174589929,0.010494514115380165
270.3519461706291,0.008367262302245224
270.4147748822653,0.005476568862737301
270.4776035939015,0.009796804685689015
270.5404323055377,0.0102086532100441
270.60326101717396,0.012952989741638582
270.66608972881016,0.010917855839727122
270.72891844044636,0.006185677284892348
270.7917471520826,0.0074960549102725555
270.8545758637188,0.01030204104961191
270.917404575355,0.009600302833474397
270.9802332869912,0.010040699916177268
271.0430619986274,0.008395036398201413
271.1058907102637,0.008454719792048896
271.1687194218999,0.008262487948614675
271.2315481335361,0.01094752977065792
271.29437684517234,0.014620464598245533
271.35720555680854,0.008089840347863754
271.4200342684447,0.01002009592295915
271.48286298008094,0.016303626378413948
271.54569169171714,0.008988420839087373
271.6085204033534,0.011091277938491888
271.6713491149896,0.011949306685648671
271.7341778266258,0.007615900102699724
271.79700653826205,0.00718300604046159
271.85983524989825,0.010505287783393628
271.9226639615344,0.0038844036788418207
271.98549267317065,0.013402174888724494
272.04832138480685,0.017973808703145445
272.11115009644305,0.015252710100451771
272.1739788080793,0.002205257378526714
272.2368075197155,0.007389713580090252
272.29963623135177,0.008448409404015502
272.36246494298797,0.005761014735402728
272.4252936546241,0.005411089187095594
272.48812236626037,0.009558943108134191
272.55095107789657,0.005568179542135888
272.61377978953277,0.00794472904273656
272.676608501169,0.007623249549988724
272.7394372128052,0.005729717174911976
272.80226592444143,0.00442796193320626
272.8650946360777,0.008710482079187216
272.92792334771383,0.012453574420858659
272.9907520593501,0.015236558898954587
273.0535807709863,0.0079820644748693
273.1164094826225,0.012778781312294213
273.17923819425874,0.012533959669322735
273.24206690589494,0.008679572225872255
273.30489561753114,0.006768878446685473
273.3677243291674,0.021292205162826053
273.4305530408036,0.014369727106969807
273.49338175243975,0.0029442024688454333
273.556210464076,0.00880468331028411
273.6190391757122,0.01027709514098278
273.68186788734846,0.0033064171058898636
273.74469659898466,0.012170144849439209
273.80752531062086,0.0025405261285229895
273.8703540222571,0.009174045370660472
273.9331827338933,0.011947007034393303
273.99601144552946,0.012575258507660897
274.0588401571657,0.008140997397108236
274.1216688688019,0.007672005686304281
274.1844975804381,0.011857690353658318
274.2473262920744,0.007657073129134085
274.3101550037106,0.008161884404405316
274.37298371534683,0.008459413672912117
274.43581242698303,0.0031732636125548198
274.4986411386192,0.00679954114150905
274.56146985025543,0.010597731494804407
274.62429856189164,0.011017424128965907
274.68712727352784,0.006145109089341487
274.7499559851641,0.015257886381105501
274.8127846968003,0.014744467058985763
274.8756134084365,0.02076933736565786
274.93844212007275,0.015380916256199039
275.0012708317089,0.02924646586231489
275.06409954334515,0.009574983631566194
275.12692825498135,0.01963508714368068
275.18975696661755,0.02206745153454835
275.2525856782538,0.010967283234427774
275.31541438989,0.014623754950727971
275.3782431015262,0.013441827890907268
275.44107181316247,0.0014915344721372107
275.5039005247986,0.015088092341349401
275.5667292364348,0.0194994627066791
275.62955794807107,0.01487794743556521
275.69238665970727,0.00816784667275889
275.7552153713435,0.007124597965564129
275.8180440829797,0.017118575648094013
275.8808727946159,0.01925297230098523
275.9437015062522,0.020343573974077787
276.0065302178883,0.0179197134660901
276.0693589295245,0.023774202680022293
276.1321876411608,0.015370109877222662
276.195016352797,0.0015990643547395538
276.2578450644332,0.00864956402784921
276.32067377606944,0.013057601069967138
276.38350248770564,0.012125471336290964
276.4463311993419,0.009683940626570584
276.5091599109781,0.003928305296589259
276.57198862261424,0.006511641629061329
276.6348173342505,0.0027266831665933773
276.6976460458867,0.005071586401906776
276.7604747575229,0.009204903608098872
276.82330346915916,0.006239393078186001
276.88613218079536,0.01867576788213546
276.94896089243156,0.014309840850451287
277.0117896040678,0.008778242506332952
277.07461831570396,0.003341945977738987
277.1374470273402,0.010634279541439624
277.2002757389764,0.015656516111958358
277.2631044506126,0.012562009864338303
277.3259331622489,0.013058172930867947
277.3887618738851,0.013506074368899867
277.4515905855213,0.0020951574940608884
277.51441929715753,0.004688435735962099
277.5772480087937,0.007260258557685725
277.6400767204299,0.0017362101320186267
277.70290543206613,0.012190037476767402
277.76573414370233,0.02520190218808643
277.8285628553386,0.013425287241950119
277.8913915669748,0.0018369507876881148
277.954220278611,0.006215363671548929
278.01704899024725,0.018047335359663987
278.0798777018834,0.014655944177818738
278.1427064135196,0.009563137903409843
278.20553512515585,0.01811578080530649
278.26836383679205,0.013603588721246273
278.33119254842825,0.02432201443627503
278.3940212600645,0.021118123138380757
278.4568499717007,0.015093245473362264
278.51967868333696,0.004760438820297235
278.5825073949731,0.006535444036802807
278.6453361066093,0.007153340380861041
278.70816481824556,0.008666052092876705
278.77099352988176,0.005021021195857731
278.83382224151796,0.010369844649306176
278.8966509531542,0.01693906421242268
278.9594796647904,0.008353136120957717
279.0223083764267,0.0020720076783637613
279.0851370880628,0.008724273735174003
279.147965799699,0.01072901370658368
279.2107945113353,0.00936959519352791
279.2736232229715,0.0044064128406505875
279.3364519346077,0.010212298229503881
279.39928064624394,0.0006577727911529413
279.46210935788014,0.016600462939872346
279.52493806951634,0.021804030941977193
279.5877667811526,0.00032388717036585844
279.65059549278874,0.006641985409789808
279.713424204425,0.0028480056874962568
279.7762529160612,0.009820552954012352
279.8390816276974,0.007120573575089573
279.90191033933365,0.005606817173042793
279.96473905096985,0.011901985606044017
280.02756776260605,0.014135733676911726
280.0903964742423,0.00712059234562926
280.15322518587845,0.010178549442932628
280.21605389751466,0.009118828313597619
280.2788826091509,0.016945316362156522
280.3417113207871,0.015167533652603806
280.40454003242337,0.022597216882304396
280.46736874405957,0.015132375835544101
280.53019745569577,0.009333218258651564
280.593026167332,0.0055722092029275834
280.65585487896817,0.003535783185826184
280.71868359060437,0.008894645666759841
280.7815123022406,0.020308364597360344
280.84434101387683,0.026436791814677674
280.90716972551303,0.015873227602426692
280.9699984371493,0.009260386134233392
281.0328271487855,0.010312677364844307
281.09565586042174,0.0024647617125854305
281.1584845720579,0.0079799750420854
281.2213132836941,0.005394380440956753
281.28414199533034,0.007537222231128312
281.34697070696654,0.012268853805489952
281.40979941860274,0.013833640326948695
281.472628130239,0.008831089840582817
281.5354568418752,0.007796419072271604
281.5982855535114,0.0074375332315662615
281.6611142651476,0.0040943026592130645
281.7239429767838,0.015531259699766783
281.78677168842006,0.014582038880473951
281.84960040005626,0.014094983270226966
281.91242911169246,0.009509266513125952
281.9752578233287,0.0035995245931745123
282.0380865349649,0.01010945321851043
282.1009152466011,0.012226639668447127
282.1637439582373,0.008983287969780634
282.2265726698735,0.011061822568214993
282.2894013815097,0.020300613368982933
282.352230093146,0.022246733444697606
282.4150588047822,0.008097106065634237
282.47788751641843,0.00481405933327701
282.54071622805463,0.008964787834537068
282.60354493969083,0.010634625310361802
282.6663736513271,0.02084145409861962
282.72920236296324,0.012791912355467372
282.79203107459944,0.006884266485348619
282.8548597862357,0.004986059421716698
282.9176884978719,0.009048341610135598
282.9805172095081,0.0020482395358683066
283.04334592114435,0.001426776706195587
283.10617463278055,0.006051150396726838
283.1690033444168,0.012968025737787055
283.23183205605295,0.009586286677960467
283.29466076768915,0.004229005702496294
283.3574894793254,0.015584240328254968
283.4203181909616,0.021340396491788143
283.4831469025978,0.00962622077682422
283.54597561423407,0.0013673308579896576
283.60880432587027,0.007972267191512717
283.67163303750647,0.005353060174241717
283.73446174914267,0.019905269034713256
283.79729046077887,0.023287909903863854
283.8601191724151,0.010079017254444194
283.9229478840513,0.010285145681086993
283.9857765956875,0.015303605518926728
284.0486053073238,0.01174055713552201
284.11143401896,0.01332577996049311
284.1742627305962,0.015586318448698348
284.2370914422324,0.0123908787519736
284.2999201538686,0.011509752779528135
284.3627488655048,0.006107356699026316
284.42557757714104,0.007022070841470488
284.48840628877724,0.004277412638637543
284.5512350004135,0.006789658092388966
284.6140637120497,0.005901090380304363
284.6768924236859,0.005794324392052298
284.7397211353221,0.003390976244581903
284.8025498469583,0.011202626342630492
284.8653785585945,0.002030740050428506
284.92820727023076,0.0035762797762578093
284.99103598186696,0.008633864668382356
285.05386469350316,0.01820617302614284
285.1166934051394,0.015022761312431033
285.1795221167756,0.01066891980567746
285.2423508284118,0.010085104828160532
285.305179540048,0.005232139261545916
285.3680082516842,0.012159945650018083
285.4308369633205,0.01584088830138116
285.4936656749567,0.008707692864916483
285.5564943865929,0.005251088050715472
285.61932309822913,0.008783603128096432
285.68215180986533,0.0031644262968775075
285.74498052150153,0.016783265847287072
285.80780923313773,0.011024035623034672
285.87063794477393,0.008415163481811752
285.9334666564102,0.012905419025273595
285.9962953680464,0.006322833519185019
286.0591240796826,0.0021181383733114784
286.12195279131885,0.01240781145742606
286.18478150295505,0.011287102221209435
286.24761021459125,0.005958180268219959
286.31043892622745,0.008320320818870741
286.37326763786365,0.007288366237294035
286.43609634949985,0.0040811330155824735
286.4989250611361,0.0035694517761417632
286.5617537727723,0.011642314930817898
286.62458248440856,0.016734682391883693
286.68741119604476,0.003075390694714029
286.75023990768096,0.007089885685737926
286.81306861931716,0.007880434456731667
286.87589733095336,0.0042225405434636
286.93872604258956,0.006403293169693997
287.0015547542258,0.01937960493952514
287.064383465862,0.021307386857369413
287.1272121774982,0.009714740263605769
287.1900408891345,0.008545364840830936
287.2528696007707,0.011372895083448954
287.3156983124069,0.0211570097770667
287.3785270240431,0.02002342234917429
287.4413557356793,0.008972917579972687
287.50418444731554,0.0033332228788846034
287.56701315895174,0.014333141531831734
287.62984187058794,0.007073866437067629
287.6926705822242,0.01498176482017611
287.7554992938604,0.00930309787982671
287.8183280054966,0.015647954445803157
287.8811567171328,0.011412740041124641
287.943985428769,0.01068775723585116
288.00681414040525,0.008310005271005652
288.06964285204145,0.011218676070716119
288.13247156367765,0.010910508311099463
288.1953002753139,0.007749147130005375
288.2581289869501,0.020428555266529112
288.3209576985863,0.014822334188109841
288.3837864102225,0.004188528469771389
288.4466151218587,0.015741715023119773
288.5094438334949,0.018867076998651103
288.57227254513117,0.004386438435068587
288.63510125676737,0.009143870709438754
288.6979299684036,0.015134808071733868
288.7607586800398,0.010728783027650938
288.823587391676,0.02155161751430376
288.88641610331223,0.015458253088773194
288.94924481494843,0.01521507369031997
289.01207352658463,0.01874777753106567
289.0749022382209,0.014237255286090678
289.1377309498571,0.01391701775226854
289.2005596614933,0.018011651458410043
289.26338837312954,0.011741029039304912
289.32621708476574,0.009535000909005054
289.38904579640194,0.0025710545218260578
289.45187450803814,0.006692199048173258
289.51470321967435,0.029225240531360632
289.5775319313106,0.03548200725784533
289.6403606429468,0.016066817759286152
289.703189354583,0.00950324522699039
289.76601806621926,0.021672305701603438
289.82884677785546,0.023780681962823933
289.89167548949166,0.01791289033648574
289.95450420112786,0.005717427074045726
290.01733291276406,0.004745178193531598
290.0801616244003,0.0027303992454115215
290.1429903360365,0.005003200553849209
290.2058190476727,0.002108892976761515
290.268647759309,0.009700251359182283
290.3314764709452,0.023921267211822295
290.3943051825814,0.02076395027442917
290.4571338942176,0.012900793637791688
290.5199626058538,0.009450746667092893
290.58279131749,0.00407978624065675
290.64562002912623,0.0017448389972912462
290.70844874076244,0.009696002994363375
290.7712774523987,0.01747558659433772
290.8341061640349,0.012573761228442748
290.8969348756711,0.013088358402369158
290.9597635873073,0.006606142635549785
291.0225922989435,0.007324313467573243
291.0854210105797,0.0067543348695702
291.14824972221595,0.005031824453743856
291.21107843385215,0.009373005270082321
291.27390714548835,0.016667023288191155
291.3367358571246,0.01348730123276882
291.3995645687608,0.006988079962879845
291.462393280397,0.005521951635250558
291.5252219920332,0.012449306842549418
291.5880507036694,0.012728300807630977
291.65087941530567,0.005959973781016602
291.71370812694187,0.005515782069421987
291.77653683857807,0.010352653725247669
291.8393655502143,0.003324567133468763
291.9021942618505,0.006590070943202717
291.9650229734867,0.010994448540487386
292.0278516851229,0.012188764622164679
292.0906803967591,0.014820411397761508
292.1535091083954,0.010149868732862891
292.2163378200316,0.006741991269540364
292.2791665316678,0.007515382437597353
292.34199524330404,0.0038714418056398363
292.40482395494024,0.007274955822243512
292.46765266657644,0.016306420526730606
292.53048137821264,0.0026740683589588895
292.59331008984884,0.0059295703790779855
292.65613880148504,0.00539559230761809
292.7189675131213,0.012426954268224422
292.7817962247575,0.004856110136623991
292.84462493639376,0.008982917007652379
292.90745364802996,0.011191381196776795
292.97028235966616,0.013301217444085344
293.03311107130236,0.004992054833099243
293.09593978293856,0.009111197689972183
293.15876849457476,0.011531265201772202
293.221597206211,0.006087003955606048
293.2844259178472,0.014625153417241792
293.3472546294834,0.005648357861662747
293.4100833411197,0.010496670280220874
293.4729120527559,0.010757326368069182
293.5357407643921,0.005753403776398094
293.5985694760283,0.01087488417107145
293.6613981876645,0.010185830030933415
293.72422689930073,0.007043811705295901
293.78705561093693,0.015145360491726958
293.84988432257313,0.006504227691921948
293.9127130342094,0.006954812334330676
293.9755417458456,0.00795181118332771
294.0383704574818,0.010337612116886743
294.101199169118,0.012806281892871762
294.1640278807542,0.006779387162433774
294.22685659239045,0.005562547844182875
294.28968530402665,0.008728986433892002
294.35251401566285,0.011329729547440555
294.4153427272991,0.010567565334869071
294.4781714389353,0.012805817803422454
294.5410001505715,0.009521076078270593
294.6038288622077,0.0123464687394347
294.6666575738439,0.010917204835498224
294.7294862854801,0.00516610785636989
294.79231499711636,0.003810281283555106
294.85514370875256,0.008699915003296605
294.9179724203888,0.0032123351554492123
294.980801132025,0.007130203026131638
295.0436298436612,0.0053341787632996025
295.1064585552974,0.009058151677330328
295.1692872669336,0.013849004736449209
295.2321159785698,0.016466207259981016
295.2949446902061,0.016381851765653467
295.3577734018423,0.01451043989388396
295.4206021134785,0.010810462280346777
295.48343082511474,0.006888915782015125
295.54625953675094,0.008148930406929128
295.60908824838714,0.00690210654438241
295.67191696002334,0.012844691238996788
295.73474567165954,0.017405135598492234
295.7975743832958,0.011590668103652689
295.860403094932,0.0077696153574114525
295.9232318065682,0.007166194937456129
295.98606051820445,0.0008143814322567533
296.04888922984065,0.013822335293438785
296.11171794147685,0.009268745235877965
296.17454665311305,0.006477482119935221
296.23737536474925,0.010127354297687451
296.3002040763855,0.012501946856498171
296.3630327880217,0.003415867299089844
296.4258614996579,0.007437878121524951
296.48869021129417,0.008574395005082133
296.55151892293037,0.005359928872784174
296.61434763456657,0.016739389815381065
296.67717634620277,0.011199331240782316
296.74000505783897,0.0061056674949691355
296.80283376947517,0.011549000626569824
296.8656624811114,0.005353045327849999
296.92849119274763,0.016964164707854636
296.9913199043839,0.010365334059828335
297.0541486160201,0.0036220481678456325
297.1169773276563,0.009517121384800818
297.1798060392925,0.005198407822292968
297.2426347509287,0.004822345786957935
297.3054634625649,0.0024018543673023037
297.36829217420114,0.005530668919026975
297.43112088583734,0.005828929966819708
297.49394959747355,0.0030203923486302924
297.5567783091098,0.0032560595807806804
297.619607020746,0.01355491515204079
297.6824357323822,0.01122089253861716
297.7452644440184,0.005552663839710282
297.8080931556546,0.006180305919601066
297.87092186729086,0.00822265884111554
297.93375057892706,0.012734607824791914
297.99657929056326,0.021861274044119042
298.0594080021995,0.02102874925842472
298.1222367138357,0.016213245919172812
298.1850654254719,0.011569141746606644
298.2478941371081,0.01327852139349529
298.3107228487443,0.013388964145851402
298.3735515603806,0.012381795519404253
298.4363802720168,0.010887578583341356
298.499208983653,0.007917273720241135
298.56203769528923,0.010608469133975496
298.62486640692543,0.010635198836102066
298.68769511856163,0.005902813607055423
298.75052383019784,0.0037905959332439725
298.81335254183404,0.002883487416458107
298.87618125347024,0.009888604547326884
298.9390099651065,0.006322442599731617
299.0018386767427,0.014035629895820375
299.06466738837895,0.012087332872219868
299.12749610001515,0.011444881998888733
299.19032481165135,0.005630676240664347
299.25315352328755,0.01142511148657224
299.31598223492375,0.006443580391597819
299.37881094655995,0.019333260128597284
299.4416396581962,0.015590681853550318
299.5044683698324,0.006748313143282186
299.5672970814686,0.009044496346059916
299.63012579310487,0.004353821768993045
299.69295450474107,0.02165009874049565
299.75578321637727,0.033344049382863256
299.81861192801347,0.020564715342391154
299.88144063964967,0.021405706296266876
299.9442693512859,0.016834043777682103
300.0070980629221,0.012166409799261278
300.0699267745583,0.0093119983410591
300.1327554861946,0.006648657711652066
300.1955841978308,0.00759564665759977
300.258412909467,0.012671349228328951
300.3212416211032,0.008993609423004159
300.3840703327394,0.006205483126885595
300.44689904437564,0.0026575438011719075
300.50972775601184,0.009450514597516403
300.57255646764804,0.01943371394003004
300.6353851792843,0.013357818431446716
300.6982138909205,0.0061445689044263944
300.7610426025567,0.006182705669500494
300.8238713141929,0.008366991718103711
300.8867000258291,0.0055093108053563145
300.9495287374653,0.006719595277762594
301.01235744910156,0.007529711058057725
301.07518616073776,0.0062108527219402
301.138014872374,0.005096461993141682
301.2008435840102,0.004988600310631607
301.2636722956464,0.006276914640968756
301.3265010072826,0.004545129070252234
301.3893297189188,0.00402483477141131
301.452158430555,0.015416010678381975
301.5149871421913,0.009955303009078818
301.5778158538275,0.004938089540192246
301.6406445654637,0.005495540258162456
301.70347327709993,0.0016704456745354377
301.76630198873613,0.006443349187025596
301.82913070037233,0.00557650559900539
301.89195941200853,0.009017657003352
301.95478812364473,0.008396162680603442
302.017616835281,0.01283124955323754
302.0804455469172,0.012388302951745011
302.1432742585534,0.0033717618784020777
302.20610297018965,0.004152925910375971
302.26893168182585,0.0143229495967877
302.33176039346205,0.010294537461259742
302.39458910509825,0.009275196034182667
302.45741781673445,0.015064211906170735
302.5202465283707,0.013206718290284516
302.5830752400069,0.009345653987811453
302.6459039516431,0.011080228133059814
302.70873266327936,0.006937702065877176
302.77156137491556,0.007328190258405971
302.83439008655176,0.006765236947772589
302.89721879818796,0.005061214000680446
302.96004750982416,0.011776617386704179
303.02287622146036,0.010112069549178197
303.0857049330966,0.006819709136552079
303.1485336447328,0.011560324483181368
303.2113623563691,0.010404481518471571
303.2741910680053,0.002837058868229586
303.3370197796415,0.004856157975122253
303.3998484912777,0.0036435337062404724
303.4626772029139,0.007340499494369412
303.5255059145501,0.011711856746994697
303.58833462618634,0.012442535093875695
303.65116333782254,0.005210611406426645
303.71399204945874,0.02066714422522078
303.776820761095,0.02092676254122284
303.8396494727312,0.025475017823004688
303.9024781843674,0.024719163560859014
303.9653068960036,0.018201345803688894
304.0281356076398,0.007691954465865364
304.09096431927605,0.006103260949614812
304.15379303091225,0.007631450667473331
304.21662174254845,0.003828631634987793
304.2794504541847,0.006675033388136929
304.3422791658209,0.010175101548916834
304.4051078774571,0.0012738948240204055
304.4679365890933,0.005962136974986688
304.5307653007295,0.0071474430506883666
304.59359401236577,0.01544382665019241
304.65642272400197,0.015240468904972375
304.71925143563817,0.011716529963053576
304.7820801472744,0.008699674823935436
304.8449088589106,0.007573395087643147
304.90773757054683,0.0020628091642216394
304.97056628218303,0.0053996239641008435
305.03339499381923,0.005795131791203609
305.09622370545543,0.0015958155800251796
305.1590524170917,0.01216098135642009
305.2218811287279,0.004865765628318339
305.28470984036414,0.0052846365595759425
305.34753855200034,0.006642855398698901
305.41036726363654,0.008365627796076178
305.47319597527274,0.009517279997756412
305.53602468690895,0.017035082207199376
305.59885339854515,0.016386723417961428
305.6616821101814,0.005782834211835483
305.7245108218176,0.01436528935837964
305.7873395334538,0.013836665105004815
305.85016824509006,0.013560554811574739
305.91299695672626,0.02169008069959934
305.97582566836246,0.019743264896217454
306.03865437999866,0.013686720646021727
306.10148309163486,0.0036786920974096068
306.1643118032711,0.0038049429992260855
306.2271405149073,0.006869371771476192
306.2899692265435,0.007026521649967169
306.3527979381798,0.009571601035683707
306.415626649816,0.0023968585962805505
306.4784553614522,0.01179457659442521
306.5412840730884,0.003496927682866091
306.6041127847246,0.010540757227858334
306.66694149636083,0.003431648615822978
306.72977020799703,0.010947021561872203
306.79259891963324,0.026059304898478887
306.8554276312695,0.02362468057741008
306.9182563429057,0.011815973865765488
306.9810850545419,0.005662287445616651
307.0439137661781,0.00489021588553901
307.1067424778143,0.012457178043950726
307.1695711894505,0.015566797945360152
307.23239990108675,0.010977592800226992
307.29522861272295,0.006122287993184778
307.3580573243592,0.00971933537200885
307.4208860359954,0.008078008297642948
307.4837147476316,0.00550372454753163
307.5465434592678,0.0025689554004801832
307.609372170904,0.016033857955098246
307.6722008825402,0.019723571349932613
307.73502959417647,0.021235007071496625
307.79785830581267,0.012710826072527395
307.86068701744887,0.002067988573735672
307.9235157290851,0.01834357812016079
307.9863444407213,0.02231115351347635
308.0491731523575,0.015734118356457834
308.1120018639937,0.008938568000816986
308.1748305756299,0.008797800482383733
308.2376592872662,0.004107387111853324
308.3004879989024,0.007125029307599482
308.3633167105386,0.0027219636648363843
308.42614542217484,0.004579993549176901
308.48897413381104,0.009695320977347417
308.55180284544724,0.002339021426016106
308.61463155708344,0.014421714168587223
308.67746026871964,0.007197007555626805
308.7402889803559,0.007683764283670363
308.8031176919921,0.017762467158526172
308.8659464036283,0.01045334986602514
308.92877511526456,0.007214143789026767
308.99160382690076,0.016047712546517056
309.05443253853696,0.007113938117679053
309.11726125017316,0.00889810941144727
309.18008996180936,0.0027634594167566294
309.24291867344556,0.001500812725506003
309.3057473850818,0.00754692385926245
309.368576096718,0.01030157666965544
309.4314048083543,0.008037254317849551
309.4942335199905,0.008798882103777697
309.5570622316267,0.006810400397200321
309.6198909432629,0.0018407739736541785
309.6827196548991,0.006812969914298965
309.7455483665353,0.00888136114498908
309.80837707817153,0.0048570429484394925
309.87120578980773,0.004850478409834153
309.93403450144393,0.008505408472100424
309.9968632130802,0.008184431758129534
310.0596919247164,0.005474657683023035
310.1225206363526,0.0035730077057961164
310.1853493479888,0.006815731224913381
310.248178059625,0.005172731517036136
310.31100677126125,0.01608415901113918
310.37383548289745,0.01668064196857733
310.43666419453365,0.009777962096660481
310.4994929061699,0.012770591974921593
310.5623216178061,0.0059160373787222114
310.6251503294423,0.014323818454704663
310.6879790410785,0.009522122006545052
310.7508077527147,0.0013071688710067273
310.81363646435096,0.008246651647816633
310.87646517598716,0.011725766885922178
310.93929388762336,0.00018618836893526434
311.0021225992596,0.00913742995567655
311.0649513108958,0.011862798298053786
311.127780022532,0.011880653342014996
311.1906087341682,0.017369525248699398
311.2534374458044,0.019214641010024666
311.3162661574406,0.012410263807385285
311.3790948690769,0.012036468113148438
311.4419235807131,0.0014143348075982094
311.50475229234934,0.005542848410041855
311.56758100398554,0.007688758941645597
311.63040971562174,0.005112621315344567
311.69323842725794,0.011350333741797596
311.75606713889414,0.014121644757921712
311.81889585053034,0.01733748246546089
311.8817245621666,0.008116591792263584
311.9445532738028,0.008574838793758257
312.007381985439,0.008319511871995224
312.07021069707525,0.011873001116480993
312.13303940871145,0.01179585756101814
312.19586812034765,0.010894821206696468
312.25869683198385,0.0017841687684300779
312.32152554362006,0.01445721479773803
312.3843542552563,0.004540399199269353
312.4471829668925,0.009093958617562056
312.5100116785287,0.010713496572595162
312.57284039016497,0.0175458551052721
312.63566910180117,0.008839896056854063
312.69849781343737,0.011319101006545776
312.76132652507357,0.01328500124796282
312.82415523670977,0.00872924023740596
312.886983948346,0.012088429521314774
312.94981265998223,0.018635461313645175
313.01264137161843,0.016197973840805673
313.0754700832547,0.011580709780427181
313.1382987948909,0.009625121864760503
313.2011275065271,0.013501895785403274
313.2639562181633,0.003869558920904451
313.3267849297995,0.006916936802355907
313.3896136414357,0.004777755149003115
313.45244235307194,0.008880674372681254
313.51527106470814,0.006203175439510879
313.5780997763444,0.004182451371425732
313.6409284879806,0.008471728023339816
313.7037571996168,0.007240375430772152
313.766585911253,0.01071432085859071
313.8294146228892,0.011975856513053914
313.8922433345254,0.02303411373824614
313.95507204616166,0.008896314529436176
314.01790075779786,0.0085035166095712
314.08072946943406,0.001994566936626586
314.1435581810703,0.002731167661306458
314.2063868927065,0.0031474109408334487
314.2692156043427,0.006988270292806833
314.3320443159789,0.010859763952078157
314.3948730276151,0.011337868280386134
314.4577017392514,0.008173534775720125
314.5205304508876,0.011596346458649957
314.5833591625238,0.01357278641364694
314.64618787416003,0.011382992493166582
314.70901658579623,0.009377095357944974
314.77184529743244,0.015040476332127323
314.83467400906864,0.006995002982891858
314.89750272070484,0.008690276965127194
314.9603314323411,0.010539321354815145
315.0231601439773,0.007547865436683626
315.0859888556135,0.005231266011103839
315.14881756724975,0.004746694512778861
315.21164627888595,0.013002988807914341
315.27447499052215,0.016593786034514845
315.33730370215835,0.00768517286857777
315.40013241379455,0.01302684327789076
315.46296112543075,0.00635215624203334
315.525789837067,0.021453579946489245
315.5886185487032,0.01939757730436692
315.65144726033947,0.014561057422306824
315.71427597197567,0.010410426224144046
315.77710468361187,0.006235165802398331
315.83993339524807,0.015213186297975608
315.90276210688427,0.022012774157303374
315.96559081852047,0.019036240338856623
316.0284195301567,0.01214186513845331
316.0912482417929,0.01009248878423881
316.1540769534291,0.009234649800953985
316.2169056650654,0.006960546660573299
316.2797343767016,0.006534880500567741
316.3425630883378,0.014178009650328898
316.405391799974,0.013787563653648926
316.4682205116102,0.011551289656209454
316.53104922324644,0.013763192332198866
316.59387793488264,0.008595794601938033
316.65670664651884,0.015046954216502987
316.7195353581551,0.009792176477147098
316.7823640697913,0.006001711221078163
316.8451927814275,0.010727076643022354
316.9080214930637,0.01108181755375927
316.9708502046999,0.010163345637329669
317.03367891633616,0.016509158487450548
317.09650762797236,0.018520078064058837
317.15933633960856,0.009160542714279381
317.2221650512448,0.006679494685019413
317.284993762881,0.006119435071320607
317.3478224745172,0.011127315960563131
317.4106511861534,0.017744351869567444
317.4734798977896,0.027246511727057065
317.5363086094258,0.017082263887962485
317.5991373210621,0.010242424858316985
317.6619660326983,0.004677910741770403
317.72479474433453,0.001858637234053566
317.78762345597073,0.006270825152766719
317.85045216760693,0.009339394540059557
317.91328087924313,0.005120351871103734
317.97610959087933,0.0071085148086155025
318.03893830251553,0.01741579738660936
318.1017670141518,0.018366886273319612
318.164595725788,0.011258636506818919
318.2274244374242,0.008081194476654773
318.29025314906045,0.004863780975613619
318.35308186069665,0.013634810415462554
318.41591057233285,0.016872178815831265
318.47873928396905,0.008210346610161757
318.54156799560525,0.00577645972948631
318.6043967072415,0.010404917706195109
318.6672254188777,0.013476109320679575
318.7300541305139,0.015541104476421772
318.79288284215016,0.009231003769541947
318.85571155378636,0.004048648875416115
318.9185402654225,0.006011428924658304
318.98136897705876,0.00630928852019105
319.04419768869496,0.008360212175855596
319.1070264003312,0.0035064383703199645
319.1698551119674,0.005670464971801255
319.2326838236036,0.010091427536180746
319.2955125352399,0.00745922056244427
319.3583412468761,0.00725577099494979
319.4211699585122,0.004014201955431853
319.4839986701485,0.008775165183722521
319.5468273817847,0.011170294540735613
319.6096560934209,0.0114168319349443
319.67248480505714,0.004905244286663053
319.73531351669334,0.003234799992772663
319.7981422283296,0.014006821436622649
319.8609709399658,0.01038091745857676
319.923799651602,0.012390327389606019
319.9866283632382,0.01819586920150931
320.0494570748744,0.008299125402906912
320.1122857865106,0.01162289687478905
320.17511449814685,0.016365153071886785
320.23794320978305,0.009207782834838875
320.30077192141925,0.003342482164399999
320.3636006330555,0.009217178625967389
320.4264293446917,0.010564465552927069
320.4892580563279,0.004933101451680872
320.5520867679641,0.0035898623898237086
320.6149154796003,0.0013981869013295625
320.67774419123657,0.0014866339878075753
320.74057290287277,0.011824272753329104
320.80340161450897,0.018284900787187825
320.8662303261452,0.009938946773453151
320.9290590377814,0.0044360298530720255
320.9918877494176,0.0053556334465845136
321.05471646105383,0.010800686260038474
321.11754517269003,0.01160122521949447
321.1803738843263,0.010452400335606007
321.2432025959625,0.013513966320262355
321.3060313075987,0.00994804697619822
321.36886001923494,0.004358074704377444
321.43168873087114,0.00853485851639046
321.4945174425073,0.004176842560340342
321.55734615414354,0.01100721480417155
321.62017486577975,0.007433235714032642
321.68300357741595,0.01030960381016042
321.7458322890522,0.021034418041806727
321.8086610006884,0.02178127017548554
321.87148971232466,0.009362219045366299
321.93431842396086,0.008416356714996773
321.997147135597,0.005169268395618235
322.05997584723326,0.007128106725066076
322.12280455886946,0.003064516709610026
322.18563327050566,0.010770820028392346
322.2484619821419,0.012965175722651087
322.3112906937781,0.00399131683305768
322.3741194054144,0.001294828383118994
322.4369481170506,0.010398662990282857
322.4997768286867,0.009960565239306579
322.562605540323,0.015025084834994347
322.6254342519592,0.01324667460602513
322.6882629635954,0.0080735397473315
322.75109167523163,0.011290708671316894
322.81392038686784,0.005234380963460906
322.87674909850404,0.004277942453454534
322.9395778101403,0.009431281034182799
323.0024065217765,0.011899459104068172
323.0652352334127,0.002792204817299517
323.1280639450489,0.01196182468448505
323.1908926566851,0.004041575113242033
323.25372136832135,0.008874344181948835
323.31655007995755,0.005577219513063588
323.37937879159375,0.002950876211412462
323.44220750323,0.008778903922845221
323.5050362148662,0.015590459697664778
323.56786492650235,0.010478578876920117
323.6306936381386,0.00992297740117029
323.6935223497748,0.008732334987549894
323.75635106141107,0.005491316412490621
323.81917977304727,0.0055478366221184666
323.88200848468347,0.007353912717871408
323.9448371963197,0.00842219749999824
324.0076659079559,0.009456198868697679
324.07049461959207,0.013393042124502548
324.1333233312283,0.0057673460775303385
324.1961520428645,0.009179685875824174
324.2589807545007,0.011382237355124652
324.321809466137,0.013731375044807119
324.3846381777732,0.01875561521845258
324.44746688940944,0.016880915864090077
324.51029560104564,0.0026757476256726548
324.5731243126818,0.005229114581972423
324.63595302431804,0.004191532783044869
324.69878173595424,0.00428379843722432
324.76161044759044,0.0034574192213796436
324.8244391592267,0.0025294618534775362
324.8872678708629,0.006404428893503226
324.9500965824991,0.01443500340830518
325.01292529413536,0.01588756050186507
325.0757540057715,0.014461517519615264
325.13858271740776,0.004458177521579773
325.20141142904396,0.007519407418825036
325.26424014068016,0.0041797499112350735
325.3270688523164,0.008466606154482555
325.3898975639526,0.008141855040182727
325.4527262755888,0.007769585754182422
325.5155549872251,0.00618412641885376
325.5783836988612,0.004350840560574081
325.6412124104974,0.007237424708416234
325.7040411221337,0.0034062454857378918
325.7668698337699,0.004229101493048002
325.82969854540613,0.01326274854178938
325.89252725704233,0.005878482927842064
325.95535596867853,0.013485900158019128
326.0181846803148,0.014653378971190664
326.081013391951,0.008041701180165386
326.14384210358713,0.012302368609100863
326.2066708152234,0.01002447993022199
326.2694995268596,0.00256093511959463
326.3323282384958,0.004341611258728047
326.39515695013205,0.004174684074507059
326.45798566176825,0.0017093987069566224
326.5208143734045,0.010135732481173464
326.5836430850407,0.018583529729999822
326.64647179667685,0.025908557560285494
326.7093005083131,0.016609976949608727
326.7721292199493,0.00318027152103161
326.8349579315855,0.009407729886663236
326.89778664322176,0.0068185160724621
326.96061535485796,0.006573323674820641
327.02344406649416,0.009316230447629765
327.0862727781304,0.0029611155775181083
327.14910148976657,0.008847979202750812
327.2119302014028,0.007699077464733805
327.274758913039,0.004246219275573433
327.3375876246752,0.007647294087952384
327.4004163363115,0.014215743592630295
327.4632450479477,0.004664722547415928
327.5260737595839,0.0028968989262453744
327.58890247122014,0.007820592313794434
327.6517311828563,0.008391231143407694
327.7145598944925,0.0020721871676028683
327.77738860612874,0.004305177037405964
327.84021731776494,0.01885980777248799
327.9030460294012,0.015373297228675007
327.9658747410374,0.009321838907425039
328.0287034526736,0.006870768165715627
328.09153216430985,0.0024211754408755386
328.154360875946,0.005541552453477204
328.2171895875822,0.005917766198137225
328.28001829921845,0.019418675918243117
328.34284701085465,0.008744010465035252
328.40567572249086,0.008915595966625675
328.4685044341271,0.01569089237760046
328.5313331457633,0.008933279807750435
328.59416185739957,0.005756585862056261
328.6569905690357,0.0029831653128480394
328.7198192806719,0.003725627163461215
328.78264799230817,0.0031104874827213224
328.84547670394437,0.006565142988351204
328.90830541558057,0.0033095131784743204
328.9711341272168,0.006355009081850214
329.03396283885303,0.01655127950583773
329.09679155048923,0.014872405447570949
329.1596202621255,0.011652959508037904
329.22244897376163,0.0020213637521044343
329.2852776853979,0.01691409952938444
329.3481063970341,0.013258414750359113
329.4109351086703,0.002811451002740694
329.47376382030654,0.01406432659601697
329.53659253194274,0.007678401011397234
329.59942124357894,0.011379898401070928
329.6622499552152,0.00930527929500452
329.72507866685135,0.006377720799678389
329.78790737848755,0.009158223914026063
329.8507360901238,0.004138788919563946
329.91356480176,0.012473625250345092
329.97639351339626,0.01903962265995918
330.03922222503246,0.01132144010832513
330.10205093666866,0.007246035362130198
330.1648796483049,0.008360285109909164
330.22770835994106,0.01806029492841173
330.29053707157726,0.022502102131635882
330.3533657832135,0.01535317653972009
330.4161944948497,0.009659183909077081
330.4790232064859,0.01853353004936487
330.5418519181222,0.0024208316235866823
330.6046806297584,0.01549483840522632
330.66750934139463,0.007040992028291764
330.7303380530308,0.00597294139002446
330.793166764667,0.0069187967064711295
330.85599547630324,0.009876473312943026
330.91882418793944,0.006271904424851395
330.98165289957564,0.006931794083502228
331.0444816112119,0.010761032067428202
331.1073103228481,0.00542617950613023
331.1701390344843,0.007651618334672107
331.2329677461205,0.005916375027773706
331.2957964577567,0.013155321479912867
331.35862516939295,0.01189612490947173
331.42145388102915,0.013344229482103741
331.48428259266535,0.01830981105076278
331.5471113043016,0.012938730626673875
331.6099400159378,0.01143122797552883
331.672768727574,0.00977612803911714
331.73559743921027,0.012565307817428794
331.7984261508464,0.012973026397263662
331.8612548624826,0.010775725127070715
331.92408357411887,0.015242257278415881
331.98691228575507,0.029523662805086046
332.0497409973913,0.008611517664499932
332.1125697090275,0.004787549202738352
332.1753984206637,0.005544242390161105
332.2382271323,0.008542417562640181
332.3010558439361,0.006032888373465006
332.3638845555723,0.0032064160557135567
332.4267132672086,0.002267048283318119
332.4895419788448,0.0067854644234256484
332.552370690481,0.01614608998753378
332.61519940211724,0.01563820847706347
332.67802811375344,0.010144119611738181
332.7408568253897,0.005948278543526058
332.80368553702584,0.010421714443945315
332.86651424866204,0.01285876823067041
332.9293429602983,0.012266452364302342
332.9921716719345,0.0022215976930901617
333.0550003835707,0.006443360300164467
333.11782909520696,0.006232704746265352
333.18065780684316,0.01085728303067469
333.24348651847936,0.006658612945765096
333.30631523011556,0.005478586932949616
333.36914394175176,0.006576493959883665
333.431972653388,0.006936206543791767
333.4948013650242,0.008264884104267643
333.5576300766604,0.004488553383437361
333.6204587882967,0.0031584680256399357
333.6832874999329,0.011800852797874866
333.7461162115691,0.010359304463051243
333.8089449232053,0.0028081392864948212
333.8717736348415,0.009640992744105676
333.9346023464777,0.01095289696363786
333.99743105811393,0.005679195152475132
334.06025976975013,0.005311935643047255
334.1230884813864,0.007689699506774404
334.1859171930226,0.0033973734763312474
334.2487459046588,0.005878861621801789
334.311574616295,0.011792749302490132
334.3744033279312,0.005094006987120912
334.4372320395674,0.005254449902677074
334.50006075120365,0.00787813515625634
334.56288946283985,0.01544058369802104
334.62571817447605,0.017900899065827116
334.6885468861123,0.011073179197974565
334.7513755977485,0.007689933964552725
334.81420430938476,0.0036888378703250867
334.8770330210209,0.007451533579937513
334.9398617326571,0.00649672749538929
335.00269044429336,0.010558627101567374
335.06551915592956,0.005930433991275734
335.12834786756576,0.0025237908640213832
335.191176579202,0.010812597037537638
335.2540052908382,0.010955951722912666
335.3168340024744,0.00835554855778644
335.3796627141106,0.011586226919084529
335.4424914257468,0.012789321880249116
335.5053201373831,0.01915273813584104
335.5681488490193,0.023576533438266684
335.6309775606555,0.014028030675815388
335.69380627229174,0.007344116734445952
335.75663498392794,0.004160830599889092
335.81946369556414,0.007319788274649052
335.88229240720034,0.006028552019006101
335.94512111883654,0.006956724785392357
336.00794983047274,0.011098445384329424
336.070778542109,0.011578725949529101
336.1336072537452,0.00411174475994367
336.19643596538145,0.00999546579417598
336.25926467701765,0.010595638186822926
336.32209338865385,0.0032235883008442405
336.38492210029005,0.0038805437540492833
336.44775081192626,0.006872197784225301
336.51057952356246,0.0016258973934267585
336.5734082351987,0.004862247641856889
336.6362369468349,0.007122740842818972
336.6990656584711,0.0013262241893955823
336.76189437010737,0.003607193723293034
336.82472308174357,0.002617728406820251
336.88755179337977,0.003517891123789354
336.95038050501597,0.008779332348318085
337.01320921665217,0.006500442064872173
337.07603792828843,0.011401086044919656
337.13886663992463,0.012665224824375538
337.20169535156083,0.010818907560653892
337.2645240631971,0.007992370890502087
337.3273527748333,0.005852178430816569
337.3901814864695,0.00925325878003284
337.4530101981057,0.008299073655954005
337.5158389097419,0.0017505258373269712
337.57866762137814,0.010671022006350112
337.64149633301435,0.014375585747094799
337.70432504465055,0.011641383506591257
337.7671537562868,0.003917658697986928
337.829982467923,0.008304812755618972
337.8928111795592,0.012616122683461564
337.9556398911954,0.004738734020216737
338.0184686028316,0.011226535243349605
338.0812973144678,0.010797605349972362
338.14412602610406,0.010474231059675754
338.20695473774026,0.010540116958250466
338.2697834493765,0.0009259378031783289
338.3326121610127,0.010351323681042286
338.3954408726489,0.006059882521778354
338.4582695842851,0.007778462564171889
338.5210982959213,0.007862531889676908
338.5839270075575,0.002773497193232254
338.6467557191938,0.006040220718937894
338.70958443083,0.010532911402011028
338.7724131424662,0.0028549162638071526
338.83524185410243,0.013271550019349043
338.89807056573864,0.0125894780186857
338.96089927737484,0.005933864168654272
339.02372798901104,0.0017668716944820126
339.08655670064724,0.002619454361553885
339.1493854122835,0.001954299992987089
339.2122141239197,0.005102272035016939
339.2750428355559,0.013359138958770337
339.33787154719215,0.009579442784116482
339.40070025882835,0.009243474575340667
339.46352897046455,0.006178826322596931
339.52635768210075,0.014471542860228365
339.58918639373695,0.019919439543590624
339.6520151053732,0.014391855760835251
339.7148438170094,0.0089620719555186
339.7776725286456,0.007860528504042895
339.84050124028187,0.009826746621333362
339.90332995191807,0.010827040023632318
339.96615866355427,0.00852481800871908
340.02898737519047,0.005494044635195252
340.09181608682667,0.011560076726664335
340.15464479846287,0.004461159985499628
340.2174735100991,0.003921202945160053
340.2803022217353,0.009056288948683646
340.3431309333716,0.006912092884242333
340.4059596450078,0.005731355043557862
340.468788356644,0.0045406575631417295
340.5316170682802,0.005676363025985772
340.5944457799164,0.004310771938351878
340.6572744915526,0.0047465994733943235
340.72010320318884,0.003865586775274367
340.78293191482504,0.011819307374733194
340.84576062646124,0.005933882924831518
340.9085893380975,0.0008425457658518354
340.9714180497337,0.0036108952757137685
341.0342467613699,0.0052104021631674885
341.0970754730061,0.003894684911407092
341.1599041846423,0.004871697653421064
341.22273289627856,0.0028209475383776583
341.28556160791476,0.01533576486262004
341.34839031955096,0.01286146371365297
341.4112190311872,0.00787392276742436
341.4740477428234,0.007012004920745822
341.5368764544596,0.008654026764387781
341.5997051660958,0.008084519377408606
341.662533877732,0.016080945543147106
341.7253625893683,0.01027664280478567
341.7881913010045,0.013961188801743634
341.8510200126407,0.011769916496563955
341.91384872427693,0.006138897872624026
341.97667743591313,0.012432754898771978
342.03950614754933,0.00911446892844426
342.10233485918553,0.00850364811102877
342.16516357082173,0.009294415084085558
342.22799228245793,0.003421269756234151
342.2908209940942,0.007953176520181153
342.3536497057304,0.005620236331329876
342.41647841736665,0.01053472771654818
342.47930712900285,0.010603543124521796
342.54213584063905,0.005725589166342633
342.60496455227525,0.0017539389185026936
342.66779326391145,0.01582395306693633
342.73062197554765,0.003340797429769205
342.7934506871839,0.010101198422814713
342.8562793988201,0.013443745083199348
342.9191081104563,0.013633721677721644
342.98193682209256,0.005025600647387654
343.04476553372876,0.0074767781543318155
343.10759424536496,0.011797830070000377
343.17042295700116,0.010853118714668396
343.23325166863737,0.0029852842186664473
343.2960803802736,0.008258114706635775
343.3589090919098,0.003221197432537074
343.421737803546,0.0018441953387669313
343.4845665151823,0.007832573920274569
343.5473952268185,0.0039616610221492555
343.6102239384547,0.009587323346340035
343.6730526500909,0.007169025792987281
343.7358813617271,0.010858570144070188
343.79871007336334,0.003908896569049102
343.86153878499954,0.009284559877759519
343.92436749663574,0.0036534195650060873
343.987196208272,0.006968395803138182
344.0500249199082,0.002631341745084882
344.1128536315444,0.005081193640946203
344.1756823431806,0.005194148007629487
344.2385110548168,0.012297343107937566
344.301339766453,0.009873488151954374
344.36416847808925,0.012111030635233342
344.42699718972545,0.010904840981353237
344.4898259013617,0.016490155971482144
344.5526546129979,0.011154279275050381
344.6154833246341,0.011638696843187064
344.6783120362703,0.009823215073866775
344.7411407479065,0.009516169656017405
344.8039694595427,0.002944665943626763
344.86679817117897,0.012146850813617969
344.92962688281517,0.01748988418755329
344.99245559445137,0.012772611442298147
345.05528430608763,0.00868696365399475
345.11811301772383,0.0008243743313762831
345.18094172936003,0.010604949279429598
345.24377044099623,0.006304510405734688
345.30659915263243,0.0013366212372677472
345.3694278642687,0.005746635553809582
345.4322565759049,0.014307841107408553
345.4950852875411,0.007704623792969438
345.55791399917734,0.007053593703182176
345.62074271081354,0.006056194915558508
345.68357142244975,0.007178210035393137
345.74640013408595,0.00818233594410143
345.80922884572215,0.0052107119969122566
345.8720575573584,0.0031945992667276753
345.9348862689946,0.01013367987348388
345.9977149806308,0.01787284049103191
346.06054369226706,0.0040149532090871624
346.12337240390326,0.007447114934208381
346.18620111553946,0.008920179609438675
346.24902982717566,0.006157951643214199
346.31185853881186,0.005918499573611486
346.37468725044806,0.004371658265428804
346.4375159620843,0.002143981407441438
346.5003446737205,0.005652486292254584
346.5631733853568,0.004375386501883488
346.626002096993,0.0034490848854024318
346.6888308086292,0.011600573625719732
346.7516595202654,0.017360452794052177
346.8144882319016,0.006772573416732507
346.8773169435378,0.008884490822554355
346.94014565517404,0.01232654492907611
347.00297436681024,0.012315939950820563
347.06580307844644,0.006050304076820106
347.1286317900827,0.006264347795653323
347.1914605017189,0.0070378210149302555
347.2542892133551,0.005921400217419332
347.3171179249913,0.007258488967317487
347.3799466366275,0.011942405452951341
347.44277534826375,0.006815054300676919
347.50560405989995,0.004041861093470229
347.56843277153615,0.009925355360617193
347.6312614831724,0.00792834811906864
347.6940901948086,0.005796895773292199
347.7569189064448,0.008415357086834802
347.819747618081,0.0047268488414538515
347.8825763297172,0.0107789416964203
347.94540504135347,0.015534012203840868
348.00823375298967,0.013785961041564735
348.07106246462587,0.006838653684999259
348.1338911762621,0.0027317975047379465
348.1967198878983,0.008358200037239607
348.2595485995345,0.003914846175507359
348.3223773111707,0.011916898315922232
348.3852060228069,0.010541201184051345
348.4480347344431,0.011353469407901846
348.5108634460794,0.008060650831839253
348.5736921577156,0.002611500516150462
348.63652086935184,0.0048998985832582045
348.69934958098804,0.0046402410671513355
348.76217829262424,0.004251594329887246
348.82500700426044,0.007335235850526319
348.88783571589664,0.009795487534628344
348.95066442753284,0.014472168341705994
349.0134931391691,0.008709362689926503
349.0763218508053,0.007582950663341974
349.1391505624415,0.012535503822412416
349.20197927407776,0.01341721042196397
349.26480798571396,0.009019003318572914
349.32763669735016,0.0014509023349820187
349.39046540898636,0.0018408487817481417
349.45329412062256,0.007425109611960106
349.5161228322588,0.010381410653126017
349.578951543895,0.003286790118233431
349.6417802555312,0.003115504378338914
349.7046089671675,0.004949503725334608
349.7674376788037,0.004055292559179901
349.8302663904399,0.002558267782710748
349.8930951020761,0.0061948931780429995
349.9559238137123,0.004837299439906989
350.01875252534853,0.00232757163305989
350.08158123698473,0.005333663675839994
350.14440994862093,0.013499621130993263
350.2072386602572,0.01911170686233425
350.2700673718934,0.011408961431152777
350.3328960835296,0.004459831951240716
350.3957247951658,0.00562261698207826
350.458553506802,0.005688123607328151
350.5213822184382,0.007841000541588017
350.58421093007445,0.010522247026416753
350.64703964171065,0.009090033653909379
350.7098683533469,0.005254608363632782
350.7726970649831,0.012478542331084898
350.8355257766193,0.008267435986057475
350.8983544882555,0.0066241392676434354
350.9611831998917,0.013168383145302479
351.0240119115279,0.008903352536661042
351.08684062316416,0.004107213961138074
351.14966933480036,0.004762599483862536
351.21249804643656,0.0038852348424061626
351.2753267580728,0.009304466971506456
351.338155469709,0.013335324715670218
351.4009841813452,0.012471035584496649
351.4638128929814,0.010895489693624333
351.5266416046176,0.005414185911097249
351.5894703162539,0.002162665751835916
351.6522990278901,0.005293496007086104
351.7151277395263,0.007190561278410768
351.77795645116254,0.0067127172282358035
351.84078516279874,0.0010459120990910942
351.90361387443494,0.008196983172920847
351.96644258607114,0.003610688544407512
352.02927129770734,0.0016138672514256997
352.0921000093436,0.0067513843859137055
352.1549287209798,0.005603278388680663
352.217757432616,0.0035380739471517018
352.28058614425225,0.0009375055742958757
352.34341485588845,0.009722934617084145
352.40624356752465,0.011578873497161002
352.46907227916086,0.005205117931904708
352.53190099079706,0.005680332787845452
352.59472970243326,0.004024207605467325
352.6575584140695,0.009956598894858804
352.7203871257057,0.006717732676737819
352.78321583734197,0.0075664336830882336
352.84604454897817,0.016722442336608703
352.90887326061437,0.01708905702340822
352.97170197225057,0.015378081518149959
353.03453068388677,0.004679435860185221
353.097359395523,0.006583848784649149
353.16018810715923,0.0059230348540954
353.22301681879543,0.007480162630412617
353.28584553043163,0.01821133469315555
353.3486742420679,0.021234132656855878
353.4115029537041,0.01549657084291235
353.4743316653403,0.01351494703079558
353.5371603769765,0.0027444561781543335
353.5999890886127,0.006119136693256103
353.66281780024894,0.0010325713003246065
353.72564651188515,0.004852913729955815
353.78847522352135,0.0036084020402290307
353.8513039351576,0.010036901787725495
353.9141326467938,0.005768377653680043
353.97696135843,0.007051840885824872
354.0397900700662,0.0035319475222718674
354.1026187817024,0.002990705143573998
354.16544749333866,0.015944734659974254
354.22827620497486,0.007611839625221784
354.29110491661106,0.006395750063026868
354.3539336282473,0.010111657934326767
354.4167623398835,0.012533979834950259
354.4795910515197,0.005366491681185244
354.5424197631559,0.005330419170284342
354.6052484747921,0.01828541841870899
354.6680771864283,0.014087348532387889
354.7309058980646,0.0050305228326582435
354.7937346097008,0.011014795023307971
354.85656332133703,0.009776368972384503
354.91939203297324,0.005665339381807192
354.98222074460944,0.002497076590614039
355.04504945624564,0.007504796124259955
355.10787816788184,0.014908113114555014
355.17070687951804,0.01060860559009203
355.2335355911543,0.005897165731231717
355.2963643027905,0.006220873347493798
355.3591930144267,0.009914881626807887
355.42202172606295,0.005884199732022967
355.48485043769915,0.010783950040405154
355.54767914933535,0.011832548329139991
355.61050786097155,0.01024159818551087
355.67333657260775,0.012342875952717028
355.736165284244,0.016148682808816883
355.7989939958802,0.009821285895130647
355.8618227075164,0.006351432144925033
355.92465141915267,0.010952400237606349
355.98748013078887,0.008204815898366214
356.05030884242507,0.005931421480165163
356.11313755406127,0.012917387007228073
356.17596626569747,0.017065278540749428
356.2387949773337,0.0059990622287350035
356.3016236889699,0.008933731972490647
356.3644524006061,0.001238283405715004
356.4272811122424,0.0007097489911065089
356.4901098238786,0.0050772976653870785
356.5529385355148,0.015087950412245138
356.615767247151,0.008942701454225863
356.6785959587872,0.010400049287553878
356.7414246704234,0.009785550029242076
356.80425338205964,0.011597201430587494
356.86708209369584,0.018795158254240604
356.9299108053321,0.012134403859219206
356.9927395169683,0.006952464891052714
357.0555682286045,0.00793931317481378
357.1183969402407,0.012627809319754699
357.1812256518769,0.01535914692697727
357.2440543635131,0.0052603040624768765
357.30688307514936,0.0030882955560125143
357.36971178678556,0.004559730008123385
357.43254049842176,0.00619863426329726
357.495369210058,0.006514125204007529
357.5581979216942,0.00478073762551595
357.6210266333304,0.007546036041707153
357.6838553449666,0.010083312437156601
357.7466840566028,0.008514936458365763
357.8095127682391,0.010021364706097715
357.8723414798753,0.015330497679651372
357.9351701915115,0.0036639141440931006
357.99799890314773,0.006702221367456689
358.06082761478393,0.008338695238092397
358.12365632642013,0.0060644799495175586
358.18648503805633,0.004026869852618092
358.24931374969253,0.01138153270080519
358.3121424613288,0.007553755265904954
358.374971172965,0.004827023777153002
358.4377998846012,0.0024988374911295583
358.50062859623745,0.010102615976948604
358.56345730787365,0.013636720622603363
358.62628601950985,0.002742615669571293
358.68911473114605,0.008967485987677838
358.75194344278225,0.012601273981092155
358.81477215441845,0.011318274762267941
358.8776008660547,0.015423137941474815
358.9404295776909,0.014979261408341823
359.00325828932716,0.00551473065702078
359.06608700096336,0.005989976771468336
359.12891571259956,0.003877131629123392
359.19174442423576,0.0034306704306048216
359.25457313587196,0.0012315025725759057
359.31740184750817,0.009391687240400444
359.3802305591444,0.00734954015383052
359.4430592707806,0.004536015165204875
359.5058879824168,0.008619080424673064
359.5687166940531,0.005064087374053981
359.6315454056893,0.004825897374579541
359.6943741173255,0.006726749440454906
359.7572028289617,0.007796876020895912
359.8200315405979,0.00981803576983859
359.88286025223414,0.0071932404638294254
359.94568896387034,0.008270610710603556
360.00851767550654,0.022933003427136705
360.0713463871428,0.01644240396820068
360.134175098779,0.014563960386583674
360.1970038104152,0.013170894433987718
360.2598325220514,0.0068469836707740084
360.3226612336876,0.002068959961799496
360.38548994532385,0.003090956988935741
360.44831865696005,0.016697861406378838
360.51114736859626,0.01579695459945378
360.5739760802325,0.005971539498755402
360.6368047918687,0.010603185395821686
360.6996335035049,0.013078668240484976
360.7624622151411,0.007193853031975102
360.8252909267773,0.003785238896449475
360.8881196384135,0.0062696048215617715
360.95094835004977,0.015135976563089721
361.01377706168597,0.018442232834092114
361.0766057733222,0.011388856326673441
361.13943448495843,0.0060215132883899534
361.20226319659463,0.01049863535135782
361.26509190823083,0.015603614474729523
361.32792061986703,0.01824983135184163
361.39074933150323,0.006490676125150718
361.4535780431395,0.0036941390048099185
361.5164067547757,0.006563215475314368
361.5792354664119,0.008559824281467808
361.64206417804814,0.006070565472942042
361.70489288968434,0.006483304834145262
361.76772160132055,0.0011274104566660634
361.83055031295675,0.003392742123516213
361.89337902459295,0.004865789965482458
361.9562077362292,0.006779336916236043
362.0190364478654,0.004580111787845867
362.0818651595016,0.007127203287538986
362.14469387113786,0.008677423587067142
362.20752258277406,0.0034078696856072828
362.27035129441026,0.010356620047409821
362.33318000604646,0.008724638061231263
362.39600871768266,0.006028059538942842
362.4588374293189,0.013140167202637842
362.5216661409551,0.0021095577629692617
362.5844948525913,0.00780250825651734
362.6473235642276,0.0041909321618435824
362.7101522758638,0.005130904792339203
362.7729809875,0.005327298610260704
362.8358096991362,0.0012229409473360757
362.8986384107724,0.004483666663371436
362.9614671224086,0.0037596382303739977
363.02429583404484,0.010531001798862842
363.08712454568104,0.002551851178753912
363.1499532573173,0.0018248181481330507
363.2127819689535,0.004043271732303216
363.2756106805897,0.007484970757909285
363.3384393922259,0.007897582987311531
363.4012681038621,0.007277134588471026
363.4640968154983,0.012046930770813136
363.52692552713455,0.012545907737177637
363.58975423877075,0.007768508884801933
363.65258295040695,0.011543139024409165
363.7154116620432,0.010391951192677029
363.7782403736794,0.007283625459957135
363.8410690853156,0.0007108135207591732
363.9038977969518,0.00824670773468476
363.966726508588,0.0033950545093634652
364.02955522022427,0.008538996169698214
364.09238393186047,0.008260276738838574
364.15521264349667,0.013689398205562572
364.2180413551329,0.011983129176439416
364.2808700667691,0.005538246334344098
364.3436987784053,0.012403939524810845
364.4065274900415,0.015752184311558125
364.4693562016777,0.011859599633953671
364.532184913314,0.006061153519289378
364.5950136249502,0.0036282585526657314
364.6578423365864,0.004504882454918726
364.72067104822264,0.005503007738755279
364.78349975985884,0.005232732672153938
364.84632847149504,0.002614227639581779
364.90915718313124,0.0007511661004294545
364.97198589476744,0.005379936847686691
365.0348146064037,0.00915404816883033
365.0976433180399,0.00908678631017687
365.1604720296761,0.00767063272705141
365.22330074131236,0.014742597835345999
365.28612945294856,0.008720147652177351
365.34895816458476,0.00500811076929478
365.41178687622096,0.005265458362819139
365.47461558785716,0.00826154184341155
365.53744429949336,0.011039319414728887
365.6002730111296,0.014181592906081047
365.6631017227658,0.003739617314546096
365.7259304344021,0.013727596976396108
365.7887591460383,0.015252956960252632
365.8515878576745,0.010707071688502101
365.9144165693107,0.009797616954065806
365.9772452809469,0.01113792402449185
366.0400739925831,0.009595907092119904
366.10290270421933,0.004796454394033194
366.16573141585553,0.0025439524886625717
366.22856012749173,0.013060125489528512
366.291388839128,0.006479873338644
366.3542175507642,0.004801596000922165
366.4170462624004,0.006124805661580308
366.4798749740366,0.011666632238801378
366.5427036856728,0.01332245827310122
366.60553239730905,0.006826259966791271
366.66836110894525,0.008191176952652092
366.73118982058145,0.006292925023009732
366.7940185322177,0.006007259240983937
366.8568472438539,0.005104611357300527
366.9196759554901,0.0044341679955079445
366.9825046671263,0.009554749106973794
367.0453333787625,0.005705223975287355
367.10816209039876,0.005522290193110258
367.17099080203496,0.003667007661831913
367.23381951367116,0.01190008469457766
367.2966482253074,0.008821200719194044
367.3594769369436,0.004953044907103727
367.4223056485798,0.010436138221586544
367.485134360216,0.004688882413427751
367.5479630718522,0.010411496680885875
367.6107917834884,0.008592522642531233
367.6736204951247,0.006348889094279768
367.7364492067609,0.015095334885519757
367.79927791839714,0.0019080111730044081
367.86210663003334,0.007869847855985738
367.92493534166954,0.0025218213307394194
367.98776405330574,0.011387652165678809
368.05059276494194,0.011938024661599975
368.11342147657814,0.008032278513111439
368.1762501882144,0.004079128938562802
368.2390788998506,0.013772256687253551
368.3019076114868,0.012141902481639691
368.36473632312305,0.013712132867193633
368.42756503475925,0.010857752559616496
368.49039374639545,0.006110404340052651
368.55322245803166,0.0022529880949750548
368.61605116966786,0.003988922144428792
368.6788798813041,0.006076068223130521
368.7417085929403,0.008258443243326334
368.8045373045765,0.0045351278305732256
368.86736601621277,0.015467005372237965
368.93019472784897,0.014382830285398685
368.99302343948517,0.001391480088766487
369.05585215112137,0.002137034474908373
369.11868086275757,0.001961997066774726
369.18150957439383,0.009701253350552667
369.24433828603003,0.0007430962017846177
369.30716699766623,0.0052564194985559075
369.3699957093025,0.007185312720000239
369.4328244209387,0.0016821379320428383
369.4956531325749,0.0024556486138364985
369.5584818442111,0.007647328158137997
369.6213105558473,0.006084012993846781
369.6841392674835,0.012238281114747463
369.74696797911974,0.013273636591269873
369.80979669075595,0.014140847072237067
369.8726254023922,0.006452086369584901
369.9354541140284,0.0036498144009347692
369.9982828256646,0.0020377122566451133
370.0611115373008,0.01044445774097606
370.123940248937,0.009612456449891353
370.1867689605732,0.002321228241903891
370.24959767220946,0.006982042153770398
370.31242638384566,0.007978826827325904
370.37525509548186,0.004113098934638778
370.4380838071181,0.00954705863369043
370.5009125187543,0.015180197133061396
370.5637412303905,0.014284539345538557
370.6265699420267,0.012451696122683632
370.6893986536629,0.015368414980030826
370.7522273652992,0.009761970598884489
370.8150560769354,0.005184105780654428
370.8778847885716,0.0074352691526973925
370.94071350020783,0.009325609187941248
371.00354221184404,0.003990915255368784
371.0663709234802,0.0011268548378824096
371.12919963511644,0.014779085524951774
371.19202834675264,0.016037871356689874
371.2548570583889,0.012137244303476498
371.3176857700251,0.0031810025265644848
371.3805144816613,0.008998332419097385
371.44334319329755,0.0077680069064940405
371.50617190493375,0.004338436315111984
371.5690006165699,0.009354589844961089
371.63182932820615,0.008108942088893505
371.69465803984235,0.005120399900025792
371.75748675147855,0.012375190824910625
371.8203154631148,0.01469969545451949
371.883144174751,0.007039922052707069
371.94597288638727,0.011572033019516962
372.00880159802347,0.008278427097648172
372.07163030965967,0.006963183466661316
372.13445902129587,0.010150791724109445
372.19728773293207,0.007926488244278116
372.26011644456827,0.009267342787475135
372.3229451562045,0.005658109828145951
372.3857738678407,0.007602075829312715
372.4486025794769,0.012461710856061828
372.5114312911132,0.012714491189357136
372.5742600027494,0.010797689064534415
372.6370887143856,0.001072860773618679
372.6999174260218,0.00751323732216313
372.762746137658,0.004049322794062567
372.82557484929424,0.012306546780099849
372.88840356093044,0.01532476514304058
372.95123227256664,0.011328703422725812
373.0140609842029,0.006368678765400245
373.0768896958391,0.009552943060718105
373.13971840747524,0.01075901462904749
373.2025471191115,0.01819945884927196
373.2653758307477,0.008967564883735674
373.32820454238396,0.009150131747998242
373.39103325402016,0.008323518575411623
373.45386196565636,0.0033747639189432356
373.5166906772926,0.0074751305619141705
373.5795193889288,0.011229226858707444
373.64234810056496,0.006342766446625486
373.7051768122012,0.01070070227593549
373.7680055238374,0.010166169544393302
373.8308342354736,0.011438799652089859
373.8936629471099,0.010300769424620028
373.9564916587461,0.013672580144262909
374.01932037038233,0.009571372333633135
374.08214908201853,0.004260866335781904
374.1449777936547,0.0068103157346796365
374.20780650529093,0.00575563029172417
374.27063521692713,0.0031888746375884863
374.33346392856333,0.005840461452672581
374.3962926401996,0.0035088109793728305
374.4591213518358,0.002813793401519916
374.521950063472,0.012018823865770847
374.58477877510825,0.014264439239651903
374.6476074867444,0.002810891186309867
374.71043619838065,0.009231552012905727
374.77326491001685,0.019449915172605116
374.83609362165305,0.009391174901171296
374.8989223332893,0.010881724996734326
374.9617510449255,0.010610048730695387
375.0245797565617,0.008261398573423782
375.08740846819796,0.008923547992820788
375.15023717983416,0.012836394675443287
375.2130658914703,0.0065305337290366685
375.27589460310656,0.011138733848448877
375.33872331474277,0.009410559752037775
375.401552026379,0.008599633921233744
375.4643807380152,0.013334350851515743
375.5272094496514,0.010859498247019799
375.5900381612877,0.004370437343197042
375.6528668729239,0.017076881608665048
375.71569558456,0.01612873910465845
375.7785242961963,0.006052561735301207
375.8413530078325,0.004990066336838977
375.9041817194687,0.0042492565567057525
375.96701043110494,0.0069198343215862565
376.02983914274114,0.005056612768287439
376.0926678543774,0.0028942490202560844
376.1554965660136,0.008690009478538971
376.21832527764974,0.017710846832547245
376.281153989286,0.013787872660411843
376.3439827009222,0.005323095284053829
376.4068114125584,0.012201377538878339
376.46964012419465,0.0027736898251642956
376.53246883583085,0.0056819412579043145
376.59529754746706,0.0070471809317818775
376.6581262591033,0.006015521755616029
376.72095497073946,0.0042920695331011074
376.7837836823757,0.004495117304409271
376.8466123940119,0.0034005186801563275
376.9094411056481,0.002923535740533726
376.97226981728437,0.0011051800640088593
377.03509852892057,0.001520272087983751
377.09792724055677,0.004860818910096374
377.160755952193,0.0052393691435193195
377.2235846638292,0.006218847419452568
377.2864133754654,0.0077085284705717344
377.34924208710163,0.009132293528546288
377.41207079873783,0.003617974285898727
377.4748995103741,0.009589309624427255
377.5377282220103,0.009884575536069126
377.6005569336465,0.005958667146408507
377.66338564528274,0.0025734097886045996
377.7262143569189,0.0070552299523500015
377.7890430685551,0.017053529952763866
377.85187178019135,0.01448735209774877
377.91470049182755,0.011217198290432695
377.97752920346375,0.015790165798135677
378.0403579151,0.021229513245738612
378.1031866267362,0.015020933652986781
378.16601533837246,0.006553145344293056
378.22884405000866,0.009466846041501853
378.2916727616448,0.010242766621202024
378.35450147328106,0.015009602940301783
378.41733018491726,0.01819017331224322
378.48015889655346,0.008077023490135525
378.5429876081897,0.005985365363124897
378.6058163198259,0.009344073422950619
378.6686450314621,0.006548587266257865
378.7314737430984,0.0023811662376173556
378.7943024547345,0.003329670177393612
378.8571311663708,0.0014266734366391324
378.919959878007,0.0033859637379290847
378.9827885896432,0.009237452676596904
379.04561730127944,0.003580678581193178
379.10844601291564,0.012620289274340696
379.17127472455184,0.005879085765130408
379.2341034361881,0.004614436862432968
379.29693214782424,0.00733589541826197
379.35976085946044,0.0053508950792262215
379.4225895710967,0.00927475732955508
379.4854182827329,0.009965196309025069
379.54824699436915,0.007877820304421542
379.61107570600535,0.009306798913996201
379.67390441764155,0.003706836780606794
379.7367331292778,0.006127112076720588
379.79956184091395,0.00412173824045607
379.86239055255015,0.012125058983304762
379.9252192641864,0.00958522993811756
379.9880479758226,0.0010738001529019975
380.0508766874588,0.005560392565583804
380.11370539909507,0.007625296481837879
380.17653411073127,0.002020728726640017
380.2393628223675,0.003958187827121826
380.30219153400367,0.01147657703927049
380.36502024563987,0.006413179064373618
380.4278489572761,0.0038090077531360545
380.4906776689123,0.005971274739831897
380.5535063805485,0.0006620477653420881
380.6163350921848,0.006197779176144937
380.679163803821,0.013893832082013585
380.7419925154572,0.014578792896583872
380.8048212270934,0.009597317806940538
380.8676499387296,0.014987409844724502
380.93047865036584,0.013835641801220488
380.99330736200204,0.004718688764192993
381.05613607363824,0.0071882506569358896
381.1189647852745,0.0010130081234190859
381.1817934969107,0.005407679030731836
381.2446222085469,0.006576245724186824
381.30745092018316,0.012236799832561089
381.3702796318193,0.011844316243891503
381.4331083434555,0.008799624831381503
381.49593705509176,0.0051404016513795165
381.55876576672796,0.0020521543428415477
381.6215944783642,0.00828066920363569
381.6844231900004,0.003341645045125191
381.7472519016366,0.00671200188760067
381.8100806132729,0.008060950914495556
381.872909324909,0.007729667070275784
381.9357380365452,0.0026708351905450835
381.9985667481815,0.0033716431596096663
382.0613954598177,0.005825495163255365
382.1242241714539,0.004209244608584322
382.18705288309013,0.003289991186285775
382.24988159472633,0.012349050847483297
382.3127103063626,0.011844510287742567
382.37553901799873,0.017398693971657754
382.43836772963493,0.010986786844729488
382.5011964412712,0.010411105925521774
382.5640251529074,0.002948227683378144
382.6268538645436,0.004616645437462957
382.68968257617985,0.0007316451731479417
382.75251128781605,0.00404247505956606
382.81533999945225,0.009026399134166873
382.87816871108845,0.0019332499285105989
382.94099742272465,0.012238938295918794
383.0038261343609,0.015350976555405876
383.0666548459971,0.007032891186918285
383.1294835576333,0.011156435111915467
383.19231226926956,0.02348330100315944
383.25514098090576,0.013019105386371221
383.31796969254196,0.005187584840520465
383.38079840417817,0.005359336648481856
383.44362711581437,0.004986755758528845
383.50645582745057,0.007862278157935353
383.5692845390868,0.0024531376445195226
383.632113250723,0.005475891103807207
383.6949419623593,0.006951427512788967
383.7577706739955,0.005222519175110414
383.8205993856317,0.0097709410041201
383.8834280972679,0.011298718201870572
383.9462568089041,0.00691371475996576
384.0090855205403,0.007660358923328404
384.07191423217654,0.005511325341161531
384.13474294381274,0.015214322064313751
384.19757165544894,0.008362404192815639
384.2604003670852,0.01172803490196297
384.3232290787214,0.013562159774966406
384.38605779035765,0.00645869576121516
384.4488865019938,0.010709325617903383
384.51171521363,0.0071948973966412194
384.57454392526625,0.004388369205470374
384.63737263690246,0.014121881765453873
384.70020134853866,0.013975125307221921
384.7630300601749,0.011841011541576069
384.8258587718111,0.0018281769585347851
384.8886874834473,0.006800165571602709
384.9515161950835,0.0056508344825052965
385.0143449067197,0.0035594209833422577
385.07717361835597,0.01443820977239712
385.14000232999217,0.011774532237822412
385.2028310416284,0.010083582667543797
385.26565975326463,0.02176029609361848
385.32848846490083,0.02319967918003232
385.39131717653703,0.00858705009323005
385.45414588817323,0.004804231541920733
385.51697459980943,0.013216560695676786
385.57980331144563,0.00648944398878084
385.6426320230819,0.00646677101791421
385.7054607347181,0.002984340545159269
385.76828944635434,0.0018367851447739733
385.83111815799055,0.003910006429143531
385.89394686962675,0.0070837325250043244
385.95677558126295,0.008552281424203282
386.01960429289915,0.006954605957373439
386.08243300453535,0.0038109234174202094
386.1452617161716,0.007814527656311018
386.2080904278078,0.010934792683072708
386.270919139444,0.008423925122640117
386.33374785108026,0.014380634224473847
386.39657656271646,0.005486454698315198
386.45940527435266,0.010821175101005909
386.52223398598886,0.02056238399769865
386.58506269762506,0.016531606879614785
386.6478914092613,0.00480493932119201
386.7107201208975,0.0068801573437193096
386.7735488325337,0.002672818046924663
386.83637754417,0.0070823427674480315
386.8992062558062,0.011831051028832158
386.9620349674424,0.010276171331719052
387.0248636790786,0.007324066694413726
387.0876923907148,0.003424968982256696
387.15052110235104,0.005942481800946531
387.21334981398724,0.012434600638424673
387.27617852562344,0.02157882431221471
387.3390072372597,0.0182908303788408
387.4018359488959,0.012406197174731988
387.4646646605321,0.010269381723508263
387.5274933721683,0.0028963074552931945
387.5903220838045,0.005422817096173949
387.6531507954407,0.0034688187922699313
387.71597950707695,0.013884037135001123
387.77880821871315,0.012651605936865457
387.8416369303494,0.0028047660750738445
387.9044656419856,0.004011026512816719
387.9672943536218,0.013987453108654277
388.030123065258,0.010438215420734958
388.0929517768942,0.008063908228975736
388.1557804885304,0.008801090392254095
388.21860920016667,0.012902510786814274
388.28143791180287,0.013644727346026517
388.34426662343907,0.005415620105233146
388.4070953350753,0.002597747489314347
388.4699240467115,0.0052039546674338836
388.5327527583477,0.009892096772806254
388.5955814699839,0.008880898736757455
388.6584101816201,0.010732143146312254
388.7212388932564,0.00805223783119531
388.7840676048926,0.010035411894432916
388.8468963165288,0.015732657525673384
388.90972502816504,0.012404022359120566
388.97255373980124,0.0010211471875777593
389.03538245143744,0.004468649530387292
389.09821116307364,0.009881554928186565
389.16103987470984,0.011898276403771401
389.2238685863461,0.004389198917201262
389.2866972979823,0.0023606364699542506
389.3495260096185,0.00701038736904293
389.41235472125476,0.013378618362037305
389.47518343289096,0.009126265394072559
389.53801214452716,0.008216764629365833
389.60084085616336,0.01085255212634284
389.66366956779956,0.011063321755438298
389.72649827943576,0.0038341791992260437
389.789326991072,0.005069543489148244
389.8521557027082,0.0014075702083474304
389.9149844143445,0.0026711185236278157
389.9778131259807,0.012846528685827892
390.0406418376169,0.014733531594757718
390.1034705492531,0.0059268435381433565
390.1662992608893,0.014737862672690538
390.2291279725255,0.015800695058566912
390.29195668416173,0.014358718308718531
390.35478539579793,0.0068682458908738185
390.41761410743413,0.00615898951738482
390.4804428190704,0.010986809810703336
390.5432715307066,0.008609038831366444
390.6061002423428,0.008423971854215132
390.668928953979,0.010345151638923935
390.7317576656152,0.008187098451307398
390.79458637725145,0.005172482821447067
390.85741508888765,0.0046672957443193745
390.92024380052385,0.007538886370865139
390.9830725121601,0.00477414205317799
391.0459012237963,0.0012005690160511472
391.1087299354325,0.012384978872178093
391.1715586470687,0.014232255535165045
391.2343873587049,0.01078760579619037
391.29721607034116,0.011186596664036654
391.36004478197736,0.0028602119201747767
391.42287349361357,0.0016554627517478672
391.4857022052498,0.002354360065102739
391.548530916886,0.0026306717789120223
391.6113596285222,0.007184291989511748
391.6741883401584,0.006110028332049068
391.7370170517946,0.009246298017344291
391.7998457634308,0.011218706932680044
391.8626744750671,0.010824657264015795
391.9255031867033,0.011599046172608493
391.98833189833954,0.015341345165442034
392.05116060997574,0.0051703768553816535
392.11398932161194,0.006908453002353035
392.17681803324814,0.00786692358690027
392.23964674488434,0.006383091708617997
392.30247545652054,0.011201065039492532
392.3653041681568,0.004691749104381768
392.428132879793,0.007221425014584566
392.4909615914292,0.01157514309641208
392.55379030306545,0.013074311016004697
392.61661901470166,0.016539508574021596
392.67944772633786,0.010966528530276135
392.74227643797406,0.010150552135645727
392.80510514961026,0.011431930395207623
392.8679338612465,0.011929175774982084
392.9307625728827,0.009134364502346533
392.9935912845189,0.003596484885525673
393.05641999615517,0.004780767272700728
393.11924870779137,0.006600575056611159
393.18207741942757,0.01381944332642542
393.2449061310638,0.003978203655386696
393.3077348427,0.008203147642242382
393.37056355433623,0.009411517085960178
393.43339226597243,0.013941628978582797
393.49622097760863,0.012608726850135763
393.5590496892449,0.01654664103820132
393.6218784008811,0.020419455079434844
393.6847071125173,0.003202013991244024
393.7475358241535,0.014079933894957831
393.8103645357897,0.010651761844576028
393.8731932474259,0.017029033815948544
393.93602195906215,0.015571962577955371
393.99885067069835,0.007053995850647468
394.0616793823346,0.009759690383194113
394.1245080939708,0.010487456206123204
394.187336805607,0.010317154666920287
394.2501655172432,0.006479288832840659
394.3129942288794,0.00351566102970367
394.3758229405156,0.0062547423117025325
394.43865165215186,0.004106866217384478
394.50148036378806,0.0025628206153383935
394.56430907542426,0.003244147029648358
394.6271377870605,0.00542398752594763
394.6899664986967,0.004813959470217983
394.7527952103329,0.005788416249619603
394.8156239219691,0.004384141820926002
394.8784526336053,0.004689015183441797
394.9412813452416,0.003783413963982776
395.0041100568778,0.006348622486120581
395.066938768514,0.006495661805454018
395.12976748015024,0.01213899536653344
395.19259619178644,0.0083246906084078
395.25542490342264,0.004668289259544061
395.31825361505884,0.0021070184610813766
395.38108232669504,0.012085118801169652
395.4439110383313,0.01259729660667544
395.5067397499675,0.00398189767067315
395.5695684616037,0.0021265435093905487
395.63239717323995,0.005248585623055622
395.69522588487615,0.008224376016499411
395.75805459651235,0.005836565393262546
395.82088330814855,0.006308583400850386
395.88371201978475,0.0023068067980037154
395.94654073142095,0.004651495594749715
396.0093694430572,0.007043806506780608
396.0721981546934,0.002445074402367294
396.13502686632967,0.0066829157602899935
396.19785557796587,0.008083566912321693
396.26068428960207,0.0027061426423337243
396.32351300123827,0.005861889229823611
396.38634171287447,0.004756019083775769
396.44917042451067,0.0070327065594939335
396.5119991361469,0.012229721391914649
396.5748278477831,0.008309112746024805
396.6376565594193,0.008958912645969054
396.7004852710556,0.005499268777355492
396.7633139826918,0.0037132533234286226
396.826142694328,0.006280194325644914
396.8889714059642,0.003584417471853921
396.9518001176004,0.01326576076389559
397.01462882923664,0.01411631690918737
397.07745754087284,0.005612891782014301
397.14028625250904,0.01202829927754914
397.2031149641453,0.010427875020388121
397.2659436757815,0.005452457370052133
397.3287723874177,0.0005473609566973608
397.3916010990539,0.005148602510872031
397.4544298106901,0.009961569141195151
397.51725852232636,0.0036965087371705952
397.58008723396256,0.01460087615453858
397.64291594559876,0.014923590911716071
397.705744657235,0.006189214855841981
397.7685733688712,0.005640594349801965
397.8314020805074,0.002883147312329477
397.8942307921436,0.00984583817411517
397.9570595037798,0.0071494068636123115
398.019888215416,0.00738462467356337
398.0827169270523,0.010802842362644614
398.1455456386885,0.008123027808801853
398.20837435032473,0.020851715362705855
398.27120306196093,0.012791968095496056
398.33403177359713,0.004996204538027686
398.39686048523333,0.012868733463068821
398.45968919686953,0.014048275470263319
398.52251790850573,0.004627350284657541
398.585346620142,0.009329462133211718
398.6481753317782,0.0052869596301369694
398.7110040434144,0.004461245284922149
398.77383275505065,0.009279009819838353
398.83666146668685,0.009764853434966112
398.89949017832305,0.009958077689710795
398.96231888995925,0.010098567662575485
399.02514760159545,0.009375197658511839
399.0879763132317,0.003144933828658391
399.1508050248679,0.006569308197398393
399.2136337365041,0.0068246476085757225
399.27646244814036,0.001686848563294138
399.33929115977656,0.0017141639048872045
399.40211987141276,0.009829734265744785
399.46494858304897,0.020781982827136277
399.52777729468517,0.01017895420600079
399.5906060063214,0.005807114749538919
399.6534347179576,0.006034143053647143
399.7162634295938,0.009010021644442305
399.7790921412301,0.006947313715090271
399.8419208528663,0.005921914459951248
399.9047495645025,0.00897684308326538
399.9675782761387,0.009197941338778512
400.0304069877749,0.006260030729039364
400.0932356994111,0.0052762640691525154
400.15606441104734,0.006196868400539345
400.21889312268354,0.009936818960491832
400.2817218343198,0.01051988321949767
400.344550545956,0.009907601404831146
400.4073792575922,0.011372223146895804
400.4702079692284,0.005419564623192545
400.5330366808646,0.009068447721992477
400.5958653925008,0.010152489692663115
400.65869410413706,0.015944315138902366
400.72152281577326,0.00835858703023542
400.78435152740946,0.008291695597706924
400.8471802390457,0.0065337729901785695
400.9100089506819,0.0009743364638793124
400.9728376623181,0.016186625526938506
401.0356663739543,0.013636152884219328
401.0984950855905,0.006805209899973314
401.16132379722677,0.008598779243656584
401.22415250886297,0.004592323635860271
401.2869812204992,0.00939054501437366
401.34980993213543,0.003831091891231179
401.41263864377163,0.01150044499027196
401.47546735540783,0.013292623932972477
401.53829606704403,0.007937680997815433
401.60112477868023,0.008961629788925703
401.6639534903165,0.002769191516132926
401.7267822019527,0.00674360389066076
401.7896109135889,0.0069795734402068816
401.85243962522514,0.012219456323459024
401.91526833686135,0.013318413358086825
401.97809704849755,0.006790245640785613
402.04092576013375,0.011477775393522393
402.10375447176995,0.014708772482627953
402.1665831834062,0.01134180345556805
402.22941189504235,0.00971478429658293
402.2922406066786,0.009933123137398883
402.35506931831486,0.01438223605762869
402.417898029951,0.013824760405330084
402.48072674158726,0.01624979945858488
402.54355545322346,0.011740396610962812
402.6063841648597,0.008752005037233555
402.66921287649586,0.006884145976154025
402.7320415881321,0.0121209607714616
402.7948702997684,0.009717461767641449
402.8576990114045,0.01132332638395124
402.9205277230408,0.013952942532529987
402.983356434677,0.006139218021318144
403.0461851463132,0.0037606831371005873
403.1090138579494,0.001203544886588766
403.17184256958564,0.006971195144092709
403.2346712812218,0.01044730835416537
403.29749999285804,0.004651015852830016
403.3603287044943,0.008533730223126822
403.42315741613044,0.0018392470908568314
403.4859861277667,0.009032383796718094
403.5488148394029,0.01003383887046753
403.6116435510391,0.009531691864872729
403.6744722626753,0.007532218812203841
403.73730097431155,0.018185786239674873
403.8001296859477,0.013258820381638826
403.86295839758395,0.00843024503774809
403.9257871092202,0.0028563240668799416
403.9886158208564,0.012181589718094481
404.0514445324926,0.01839390087394251
404.1142732441288,0.012992322111628683
404.17710195576507,0.00620234224182254
404.2399306674012,0.0072566888468876345
404.30275937903747,0.01255918157188797
404.3655880906737,0.010287228682526859
404.42841680230987,0.00840973113013799
404.4912455139461,0.006211757798955918
404.5540742255823,0.012231267706812144
404.6169029372185,0.01759805023424943
404.6797316488547,0.007722990854964799
404.742560360491,0.005023441034248789
404.8053890721271,0.006356509229800166
404.8682177837634,0.011416317599402684
404.93104649539964,0.0035716463865052782
404.9938752070358,0.0012254661578219223
405.05670391867204,0.004092629512297899
405.11953263030824,0.013014119959321349
405.18236134194444,0.01238372835816206
405.24519005358064,0.00633315878120748
405.3080187652169,0.0013159991253706264
405.37084747685316,0.0008340749327191145
405.4336761884893,0.005485491267958699
405.49650490012556,0.013679762510920903
405.55933361176176,0.007407789507079791
405.62216232339796,0.008925889240218124
405.68499103503416,0.01756281765556934
405.7478197466704,0.011393325118240354
405.81064845830656,0.0026736395968329062
405.8734771699428,0.003759985518338364
405.9363058815791,0.008638633729572956
405.9991345932152,0.006789872196936209
406.0619633048515,0.005450008485908742
406.1247920164877,0.00865890398170701
406.1876207281239,0.012046303750189368
406.2504494397601,0.00893958571175075
406.31327815139633,0.007332192242503492
406.3761068630325,0.008841134680047354
406.43893557466873,0.005090502048120965
406.501764286305,0.002365612589137491
406.56459299794113,0.005314389634465201
406.6274217095774,0.006465083572649943
406.6902504212136,0.006478184509493581
406.75307913284985,0.0030180556842641024
406.815907844486,0.007259709352610087
406.87873655612225,0.00832736019439264
406.9415652677585,0.010909200021974796
407.00439397939465,0.014846032341187377
407.0672226910309,0.012252826143502354
407.1300514026671,0.005386431310077821
407.1928801143033,0.006468084818796476
407.2557088259395,0.005925568925754371
407.31853753757576,0.0036247021009867294
407.3813662492119,0.00266021638380472
407.44419496084817,0.004084417992607897
407.5070236724844,0.00743033671423567
407.56985238412057,0.006278358247260254
407.6326810957568,0.0041353457098877435
407.695509807393,0.006086767251954069
407.7583385190292,0.00766856837744645
407.8211672306654,0.0016159476571805272
407.8839959423017,0.00807496403126435
407.9468246539378,0.004660287902662568
408.0096533655741,0.004678639215835596
408.07248207721034,0.012586178818860124
408.13531078884654,0.014393710033153576
408.19813950048274,0.0027916533055169757
408.26096821211894,0.006862597726973561
408.3237969237552,0.005831271163894944
408.38662563539134,0.006121402266745567
408.4494543470276,0.004646733527307083
408.51228305866385,0.005958348826876964
408.5751117703,0.0056754524862740905
408.63794048193625,0.004659547759485056
408.70076919357246,0.0033497718257857736
408.76359790520866,0.004553415066290819
408.82642661684486,0.013430801604756565
408.8892553284811,0.01573168741635357
408.95208404011726,0.0083119735483663
409.0149127517535,0.004576910927206608
409.07774146338977,0.0049104336005651415
409.1405701750259,0.01072097609440505
409.20339888666217,0.00664058083283385
409.26622759829837,0.005586426189775045
409.3290563099346,0.006796162328619072
409.3918850215708,0.006890914215983246
409.45471373320703,0.00975631723319545
409.5175424448433,0.011523090005901975
409.58037115647943,0.009220868896303105
409.6431998681157,0.014020012244423974
409.7060285797519,0.011198390488326203
409.7688572913881,0.006750478796798279
409.8316860030243,0.014521190767571126
409.89451471466054,0.007832241842286446
409.9573434262967,0.005281741407704819
410.02017213793295,0.017442147904311003
410.0830008495692,0.016652618837155245
410.14582956120535,0.011465858682804567
410.2086582728416,0.01940515671020881
410.2714869844778,0.022124009440817764
410.334315696114,0.01828532183549434
410.3971444077502,0.0022956142447039013
410.45997311938646,0.00656396011965844
410.5228018310226,0.005118478075662777
410.58563054265886,0.0026439344892203423
410.6484592542951,0.010672679648184021
410.71128796593126,0.018882812536195566
410.7741166775675,0.014973172484144766
410.8369453892037,0.005134178596826813
410.89977410084,0.0029677107985104554
410.9626028124761,0.003762027410891046
411.0254315241124,0.0062275598523860295
411.08826023574863,0.010447393395827679
411.1510889473848,0.0032404772328286104
411.21391765902104,0.004518562318161542
411.27674637065724,0.01148391893649478
411.33957508229344,0.0031823622050857216
411.40240379392964,0.006011392847703152
411.4652325055659,0.009786150554910375
411.52806121720204,0.015433008523765076
411.5908899288383,0.012325707251589744
411.65371864047455,0.002745655938204901
411.7165473521107,0.006157266648214731
411.77937606374695,0.003533215187564188
411.84220477538315,0.0033465434078303615
411.9050334870193,0.008517702004103648
411.96786219865555,0.007569748061888354
412.0306909102918,0.006218056638492114
412.09351962192795,0.004036591515698215
412.1563483335642,0.002487017216677771
412.21917704520047,0.006562365109202634
412.28200575683667,0.004428638984353728
412.34483446847287,0.0008774935592632616
412.40766318010907,0.010523998068475995
412.4704918917453,0.012287991355491797
412.53332060338147,0.010065528119065038
412.5961493150177,0.003950714374242869
412.658978026654,0.004023462063861607
412.7218067382901,0.004484375324107614
412.7846354499264,0.006673789397309604
412.8474641615626,0.0035308590186401037
412.9102928731988,0.005499660480241712
412.973121584835,0.0035929501392309225
413.03595029647124,0.009035291107212453
413.0987790081074,0.011826785565872676
413.16160771974364,0.001524566951370893
413.2244364313799,0.01135659428509875
413.28726514301604,0.00306491881821004
413.3500938546523,0.014431633288139569
413.4129225662885,0.011537996454212609
413.47575127792464,0.006784357818912926
413.5385799895609,0.009366321061152918
413.60140870119716,0.005218554402802367
413.6642374128334,0.003042973979993749
413.72706612446956,0.007918990042146223
413.7898948361058,0.009029766573010386
413.852723547742,0.0030728532650299003
413.9155522593782,0.004622805719260501
413.9783809710144,0.011416076399771614
414.0412096826507,0.00913789704755838
414.1040383942868,0.013032990651771168
414.1668671059231,0.005650666406878764
414.22969581755933,0.0027524623475028345
414.2925245291955,0.006889808515462276
414.35535324083173,0.01548892230712035
414.41818195246793,0.009478173273212138
414.4810106641041,0.004653588875759398
414.54383937574033,0.008707860632047402
414.6066680873766,0.006965045422052701
414.66949679901273,0.005767540976742278
414.732325510649,0.005363609912321634
414.79515422228525,0.016577541170561972
414.8579829339214,0.015299448779488028
414.92081164555765,0.00896942473163022
414.98364035719385,0.006408729626941595
415.0464690688301,0.005570664725817908
415.10929778046625,0.004429628522817641
415.1721264921025,0.006692267544824746
415.23495520373876,0.00505732059339058
415.2977839153749,0.0053623756809851155
415.36061262701116,0.004789796880582045
415.42344133864736,0.008963546281978771
415.48627005028357,0.015345833882492985
415.54909876191977,0.006840635681214655
415.611927473556,0.0065734182248432214
415.67475618519217,0.0036129859150502756
415.7375848968284,0.009520303644776925
415.8004136084647,0.008585799563809754
415.8632423201008,0.00444994660120778
415.9260710317371,0.008542252954150842
415.9888997433733,0.00930805370416119
416.0517284550094,0.005087885796424201
416.1145571666457,0.003563717616281296
416.17738587828194,0.004468231913932132
416.2402145899181,0.005164471544295448
416.30304330155434,0.015388947820685554
416.3658720131906,0.02068941908279347
416.4287007248268,0.015475387893261658
416.491529436463,0.015254924818937048
416.5543581480992,0.014414799851796055
416.61718685973545,0.0006141105657746286
416.6800155713716,0.019097681372646443
416.74284428300786,0.018421436378990623
416.8056729946441,0.0039856704629887135
416.86850170628026,0.013920527949983127
416.9313304179165,0.007374815149244966
416.9941591295527,0.005926637177566782
417.05698784118886,0.011526513988416347
417.1198165528251,0.014102948776399117
417.18264526446137,0.0032531440772157654
417.2454739760975,0.005133399832233218
417.30830268773377,0.009441965010100643
417.37113139937003,0.011450349322344578
417.4339601110062,0.0033335152023039123
417.49678882264243,0.002988064857175603
417.55961753427863,0.0033068115898153374
417.6224462459148,0.0026635265543143794
417.68527495755103,0.004689787451822566
417.7481036691873,0.004025670317267075
417.81093238082354,0.004163978138357571
417.8737610924597,0.007746425248427447
417.93658980409595,0.009937757021543661
417.99941851573215,0.011448158084475617
418.0622472273683,0.0041146463723279484
418.12507593900455,0.0028489749081124457
418.1879046506408,0.006838837007542106
418.25073336227695,0.006495740772843885
418.3135620739132,0.011137017844651518
418.37639078554946,0.014170518987657013
418.4392194971856,0.004196519862399141
418.50204820882186,0.0009265229544743762
418.56487692045806,0.005591391610313529
418.6277056320942,0.01329316757796587
418.69053434373046,0.011688796499533992
418.7533630553667,0.003607346829897624
418.81619176700286,0.002790960994915812
418.8790204786391,0.001964576922034279
418.9418491902754,0.010578867753380827
419.0046779019115,0.006496123759904868
419.0675066135478,0.0014652842747563447
419.130335325184,0.006750839731433898
419.19316403682024,0.0035558131927854045
419.2559927484564,0.002181833849080876
419.31882146009264,0.007410991514759144
419.3816501717289,0.010169259106786937
419.44447888336504,0.0033456560085170367
419.5073075950013,0.008451112592158553
419.5701363066375,0.016307850990333193
419.63296501827364,0.010320527761619238
419.6957937299099,0.00365870452024223
419.75862244154615,0.002593354112445664
419.8214511531823,0.00904179263868047
419.88427986481855,0.007528367813211567
419.9471085764548,0.01153835089721934
420.00993728809095,0.012073224403641527
420.0727659997272,0.010409951009496418
420.1355947113634,0.006786957229908284
420.19842342299955,0.003534086664884116
420.2612521346358,0.006283919477699367
420.32408084627207,0.005830062369001518
420.3869095579082,0.008050615715510773
420.44973826954447,0.011532971630724144
420.5125669811807,0.006752647806982822
420.5753956928169,0.009946774599867439
420.63822440445307,0.01366288885853898
420.7010531160893,0.006856889936193911
420.7638818277256,0.015338428331063681
420.8267105393617,0.0058346817655791925
420.889539250998,0.00958090146990507
420.95236796263424,0.008513168239949971
421.0151966742704,0.0038231984212851503
421.07802538590664,0.0107203780211931
421.14085409754284,0.01346815571453656
421.203682809179,0.005719600542209
421.26651152081524,0.0053205105083565934
421.3293402324515,0.006799896214825866
421.39216894408764,0.009509508116064314
421.4549976557239,0.009852318692934372
421.51782636736016,0.004704433395074577
421.5806550789963,0.0008184974095693596
421.64348379063256,0.005091027351509717
421.70631250226876,0.012007419996174272
421.7691412139049,0.012151375971835347
421.83196992554116,0.009968000547043852
421.8947986371774,0.006248483899681971
421.9576273488137,0.004672262265184942
422.0204560604498,0.00281700016474669
422.0832847720861,0.0058650692076621
422.1461134837223,0.0017630069205549815
422.2089421953584,0.009885960490736654
422.2717709069947,0.010970212831108283
422.33459961863093,0.00944694211173683
422.3974283302671,0.010814022990698802
422.46025704190333,0.009830808166173339
422.5230857535396,0.00932399153082416
422.58591446517573,0.0037497192349230154
422.648743176812,0.014081644828861383
422.7115718884482,0.01610668815090254
422.77440060008433,0.007386141417591243
422.8372293117206,0.006839300667718346
422.90005802335685,0.007905325164801042
422.962886734993,0.008033834205526415
423.02571544662925,0.004873364027737812
423.0885441582655,0.0062217518872272615
423.15137286990165,0.00565039319265513
423.21420158153785,0.0031054037811059443
423.2770302931741,0.007375271384916421
423.33985900481036,0.010356549270722073
423.4026877164465,0.007018061063973627
423.46551642808276,0.008010495370500468
423.528345139719,0.0014191004571060101
423.59117385135517,0.009716595951954392
423.6540025629914,0.0030643032169316493
423.7168312746276,0.007043264802501594
423.77965998626377,0.006743029747870916
423.8424886979,0.0011994195447967975
423.9053174095363,0.00871715772893056
423.9681461211724,0.011975825817013171
424.0309748328087,0.008301936082502546
424.09380354444494,0.0006247225361529786
424.1566322560811,0.007674261870379277
424.2194609677173,0.0036397788776721322
424.28228967935354,0.00030163979040182047
424.3451183909897,0.004278173255077787
424.40794710262594,0.013414921520768938
424.4707758142622,0.009958135763303564
424.53360452589834,0.008449566401445913
424.5964332375346,0.007512896658998072
424.65926194917085,0.0012887755750235902
424.72209066080705,0.01022534577196368
424.7849193724432,0.011731655441074738
424.84774808407946,0.0020236351739324103
424.9105767957157,0.004492678079126374
424.97340550735186,0.006013322947050296
425.0362342189881,0.0024581777096079494
425.09906293062437,0.008002972763263387
425.1618916422605,0.007269777079300093
425.22472035389677,0.008288622427531946
425.28754906553297,0.005050844149694161
425.3503777771691,0.007688020918177229
425.4132064888054,0.011400153576318064
425.47603520044163,0.0135394351543443
425.5388639120778,0.014868466893954282
425.60169262371403,0.010281903690200565
425.6645213353503,0.010160587604288144
425.72735004698643,0.0008795664856149543
425.79017875862263,0.010446392820968988
425.8530074702589,0.014582147188502079
425.91583618189503,0.005577126098462502
425.9786648935313,0.009241409718147861
426.04149360516755,0.004311048510708484
426.1043223168038,0.0023092308147981302
426.16715102843995,0.008359996009502296
426.2299797400762,0.014218388563673223
426.2928084517124,0.010170204392530817
426.35563716334855,0.01082895156687955
426.4184658749848,0.011394426286512134
426.48129458662106,0.011739214257434086
426.5441232982572,0.0087578883671271
426.60695200989346,0.008993809961172612
426.6697807215297,0.0018294420723255322
426.73260943316586,0.004421131229956501
426.79543814480206,0.011484145563912548
426.8582668564383,0.007769782210607077
426.92109556807446,0.013119926885067341
426.9839242797107,0.012026827601492497
427.046752991347,0.005009124808795797
427.1095817029831,0.005173808255064558
427.1724104146194,0.009951789689174902
427.23523912625564,0.013075148240662174
427.2980678378918,0.016372489412823356
427.360896549528,0.011977065262685115
427.42372526116424,0.0074212033965537485
427.4865539728005,0.002987189532023441
427.54938268443664,0.006724188089169238
427.6122113960729,0.009603601543503846
427.67504010770915,0.009621429620145183
427.7378688193453,0.005833914678449191
427.80069753098155,0.005900105985498881
427.86352624261775,0.0016515667437018904
427.9263549542539,0.001924938071553252
427.98918366589015,0.0026511292854671364
428.0520123775264,0.005314668186293689
428.11484108916255,0.014772454577208993
428.1776698007988,0.012546830536399762
428.24049851243507,0.005212587135012147
428.3033272240712,0.00783444994595783
428.3661559357074,0.008173356323504348
428.42898464734367,0.0016953825671119638
428.4918133589798,0.004245762090508201
428.55464207061607,0.011645583657148803
428.6174707822523,0.007554793428818112
428.68029949388847,0.006365473589602951
428.7431282055247,0.0019132193846325026
428.805956917161,0.006216877494367118
428.8687856287972,0.0022804485893386955
428.9316143404333,0.007227032904807914
428.9944430520696,0.012744706759954613
429.05727176370584,0.013048057274121743
429.120100475342,0.012121792990824436
429.18292918697824,0.007746487007737925
429.2457578986145,0.01595213737150837
429.30858661025064,0.007989366510862832
429.37141532188684,0.002077335975289164
429.4342440335231,0.002736115029610434
429.49707274515924,0.004718800985197856
429.5599014567955,0.006430355745545707
429.62273016843176,0.004101074630068454
429.6855588800679,0.0015324606341716991
429.74838759170416,0.006550561858360427
429.8112163033404,0.0025122914043903956
429.87404501497656,0.004205722352747945
429.93687372661276,0.006845033192614088
429.999702438249,0.005936952580766784
430.0625311498853,0.0016741397797032948
430.1253598615214,0.008965928010891785
430.1881885731577,0.0053914203070565695
430.25101728479393,0.00300074071198875
430.3138459964301,0.007026301413837702
430.3766747080663,0.009308626741664286
430.43950341970253,0.009447160240864349
430.5023321313387,0.0050538704395333665
430.56516084297493,0.008778708926877989
430.6279895546112,0.007928659196607693
430.69081826624733,0.001713234398587815
430.7536469778836,0.004474336323672385
430.81647568951985,0.011122244345653204
430.879304401156,0.007659956851065018
430.9421331127922,0.011986838767058314
431.00496182442845,0.008271052386727425
431.0677905360646,0.007654054804409921
431.13061924770085,0.006147428811276594
431.1934479593371,0.01016140537755696
431.25627667097325,0.004431403333951298
431.3191053826095,0.00347444453943881
431.38193409424576,0.006227303921137548
431.44476280588196,0.014446222385197369
431.5075915175181,0.019177742036221274
431.57042022915437,0.01713232060930536
431.6332489407906,0.009729513592048239
431.69607765242677,0.008515896767307159
431.758906364063,0.006730924024209673
431.8217350756993,0.004440627241803257
431.8845637873354,0.0061549236974849245
431.9473924989716,0.004927476373315655
432.0102212106079,0.005603785384771987
432.073049922244,0.004829999699379093
432.1358786338803,0.005040965099691849
432.19870734551654,0.0028060233885277876
432.2615360571527,0.0012056068220378045
432.32436476878894,0.0062436319732501015
432.3871934804252,0.004640275446693906
432.45002219206134,0.005935527526437104
432.51285090369754,0.004433500375227904
432.5756796153338,0.006980661880786885
432.63850832696994,0.004573617363748215
432.7013370386062,0.006067326357726906
432.76416575024246,0.008757712913757746
432.8269944618787,0.01167933022322593
432.88982317351486,0.0010795612398316365
432.95265188515106,0.0070787045963125
433.0154805967873,0.006851208859458092
433.07830930842346,0.004231539335162743
433.1411380200597,0.011095980006922095
433.20396673169597,0.007052998631719207
433.2667954433321,0.004208020077706413
433.32962415496837,0.004164480087571809
433.39245286660463,0.007210393177857131
433.4552815782408,0.0035879795627742233
433.518110289877,0.004971571902132321
433.58093900151323,0.004588560412131895
433.6437677131494,0.007704010317976314
433.70659642478563,0.003678693859911881
433.7694251364219,0.0042483532159985765
433.83225384805803,0.00839786758765515
433.8950825596943,0.004748414616038111
433.95791127133054,0.005441703901905311
434.0207399829667,0.009192254139257209
434.0835686946029,0.008279739053728958
434.14639740623915,0.017370843281834993
434.2092261178754,0.011786602844809311
434.27205482951155,0.00014209175532346727
434.3348835411478,0.003535041392038987
434.39771225278406,0.005437000596705663
434.4605409644202,0.015168576169893973
434.5233696760564,0.012010558505435491
434.58619838769266,0.0067914670377490225
434.6490270993288,0.006728478998576764
434.71185581096506,0.0017901706089956438
434.7746845226013,0.002911198992728836
434.83751323423746,0.012862301388851447
434.9003419458737,0.01730525228628758
434.96317065751,0.012971470147829728
435.0259993691461,0.008208042002181021
435.0888280807823,0.0015748424489767444
435.1516567924186,0.004674759138248236
435.2144855040547,0.007891565360922522
435.277314215691,0.007664970403718062
435.34014292732724,0.006592231646861166
435.4029716389634,0.0021615878966123074
435.46580035059964,0.003935382320133113
435.52862906223584,0.003336716214393681
435.5914577738721,0.00638405695562626
435.65428648550824,0.013189128636350628
435.7171151971445,0.00945826628572572
435.77994390878075,0.008233466714398459
435.8427726204169,0.012295188540602056
435.90560133205315,0.006184761422079516
435.9684300436894,0.004656973384752091
436.03125875532555,0.0020014636518307176
436.09408746696175,0.004726083789557156
436.156916178598,0.0026932501947282924
436.21974489023415,0.010561933970447496
436.2825736018704,0.008717446194252515
436.34540231350667,0.0019907686409668095
436.4082310251428,0.00352969041182042
436.47105973677907,0.013531982608757903
436.53388844841527,0.019982822055557705
436.59671716005147,0.013066021629058636
436.65954587168767,0.010875191773059106
436.7223745833239,0.007408226512334085
436.78520329496007,0.007761075466115665
436.8480320065963,0.0058267043944833525
436.9108607182326,0.005398677505821047
436.97368942986884,0.0044994810734059415
437.036518141505,0.0043283198000192286
437.0993468531412,0.008778041523833907
437.16217556477744,0.008025732566133459
437.2250042764136,0.010628086037353502
437.28783298804984,0.00417312721107789
437.3506616996861,0.005170056164810144
437.41349041132224,0.006678175394576718
437.4763191229585,0.004980507648193841
437.53914783459476,0.003620711827622258
437.6019765462309,0.0023498119754275714
437.6648052578671,0.004782932112128817
437.72763396950336,0.005271507317174187
437.7904626811395,0.006675165451990647
437.85329139277576,0.008567802979659278
437.916120104412,0.01338109565409782
437.97894881604816,0.008797133886003882
438.0417775276844,0.006616125992635466
438.1046062393206,0.002986990587898279
438.1674349509568,0.003658132841743346
438.230263662593,0.005061445268244717
438.2930923742293,0.013665665308034989
438.35592108586553,0.012281518885613567
438.4187497975017,0.004020456273248485
438.48157850913793,0.006078179651294362
438.5444072207742,0.007108110202693898
438.60723593241033,0.004898250411290919
438.67006464404653,0.0048730993332539736
438.7328933556828,0.005466984634810232
438.79572206731893,0.010003250684420874
438.8585507789552,0.008479225026884484
438.92137949059145,0.006057345808633069
438.9842082022276,0.006077528140727136
439.04703691386385,0.0008875008919774526
439.10986562550005,0.012368378302967133
439.17269433713625,0.01140828977951031
439.23552304877245,0.003957730475599793
439.2983517604087,0.004497882804265738
439.36118047204485,0.007996993422875668
439.4240091836811,0.004866255131057824
439.48683789531736,0.0031093391002402697
439.5496666069535,0.004807020376105071
439.61249531858977,0.004509281257691274
439.67532403022597,0.009016127956220558
439.7381527418622,0.010127393401907797
439.80098145349837,0.00263198570189085
439.8638101651346,0.007042840744040846
439.9266388767709,0.009525067402262812
439.989467588407,0.014231181789438252
440.0522963000433,0.013951209295198755
440.11512501167954,0.0268065082648542
440.1779537233157,0.020428037613906908
440.2407824349519,0.01053138122193819
440.30361114658814,0.009469090540358053
440.3664398582243,0.009757515188914507
440.42926856986054,0.005296493915399063
440.4920972814968,0.005743935817337088
440.55492599313294,0.0036168793205493574
440.6177547047692,0.015061090883608574
440.6805834164054,0.012394791418990555
440.7434121280416,0.006895910114665019
440.8062408396778,0.004282904892300034
440.86906955131406,0.009992245068136755
440.9318982629502,0.006747310850070099
440.99472697458646,0.004312152437753125
441.0575556862227,0.005020570331465068
441.12038439785897,0.006560492684335031
441.1832131094951,0.010026301195771477
441.2460418211313,0.013376505454810528
441.30887053276757,0.012816525103353944
441.3716992444037,0.00402083577567551
441.43452795604,0.0026678698040458406
441.49735666767623,0.005321505209891824
441.5601853793124,0.01296529735340249
441.62301409094863,0.005142695295745096
441.68584280258483,0.007741164535797841
441.74867151422103,0.006738053413974532
441.81150022585723,0.0027750410345874126
441.8743289374935,0.004995753445267404
441.93715764912963,0.005403578974470142
441.9999863607659,0.006984321534099459
442.06281507240215,0.003698021386198162
442.1256437840383,0.0045949778756987445
442.18847249567455,0.004427187552881486
442.25130120731075,0.01259992879340886
442.31412991894695,0.019738155299773658
442.37695863058315,0.0065184236345984855
442.4397873422194,0.013010606339529569
442.50261605385566,0.009574598063587533
442.5654447654918,0.009066993786417869
442.62827347712806,0.010871839006339732
442.69110218876426,0.016821633044842795
442.75393090040046,0.011100853738784132
442.81675961203666,0.013270990276659976
442.8795883236729,0.013076448874241635
442.94241703530906,0.011891703531348777
443.0052457469453,0.008477479921322412
443.0680744585816,0.008173430939981227
443.1309031702177,0.008896396366116081
443.193731881854,0.006637513307926437
443.2565605934902,0.004969120665358474
443.3193893051264,0.0008783404586174463
443.3822180167626,0.00953932932499529
443.44504672839884,0.003396369426955717
443.507875440035,0.0075179431096939016
443.57070415167124,0.008285523682798753
443.6335328633075,0.009828303259292395
443.69636157494364,0.003449769178344162
443.7591902865799,0.001746350639611956
443.8220189982161,0.0014012154833057272
443.88484770985235,0.0009140791147790366
443.9476764214885,0.008146050791947178
444.01050513312475,0.014935248497632178
444.073333844761,0.01280526429052627
444.13616255639715,0.005037493585772353
444.1989912680334,0.005402538106474797
444.2618199796696,0.00503820899390085
444.3246486913058,0.007722207620595789
444.387477402942,0.0051577274342535775
444.45030611457827,0.005414573025947661
444.5131348262144,0.005176019055615854
444.57596353785067,0.002573627764915655
444.6387922494869,0.0046865180979409156
444.70162096112307,0.00925690706110609
444.7644496727593,0.0061168978781174985
444.8272783843955,0.004341482635205635
444.8901070960317,0.0084467884617686
444.9529358076679,0.013213716440421155
445.0157645193042,0.00967637900273126
445.0785932309403,0.005612571764977325
445.1414219425766,0.011914028724631183
445.20425065421284,0.010350304560628383
445.26707936584904,0.004356984942712838
445.32990807748524,0.007122613771817556
445.39273678912144,0.019715370357456824
445.4555655007577,0.00950389908602786
445.51839421239384,0.005670986932699863
445.5812229240301,0.006255244969870289
445.64405163566636,0.003991447343809677
445.7068803473025,0.0073087059802637005
445.76970905893876,0.0029571768242398462
445.83253777057496,0.009192633490093258
445.89536648221116,0.010295592427085555
445.95819519384736,0.007089396376466127
446.0210239054836,0.00181231082034638
446.08385261711976,0.006397186994654042
446.146681328756,0.008795502516621409
446.2095100403923,0.006376499667084188
446.2723387520284,0.008769613965384443
446.3351674636647,0.003777417080047682
446.3979961753009,0.007157810286556784
446.4608248869371,0.013469987826749474
446.5236535985733,0.011920150786231253
446.58648231020953,0.007624492365848945
446.6493110218458,0.00842867545999357
446.71213973348193,0.0039023040695206957
446.7749684451182,0.005910016086087791
446.8377971567544,0.008390253430211587
446.9006258683906,0.006359613241440163
446.9634545800268,0.0144464572716677
447.02628329166305,0.0109526087964141
447.0891120032992,0.006784420097637179
447.15194071493545,0.0034255513263199947
447.2147694265717,0.0035311146097536652
447.27759813820785,0.00610807359286011
447.3404268498441,0.0017197818560919717
447.4032555614803,0.006071128249654318
447.4660842731165,0.0021491176025080125
447.5289129847527,0.010722306992517366
447.59174169638897,0.013421100618976617
447.6545704080251,0.00739483500765472
447.71739911966137,0.0035698144859292206
447.7802278312976,0.0045216249825592286
447.84305654293377,0.006060517292007823
447.90588525457,0.008291521275468113
447.9687139662062,0.0035779361569216114
448.0315426778425,0.0016780970327031997
448.0943713894786,0.004655239568755099
448.1572001011149,0.008141126371736262
448.22002881275114,0.009192138162307038
448.2828575243873,0.008289229679079793
448.34568623602354,0.01683909154085016
448.40851494765974,0.011073002877712358
448.47134365929594,0.007369426438747754
448.53417237093214,0.012844461759001339
448.5970010825684,0.006377730241756446
448.65982979420454,0.0028164211810737753
448.7226585058408,0.0016172702350046007
448.78548721747705,0.007463155939955304
448.8483159291132,0.006380046200388598
448.91114464074946,0.002244504510679458
448.97397335238566,0.0017953131274912344
449.03680206402186,0.008826390721166049
449.09963077565806,0.0040325322356419445
449.1624594872943,0.0015155700336938153
449.22528819893046,0.004865300319627713
449.2881169105667,0.0050163457199071705
449.35094562220297,0.006832951464918218
449.41377433383917,0.008474175486331528
449.4766030454754,0.01596586335088728
449.5394317571116,0.012957641410154765
449.60226046874783,0.015618511536028211
449.665089180384,0.007461047598798634
449.72791789202023,0.010610532105028707
449.7907466036565,0.003135547052797748
449.85357531529263,0.0023232002545688336
449.9164040269289,0.008063729566958364
449.9792327385651,0.010831638257186062
450.0420614502013,0.007658837541262363
450.1048901618375,0.008627173597987432
450.16771887347375,0.003914492267218423
450.2305475851099,0.003712641252409752
450.29337629674615,0.005285964196088866
450.3562050083824,0.012211860473242266
450.41903372001855,0.01766624635806073
450.4818624316548,0.013213355310554068
450.544691143291,0.018392731566357134
450.6075198549272,0.006640862996375854
450.6703485665634,0.013507573937063774
450.73317727819966,0.011139001462733552
450.7960059898359,0.00980528390013539
450.85883470147206,0.00757502312058661
450.9216634131083,0.007798925059005477
450.9844921247445,0.00906577356941491
451.0473208363807,0.009684412912859926
451.1101495480169,0.004347422275929898
451.1729782596532,0.0016567332361711927
451.2358069712893,0.0036461686091293992
451.2986356829256,0.010637677384268043
451.36146439456184,0.011204029435651346
451.424293106198,0.012608696976867928
451.48712181783424,0.0169971808463737
451.54995052947044,0.016781599215224468
451.61277924110664,0.013332823066560728
451.67560795274284,0.008890576299198321
451.7384366643791,0.0037160406628898328
451.80126537601524,0.009013187352353187
451.8640940876515,0.009004526938409354
451.92692279928775,0.0068840085784857
451.9897515109239,0.0043702426144970885
452.05258022256015,0.007422810405105882
452.11540893419635,0.005998904708422537
452.1782376458326,0.010698516744021572
452.24106635746875,0.005902622108451948
452.303895069105,0.007618321396971618
452.36672378074127,0.0049319213275665665
452.4295524923774,0.0031650688815933062
452.49238120401367,0.0029021655650106636
452.55520991564987,0.004072919848581669
452.61803862728607,0.011400164743881072
452.68086733892227,0.012572663290141832
452.7436960505585,0.008967981607487697
452.80652476219467,0.006422158915103082
452.8693534738309,0.005149910918103505
452.9321821854672,0.004019653491494726
452.9950108971033,0.012193823046567907
453.0578396087396,0.013519149956920997
453.1206683203758,0.013800094023492521
453.183497032012,0.00802987138297329
453.2463257436482,0.006803414282772051
453.30915445528444,0.009860453148673365
453.3719831669206,0.013006476656042664
453.43481187855684,0.008688587042185678
453.4976405901931,0.017589331623480278
453.5604693018293,0.013879988920290244
453.6232980134655,0.006846532010785676
453.6861267251017,0.00040021203332589103
453.74895543673796,0.005364996008472785
453.8117841483741,0.006486073094189229
453.87461286001036,0.006507364339346085
453.9374415716466,0.007201730850404624
454.00027028328276,0.0048304705288435505
454.063098994919,0.013059500425716224
454.1259277065552,0.007232883049981407
454.1887564181914,0.004010989460391755
454.2515851298276,0.003801336356279865
454.3144138414639,0.0027463122889710835
454.3772425531,0.005959450299963004
454.4400712647363,0.0013708382588187192
454.50289997637253,0.005807837386908535
454.5657286880087,0.0066238417180142966
454.62855739964493,0.00843017665403553
454.69138611128113,0.010758881037804861
454.75421482291733,0.009208670501966557
454.81704353455353,0.004099239274637921
454.8798722461898,0.009762616920947592
454.94270095782605,0.007058199186603843
455.0055296694622,0.005786790475900467
455.06835838109845,0.00713957806775932
455.13118709273465,0.007777570360876011
455.19401580437085,0.008326537914359056
455.25684451600705,0.005434970790102164
455.3196732276433,0.006945405676226247
455.38250193927945,0.012893008453342056
455.4453306509157,0.012514429181438207
455.50815936255196,0.0068102752871394764
455.5709880741881,0.012658609882933824
455.63381678582437,0.008032622518710335
455.69664549746057,0.005942453047464167
455.75947420909677,0.008488757664574393
455.82230292073297,0.01403456832168435
455.8851316323692,0.009195690944443443
455.94796034400537,0.005015481847356005
456.0107890556416,0.006665775002569378
456.0736177672779,0.005110136958928706
456.136446478914,0.0022069508534007503
456.1992751905503,0.0031396798532471407
456.2621039021865,0.0006707533291361511
456.32493261382274,0.005538530026374745
456.3877613254589,0.008494113656205865
456.45059003709514,0.007551232338141006
456.5134187487314,0.009671639567812796
456.57624746036754,0.010804370720397131
456.6390761720038,0.0066826524668390785
456.70190488364,0.004665820274417981
456.7647335952762,0.009734110575499359
456.8275623069124,0.014066276234655698
456.89039101854866,0.006376311135053646
456.9532197301848,0.0025197607721098706
457.01604844182106,0.001139790765794124
457.0788771534573,0.007515681031675456
457.14170586509346,0.0018632302635540677
457.2045345767297,0.006493331894498986
457.2673632883659,0.006205249440339555
457.3301920000021,0.0024630143813329348
457.3930207116383,0.003769430988781468
457.45584942327457,0.010038319695646593
457.5186781349107,0.00890309187193282
457.581506846547,0.008277645045028332
457.64433555818323,0.006985768314762727
457.70716426981943,0.012837222100047051
457.76999298145563,0.011018639078506686
457.83282169309183,0.0020984325584126142
457.8956504047281,0.012056850811784989
457.95847911636423,0.014039503417724994
458.0213078280005,0.008793913161714895
458.08413653963675,0.0041825353337056085
458.1469652512729,0.0011815541473435567
458.20979396290915,0.00738918375963379
458.27262267454535,0.002261388724481843
458.33545138618155,0.0054201718215146615
458.39828009781775,0.00545267556711889
458.461108809454,0.007407871059414448
458.52393752109015,0.0031855531081662353
458.5867662327264,0.007278115110068553
458.64959494436266,0.004751933496619003
458.7124236559988,0.005610521276076285
458.77525236763506,0.0007277039330482039
458.83808107927126,0.004621504886037009
458.90090979090746,0.002217874068178699
458.96373850254366,0.011525508838015187
459.0265672141799,0.012779167945531751
459.0893959258162,0.005037665324725752
459.1522246374523,0.0003606724262068043
459.2150533490886,0.005858295464868547
459.2778820607248,0.006144665957094314
459.340710772361,0.009114266467617892
459.4035394839972,0.01231945307370744
459.46636819563344,0.005358728787107429
459.5291969072696,0.007880842572386278
459.59202561890584,0.0041784464648710025
459.6548543305421,0.008809554729892536
459.71768304217824,0.002005118279551394
459.7805117538145,0.002870824154440583
459.8433404654507,0.008271234535537367
459.9061691770869,0.005118444989537714
459.9689978887231,0.00536125617877003
460.03182660035935,0.002582663654657626
460.0946553119955,0.0071400054474372
460.15748402363175,0.015563397348651368
460.220312735268,0.010571959844074368
460.28314144690415,0.009785726988483331
460.3459701585404,0.012055831397598877
460.4087988701766,0.014009219445271757
460.47162758181287,0.006558710848424533
460.534456293449,0.007288883238939057
460.59728500508527,0.005655365110155315
460.6601137167215,0.004903054322886884
460.72294242835767,0.0014526528811371034
460.7857711399939,0.004588948585510548
460.8485998516301,0.0030154131831613643
460.9114285632663,0.008505947129861031
460.9742572749025,0.009135969755183711
461.0370859865388,0.013349101743532281
461.0999146981749,0.012811893679822252
461.1627434098112,0.011733181719990916
461.22557212144744,0.01517268136999499
461.2884008330836,0.008724761692148274
461.35122954471984,0.0017557112322258866
461.41405825635604,0.006740951164365728
461.4768869679922,0.0059207948056440385
461.53971567962844,0.008716626759972052
461.6025443912647,0.0040711515230218796
461.66537310290084,0.0027101421446759587
461.7282018145371,0.01024519629870432
461.79103052617336,0.0033501720234703127
461.85385923780956,0.007784339018120935
461.91668794944576,0.007055915173449454
461.97951666108196,0.005690267775622811
462.0423453727182,0.0009795284986568403
462.10517408435436,0.008437065077581409
462.1680027959906,0.007949987036816632
462.2308315076269,0.00269649557782393
462.293660219263,0.005826651499334275
462.3564889308993,0.0085774810646534
462.4193176425355,0.008745821130562903
462.4821463541717,0.010086779425842563
462.5449750658079,0.01152541394613796
462.60780377744413,0.003831642176293669
462.6706324890803,0.006409245027334542
462.73346120071653,0.009539390440691284
462.7962899123528,0.007014086674467965
462.85911862398893,0.006790223165943416
462.9219473356252,0.011392208904672015
462.9847760472614,0.002250607163064971
463.04760475889753,0.002528045358970653
463.1104334705338,0.001487112214926578
463.17326218217005,0.008417476248541217
463.2360908938063,0.0062317634152593915
463.29891960544245,0.006285515069945644
463.3617483170787,0.0035829940547273866
463.4245770287149,0.008914289498277923
463.4874057403511,0.009823320741381834
463.5502344519873,0.009719991730034164
463.61306316362356,0.007984885829207379
463.6758918752597,0.006469369936790398
463.73872058689597,0.012814677949986732
463.8015492985322,0.006946978136623251
463.86437801016837,0.01065702768357067
463.9272067218046,0.005908439773254231
463.9900354334408,0.0019089425133023536
464.05286414507697,0.004767646827118593
464.1156928567132,0.004530133915341746
464.1785215683495,0.001971715618758715
464.2413502799856,0.009623182602323694
464.3041789916219,0.014375353583760983
464.36700770325814,0.00379195637763981
464.4298364148943,0.00681480497206944
464.49266512653054,0.004927948034082228
464.55549383816674,0.004595105683460758
464.618322549803,0.004508678611645048
464.68115126143914,0.0018111094393697706
464.7439799730754,0.006717439885093397
464.80680868471165,0.00811992198052552
464.8696373963478,0.00350869563061656
464.93246610798406,0.0037379454282338424
464.99529481962026,0.006045117459849933
465.05812353125646,0.0008769446306808207
465.12095224289266,0.001801151905508969
465.1837809545289,0.005661651696663097
465.24660966616506,0.0054394377362702515
465.3094383778013,0.00931814617755856
465.37226708943757,0.006138366514575615
465.4350958010737,0.0047444631401204465
465.49792451271,0.00528066502430482
465.5607532243462,0.004888748777167279
465.6235819359823,0.007396165339854733
465.6864106476186,0.007125595238322941
465.74923935925483,0.005174139428079292
465.812068070891,0.007372983599283096
465.87489678252723,0.00936556994342608
465.9377254941635,0.011096967663562747
466.0005542057997,0.016620346662105046
466.0633829174359,0.00792680649444782
466.1262116290721,0.008286770418540063
466.18904034070835,0.007006634631647574
466.2518690523445,0.005151820712572061
466.31469776398075,0.015336700786036406
466.377526475617,0.004428365795212765
466.44035518725315,0.008566572803289832
466.5031838988894,0.011237315021900425
466.5660126105256,0.005696433723369179
466.62884132216175,0.003406309704827761
466.691670033798,0.014531219401688548
466.75449874543426,0.015459187035398359
466.8173274570704,0.012652152116665108
466.88015616870666,0.000966898892914111
466.9429848803429,0.0070698538945367425
467.00581359197906,0.00423040708909622
467.0686423036153,0.004677510215772883
467.1314710152515,0.010287628918351038
467.19429972688766,0.019181466448705123
467.2571284385239,0.020986904607231568
467.3199571501602,0.008070662782355858
467.38278586179644,0.009217441459381508
467.4456145734326,0.00909875986640301
467.50844328506884,0.005954334022791886
467.57127199670504,0.003552294769818631
467.6341007083412,0.006971929457230002
467.69692941997744,0.01144326751070528
467.7597581316137,0.009372113122455955
467.82258684324984,0.006320378434521922
467.8854155548861,0.008747665738024667
467.94824426652235,0.00627543817184391
468.0110729781585,0.0019401223590460306
468.07390168979475,0.008258344063311322
468.13673040143095,0.010546473547934677
468.1995591130671,0.004476616181482702
468.26238782470335,0.0056532135492062645
468.3252165363396,0.010040351016474857
468.38804524797575,0.008611499070803446
468.450873959612,0.006599317732645044
468.51370267124827,0.00021436588561970658
468.5765313828844,0.0014264332872817912
468.63936009452067,0.0021919238908135632
468.70218880615687,0.003309986900565908
468.7650175177931,0.0088378424460865
468.82784622942927,0.011344964057088038
468.8906749410655,0.003310203172135794
468.9535036527018,0.002997459771256889
469.0163323643379,0.005048267772845352
469.0791610759742,0.012152858488714408
469.1419897876104,0.0122825235466568
469.2048184992465,0.008691441668781823
469.2676472108828,0.004879458657760048
469.33047592251904,0.001996157492370976
469.3933046341552,0.0034121259712271393
469.45613334579144,0.007239305480282151
469.5189620574277,0.006605665876687686
469.58179076906384,0.003377393100207454
469.6446194807001,0.013844281564383849
469.7074481923363,0.009054040369076768
469.77027690397244,0.007935939868806906
469.8331056156087,0.006750606662603596
469.89593432724496,0.0018480763596004216
469.9587630388811,0.0034439749896001573
470.02159175051736,0.008576047538529353
470.0844204621536,0.012616652997952884
470.1472491737898,0.008939155233944628
470.21007788542596,0.005344011366060966
470.2729065970622,0.004975767627547777
470.3357353086985,0.0009255580316008447
470.3985640203346,0.0054980038933428056
470.4613927319709,0.010079481384357832
470.52422144360713,0.009425753304011488
470.5870501552433,0.005858297350934978
470.64987886687953,0.005184459101335572
470.71270757851573,0.0059795111464462924
470.7755362901519,0.0023076629917681965
470.83836500178813,0.008214417244337045
470.9011937134244,0.006301814583676621
470.96402242506053,0.010224754438387525
471.0268511366968,0.015915429825997467
471.08967984833305,0.009572886786220695
471.1525085599692,0.008691955869995577
471.21533727160545,0.010448420815500006
471.27816598324165,0.005445511547757313
471.3409946948778,0.005417242603270239
471.40382340651405,0.0041624819415371815
471.4666521181503,0.010231551924190533
471.52948082978656,0.007611736587083795
471.5923095414227,0.007266893519007516
471.65513825305896,0.00555814559078815
471.71796696469517,0.0047178298528651255
471.7807956763313,0.007847722936970515
471.84362438796757,0.007007022374393193
471.9064530996038,0.00884589255163274
471.96928181123997,0.0054524088854893136
472.0321105228762,0.005683949747258671
472.0949392345125,0.01179180653217779
472.1577679461486,0.0061303465360186
472.2205966577849,0.005345789485480686
472.2834253694211,0.012103453006305378
472.3462540810572,0.008313358413633313
472.4090827926935,0.004372856499512995
472.47191150432974,0.003789764625645621
472.5347402159659,0.00297397886887688
472.59756892760214,0.014685310888205533
472.6603976392384,0.01218675997480596
472.7232263508746,0.011693887815143302
472.78605506251074,0.010148493896148667
472.848883774147,0.006495160826145778
472.91171248578326,0.0038516617804878585
472.9745411974194,0.004087382130939457
473.03736990905566,0.00711622188384368
473.1001986206919,0.013493888759933556
473.16302733232806,0.009305739881413483
473.2258560439643,0.008407539912980285
473.2886847556005,0.006368290910106834
473.35151346723666,0.0067317325894371005
473.4143421788729,0.0037663996247600346
473.47717089050917,0.0086921022164966
473.5399996021453,0.005122609452126138
473.6028283137816,0.00855754170847772
473.66565702541783,0.010078938484399145
473.728485737054,0.002257725996169187
473.79131444869023,0.010609242360141777
473.85414316032643,0.01569339105930774
473.9169718719626,0.008108084636184685
473.97980058359883,0.002197147057641996
474.0426292952351,0.0028232074519900347
474.10545800687134,0.0028569527032450007
474.1682867185075,0.008955202298789237
474.23111543014375,0.012060076389091701
474.29394414177995,0.00789453351653783
474.3567728534161,0.008364200679761584
474.41960156505235,0.014057720544616993
474.4824302766886,0.0073615151800691826
474.54525898832475,0.005633419561613267
474.608087699961,0.010126487590265744
474.67091641159726,0.011018075770703847
474.7337451232334,0.01022929632411395
474.79657383486966,0.004124982223588014
474.85940254650586,0.009089963767546684
474.922231258142,0.009368819363256425
474.98505996977826,0.015022288963803065
475.0478886814145,0.011779497571969435
475.11071739305066,0.0033349395520070914
475.1735461046869,0.009200976338842903
475.2363748163232,0.018771663836179266
475.2992035279593,0.014425521239659301
475.3620322395955,0.010076330208230535
475.4248609512318,0.005463175543929652
475.48768966286804,0.00676304228828675
475.5505183745042,0.011095929875958388
475.61334708614044,0.012036210127785097
475.6761757977767,0.00970374963033672
475.73900450941284,0.005874487172440128
475.8018332210491,0.004848223544751301
475.8646619326853,0.012129390667698995
475.92749064432144,0.009264138979717666
475.9903193559577,0.002775322880465865
476.05314806759395,0.003430559282964435
476.1159767792301,0.006875033011833578
476.17880549086635,0.018673471986769826
476.2416342025026,0.015674385082818994
476.30446291413875,0.007453437148122946
476.36729162577495,0.0022634058697801073
476.4301203374112,0.005990866247206848
476.49294904904735,0.013534436408609416
476.5557777606836,0.00803109802983209
476.61860647231987,0.002920344805168338
476.681435183956,0.006550674681814421
476.74426389559227,0.0017966022290246575
476.8070926072285,0.005751557578513618
476.8699213188647,0.009517523675902615
476.93275003050087,0.007712604304729828
476.9955787421371,0.008053194239965873
477.0584074537734,0.007425629034608215
477.1212361654095,0.009992361708712715
477.1840648770458,0.011260284944278843
477.24689358868204,0.010006063890716142
477.3097223003182,0.010024110217070671
477.37255101195444,0.0075501208330658294
477.43537972359064,0.009163806217762733
477.4982084352268,0.008364201529647015
477.56103714686304,0.008697450577091006
477.6238658584993,0.008759147768239989
477.68669457013544,0.008849937571486784
477.7495232817717,0.003579018139287809
477.81235199340796,0.005039599355296671
477.8751807050441,0.003652519100941791
477.9380094166803,0.008819198758772684
478.00083812831656,0.012391092184326621
478.0636668399527,0.009013174717002118
478.12649555158896,0.009212473993414278
478.1893242632252,0.01029603030268459
478.2521529748615,0.0063777177829535195
478.3149816864976,0.001399462260693917
478.3778103981339,0.002627991123616577
478.4406391097701,0.006944702457866212
478.5034678214062,0.006433963200934315
478.5662965330425,0.010516047627113495
478.62912524467873,0.00828103766403507
478.6919539563149,0.010817097780271798
478.75478266795113,0.005840327679339154
478.8176113795874,0.005902578956550621
478.88044009122353,0.0061311888937871815
478.94326880285973,0.005537240078693709
479.006097514496,0.0029781257850317678
479.06892622613213,0.009109683937201555
479.1317549377684,0.014459841426891483
479.19458364940465,0.004856147326590755
479.2574123610408,0.0063747900180343335
479.32024107267705,0.008439276307751521
479.3830697843133,0.006034310453945482
479.44589849594945,0.009703587821864567
479.50872720758565,0.005645638141066243
479.5715559192219,0.006186834996401711
479.63438463085816,0.004546301909735197
479.6972133424943,0.004872579365803467
479.76004205413057,0.0007855077076562962
479.8228707657668,0.010097395439582204
479.88569947740297,0.006187067903461743
479.9485281890392,0.001908243610797173
480.0113569006754,0.0015485530781311912
480.07418561231157,0.0025255448855759526
480.1370143239478,0.003262981437427388
480.1998430355841,0.005791801764083195
480.2626717472202,0.005462898796282444
480.3255004588565,0.008462493208688523
480.38832917049274,0.012149385224300868
480.4511578821289,0.006399752122737776
480.5139865937651,0.006593324393282183
480.57681530540134,0.002098329266862996
480.6396440170375,0.0053254414764051326
480.70247272867374,0.006622097208052203
480.76530144031,0.004782461448583297
480.82813015194614,0.008181603448732073
480.8909588635824,0.01607991147266823
480.95378757521866,0.011466157895991183
481.01661628685486,0.010874086390245874
481.079444998491,0.0019359306550753683
481.14227371012726,0.00487570582763696
481.2051024217635,0.004589759310749333
481.26793113339966,0.006328834690027088
481.3307598450359,0.0075510168475172845
481.39358855667217,0.0009007990262866145
481.4564172683083,0.0027288585091151027
481.5192459799445,0.005266970166170507
481.5820746915808,0.0042860076068497585
481.6449034032169,0.007265684238467854
481.7077321148532,0.006286086554394533
481.77056082648943,0.004871672923064032
481.8333895381256,0.0017513509235776803
481.89621824976183,0.005125386244044492
481.9590469613981,0.009020669017790152
482.02187567303423,0.00467542562006714
482.08470438467043,0.0029775939449352153
482.1475330963067,0.011948209952248991
482.21036180794283,0.01351798650208237
482.2731905195791,0.007191714165938808
482.33601923121535,0.011555624631429428
482.3988479428516,0.006171009682322726
482.46167665448775,0.006606557963582636
482.52450536612395,0.004319271757287183
482.5873340777602,0.003366969130581796
482.65016278939635,0.0035448983638582
482.7129915010326,0.014969815886491496
482.77582021266886,0.008788805368743659
482.838648924305,0.004679427171686996
482.90147763594126,0.003369621908341213
482.9643063475775,0.008426296860091144
483.02713505921366,0.004520658962846679
483.08996377084986,0.0032845731070978526
483.1527924824861,0.004845861596871466
483.21562119412226,0.003071085419879246
483.2784499057585,0.0034010861612566354
483.3412786173948,0.003654555244975007
483.4041073290309,0.005217565587223633
483.4669360406672,0.004988471779210176
483.52976475230344,0.008294017797954379
483.5925934639396,0.00852256982972888
483.6554221755758,0.0064008553045319955
483.71825088721204,0.003605927053256693
483.7810795988483,0.0025970625830051683
483.84390831048444,0.0035626762774088713
483.9067370221207,0.004196558030069182
483.96956573375695,0.0057650145942449655
484.0323944453931,0.013511102143736372
484.0952231570293,0.007449828378351107
484.15805186866555,0.005357358201529173
484.2208805803017,0.006185404818779799
484.28370929193795,0.00565450170121189
484.3465380035742,0.0028096192668304763
484.40936671521035,0.00296755148136371
484.4721954268466,0.006552792600235505
484.53502413848287,0.005771095726620136
484.597852850119,0.0013553841940278568
484.6606815617552,0.004589427392465799
484.72351027339147,0.010229100367657494
484.7863389850276,0.0042822539525673815
484.84916769666387,0.006785452751204309
484.9119964083001,0.008159764116059879
484.97482511993627,0.013747544846189017
485.0376538315725,0.010687614174150008
485.1004825432087,0.006116701552229029
485.163311254845,0.006932730668437343
485.2261399664811,0.006998982345939246
485.2889686781174,0.0014012321340082117
485.35179738975364,0.006902439807842437
485.4146261013898,0.0030490495206026962
485.47745481302604,0.0015510298454724444
485.5402835246623,0.0028924693506379526
485.60311223629844,0.00565112842075557
485.66594094793464,0.0052400413957212075
485.7287696595709,0.0043158938624097325
485.79159837120704,0.005395911762261085
485.8544270828433,0.006925198376947024
485.91725579447956,0.00959292981105506
485.9800845061157,0.012224590649906974
486.04291321775196,0.006456622864827962
486.1057419293882,0.002805096638036474
486.16857064102436,0.007211568011190616
486.23139935266056,0.01120273531379228
486.2942280642968,0.010791981483814758
486.35705677593296,0.010784380179866528
486.4198854875692,0.006610863076279682
486.4827141992055,0.009666308922435005
486.54554291084173,0.009577098893093317
486.6083716224779,0.01021149915423083
486.6712003341141,0.005439189137119325
486.73402904575033,0.005851020639223726
486.7968577573865,0.004828110217589068
486.85968646902273,0.011127644626858075
486.922515180659,0.012285829733949566
486.98534389229513,0.003163647314195123
487.0481726039314,0.00992590256531477
487.11100131556765,0.0031694185693473573
487.1738300272038,0.004205371385955825
487.23665873884,0.009378602815613347
487.29948745047625,0.009264379275024421
487.3623161621124,0.0004948933059006934
487.42514487374865,0.001528164411205794
487.4879735853849,0.002788532391204096
487.55080229702105,0.003651064742784554
487.6136310086573,0.000658841747592764
487.6764597202935,0.0038758967640138845
487.7392884319297,0.005434110142725871
487.8021171435659,0.0053021664439652574
487.86494585520217,0.006763547596194559
487.9277745668384,0.00854772097244358
487.99060327847457,0.01049763962886977
488.0534319901108,0.00903936864789439
488.1162607017471,0.010043925723738342
488.1790894133832,0.004148481993764162
488.2419181250194,0.003734355245866221
488.3047468366557,0.003965071651221692
488.3675755482918,0.0022920410037451135
488.4304042599281,0.00624939257719337
488.49323297156434,0.0056380074755702165
488.5560616832005,0.008288077161103784
488.61889039483674,0.008628664676997206
488.68171910647294,0.01029284934223018
488.74454781810914,0.013333320120479913
488.80737652974534,0.004023654474830844
488.8702052413816,0.005439254855467596
488.93303395301774,0.006450543574047705
488.995862664654,0.01130216039407085
489.05869137629026,0.00694092865340778
489.1215200879264,0.009076723354037683
489.18434879956266,0.007487464186741465
489.24717751119886,0.007679600754304995
489.3100062228351,0.01217097058561786
489.37283493447126,0.009549997135514354
489.4356636461075,0.009128594523157882
489.49849235774377,0.008711093414216067
489.5613210693799,0.010293349193814156
489.6241497810162,0.010594229681864029
489.68697849265243,0.012307411567436519
489.7498072042886,0.01288245089544429
489.8126359159248,0.005393673276052552
489.87546462756103,0.004552334317100996
489.9382933391972,0.006218208962116745
490.00112205083343,0.012467230885179526
490.0639507624697,0.00698137747315369
490.12677947410583,0.0066877610369305215
490.1896081857421,0.002386410234311962
490.2524368973783,0.0036616861213703846
490.3152656090145,0.007691050009897784
490.3780943206507,0.008579082052449375
490.44092303228695,0.005225797725460309
490.5037517439231,0.009234880590285231
490.56658045555935,0.011552567918083456
490.6294091671956,0.011182100321916523
490.69223787883186,0.0034067342916686573
490.755066590468,0.0017385134515408242
490.8178953021042,0.0074957641706781455
490.88072401374046,0.015420644439218586
490.9435527253766,0.00856625053916232
491.00638143701286,0.0010513575572115587
491.0692101486491,0.011222334816666324
491.13203886028526,0.011296709864019492
491.1948675719215,0.014137657271757332
491.2576962835577,0.012502976344258633
491.3205249951939,0.00877820946787318
491.3833537068301,0.009397236561283061
491.4461824184664,0.009823993425281282
491.5090111301025,0.0005600161558983604
491.5718398417388,0.006273621101291817
491.63466855337504,0.006554961071071825
491.6974972650112,0.006484628597181083
491.76032597664744,0.011024063528081454
491.82315468828364,0.010852165266294449
491.88598339991984,0.000936382500909361
491.94881211155604,0.007440263849206585
492.0116408231923,0.004754810427169341
492.07446953482855,0.008889802183368885
492.1372982464647,0.013510109167859689
492.20012695810095,0.007047181850818192
492.2629556697372,0.0059468178297873535
492.32578438137335,0.004023911077900491
492.38861309300955,0.0049467576326709
492.4514418046458,0.01175881854144638
492.51427051628195,0.009176963022060995
492.5770992279182,0.005649430103161845
492.63992793955447,0.0017713136666471826
492.7027566511906,0.004024272689290345
492.76558536282687,0.007356854369965471
492.82841407446307,0.010086919076370864
492.89124278609927,0.008382748272296521
492.95407149773547,0.005356639158270857
493.0169002093717,0.005853267872148676
493.07972892100787,0.0075033432428596785
493.1425576326441,0.008437556016464152
493.2053863442804,0.0069658284791768625
493.2682150559165,0.004769305541519919
493.3310437675528,0.003528272293262659
493.393872479189,0.0067191286999252284
493.45670119082524,0.0046262572836914765
493.5195299024614,0.009165564689510174
493.58235861409764,0.006767643090451623
493.6451873257339,0.0035238076538328922
493.70801603737004,0.00851458191849707
493.7708447490063,0.004997211167889278
493.8336734606425,0.004844616756855799
493.8965021722787,0.00888701901246803
493.9593308839149,0.006392292408320875
494.02215959555116,0.002131487222632378
494.0849883071873,0.006456942231600674
494.14781701882356,0.0024409589635634287
494.2106457304598,0.009362312519956704
494.27347444209596,0.007583105751839972
494.3363031537322,0.007250700499134215
494.3991318653684,0.004840121212079749
494.4619605770046,0.012822350254234201
494.5247892886408,0.012660291032313743
494.5876180002771,0.0032274180174608094
494.6504467119132,0.005893445694970733
494.7132754235495,0.008553770386525956
494.77610413518573,0.0027943518925031105
494.83893284682193,0.007864538737130418
494.90176155845813,0.0040519902063102025
494.96459027009433,0.006440461213354839
495.0274189817306,0.006368779410685278
495.09024769336673,0.0021320910781140565
495.153076405003,0.006737947972441679
495.21590511663925,0.007425625726301933
495.2787338282754,0.012192204035678786
495.34156253991165,0.0048489760296805675
495.40439125154785,0.008592042569703173
495.46721996318405,0.00893341149052721
495.53004867482025,0.01634750005254496
495.5928773864565,0.012397216664192067
495.65570609809265,0.00375261686954567
495.7185348097289,0.012797513149008684
495.78136352136517,0.01314787727609241
495.8441922330013,0.008885137203307431
495.90702094463757,0.014184361997273564
495.96984965627377,0.012975624114965672
496.03267836790997,0.005109303394247895
496.09550707954617,0.007174231779747441
496.1583357911824,0.014497078836627406
496.2211645028187,0.006373130977400863
496.2839932144548,0.0023978323263924364
496.3468219260911,0.00603164228907492
496.4096506377273,0.007122667249419152
496.4724793493635,0.0069042118644553644
496.5353080609997,0.010431800963205704
496.59813677263594,0.00510353047818037
496.6609654842721,0.0006026915126308457
496.72379419590834,0.001326069241361562
496.7866229075446,0.0037952797309001745
496.84945161918074,0.009990014023346138
496.912280330817,0.005925321017590991
496.9751090424532,0.005930144784589688
497.0379377540894,0.00942119458923733
497.1007664657256,0.006312738600027278
497.16359517736186,0.004816334690156997
497.226423888998,0.008638392202137569
497.28925260063426,0.006318219604033803
497.3520813122705,0.0037413436249161863
497.41491002390666,0.0006866038258886372
497.4777387355429,0.003124442015725835
497.5405674471791,0.006647058531303478
497.60339615881537,0.006295290348599947
497.6662248704515,0.008964601681619935
497.7290535820878,0.008069972665122122
497.79188229372403,0.007790751950130721
497.8547110053602,0.004330370086487103
497.91753971699643,0.004436287062049187
497.98036842863263,0.007376616086351134
498.04319714026883,0.006648578599522042
498.10602585190503,0.00674393896569309
498.1688545635413,0.005585473813118693
498.23168327517743,0.005913180966689982
498.2945119868137,0.005875535835063088
498.35734069844995,0.0047494806755211325
498.4201694100861,0.0031668771148034344
498.48299812172235,0.005947822014787167
498.54582683335855,0.006532833123177801
498.60865554499475,0.00483899804478496
498.67148425663095,0.009928698266254823
498.7343129682672,0.0037600262655509316
498.79714167990335,0.005744347030536944
498.8599703915396,0.0048301725148458185
498.92279910317586,0.004773228671862236
498.98562781481206,0.003252119937652192
499.04845652644826,0.008135363046760886
499.11128523808446,0.0025163327229578577
499.1741139497207,0.000315308289925951
499.23694266135686,0.0033145290403239023
499.2997713729931,0.0027057791356996995
499.3626000846294,0.005548719359178416
499.4254287962655,0.0077413997304347035
499.4882575079018,0.004480942184796294
499.551086219538,0.0021222347858992395
499.6139149311742,0.00329408137054886
499.6767436428104,0.004869282797304561
499.73957235444664,0.000752190310905108
499.8024010660828,0.008177095072510411
499.86522977771904,0.007765017606054978
499.9280584893553,0.008327566357235864
499.99088720099144,0.0016926426492762888
500.0537159126277,0.0074092279774370315
500.1165446242639,0.007117270499632844
500.1793733359001,0.005810130138640671
500.2422020475363,0.01042607250539249
500.30503075917255,0.005172524288348127
500.3678594708088,0.00394991725316567
500.43068818244495,0.001599325998133416
500.4935168940812,0.0039026317753303808
500.5563456057174,0.004093205410404037
500.6191743173536,0.0032333674859687076
500.6820030289898,0.007233044487468847
500.74483174062607,0.0005493505570374565
500.8076604522622,0.005273416823521302
500.87048916389847,0.009491406742704192
500.9333178755347,0.00794884678315426
500.99614658717087,0.005325538202294844
501.0589752988071,0.007948571889627078
501.1218040104433,0.0038167308102862486
501.1846327220795,0.00419903151408614
501.2474614337157,0.008944612797332706
501.310290145352,0.008699885093143402
501.3731188569881,0.002994281046885535
501.4359475686244,0.0031890045693975786
501.49877628026064,0.00834378256882151
501.5616049918968,0.015702110016965632
501.62443370353304,0.012947770843650012
501.68726241516924,0.009776676886645836
501.7500911268055,0.0004304885986972941
501.81291983844164,0.0081955413720678
501.8757485500779,0.0104954187506897
501.93857726171416,0.007163304049226592
502.0014059733503,0.003331861043841424
502.06423468498656,0.00222963383881108
502.12706339662276,0.00701424772786813
502.18989210825896,0.0014618868623932164
502.25272081989516,0.005044957233959448
502.3155495315314,0.0016215554966312153
502.37837824316756,0.007250932889411547
502.4412069548038,0.006696702296295272
502.5040356664401,0.005828242459866685
502.5668643780762,0.014313805913344194
502.6296930897125,0.016511104350190303
502.6925218013487,0.016196571682716876
502.7553505129849,0.009737037561361322
502.8181792246211,0.009791441039029992
502.88100793625733,0.0066290156751110255
502.9438366478935,0.00173283518319123
503.00666535952973,0.0076784429714289336
503.069494071166,0.007253310705538903
503.1323227828022,0.004973267359027954
503.1951514944384,0.008299275524570814
503.2579802060746,0.007985152590908704
503.32080891771085,0.006018674448308462
503.383637629347,0.011018101053934904
503.44646634098325,0.004191642852570192
503.5092950526195,0.009437835203920475
503.57212376425565,0.013294170699515273
503.6349524758919,0.015700746227777514
503.6977811875281,0.01265240423880704
503.7606098991643,0.009841139034859246
503.8234386108005,0.00974233484315685
503.88626732243677,0.009216935659934018
503.9490960340729,0.008240493374277937
504.01192474570917,0.00294410528165998
504.0747534573454,0.004330281942575046
504.13758216898157,0.002084168811602839
504.2004108806178,0.005455886364429757
504.263239592254,0.009142045807966657
504.3260683038902,0.002018753988285478
504.3888970155264,0.002069627998854159
504.4517257271627,0.010260785068144583
504.51455443879894,0.014090509166205864
504.5773831504351,0.015400576710547178
504.64021186207134,0.010169611352434162
504.70304057370754,0.007706954876202584
504.76586928534374,0.006891927162831046
504.82869799697994,0.0017538401904836495
504.8915267086162,0.007342602816353756
504.95435542025234,0.0052925756283478545
505.0171841318886,0.00364991023201641
505.08001284352486,0.006165000611312857
505.142841555161,0.008808478198502842
505.20567026679726,0.009564878816565009
505.26849897843346,0.004350298984939378
505.33132769006966,0.0033964925321706366
505.39415640170586,0.010806160234680532
505.4569851133421,0.005263417932874086
505.51981382497826,0.006785186006023469
505.5826425366145,0.0015075624459717307
505.6454712482508,0.007961896935292917
505.7082999598869,0.004995083460525213
505.7711286715232,0.006058399878337648
505.8339573831594,0.006613287828964995
505.89678609479563,0.005359677751110785
505.9596148064318,0.009293732848350835
506.02244351806803,0.013819855192606353
506.0852722297043,0.003791550620490855
506.14810094134043,0.0019845451744284347
506.2109296529767,0.005647342259381048
506.2737583646129,0.008236691280673258
506.3365870762491,0.006255609390510428
506.3994157878853,0.0030084494700518796
506.46224449952155,0.005631826931293231
506.5250732111577,0.003746080855586687
506.58790192279395,0.0070690521465248445
506.6507306344302,0.007829025117148287
506.71355934606635,0.010992421013369105
506.7763880577026,0.004678874542166108
506.8392167693388,0.007339124793301601
506.902045480975,0.007934762987342405
506.9648741926112,0.004947815900224426
507.02770290424746,0.007555862207499496
507.0905316158836,0.002991515625997163
507.15336032751986,0.008044203147285477
507.2161890391561,0.014587382375560455
507.2790177507923,0.009364453087213183
507.3418464624285,0.007101501806395354
507.4046751740647,0.0012687588232753117
507.467503885701,0.0074064084447806626
507.5303325973371,0.016941774236315384
507.5931613089734,0.01651260384322396
507.65599002060964,0.00956995517900681
507.7188187322458,0.00771248267599771
507.78164744388204,0.005983261108300953
507.84447615551824,0.0019342214494665504
507.90730486715444,0.005946543596847295
507.97013357879064,0.002597073601572778
508.0329622904269,0.00804545639573761
508.09579100206304,0.0040309901618712325
508.1586197136993,0.004534398254317372
508.22144842533555,0.009541341106631226
508.2842771369717,0.00842331870804076
508.34710584860795,0.005253545462023025
508.40993456024415,0.006175271219632166
508.47276327188035,0.005998482196368382
508.53559198351655,0.006405525933130577
508.5984206951528,0.014588756579434415
508.66124940678907,0.009708293447009611
508.7240781184252,0.005173838735029538
508.78690683006147,0.005664884345622218
508.84973554169767,0.008828741355577766
508.91256425333387,0.0043412716663237625
508.97539296497007,0.0022961803530821842
509.0382216766063,0.0030994597557303383
509.10105038824247,0.005372627900951941
509.1638790998787,0.004769586338324628
509.226707811515,0.007689227233295256
509.2895365231511,0.0038639840590381585
509.3523652347874,0.007209549306216474
509.4151939464236,0.0048795753524769805
509.4780226580598,0.00794951450861444
509.540851369696,0.0015771127405911566
509.60368008133224,0.004497922954881156
509.6665087929684,0.010093258945319403
509.72933750460464,0.002781109596473439
509.7921662162409,0.0045693278582741755
509.85499492787704,0.0076972782165819365
509.9178236395133,0.01259588253945893
509.9806523511495,0.009696981158225789
510.04348106278576,0.006383642238978886
510.1063097744219,0.00420777025882019
510.16913848605816,0.00746983472171199
510.2319671976944,0.014305189193935435
510.29479590933056,0.0178026682996214
510.3576246209668,0.013735689107408966
510.420453332603,0.009833099267984759
510.4832820442392,0.009731335531111392
510.5461107558754,0.007625336054291699
510.6089394675117,0.003931063085974896
510.6717681791478,0.004103097632043902
510.7345968907841,0.007769844388506545
510.79742560242033,0.008452015057861122
510.8602543140565,0.010841951240458756
510.92308302569273,0.012459622131767975
510.98591173732893,0.0033487489951369975
511.04874044896513,0.00148136390903553
511.11156916060133,0.0069024619444294525
511.1743978722376,0.011904227185928049
511.23722658387373,0.008416841544321164
511.30005529551,0.011953358482730306
511.36288400714625,0.012252173731200699
511.42571271878245,0.0027592876739630052
511.48854143041865,0.0024979697500322343
511.55137014205485,0.0064674719654402415
511.6141988536911,0.015842521458193114
511.67702756532725,0.013020034471061169
511.7398562769635,0.01221224407409109
511.80268498859976,0.01193237040236151
511.8655137002359,0.005544509173160459
511.92834241187217,0.0034715361076712247
511.99117112350837,0.007081832391168717
512.0539998351445,0.009313569457216191
512.1168285467808,0.006585593098604908
512.179657258417,0.003857702874712904
512.2424859700532,0.008622231383425395
512.3053146816894,0.006026794707508022
512.3681433933257,0.005505249329152441
512.4309721049618,0.0025218957663979357
512.4938008165981,0.00330350597697958
512.5566295282343,0.0006848387901026758
512.6194582398705,0.0019395620964471657
512.6822869515067,0.006300876134764265
512.7451156631429,0.0025762452187429695
512.8079443747791,0.005812449151388107
512.8707730864153,0.0054103233731410535
512.9336017980515,0.009850280590015184
512.9964305096878,0.006623213946175591
513.0592592213239,0.01133590090972595
513.1220879329602,0.002627807728582209
513.1849166445965,0.0032888045440070458
513.2477453562326,0.00663333246534139
513.3105740678689,0.006458094583748235
513.3734027795051,0.012278230249565958
513.4362314911413,0.013355761154736549
513.4990602027775,0.006278078349396206
513.5618889144138,0.009885065751902362
513.6247176260499,0.010008716573318406
513.6875463376862,0.003605756702317853
513.7503750493223,0.0065368256659315924
513.8132037609586,0.009581895121429701
513.8760324725947,0.013907408711046962
513.938861184231,0.00910625751978226
514.0016898958671,0.008869243215012786
514.0645186075034,0.006869251914715863
514.1273473191396,0.011930102580161564
514.1901760307759,0.011588981984976383
514.253004742412,0.014520324884616694
514.3158334540483,0.0085808391360924
514.3786621656845,0.0034519819757539336
514.4414908773207,0.008156681736413993
514.504319588957,0.011001204476559945
514.5671483005932,0.003473936975972323
514.6299770122293,0.01057360335972653
514.6928057238656,0.012301926473708051
514.7556344355017,0.005327215479045551
514.818463147138,0.0052104389028016385
514.8812918587741,0.010106687132723004
514.9441205704104,0.01605212382789752
515.0069492820465,0.010207914750407995
515.0697779936828,0.008324352328910982
515.1326067053191,0.01156245963267843
515.1954354169552,0.007039079843261259
515.2582641285915,0.005373399367850807
515.3210928402277,0.007752825750165123
515.383921551864,0.0033608768777178247
515.4467502635001,0.009686332274046396
515.5095789751364,0.015551613568419912
515.5724076867726,0.011218269655151145
515.6352363984088,0.005610842071215117
515.698065110045,0.0026872716712567804
515.7608938216813,0.0045339395842644604
515.8237225333174,0.00675761566691961
515.8865512449536,0.003427329279982098
515.9493799565898,0.00363614162131621
516.012208668226,0.0017224124043848273
516.0750373798622,0.004480180801681696
516.1378660914985,0.011346047760224276
516.2006948031346,0.006072744910845729
516.2635235147709,0.005627229192778764
516.3263522264072,0.011539375217691206
516.3891809380433,0.015032895123038978
516.4520096496796,0.009156214969939014
516.5148383613158,0.010553347785089739
516.577667072952,0.013838112014154882
516.6404957845882,0.005357388767706327
516.7033244962245,0.009409522324358304
516.7661532078607,0.004676734064251499
516.8289819194969,0.0016579113867221478
516.891810631133,0.005644799160216791
516.9546393427693,0.006230897970936399
517.0174680544054,0.007478180439971267
517.0802967660417,0.0029174283816243425
517.1431254776779,0.0051433669197679934
517.2059541893141,0.005686531266287504
517.2687829009503,0.0021777531958400305
517.3316116125866,0.008645803535014967
517.3944403242227,0.012801449014257915
517.457269035859,0.010170059925880364
517.5200977474952,0.011108541935273311
517.5829264591314,0.011973539886265946
517.6457551707676,0.008002120640018224
517.7085838824039,0.007051666074398382
517.77141259404,0.002654357138405418
517.8342413056763,0.0016326613049454243
517.8970700173124,0.006882496021099849
517.9598987289487,0.0024193402711513213
518.0227274405848,0.005986810063294562
518.0855561522211,0.005281904516233249
518.1483848638574,0.004696992976886897
518.2112135754935,0.007673197968011439
518.2740422871298,0.004274124354096202
518.336870998766,0.0019817240163027914
518.3996997104022,0.0046372051366914396
518.4625284220384,0.007428147806460659
518.5253571336747,0.008885645114877357
518.5881858453108,0.0019506996886307073
518.6510145569471,0.004572730515318927
518.7138432685833,0.0036201992111646463
518.7766719802195,0.003495471368437295
518.8395006918557,0.0006588101452759726
518.9023294034919,0.0036849317772068477
518.9651581151281,0.011441521636119036
519.0279868267643,0.015444591040219922
519.0908155384005,0.012075257638709966
519.1536442500367,0.00794414195887524
519.2164729616729,0.005705614924969285
519.2793016733092,0.0039311304383544
519.3421303849453,0.008270008093155888
519.4049590965816,0.012606875933118688
519.4677878082178,0.006698555724996246
519.5306165198541,0.006106327051153474
519.5934452314903,0.002175847725211683
519.6562739431265,0.008808503917981299
519.7191026547628,0.005474798093219989
519.7819313663989,0.003845123067938998
519.8447600780352,0.002852794300655251
519.9075887896713,0.004874111662733044
519.9704175013076,0.006107492234136549
520.0332462129437,0.003309382236725809
520.09607492458,0.0005533464524184614
520.1589036362161,0.011206650844383086
520.2217323478524,0.017218870996611135
520.2845610594886,0.002855066931502304
520.3473897711248,0.014065662526606106
520.410218482761,0.013350798607336387
520.4730471943973,0.006601271913151043
520.5358759060334,0.010309897049771337
520.5987046176697,0.007861959749667064
520.6615333293059,0.007899632882352495
520.7243620409421,0.0073844033936876
520.7871907525783,0.00623340637286207
520.8500194642146,0.003355867877328369
520.9128481758507,0.004415332839583806
520.975676887487,0.008211764836365699
521.0385055991231,0.0031224901536007904
521.1013343107594,0.002536869306649129
521.1641630223955,0.004547914634690769
521.2269917340318,0.008942193435790592
521.289820445668,0.007320506835774708
521.3526491573042,0.005117149844892929
521.4154778689405,0.005341489896143086
521.4783065805767,0.010406311882021558
521.5411352922129,0.005450666124914504
521.6039640038491,0.007090406393070316
521.6667927154854,0.004905360882736816
521.7296214271215,0.0041729636445972905
521.7924501387578,0.009221950818638799
521.855278850394,0.011634791042313292
521.9181075620302,0.007494231247395617
521.9809362736664,0.010372411604949673
522.0437649853026,0.009221680953319544
522.1065936969388,0.004121651953247238
522.169422408575,0.0056055729654746105
522.2322511202112,0.0020201128968727975
522.2950798318475,0.003390354915329697
522.3579085434836,0.007652711458244365
522.4207372551199,0.010461855410404468
522.4835659667561,0.007200018451429028
522.5463946783923,0.007767550192251144
522.6092233900285,0.009572226715813531
522.6720521016648,0.013723479535368819
522.734880813301,0.008730932910271
522.7977095249372,0.0021787091241565223
522.8605382365735,0.005541870025012471
522.9233669482096,0.009785719452656185
522.9861956598459,0.008160611934696803
523.049024371482,0.0007129041303513418
523.1118530831183,0.0012503295061900923
523.1746817947544,0.004928553753604048
523.2375105063907,0.0036587103835660937
523.3003392180268,0.00448552371409624
523.3631679296631,0.006455369752072655
523.4259966412993,0.007874827313350236
523.4888253529355,0.003566663693872048
523.5516540645717,0.007994924403144255
523.614482776208,0.010840780695680665
523.6773114878442,0.018613799896585948
523.7401401994804,0.010300340471938249
523.8029689111166,0.006760344385827584
523.8657976227529,0.012269854345276781
523.928626334389,0.008733952740928603
523.9914550460253,0.012525770401751946
524.0542837576614,0.00824923263173116
524.1171124692977,0.002496456586106012
524.1799411809338,0.0017059382804732704
524.2427698925701,0.006867558074682327
524.3055986042062,0.010657435533358258
524.3684273158425,0.01608979038771507
524.4312560274788,0.017342969634031414
524.4940847391149,0.010289924731326764
524.5569134507512,0.002330779976361687
524.6197421623874,0.0077329177476576525
524.6825708740236,0.010189859431857575
524.7453995856598,0.007848274427671158
524.8082282972961,0.005370017138588091
524.8710570089322,0.0014219589250223125
524.9338857205685,0.0027637987423619606
524.9967144322047,0.003975007222983643
525.0595431438409,0.012636856852344305
525.1223718554771,0.005440580164149183
525.1852005671133,0.006193023107839559
525.2480292787495,0.0052081802292720854
525.3108579903857,0.0053159640477971936
525.3736867020219,0.0018964751113914814
525.4365154136582,0.00619246823142501
525.4993441252943,0.002545100756156954
525.5621728369306,0.0065807774505676035
525.6250015485668,0.009620735377449707
525.687830260203,0.004300559970633848
525.7506589718392,0.007360849025044487
525.8134876834755,0.00434277113939697
525.8763163951116,0.013628976435214941
525.9391451067479,0.009066570710123033
526.0019738183842,0.014856460285157216
526.0648025300203,0.011626209584158066
526.1276312416566,0.0017438587932856377
526.1904599532927,0.007398264223851526
526.253288664929,0.005394133298315503
526.3161173765651,0.0023849527048357376
526.3789460882014,0.00826664941468446
526.4417747998376,0.004440355076529828
526.5046035114738,0.00807428430598903
526.56743222311,0.007101442619881525
526.6302609347463,0.004130775747728651
526.6930896463824,0.005484671978892552
526.7559183580187,0.00949910362738717
526.8187470696549,0.0036870087206044852
526.8815757812911,0.016578985437893053
526.9444044929273,0.012688575988982272
527.0072332045636,0.0013938737297173093
527.0700619161997,0.006068707716839581
527.132890627836,0.016135185503049404
527.1957193394721,0.017555897833274076
527.2585480511084,0.005527759532050498
527.3213767627445,0.003123234008496144
527.3842054743808,0.0033375161736967297
527.4470341860169,0.0014421882179040933
527.5098628976532,0.003756599530800702
527.5726916092894,0.010514019115140659
527.6355203209256,0.0032476898962599597
527.6983490325619,0.0047489781282174254
527.7611777441981,0.0019370485240016195
527.8240064558344,0.009153696985646114
527.8868351674705,0.004270010136105727
527.9496638791068,0.011155564505873612
528.012492590743,0.006468881110785011
528.0753213023792,0.0023764608418243315
528.1381500140154,0.009727747851915975
528.2009787256516,0.011238331992004186
528.2638074372878,0.005990332173883261
528.326636148924,0.0057847124459042215
528.3894648605602,0.004229153319903017
528.4522935721964,0.004857750294538218
528.5151222838326,0.011478580762218965
528.5779509954689,0.015545821455527142
528.640779707105,0.01682667223762541
528.7036084187413,0.014554778534672306
528.7664371303775,0.007282161549807062
528.8292658420137,0.007287973962056457
528.8920945536499,0.006352314808445057
528.9549232652862,0.004837953201808728
529.0177519769223,0.008083931093620968
529.0805806885586,0.001379581601622052
529.1434094001949,0.008873951033012748
529.206238111831,0.01544595331747141
529.2690668234673,0.011822233650303207
529.3318955351034,0.008288050713518385
529.3947242467397,0.007288268813423029
529.4575529583758,0.0028803770846833505
529.5203816700121,0.007384810916789586
529.5832103816483,0.006810914810173206
529.6460390932845,0.007266991935126375
529.7088678049207,0.008218815962159896
529.771696516557,0.010141905617521086
529.8345252281931,0.006067977849661438
529.8973539398294,0.006435860211122374
529.9601826514656,0.006803396347829194
530.0230113631018,0.004045293831227591
530.085840074738,0.0034731915182847164
530.1486687863743,0.00544799267644744
530.2114974980104,0.0037008788407558607
530.2743262096467,0.004621899145235899
530.3371549212828,0.005394811813084521
530.3999836329191,0.009217768271919627
530.4628123445552,0.0027616527746879027
530.5256410561915,0.0070105748595272
530.5884697678277,0.007630119612482939
530.6512984794639,0.004883939189509907
530.7141271911001,0.00884689900757065
530.7769559027364,0.0062175277738001295
530.8397846143725,0.0050252591029292
530.9026133260088,0.007102240070472234
530.9654420376451,0.0066548125498390835
531.0282707492812,0.003818620561475653
531.0910994609175,0.009839239620115129
531.1539281725537,0.007163758171658876
531.2167568841899,0.016478136382310653
531.2795855958261,0.012820160419034587
531.3424143074623,0.004570772090634507
531.4052430190985,0.0034871692100996283
531.4680717307347,0.012228461201093931
531.5309004423709,0.01237958605141881
531.5937291540071,0.013763084426590348
531.6565578656433,0.008827936348000828
531.7193865772796,0.005576155176169685
531.7822152889157,0.007456308489352687
531.845044000552,0.007249337965103836
531.9078727121882,0.007848236125449493
531.9707014238245,0.005714795302613969
532.0335301354606,0.004853770221974221
532.0963588470969,0.009393812157736908
532.1591875587332,0.013436855740338868
532.2220162703693,0.0057105056680801765
532.2848449820056,0.004993900627823872
532.3476736936417,0.005473389638324266
532.410502405278,0.00925326342977243
532.4733311169141,0.005200596497685996
532.5361598285504,0.006740211458228143
532.5989885401865,0.0029733284292967144
532.6618172518228,0.005358205586854977
532.724645963459,0.008614446225486284
532.7874746750952,0.013408393204410842
532.8503033867314,0.01108212945382052
532.9131320983677,0.009267669725398171
532.9759608100038,0.005357866363352735
533.0387895216401,0.003959557083440882
533.1016182332763,0.002476083956603591
533.1644469449125,0.0019020563479988113
533.2272756565487,0.0021225076391711197
533.290104368185,0.0014761198167618195
533.3529330798211,0.002569364649871925
533.4157617914574,0.012124516006383418
533.4785905030935,0.012807428911497587
533.5414192147298,0.010533143343642535
533.6042479263659,0.002718924944082282
533.6670766380022,0.005740897725479562
533.7299053496384,0.003609000263514809
533.7927340612746,0.00953391158908828
533.8555627729108,0.008074124656318996
533.9183914845471,0.0035936744887702446
533.9812201961832,0.008732716066780697
534.0440489078195,0.008486037631899045
534.1068776194558,0.009973653728434909
534.1697063310919,0.005280868404024148
534.2325350427282,0.0021502932338513725
534.2953637543644,0.003068881540022726
534.3581924660006,0.00031903088331893025
534.4210211776368,0.0031833440807394983
534.483849889273,0.0078027820656603
534.5466786009092,0.00867607937870429
534.6095073125454,0.008936877264195793
534.6723360241816,0.002330794986519269
534.7351647358179,0.0031033874919252106
534.797993447454,0.004727801252881167
534.8608221590903,0.006865841200936924
534.9236508707265,0.008978331168675541
534.9864795823627,0.0034949661667273506
535.0493082939989,0.0013466907484936108
535.1121370056352,0.008927019944079474
535.1749657172713,0.008665551187222703
535.2377944289076,0.0053820057765764364
535.3006231405438,0.004729683704361912
535.36345185218,0.002695013438162447
535.4262805638162,0.008185848452789293
535.4891092754524,0.016201740492842665
535.5519379870886,0.012863969262745504
535.6147666987248,0.008638274630430869
535.677595410361,0.005459648399997187
535.7404241219972,0.005763403358101754
535.8032528336335,0.0019466786442599744
535.8660815452697,0.0029889366732316226
535.9289102569059,0.00172784976019039
535.9917389685421,0.00244293323950143
536.0545676801784,0.005139887201653585
536.1173963918146,0.0007734824494746307
536.1802251034508,0.0036167594411690373
536.243053815087,0.003626161932547326
536.3058825267233,0.009726542820510988
536.3687112383594,0.009301254213070601
536.4315399499957,0.006537157101917863
536.4943686616318,0.004122495963984271
536.5571973732681,0.002922735743972402
536.6200260849042,0.0067845689638375214
536.6828547965405,0.001972345911500989
536.7456835081766,0.008745011712105412
536.8085122198129,0.002505440393006642
536.8713409314491,0.00968051530452853
536.9341696430853,0.0022473520516314354
536.9969983547215,0.007050974462667558
537.0598270663578,0.007644989609106195
537.1226557779939,0.010277418404325118
537.1854844896302,0.0010390229819020576
537.2483132012665,0.0062634768720711675
537.3111419129026,0.013730999651459538
537.3739706245389,0.003929475959724694
537.4367993361751,0.005701898739404096
537.4996280478113,0.005719030104531312
537.5624567594475,0.007855398569124232
537.6252854710837,0.006361723368686751
537.6881141827199,0.007283796081803492
537.7509428943561,0.00873124043664924
537.8137716059923,0.004000336398647598
537.8766003176286,0.00267592623379205
537.9394290292647,0.0005337454204580178
538.002257740901,0.004114531334310215
538.0650864525372,0.009508057124162918
538.1279151641734,0.009028349901134157
538.1907438758096,0.00567188577822194
538.2535725874459,0.01168586820788158
538.316401299082,0.009817303432769995
538.3792300107183,0.008617241411496324
538.4420587223545,0.006192876314496475
538.5048874339907,0.004284999365321996
538.567716145627,0.0038011496562890567
538.6305448572631,0.007758323050106762
538.6933735688992,0.009045376947775881
538.7562022805355,0.009779876648076514
538.8190309921717,0.0023536592897060106
538.881859703808,0.0018060490350340118
538.9446884154441,0.0014805657526786172
539.0075171270804,0.006997594936930185
539.0703458387167,0.004724151994652702
539.1331745503528,0.002711752163612078
539.1960032619891,0.009493931005194765
539.2588319736253,0.011826812394854915
539.3216606852615,0.0036042275133330894
539.3844893968977,0.010368929666103236
539.447318108534,0.003988638980244626
539.5101468201701,0.004338966111343032
539.5729755318064,0.00821624977106467
539.6358042434425,0.004602101400642169
539.6986329550787,0.011965617769909067
539.7614616667149,0.005584806067805801
539.8242903783512,0.01787494355445026
539.8871190899873,0.013766921496166555
539.9499478016236,0.00852222065808247
540.0127765132598,0.0034216494421641097
540.075605224896,0.004418865742464991
540.1384339365322,0.009486437602423405
540.2012626481685,0.009507858009323016
540.2640913598048,0.011840647758381317
540.3269200714409,0.00726787020705072
540.3897487830772,0.004718141973639037
540.4525774947134,0.005395888022687187
540.5154062063496,0.004208616539777433
540.5782349179858,0.005659438620995704
540.641063629622,0.006956534689507059
540.7038923412582,0.0019208975152460088
540.7667210528944,0.009722500838943868
540.8295497645306,0.009156979816144323
540.8923784761668,0.004304696374042244
540.955207187803,0.00270242692490914
541.0180358994393,0.0029904737188952927
541.0808646110754,0.0037557250542993347
541.1436933227117,0.0020208845544055286
541.2065220343479,0.004945795450469717
541.2693507459841,0.009632362513835466
541.3321794576203,0.0016491699500229206
541.3950081692566,0.006799732141474065
541.4578368808927,0.005898416155258768
541.520665592529,0.004976284389575441
541.5834943041652,0.004918157920360023
541.6463230158014,0.005323420654118311
541.7091517274376,0.00917017789025306
541.7719804390738,0.006081872665025402
541.83480915071,0.003372125531422633
541.8976378623462,0.0016217763841411047
541.9604665739824,0.005298839023271348
542.0232952856187,0.005738612339526256
542.0861239972548,0.004887401998870668
542.1489527088911,0.0110890737171161
542.2117814205274,0.009999364923508794
542.2746101321635,0.00644205270074915
542.3374388437998,0.009546695278781268
542.400267555436,0.0029636327486895053
542.4630962670722,0.007846876166652134
542.5259249787084,0.010957981150937546
542.5887536903447,0.009540498887644196
542.6515824019808,0.0171763162278732
542.7144111136171,0.01169922391129055
542.7772398252532,0.005157837780007282
542.8400685368894,0.009579841734396563
542.9028972485256,0.007394347860437398
542.9657259601619,0.0032334054749811893
543.0285546717981,0.005585333749774431
543.0913833834343,0.00801046413632304
543.1542120950705,0.012810019555225254
543.2170408067068,0.009888732575046771
543.2798695183429,0.0020605783859525243
543.3426982299792,0.004081927776273776
543.4055269416154,0.0022331281037509696
543.4683556532516,0.0028384007199679056
543.5311843648878,0.003581462932492747
543.5940130765241,0.010476164256762567
543.6568417881602,0.009227197838583816
543.7196704997965,0.00756098660680474
543.7824992114327,0.0048298989412303844
543.8453279230688,0.011439420125835476
543.908156634705,0.00888279602513859
543.9709853463413,0.00793328906219155
544.0338140579775,0.01104666881316138
544.0966427696137,0.007922222698279559
544.15947148125,0.006849797136612156
544.2223001928861,0.00969701508957275
544.2851289045224,0.010488294171641778
544.3479576161586,0.009234948827123888
544.4107863277949,0.002997065159507478
544.473615039431,0.00010531355803585384
544.5364437510673,0.008173559464431398
544.5992724627035,0.012521914837386289
544.6621011743397,0.011021318553837017
544.7249298859759,0.006818423721657606
544.7877585976121,0.013247777095508199
544.8505873092482,0.014712847698117176
544.9134160208845,0.006082536133341993
544.9762447325207,0.00871076669701598
545.0390734441569,0.0023275002326081764
545.1019021557931,0.0012396583040319474
545.1647308674294,0.010051347579006215
545.2275595790655,0.012897413876242285
545.2903882907018,0.012271409166774584
545.353217002338,0.0042769301119286555
545.4160457139742,0.006015140148870445
545.4788744256105,0.014731613410942703
545.5417031372467,0.009194384176077685
545.6045318488829,0.0021731105837910687
545.6673605605191,0.00126201046664456
545.7301892721554,0.002733050168940727
545.7930179837915,0.0070808374403822935
545.8558466954277,0.003263316145605971
545.9186754070639,0.0044844460328270054
545.9815041187002,0.006332517239553322
546.0443328303363,0.004802455686668021
546.1071615419726,0.005875988566153051
546.1699902536088,0.002285098175964263
546.232818965245,0.004839817889629333
546.2956476768812,0.005429728692707743
546.3584763885175,0.010375781528688783
546.4213051001536,0.013477355284246756
546.4841338117899,0.005608070459060653
546.5469625234261,0.007908880535145617
546.6097912350623,0.01088283230977832
546.6726199466985,0.010445623676477939
546.7354486583348,0.008355353425116
546.798277369971,0.010138245915303169
546.8611060816072,0.012563248908047728
546.9239347932433,0.012418135513268645
546.9867635048795,0.004714398093255924
547.0495922165157,0.0031674399909123745
547.112420928152,0.006189114458302184
547.1752496397883,0.00692723076087944
547.2380783514244,0.01242703324300045
547.3009070630607,0.003966760198668678
547.3637357746969,0.009778451587676717
547.4265644863331,0.005252070126237737
547.4893931979693,0.004108931815617818
547.5522219096056,0.003568756085002098
547.6150506212417,0.005497906599228552
547.677879332878,0.006988587524808706
547.7407080445142,0.007020046024480352
547.8035367561504,0.012227987086688536
547.8663654677866,0.003834212536647246
547.9291941794228,0.0037415222577737274
547.9920228910589,0.003953994900531977
548.0548516026952,0.006638499007554817
548.1176803143314,0.004757230815461102
548.1805090259676,0.0067240550731190165
548.2433377376038,0.010023471000070387
548.3061664492401,0.004975999703388306
548.3689951608762,0.0016267546608037839
548.4318238725125,0.003667319111645985
548.4946525841488,0.007684517392543885
548.557481295785,0.0032907755034990846
548.6203100074212,0.010376148861033762
548.6831387190574,0.009564486444432885
548.7459674306937,0.004808851551657344
548.8087961423298,0.003876047711693854
548.8716248539661,0.006693911212409233
548.9344535656022,0.003295710383606012
548.9972822772384,0.01210886828117922
549.0601109888746,0.01219550538325522
549.1229397005109,0.00936422170972179
549.185768412147,0.005252138380168446
549.2485971237833,0.015995915825176475
549.3114258354195,0.007750277826168781
549.3742545470557,0.005891425492930132
549.4370832586919,0.00814322732045709
549.4999119703282,0.007234118511611163
549.5627406819643,0.004094906678574371
549.6255693936006,0.01007870227228045
549.6883981052368,0.013814113820616192
549.751226816873,0.011256065550185136
549.8140555285092,0.002118827151358233
549.8768842401455,0.010489523167639566
549.9397129517816,0.011382070428569615
550.0025416634178,0.009013253610912536
550.065370375054,0.008437355974351812
550.1281990866903,0.0055543885623584675
550.1910277983264,0.004362539943742332
550.2538565099627,0.004980150059458546
550.316685221599,0.003163973152934451
550.3795139332351,0.006653968801972166
550.4423426448714,0.010628869344792676
550.5051713565076,0.00920704272857096
550.5680000681438,0.007436767729335714
550.63082877978,0.004880903847846787
550.6936574914163,0.007878785760649983
550.7564862030524,0.00915175304991282
550.8193149146887,0.005266275467906857
550.8821436263249,0.0056315475315535215
550.9449723379611,0.006710037419854986
551.0078010495972,0.005532730452310461
551.0706297612335,0.008169365440213829
551.1334584728696,0.002247885515984967
551.1962871845059,0.011240483897355727
551.2591158961421,0.006958808549939873
551.3219446077784,0.011502935013896399
551.3847733194145,0.00639482098856327
551.4476020310508,0.007171465212186956
551.510430742687,0.004577306279874152
551.5732594543232,0.005262582077421284
551.6360881659594,0.0030250678731146463
551.6989168775957,0.011090325332490714
551.7617455892319,0.009505497068588697
551.8245743008681,0.004211415930517789
551.8874030125044,0.007923875464092666
551.9502317241405,0.00838048764611705
552.0130604357767,0.01202757475973546
552.0758891474129,0.009441734187816379
552.138717859049,0.007891400151751929
552.2015465706853,0.01136465663474293
552.2643752823216,0.007395608005666457
552.3272039939577,0.00579681296097232
552.390032705594,0.001998328057380273
552.4528614172302,0.0042807195894674875
552.5156901288664,0.005177262551825872
552.5785188405026,0.004403601830782595
552.6413475521389,0.006338069721437607
552.7041762637751,0.006654861447166433
552.7670049754113,0.01010922501230157
552.8298336870475,0.004247221154748995
552.8926623986838,0.0031456268015894353
552.9554911103199,0.005552215262341209
553.0183198219562,0.0056984092579290884
553.0811485335923,0.010243904267993232
553.1439772452285,0.01031800691482245
553.2068059568647,0.007899097707297843
553.269634668501,0.007792994907733233
553.3324633801371,0.007063729889416698
553.3952920917734,0.0055917776874405386
553.4581208034097,0.00113139559067843
553.5209495150458,0.006296583205699507
553.583778226682,0.0008686372883195976
553.6466069383183,0.005981295669111426
553.7094356499545,0.008471521017577806
553.7722643615907,0.012888304253475933
553.835093073227,0.008952859996062096
553.8979217848631,0.01130816814528991
553.9607504964994,0.0091687114133916
554.0235792081356,0.0038416726832881543
554.0864079197718,0.005229845929602229
554.1492366314079,0.011205063046234191
554.2120653430442,0.006065997494330081
554.2748940546804,0.004696334086129625
554.3377227663166,0.009753204499775018
554.4005514779528,0.004174393997613274
554.4633801895891,0.004971771235382976
554.5262089012252,0.00233764020169753
554.5890376128615,0.003994681043605531
554.6518663244977,0.006496962674220048
554.7146950361339,0.00332609568618717
554.7775237477701,0.009949720884218019
554.8403524594064,0.015435412828474757
554.9031811710425,0.0076213144694808645
554.9660098826788,0.010095226472479322
555.0288385943151,0.0054812210571515045
555.0916673059512,0.0032896306859171312
555.1544960175873,0.0043538690296567135
555.2173247292236,0.0025202717425357062
555.2801534408597,0.004642451113068615
555.342982152496,0.0023249427005715756
555.4058108641323,0.004359098874764202
555.4686395757685,0.012232280639678286
555.5314682874047,0.007833488680252302
555.5942969990409,0.0030836400993163975
555.6571257106772,0.004909106512302971
555.7199544223133,0.006132959201419462
555.7827831339496,0.004911439656404063
555.8456118455858,0.002372970476555226
555.908440557222,0.001853869125836758
555.9712692688582,0.0007093733760192636
556.0340979804945,0.003996146746495126
556.0969266921306,0.00676894026753494
556.1597554037668,0.0015555781374113535
556.222584115403,0.007564600026523378
556.2854128270392,0.007036797008162016
556.3482415386754,0.002892171642403871
556.4110702503117,0.002367757464130966
556.4738989619478,0.004961727191128096
556.5367276735841,0.01214124344757275
556.5995563852204,0.00678897620786999
556.6623850968565,0.01359923634203557
556.7252138084928,0.007067402549829246
556.788042520129,0.010780708873277586
556.8508712317653,0.008436921874695236
556.9136999434014,0.005433512819225858
556.9765286550377,0.0040043471375851535
557.0393573666739,0.004525795599803694
557.1021860783101,0.010324439212590596
557.1650147899462,0.0011458045343608137
557.2278435015825,0.010808649221554579
557.2906722132186,0.008863832237445786
557.3535009248549,0.00758972909193002
557.4163296364911,0.005038173298144137
557.4791583481273,0.006672005583362289
557.5419870597635,0.008594136814818935
557.6048157713998,0.007574617972115352
557.6676444830359,0.009106569770749353
557.7304731946722,0.012706322903414679
557.7933019063084,0.00757630301098843
557.8561306179446,0.006513234526675226
557.9189593295808,0.003262377715667113
557.9817880412171,0.004195805645541619
558.0446167528534,0.006649361126025044
558.1074454644895,0.014812460547696225
558.1702741761256,0.012585310148574374
558.2331028877619,0.0025747793950127024
558.295931599398,0.002714462307284551
558.3587603110343,0.008251689034255303
558.4215890226706,0.01305847307141486
558.4844177343067,0.00819669366852151
558.547246445943,0.006408760268816337
558.6100751575792,0.006783322880121479
558.6729038692154,0.005044764057221574
558.7357325808516,0.004533328573529281
558.7985612924879,0.004581978628071803
558.861390004124,0.0089902060946579
558.9242187157603,0.0032505838414155896
558.9870474273965,0.004206060261574316
559.0498761390327,0.00752240639616321
559.1127048506689,0.005851555994905484
559.1755335623052,0.005775883803189466
559.2383622739413,0.012806508367130952
559.3011909855775,0.011596419381573601
559.3640196972137,0.0061122565255692434
559.42684840885,0.007568199291762079
559.4896771204861,0.006890028521531074
559.5525058321224,0.00382147866771802
559.6153345437586,0.010020511770975384
559.6781632553948,0.006208892687353766
559.740991967031,0.007805595707933141
559.8038206786673,0.002275796947302641
559.8666493903035,0.009948053051762728
559.9294781019397,0.009949261120128953
559.992306813576,0.008237364365172233
560.0551355252121,0.008128633900995087
560.1179642368484,0.007366225985159339
560.1807929484846,0.0034353419874561925
560.2436216601208,0.002455123402739147
560.3064503717569,0.01331874633531187
560.3692790833932,0.017005847326300675
560.4321077950293,0.0025168828306802154
560.4949365066656,0.012586161913915919
560.5577652183018,0.013153171222685157
560.620593929938,0.0015743781575170415
560.6834226415742,0.009058457067044084
560.7462513532105,0.004318878099113988
560.8090800648467,0.006350778461345371
560.8719087764829,0.011948009540423086
560.9347374881191,0.013875105803752853
560.9975661997554,0.005094400942883282
561.0603949113915,0.00476379700589079
561.1232236230278,0.008355078816159841
561.186052334664,0.008629895401524878
561.2488810463002,0.01135406078630513
561.3117097579363,0.0025238717705289137
561.3745384695726,0.007207825786803464
561.4373671812087,0.011383285162037808
561.500195892845,0.0134884959662837
561.5630246044813,0.010355744600011825
561.6258533161174,0.0016255163159617442
561.6886820277537,0.005037360366845891
561.7515107393899,0.0031445862644784847
561.8143394510261,0.001143955241445146
561.8771681626623,0.001931196457231805
561.9399968742986,0.0030469786345652516
562.0028255859347,0.005366293539392714
562.065654297571,0.004800937108256667
562.1284830092072,0.008397315343811896
562.1913117208435,0.006027906363947717
562.2541404324796,0.0033968796250927564
562.3169691441158,0.004293490120831366
562.379797855752,0.007284974680420255
562.4426265673882,0.005702724706512793
562.5054552790244,0.004007806396578252
562.5682839906607,0.006647481116342244
562.6311127022968,0.008840443456657061
562.6939414139331,0.00612514682005935
562.7567701255693,0.0077839054019835825
562.8195988372055,0.005335315320980437
562.8824275488417,0.001624561242118351
562.945256260478,0.01065327137676622
563.0080849721141,0.0067295208022859
563.0709136837504,0.005644815935216771
563.1337423953867,0.0019457176951646771
563.1965711070228,0.005428169455521982
563.2593998186591,0.008277415801604363
563.3222285302952,0.0067600044667102755
563.3850572419315,0.00606378706968065
563.4478859535676,0.007927394907740281
563.5107146652039,0.0024337558650481005
563.5735433768401,0.00516851523428726
563.6363720884763,0.003169346177924128
563.6992008001125,0.0032954488356720527
563.7620295117488,0.009457045399951187
563.8248582233849,0.011873959832332264
563.8876869350212,0.00998520650562331
563.9505156466574,0.01077780741013015
564.0133443582936,0.005017852901575744
564.0761730699298,0.003249790726444652
564.1390017815661,0.003880781404462387
564.2018304932022,0.009138283639197397
564.2646592048385,0.007278496731053387
564.3274879164746,0.009675814751218571
564.3903166281109,0.004460386583585838
564.453145339747,0.003928640320450485
564.5159740513833,0.005372797416067741
564.5788027630194,0.0013174871581493905
564.6416314746557,0.003826536928856946
564.704460186292,0.008292427208908767
564.7672888979281,0.011397688524504592
564.8301176095644,0.004833130471487543
564.8929463212006,0.009677142045222364
564.9557750328369,0.008062523877828947
565.018603744473,0.006157484484757647
565.0814324561093,0.0038951468060591287
565.1442611677455,0.001894982360216986
565.2070898793817,0.0060728657892279245
565.2699185910179,0.004196039254472522
565.3327473026542,0.008452080053510024
565.3955760142903,0.005907864114089383
565.4584047259265,0.005314765112040158
565.5212334375627,0.003524263852256913
565.5840621491989,0.009256386584570522
565.6468908608351,0.00866806575481844
565.7097195724714,0.005998019971875615
565.7725482841075,0.008359941081903662
565.8353769957438,0.0016102946647753168
565.89820570738,0.010368545029180607
565.9610344190162,0.00593553090426516
566.0238631306524,0.005148464037255785
566.0866918422887,0.0022241973766824147
566.1495205539248,0.003880030619787155
566.2123492655611,0.003638957832156295
566.2751779771974,0.006783255473625166
566.3380066888336,0.004682601500495215
566.4008354004698,0.00660725834644963
566.4636641121059,0.0019720121745757336
566.5264928237422,0.004727133673637014
566.5893215353783,0.00387788645971993
566.6521502470146,0.004719608441994905
566.7149789586508,0.004984034570876859
566.777807670287,0.0010832688539204368
566.8406363819232,0.009467611183409922
566.9034650935595,0.00616105857561489
566.9662938051956,0.007463756502937008
567.0291225168319,0.003454225387421479
567.0919512284681,0.0019654852292760546
567.1547799401043,0.003259638263645564
567.2176086517405,0.00045627112116498344
567.2804373633768,0.0048501918301012805
567.3432660750129,0.003864922948788168
567.4060947866492,0.009099143035119557
567.4689234982853,0.008450280398704088
567.5317522099216,0.00677762620029802
567.5945809215577,0.002293183305266506
567.657409633194,0.005705530395979068
567.7202383448302,0.007772950791548221
567.7830670564664,0.015015314770388187
567.8458957681027,0.008338871785414181
567.9087244797389,0.011690820000670076
567.971553191375,0.013278580549324152
568.0343819030113,0.006301725543276817
568.0972106146476,0.005546456502478297
568.1600393262837,0.006195305187076612
568.22286803792,0.009949302957037984
568.2856967495562,0.006767105335678769
568.3485254611924,0.008155729676109563
568.4113541728286,0.0047246008486235775
568.4741828844648,0.008145458250326164
568.537011596101,0.004808932514494254
568.5998403077372,0.0033527283923542694
568.6626690193734,0.005151130017104811
568.7254977310096,0.008137048737717485
568.7883264426458,0.004489935980709275
568.8511551542821,0.007362517058047984
568.9139838659182,0.012281145040644089
568.9768125775545,0.007069201339032418
569.0396412891907,0.005781539952782239
569.102470000827,0.003953578111653162
569.1652987124631,0.01126403631596731
569.2281274240994,0.009087503695495531
569.2909561357357,0.002407988572418341
569.3537848473718,0.0126479160082899
569.416613559008,0.012017395086204172
569.4794422706442,0.008497730717546143
569.5422709822805,0.0014853229708106756
569.6050996939166,0.0035133272588993556
569.6679284055529,0.0042132783083038226
569.730757117189,0.005738720446545964
569.7935858288253,0.004308723883599885
569.8564145404615,0.008314619988910683
569.9192432520977,0.007175061988647557
569.9820719637339,0.011283536749341802
570.0449006753702,0.01618211382057999
570.1077293870063,0.004614230977116111
570.1705580986426,0.004735425863110205
570.2333868102788,0.009341672031216521
570.296215521915,0.008323628757658309
570.3590442335512,0.005451127190605825
570.4218729451875,0.00521353126095864
570.4847016568236,0.008368240398066598
570.5475303684599,0.0057352673385373905
570.610359080096,0.005082110023129099
570.6731877917323,0.00447987818317571
570.7360165033684,0.006912573015067044
570.7988452150047,0.011226130761260814
570.861673926641,0.006266690163540146
570.9245026382771,0.006226067442142154
570.9873313499133,0.010840568261880111
571.0501600615496,0.009367500348784788
571.1129887731857,0.003684910532766214
571.175817484822,0.00303003586243493
571.2386461964583,0.003231890894683441
571.3014749080944,0.005397616608842764
571.3643036197307,0.010109407696655458
571.4271323313669,0.011619550102576977
571.4899610430031,0.0052408188503173395
571.5527897546393,0.0031678060739818562
571.6156184662755,0.00527731827854862
571.6784471779117,0.002757902652316612
571.7412758895479,0.005623556397214346
571.8041046011841,0.003032886809191036
571.8669333128204,0.006674757836860516
571.9297620244565,0.0046448205192221185
571.9925907360928,0.009164276650779724
572.055419447729,0.015331744305183647
572.1182481593652,0.012395376031522186
572.1810768710014,0.004898836021981461
572.2439055826377,0.0026320444455688553
572.3067342942738,0.003185418217975494
572.3695630059101,0.006501008026090317
572.4323917175464,0.008091218324373777
572.4952204291825,0.003746079152771709
572.5580491408188,0.004256789888253278
572.6208778524549,0.005131067805457348
572.6837065640912,0.004381723007066402
572.7465352757273,0.005727588370637391
572.8093639873636,0.005008807115923861
572.8721926989997,0.006177032440917968
572.935021410636,0.0020919173732182974
572.9978501222722,0.006126620421273815
573.0606788339084,0.0073374110561690445
573.1235075455446,0.003440509796567827
573.1863362571809,0.0055811031482268575
573.2491649688171,0.0034877549934665543
573.3119936804533,0.003413226316030092
573.3748223920895,0.002696541893847505
573.4376511037258,0.006152624987043006
573.5004798153619,0.006322115557016821
573.5633085269982,0.005827370926957388
573.6261372386343,0.0031515037668515896
573.6889659502706,0.004878190196456938
573.7517946619067,0.003480347738491067
573.814623373543,0.005963224278748347
573.8774520851791,0.0028598288311193817
573.9402807968154,0.0037794277491871213
574.0031095084516,0.00914520567431776
574.0659382200878,0.01765934807260854
574.128766931724,0.0061320147054231755
574.1915956433603,0.009673821793197604
574.2544243549964,0.016490029612134353
574.3172530666327,0.016447814358023755
574.380081778269,0.012896019791294464
574.4429104899051,0.007835660401335945
574.5057392015414,0.006376637556235741
574.5685679131776,0.005085190672206246
574.6313966248138,0.004394063298918447
574.69422533645,0.005435789848075016
574.7570540480862,0.009266382846289927
574.8198827597224,0.00858539920801519
574.8827114713586,0.005013432401947055
574.9455401829948,0.003587909260982135
575.0083688946311,0.003767412176860416
575.0711976062672,0.00195882482792704
575.1340263179035,0.009727303796816406
575.1968550295397,0.0072101567045971746
575.2596837411759,0.0030884924317289195
575.3225124528121,0.0066199060619709
575.3853411644484,0.012740158144590149
575.4481698760845,0.008668920124110562
575.5109985877208,0.006235441168718845
575.573827299357,0.0071125443483002
575.6366560109932,0.007199787603177227
575.6994847226294,0.004706324220150307
575.7623134342656,0.005244150881389475
575.8251421459019,0.006081799004297059
575.887970857538,0.006690912850493094
575.9507995691743,0.006274184946796768
576.0136282808105,0.0018861256626955746
576.0764569924467,0.005055508712238399
576.1392857040829,0.0038063483306543635
576.2021144157192,0.0019549242064415104
576.2649431273553,0.004316078686724905
576.3277718389916,0.01078067047930934
576.3906005506278,0.005406551217970909
576.453429262264,0.010519454463049359
576.5162579739002,0.005010125191322242
576.5790866855365,0.001727493102759365
576.6419153971726,0.002683624617900906
576.7047441088089,0.008588827166145232
576.767572820445,0.010752209743823845
576.8304015320813,0.009429382432836971
576.8932302437174,0.002337542299430978
576.9560589553537,0.005943344783687761
577.0188876669898,0.01184605395297918
577.0817163786261,0.011367251843064514
577.1445450902623,0.005451574225546823
577.2073738018985,0.0072117343704347775
577.2702025135347,0.00559998204736584
577.333031225171,0.0035509906529020076
577.3958599368073,0.0031011832790665684
577.4586886484434,0.0077706490549090445
577.5215173600797,0.003292194340128296
577.5843460717159,0.004116126591818419
577.647174783352,0.0112386067981934
577.7100034949883,0.003367528257588204
577.7728322066245,0.014910937783280238
577.8356609182607,0.010280481901902972
577.8984896298969,0.0008840494695171321
577.9613183415331,0.0029532575924941015
578.0241470531693,0.014877551115741164
578.0869757648055,0.013555695381889533
578.1498044764418,0.010311132938615268
578.2126331880779,0.004812385730415062
578.2754618997142,0.0030207178230190843
578.3382906113504,0.0015102854711532038
578.4011193229866,0.0024130027117450627
578.4639480346228,0.007454827253256174
578.5267767462591,0.009359079911566176
578.5896054578952,0.00720324932164421
578.6524341695315,0.01202822242815255
578.7152628811677,0.009254718663302977
578.7780915928039,0.002957609953040222
578.8409203044401,0.005565270532320789
578.9037490160763,0.0036543526675768684
578.9665777277125,0.007803555308886409
579.0294064393487,0.008182644837041989
579.092235150985,0.00827476493693261
579.1550638626212,0.00898230401775804
579.2178925742573,0.00805367359727021
579.2807212858936,0.009487724222689868
579.3435499975299,0.009095839600203022
579.406378709166,0.004346802683674588
579.4692074208023,0.0009597230116231098
579.5320361324385,0.007281269096569774
579.5948648440747,0.006114247473117835
579.6576935557109,0.008535669737061043
579.7205222673472,0.00849419896751327
579.7833509789833,0.00957501569291686
579.8461796906196,0.009435598166640314
579.9090084022557,0.009141631508728664
579.971837113892,0.006624532472744447
580.0346658255281,0.006304977947613746
580.0974945371644,0.0064335960593099265
580.1603232488006,0.006820235822625076
580.2231519604368,0.004590163496143685
580.285980672073,0.004917185989497184
580.3488093837093,0.004722905530626018
580.4116380953454,0.004244071869693847
580.4744668069817,0.0033827976873044632
580.537295518618,0.0038954912492914716
580.6001242302541,0.00722991473363843
580.6629529418904,0.006557799131567912
580.7257816535266,0.011438223094277646
580.7886103651628,0.011116520928485186
580.851439076799,0.009906887693914776
580.9142677884352,0.00941311353172514
580.9770965000714,0.0077792242645875745
581.0399252117076,0.003631443947166186
581.1027539233438,0.007049733338343817
581.16558263498,0.011063315460155739
581.2284113466162,0.0068503801825212105
581.2912400582525,0.000330631258541699
581.3540687698886,0.002395308250402378
581.4168974815249,0.007143507236105444
581.4797261931611,0.009981192736213756
581.5425549047974,0.007208405861450636
581.6053836164335,0.003043273382746688
581.6682123280698,0.0032452596298637917
581.731041039706,0.0051325963177045195
581.7938697513422,0.008210871317286558
581.8566984629784,0.00755482488936609
581.9195271746146,0.010228698860243747
581.9823558862508,0.005476342047797294
582.045184597887,0.0007252433549701444
582.1080133095232,0.0033766776255905718
582.1708420211594,0.005744263917897111
582.2336707327956,0.00887158559726662
582.2964994444319,0.0013250188429314122
582.359328156068,0.0011217473153541087
582.4221568677043,0.002793782484927183
582.4849855793406,0.003165398761447763
582.5478142909767,0.002463681759026602
582.610643002613,0.0019055227496882167
582.6734717142492,0.0017110143755659445
582.7363004258854,0.0018909467790661231
582.7991291375216,0.005251951473482832
582.8619578491579,0.012658616142561792
582.924786560794,0.007361749160851483
582.9876152724303,0.01025274372488677
583.0504439840664,0.012946922067105742
583.1132726957027,0.007655370534658484
583.1761014073388,0.006043520595565544
583.2389301189751,0.005561281414962039
583.3017588306113,0.004682176602950992
583.3645875422475,0.0019011813646177187
583.4274162538837,0.002393478693828112
583.49024496552,0.0046239657838984425
583.5530736771561,0.007219106759914583
583.6159023887924,0.004867706534988292
583.6787311004286,0.0021700979693662762
583.7415598120648,0.006348914331380956
583.804388523701,0.007943721410605455
583.8672172353373,0.0036402064254443447
583.9300459469735,0.0042523468791918
583.9928746586097,0.00906425954580675
584.0557033702459,0.011710059796499184
584.1185320818821,0.015192404513461953
584.1813607935183,0.013319084477789228
584.2441895051545,0.005924032348951302
584.3070182167908,0.00993392083449533
584.3698469284269,0.013348435780544688
584.4326756400632,0.009231703094624611
584.4955043516994,0.00783262840838786
584.5583330633356,0.0035914309293607048
584.6211617749718,0.004500307909401065
584.6839904866081,0.0095781212815921
584.7468191982442,0.010452048622264665
584.8096479098805,0.002100169211913944
584.8724766215167,0.002265088526182731
584.9353053331529,0.0018162591947604018
584.9981340447891,0.0056328527219069524
585.0609627564253,0.007690202013519677
585.1237914680615,0.006224114935874564
585.1866201796977,0.0038742284335536257
585.2494488913339,0.005695928894608
585.3122776029701,0.005840620941465924
585.3751063146063,0.002281275108964961
585.4379350262426,0.003725934801931831
585.5007637378787,0.007123735380946183
585.563592449515,0.005901598744443754
585.6264211611513,0.013276200901573231
585.6892498727875,0.012528953756439252
585.7520785844237,0.006606232011555183
585.8149072960599,0.005186465140427847
585.8777360076962,0.0064802486763861685
585.9405647193323,0.010384584854427475
586.0033934309686,0.004714891246706397
586.0662221426047,0.002683954073477963
586.129050854241,0.004015197062844071
586.1918795658771,0.005808575415588288
586.2547082775134,0.007294327212661414
586.3175369891495,0.006487703788789934
586.3803657007858,0.0038264509059541133
586.443194412422,0.011724491470914826
586.5060231240582,0.007831438762354858
586.5688518356944,0.0028416026798573717
586.6316805473307,0.007253151916983928
586.6945092589668,0.006353532134338069
586.7573379706031,0.009866814788654633
586.8201666822393,0.0008345944575909046
586.8829953938755,0.007251464903453671
586.9458241055117,0.006400626450482552
587.008652817148,0.001756555931561059
587.0714815287841,0.010075002449392951
587.1343102404204,0.007666505934193259
587.1971389520565,0.005925241811649616
587.2599676636928,0.0061765301951280036
587.322796375329,0.00397177232306802
587.3856250869652,0.002160585586363992
587.4484537986015,0.0020002951601829013
587.5112825102376,0.0049207429928395064
587.5741112218739,0.004665747315697358
587.6369399335101,0.0012935916824815983
587.6997686451463,0.0064543093399421275
587.7625973567825,0.012236355655618486
587.8254260684188,0.003165777311214406
587.8882547800549,0.003468362278379892
587.9510834916912,0.0010210762290851826
588.0139122033274,0.004097438359671589
588.0767409149636,0.005824288191121935
588.1395696265998,0.002853188257786184
588.202398338236,0.0025849111365334526
588.2652270498721,0.0026939399724154466
588.3280557615084,0.0003343331773675974
588.3908844731446,0.005984279092503495
588.4537131847809,0.0013209858363753763
588.516541896417,0.005301398966201708
588.5793706080533,0.006168590552386412
588.6421993196896,0.006505710490140442
588.7050280313257,0.010909713078996842
588.767856742962,0.009820047642565407
588.8306854545982,0.016131789487687734
588.8935141662344,0.008844049517320825
588.9563428778706,0.006454183636446862
589.0191715895069,0.003692841656471203
589.082000301143,0.007547203381522575
589.1448290127793,0.00837842317418288
589.2076577244154,0.0031246081961121557
589.2704864360516,0.0011641382789140476
589.3333151476878,0.004287254518928863
589.3961438593241,0.005847062782610873
589.4589725709602,0.0019048151245240957
589.5218012825965,0.0036443113528040138
589.5846299942327,0.007446162154369539
589.6474587058689,0.006621136819975977
589.7102874175051,0.010916599809207275
589.7731161291414,0.011348929894518998
589.8359448407776,0.008030959222460086
589.8987735524138,0.0023272414900910236
589.96160226405,0.006349943223252891
590.0244309756863,0.001530522164134479
590.0872596873224,0.0030600709925720747
590.1500883989587,0.005071426626126244
590.2129171105948,0.006131191741874657
590.2757458222311,0.004145508770156341
590.3385745338672,0.00559848176098465
590.4014032455035,0.007459952659464648
590.4642319571396,0.00611261024883226
590.5270606687759,0.011441461482986758
590.5898893804122,0.006237527419568373
590.6527180920483,0.007993421143614763
590.7155468036846,0.008464788951744903
590.7783755153208,0.00891202392611376
590.841204226957,0.010370915824935193
590.9040329385932,0.007999336269461007
590.9668616502295,0.002301100483285625
591.0296903618656,0.007471144461522598
591.0925190735019,0.006101923931917538
591.1553477851381,0.01609276570889979
591.2181764967743,0.013403295739981797
591.2810052084105,0.012758106087358083
591.3438339200467,0.014564426767355724
591.4066626316829,0.007853734277654947
591.4694913433191,0.0037464357122688253
591.5323200549553,0.005947872259220638
591.5951487665916,0.0028334373282719056
591.6579774782277,0.005587444491940824
591.720806189864,0.002532092491847303
591.7836349015002,0.0035909431786716297
591.8464636131364,0.005757694421821655
591.9092923247727,0.010308769402327316
591.9721210364089,0.0025337293937930357
592.034949748045,0.006271279356431051
592.0977784596813,0.011576948567520019
592.1606071713176,0.01177197792681476
592.2234358829537,0.008661527949680187
592.28626459459,0.007485846451694358
592.3490933062261,0.003732135721080938
592.4119220178623,0.002745306709149086
592.4747507294985,0.0022808701091071057
592.5375794411348,0.007296988500632102
592.600408152771,0.011367591018961466
592.6632368644072,0.011200370148335534
592.7260655760434,0.008253087127655863
592.7888942876797,0.010603154538213078
592.8517229993158,0.003642666999755976
592.9145517109521,0.006164103886730608
592.9773804225883,0.009656794117269801
593.0402091342245,0.006258447825698858
593.1030378458607,0.003790391968831639
593.165866557497,0.013873077802707403
593.2286952691331,0.008519285975917673
593.2915239807694,0.008857795090707523
593.3543526924055,0.003883328956347745
593.4171814040417,0.005283377087258561
593.4800101156779,0.01161067813668119
593.5428388273142,0.011452309621181177
593.6056675389503,0.00734299521569274
593.6684962505866,0.004592129322978387
593.7313249622229,0.008702985146278352
593.794153673859,0.008383711914964901
593.8569823854953,0.002250230492502863
593.9198110971315,0.004552748696421161
593.9826398087678,0.003795757095023568
594.0454685204039,0.0014365488140473857
594.1082972320402,0.006975985504882829
594.1711259436764,0.010898190826701694
594.2339546553126,0.008763742268461163
594.2967833669488,0.002767359206337665
594.359612078585,0.0046535183793299795
594.4224407902211,0.010340830789207748
594.4852695018574,0.01314465039183187
594.5480982134936,0.008965961704677571
594.6109269251298,0.002220396688204526
594.673755636766,0.0063753736327686605
594.7365843484023,0.006211517961194369
594.7994130600384,0.0034436303604494264
594.8622417716747,0.0009473606754123045
594.925070483311,0.0035669973381884205
594.9878991949471,0.0034422689095447156
595.0507279065833,0.004363780924405732
595.1135566182196,0.010448521169800756
595.1763853298557,0.007542643402875067
595.239214041492,0.0019388611199125186
595.3020427531283,0.006808141121256616
595.3648714647644,0.003750863035310804
595.4277001764005,0.00769095741067434
595.4905288880368,0.0006972526743814693
595.5533575996731,0.004808614063670858
595.6161863113092,0.0037542534216601343
595.6790150229455,0.004611738067397836
595.7418437345817,0.002929615593501455
595.8046724462179,0.006132010419871457
595.8675011578541,0.014787823476899876
595.9303298694904,0.011149623160487041
595.9931585811265,0.01036937716451962
596.0559872927628,0.0077548060691377445
596.118816004399,0.004898035370825232
596.1816447160352,0.0013796915514445816
596.2444734276714,0.0019794414962159097
596.3073021393077,0.008744275467940526
596.3701308509438,0.008971724135299796
596.4329595625801,0.003322263315381774
596.4957882742162,0.002949951760069411
596.5586169858524,0.0024047838383563476
596.6214456974886,0.004544844020426449
596.6842744091249,0.0018793485458740912
596.7471031207612,0.002519349304938081
596.8099318323973,0.003537218590200258
596.8727605440336,0.005009012281647446
596.9355892556698,0.0066861069196690985
596.998417967306,0.0045417128215631515
597.0612466789422,0.004180580140449142
597.1240753905785,0.00674303357467697
597.1869041022146,0.0032005856286934035
597.2497328138509,0.009458809921490546
597.3125615254871,0.00840496217321149
597.3753902371233,0.006204921618278184
597.4382189487595,0.0024779573154537133
597.5010476603957,0.0017822766100879998
597.5638763720318,0.004694940649450456
597.6267050836681,0.010887272061583858
597.6895337953043,0.007795312644786261
597.7523625069405,0.00860719046801717
597.8151912185767,0.012002447334145162
597.878019930213,0.013158718856770455
597.9408486418491,0.005942963728486451
598.0036773534854,0.0035856670225762662
598.0665060651216,0.0038983415384266687
598.1293347767579,0.001803299332600063
598.192163488394,0.007108312334457966
598.2549922000303,0.010064561902348149
598.3178209116666,0.008606358744373727
598.3806496233027,0.0011968842200003186
598.443478334939,0.0034779456709143224
598.5063070465751,0.0012948641579222998
598.5691357582112,0.008450237003144975
598.6319644698475,0.011795346034017171
598.6947931814838,0.006216397065660768
598.7576218931199,0.0003338049421493907
598.8204506047562,0.003961451237863568
598.8832793163924,0.005757596907948141
598.9461080280286,0.004864770645412454
599.0089367396648,0.001023608353547514
599.0717654513011,0.006221286696093015
599.1345941629372,0.004600648152026506
599.1974228745735,0.0067302119449663455
599.2602515862097,0.004524652216257724
599.3230802978459,0.004205845399883699
599.3859090094821,0.005575347033290673
599.4487377211184,0.010266821233248458
599.5115664327545,0.0044772659831197855
599.5743951443907,0.00745706979554822
599.6372238560269,0.009875387786638688
599.7000525676632,0.009375160403767166
599.7628812792993,0.003108738743256594
599.8257099909356,0.001962398829011011
599.8885387025719,0.006908186732474508
599.951367414208,0.006805285087440661
600.0141961258443,0.00289464424419063
600.0770248374805,0.008241944148154299
600.1398535491167,0.012101919129480596
600.2026822607529,0.008410507084166257
600.2655109723892,0.01025836132554911
600.3283396840253,0.01366257970970782
600.3911683956616,0.004820031252666563
600.4539971072978,0.0054901780108683315
600.516825818934,0.005395619755816531
600.5796545305701,0.002981466999648803
600.6424832422064,0.007139226088509136
600.7053119538426,0.00302366549882687
600.7681406654788,0.0012588031064022153
600.830969377115,0.003661283663995453
600.8937980887513,0.002733888057723468
600.9566268003874,0.0019054447989989647
601.0194555120237,0.00560507096729822
601.0822842236599,0.0036212498670002502
601.1451129352961,0.0013457819607680247
601.2079416469323,0.006810355017630954
601.2707703585686,0.012302700494344445
601.3335990702047,0.012072545610144772
601.396427781841,0.010959187496965034
601.4592564934773,0.0012664297253372448
601.5220852051134,0.0012212808881164215
601.5849139167495,0.004629757996756667
601.6477426283858,0.010447992584000872
601.7105713400219,0.011281414539330499
601.7734000516582,0.007403650182636659
601.8362287632945,0.005221126762130144
601.8990574749306,0.004496589027148174
601.9618861865669,0.004514401271676514
602.0247148982031,0.0027040070565329207
602.0875436098394,0.0006431275977625834
602.1503723214755,0.006674392503443909
602.2132010331118,0.005868744038892698
602.276029744748,0.0030653352895316202
602.3388584563842,0.008202155343511559
602.4016871680204,0.005026701406967981
602.4645158796567,0.004538770406903761
602.5273445912928,0.01358220055622437
602.5901733029291,0.0146478657943649
602.6530020145652,0.006251197323411481
602.7158307262014,0.005135800943599504
602.7786594378376,0.0037252949571230224
602.8414881494739,0.0029486751819277355
602.90431686111,0.008138082378776909
602.9671455727463,0.011475542821718466
603.0299742843825,0.011937928187235937
603.0928029960187,0.0032050116855799277
603.155631707655,0.004754145081032355
603.2184604192912,0.006583634200620305
603.2812891309273,0.010829164444511881
603.3441178425636,0.006725166128577862
603.4069465541999,0.005456825876458858
603.4697752658361,0.005709788944475155
603.5326039774723,0.009744951363778714
603.5954326891085,0.009572828388463656
603.6582614007447,0.011121117268503266
603.7210901123808,0.00823490132444059
603.7839188240171,0.0051372915789567606
603.8467475356533,0.0007064623456698994
603.9095762472895,0.008569949737134321
603.9724049589257,0.014214340341257795
604.035233670562,0.005256701090636566
604.0980623821981,0.0008761501906354809
604.1608910938344,0.0024745089745706454
604.2237198054706,0.008143001985214053
604.2865485171068,0.00575078686765667
604.349377228743,0.005773183799449889
604.4122059403793,0.006672285387072988
604.4750346520154,0.007797461244159277
604.5378633636517,0.00533790410248235
604.600692075288,0.00868050663613077
604.6635207869241,0.00632901670478686
604.7263494985602,0.006977166429219423
604.7891782101965,0.006073309271735017
604.8520069218328,0.003523046051609321
604.9148356334689,0.008953628488602108
604.9776643451052,0.0077821591201329456
605.0404930567414,0.006260699752821063
605.1033217683776,0.0055091721521674615
605.1661504800138,0.005129188269716696
605.2289791916501,0.0015228145296961287
605.2918079032862,0.004893245998733849
605.3546366149225,0.0027409391093271237
605.4174653265587,0.009386453238272932
605.4802940381949,0.006122109268755644
605.5431227498311,0.007312122674660541
605.6059514614674,0.006472860640727414
605.6687801731035,0.010578079774466405
605.7316088847397,0.006746311417881483
605.7944375963759,0.010305867843579812
605.8572663080121,0.005056654794877535
605.9200950196483,0.008568942857594925
605.9829237312846,0.013840116785302146
606.0457524429207,0.019042296034988897
606.108581154557,0.009239264121280111
606.1714098661932,0.0030784145278191055
606.2342385778295,0.003618097737670189
606.2970672894656,0.003953613891953013
606.3598960011019,0.009981945177012981
606.4227247127382,0.008628837761726902
606.4855534243743,0.003949176132804897
606.5483821360106,0.0008840928084366585
606.6112108476468,0.008461175430647663
606.674039559283,0.009909024580121025
606.7368682709191,0.0058028454105237895
606.7996969825554,0.010915168724770278
606.8625256941915,0.0052160814928140335
606.9253544058278,0.0077213209982189435
606.988183117464,0.004630554388354784
607.0510118291002,0.005141059711060916
607.1138405407364,0.008753374709057923
607.1766692523727,0.003130957240284543
607.2394979640088,0.004815196026688804
607.3023266756451,0.008560703235635904
607.3651553872813,0.00862364347031202
607.4279840989175,0.008171104825711017
607.4908128105537,0.003227072631469542
607.55364152219,0.004028851030561787
607.6164702338262,0.010391408085353463
607.6792989454624,0.015676152740256837
607.7421276570985,0.01186643458296247
607.8049563687348,0.0065627077642539545
607.8677850803709,0.005661738895176786
607.9306137920072,0.006287629730950069
607.9934425036435,0.006680710208150201
608.0562712152796,0.005402865417930503
608.1190999269159,0.006845688243510333
608.1819286385521,0.004424288290901183
608.2447573501883,0.005082386071223274
608.3075860618245,0.007449875621274118
608.3704147734608,0.005690465562127401
608.4332434850969,0.006257017308156128
608.4960721967332,0.015885307917713476
608.5589009083694,0.016522775642249243
608.6217296200056,0.008559987765241854
608.6845583316418,0.004547363594474973
608.7473870432781,0.0022800250889100965
608.8102157549142,0.005207939850877111
608.8730444665504,0.007457909047708786
608.9358731781866,0.005794094571972234
608.9987018898229,0.0029907280108524155
609.061530601459,0.006076993706131202
609.1243593130953,0.002250715924227356
609.1871880247315,0.0071168925505513195
609.2500167363677,0.004561610327081971
609.3128454480039,0.004209884015707059
609.3756741596402,0.0035560666819171474
609.4385028712763,0.01137934738137936
609.5013315829126,0.009081255501078331
609.5641602945489,0.002692743277454409
609.626989006185,0.006295281894563033
609.6898177178213,0.009839255121053006
609.7526464294575,0.008767127216883518
609.8154751410937,0.005288764994213665
609.8783038527298,0.003179958133847454
609.9411325643661,0.009700977498847126
610.0039612760022,0.005385696625704655
610.0667899876385,0.0015577114079894892
610.1296186992747,0.002343498950096874
610.1924474109109,0.012668733640547295
610.2552761225471,0.012726628395232012
610.3181048341834,0.007629656256327351
610.3809335458196,0.007896116666657604
610.4437622574558,0.007251834601611708
610.506590969092,0.005578106402497701
610.5694196807283,0.007374512520136725
610.6322483923644,0.008096925082673444
610.6950771040007,0.009446531810113443
610.757905815637,0.01157614641658258
610.8207345272731,0.009712133324936654
610.8835632389092,0.006575427356218491
610.9463919505455,0.003132663040925597
611.0092206621816,0.0042640618679853194
611.0720493738179,0.006782203248014419
611.1348780854541,0.006450722083930995
611.1977067970903,0.0022210998714274456
611.2605355087265,0.005158022438334857
611.3233642203628,0.008432177723732632
611.386192931999,0.012256776214220414
611.4490216436352,0.004396634049731283
611.5118503552715,0.005430745187950381
611.5746790669076,0.010133907547515178
611.6375077785439,0.002859926837438765
611.7003364901801,0.00319023412683715
611.7631652018164,0.0034365803117993262
611.8259939134525,0.004140679885796131
611.8888226250887,0.010026223470770356
611.9516513367249,0.008417361573037695
612.0144800483611,0.006513618877521354
612.0773087599973,0.0012575798036415478
612.1401374716336,0.0028616449544016415
612.2029661832697,0.0009472300555082126
612.265794894906,0.0063058164500563105
612.3286236065422,0.00986406531439435
612.3914523181784,0.00627278166676537
612.4542810298146,0.007758665976089474
612.5171097414509,0.003928099587431696
612.579938453087,0.00866262660119833
612.6427671647233,0.012846272494020703
612.7055958763596,0.005934106437382054
612.7684245879957,0.007299962060698068
612.831253299632,0.005215170242169737
612.8940820112681,0.006759945102004446
612.9569107229044,0.005215632470097765
613.0197394345405,0.0011300991792905712
613.0825681461768,0.0029903493082736893
613.145396857813,0.005422145724883267
613.2082255694492,0.012414924656599699
613.2710542810854,0.010403377889513746
613.3338829927217,0.004548142955843777
613.3967117043578,0.002912650472609656
613.4595404159941,0.004466974363867067
613.5223691276303,0.005659381841334218
613.5851978392665,0.005210350310373007
613.6480265509027,0.003712846840782531
613.710855262539,0.008883080346008156
613.7736839741751,0.0091542850904468
613.8365126858114,0.00553460480614761
613.8993413974475,0.00960020161393058
613.9621701090838,0.0016640717587139099
614.0249988207199,0.008043291703668451
614.0878275323562,0.0034040427306316436
614.1506562439923,0.008338592419305211
614.2134849556286,0.009538134619021109
614.2763136672648,0.011655105550111204
614.339142378901,0.011776916681673126
614.4019710905372,0.000933991789982078
614.4647998021735,0.014624208256808513
614.5276285138098,0.009867276802495509
614.5904572254459,0.0073877181253896055
614.6532859370822,0.007243660397882515
614.7161146487184,0.004730856234109285
614.7789433603546,0.01047907336155819
614.8417720719908,0.010648552511759325
614.9046007836271,0.006426977608198776
614.9674294952632,0.0014447279921718883
615.0302582068994,0.005162878240786696
615.0930869185356,0.012311938153526682
615.1559156301718,0.007233638617047191
615.218744341808,0.002242366826866244
615.2815730534443,0.0061645221980780466
615.3444017650804,0.007052684417130316
615.4072304767167,0.013337517158431648
615.4700591883529,0.007403018639614165
615.5328878999891,0.004625436008701781
615.5957166116253,0.007225232204303401
615.6585453232616,0.006411400730248185
615.7213740348977,0.002656935013180886
615.784202746534,0.011871955425312377
615.8470314581702,0.01848817160732288
615.9098601698065,0.012543656645220305
615.9726888814427,0.006690105773729351
616.0355175930788,0.0074205784252194115
616.098346304715,0.003578624509853109
616.1611750163512,0.0014099309504290725
616.2240037279875,0.004639063126540944
616.2868324396237,0.0016606685476070948
616.3496611512599,0.006515276773138795
616.4124898628961,0.006347582045338098
616.4753185745324,0.005573679887685452
616.5381472861685,0.002921876424790409
616.6009759978048,0.006180491828250506
616.663804709441,0.007282356641111993
616.7266334210772,0.007627686060111914
616.7894621327134,0.010010551232768398
616.8522908443497,0.006250401629397523
616.9151195559858,0.0021268702104694556
616.9779482676221,0.010203586943230095
617.0407769792582,0.005361434653273947
617.1036056908945,0.002590792162948901
617.1664344025306,0.005600392136986417
617.2292631141669,0.012097677248371661
617.2920918258031,0.010547641239920367
617.3549205374393,0.007949453931084097
617.4177492490755,0.008441924906163956
617.4805779607118,0.0053217158483707325
617.5434066723479,0.007281888280025749
617.6062353839842,0.010350684990210735
617.6690640956205,0.011460875496308903
617.7318928072566,0.002936823241748993
617.7947215188929,0.00481242034046478
617.8575502305291,0.0027946129559108454
617.9203789421653,0.004324074738954224
617.9832076538015,0.007633255635731209
618.0460363654377,0.00701371899801323
618.1088650770739,0.010123510334278921
618.1716937887101,0.005028420210954765
618.2345225003463,0.005212586743073451
618.2973512119825,0.007482329116961596
618.3601799236187,0.00667629239279278
618.423008635255,0.004391619182869753
618.4858373468911,0.010549018154912916
618.5486660585274,0.009636400506184641
618.6114947701636,0.011165847286073602
618.6743234817999,0.0015250947371000497
618.737152193436,0.010071470360778375
618.7999809050723,0.004922121830407192
618.8628096167085,0.0038173986908370877
618.9256383283447,0.0036020613695148767
618.988467039981,0.0031620736231598163
619.0512957516171,0.0036635064392815412
619.1141244632533,0.009611463880524064
619.1769531748895,0.006912741003323942
619.2397818865257,0.004567343498524468
619.3026105981619,0.007531506645885856
619.3654393097981,0.009532413828016353
619.4282680214344,0.00409849656250079
619.4910967330705,0.0028346309322710593
619.5539254447068,0.010158657128962188
619.6167541563431,0.00858232075340534
619.6795828679792,0.00411164659890801
619.7424115796155,0.0031428324254758567
619.8052402912517,0.000983346283151717
619.8680690028879,0.004029342507291519
619.9308977145241,0.01064329680217517
619.9937264261604,0.005230520739346326
620.0565551377965,0.005817103295825326
620.1193838494328,0.0068024368965355665
620.1822125610689,0.004900558387748163
620.2450412727052,0.004027574770599532
620.3078699843413,0.009436094083452763
620.3706986959776,0.014238071660707625
620.4335274076138,0.00889071594994766
620.49635611925,0.008152189252749043
620.5591848308862,0.008409669163847937
620.6220135425225,0.0069885296430109494
620.6848422541586,0.009005778105860862
620.7476709657949,0.006654834983504313
620.8104996774312,0.006736395121755185
620.8733283890673,0.006903910095874927
620.9361571007036,0.00976673754665414
620.9989858123398,0.007203021873086483
621.061814523976,0.01027560305449224
621.1246432356122,0.006179517644046837
621.1874719472484,0.0048229590672998505
621.2503006588846,0.0032486880883359744
621.3131293705208,0.0030904586445240317
621.375958082157,0.002573647520938265
621.4387867937933,0.0025370017104368713
621.5016155054294,0.005796663342913732
621.5644442170657,0.006242329542203359
621.6272729287019,0.008032995176010117
621.6901016403381,0.012754341226530868
621.7529303519743,0.01178581735815309
621.8157590636106,0.00622682092062063
621.8785877752467,0.002484538410345602
621.941416486883,0.0022506214314336743
622.0042451985192,0.0026541248121800184
622.0670739101554,0.002045820546064229
622.1299026217916,0.0054042435388294025
622.1927313334278,0.009164996743582576
622.255560045064,0.01066159233751097
622.3183887567002,0.0056018807630838835
622.3812174683364,0.014501241334840874
622.4440461799726,0.010019133520778503
622.5068748916088,0.007759184875714475
622.5697036032451,0.0016224742281514396
622.6325323148812,0.003742849833848639
622.6953610265175,0.007841514829819665
622.7581897381538,0.007182531191245933
622.82101844979,0.0089558624802598
622.8838471614262,0.005531115642168845
622.9466758730624,0.011631824646965596
623.0095045846987,0.0072430391068584645
623.0723332963348,0.0019303016833644427
623.1351620079711,0.006484106329873441
623.1979907196072,0.003385067051235345
623.2608194312435,0.010726036367835352
623.3236481428796,0.0119235731529283
623.3864768545159,0.0007217961621128992
623.449305566152,0.01038067657895756
623.5121342777883,0.012252027087465716
623.5749629894245,0.0065831558247038185
623.6377917010607,0.00579030219053911
623.7006204126969,0.0021733148732733173
623.7634491243332,0.003115327880509449
623.8262778359693,0.00327916128939589
623.8891065476056,0.002168046758656622
623.9519352592418,0.006767224956086826
624.014763970878,0.004943525346230434
624.0775926825143,0.00665714228368647
624.1404213941505,0.013203144448709297
624.2032501057867,0.008086748168850199
624.2660788174229,0.002547655157355667
624.328907529059,0.005103647019392944
624.3917362406953,0.006327137974486965
624.4545649523315,0.003863895303943147
624.5173936639677,0.006080473092332358
624.580222375604,0.013522371568299761
624.6430510872401,0.01548014484628205
624.7058797988764,0.011869324658870294
624.7687085105126,0.004227255213701359
624.8315372221488,0.0029033029365154394
624.894365933785,0.003021283796467271
624.9571946454213,0.004327304782182343
625.0200233570574,0.006323357740597525
625.0828520686937,0.0066700748558668616
625.1456807803299,0.006531496110891754
625.2085094919661,0.000941954101878154
625.2713382036023,0.003406168391968439
625.3341669152385,0.0045303719071948375
625.3969956268747,0.008764959179392911
625.4598243385109,0.0049100199452280354
625.5226530501471,0.007735264344753946
625.5854817617834,0.007930571726338277
625.6483104734195,0.002007148647917816
625.7111391850558,0.0052044891069297945
625.773967896692,0.01107249660577885
625.8367966083282,0.007667729863583748
625.8996253199645,0.007014706743364364
625.9624540316007,0.009774324455493155
626.0252827432369,0.010620408800002996
626.0881114548731,0.006916957993325165
626.1509401665094,0.004925345209340187
626.2137688781455,0.007340184579736801
626.2765975897818,0.0052207382339207785
626.3394263014179,0.009885217922162032
626.4022550130542,0.0072433822963042585
626.4650837246903,0.001786537328678771
626.5279124363266,0.001736812621397066
626.5907411479627,0.00426831513883656
626.653569859599,0.009593636449714943
626.7163985712352,0.00999103242949937
626.7792272828714,0.00472064374956685
626.8420559945076,0.003091197844669294
626.9048847061439,0.0034413398021115355
626.9677134177801,0.00587926690758222
627.0305421294163,0.0033059696416479576
627.0933708410525,0.003998839820469432
627.1561995526888,0.006131113707003469
627.219028264325,0.007603702463693893
627.2818569759612,0.0023395844309465883
627.3446856875973,0.005243403398356101
627.4075143992336,0.007552713383353056
627.4703431108697,0.00769842866328602
627.533171822506,0.007782546846880546
627.5960005341421,0.0074369167318756825
627.6588292457784,0.0030634449765062663
627.7216579574147,0.00595942929573524
627.7844866690508,0.008281962273392576
627.8473153806871,0.00799682149908247
627.9101440923233,0.0026293897571525583
627.9729728039595,0.004567227830623271
628.0358015155957,0.0017708324751930509
628.098630227232,0.006514814403411101
628.1614589388681,0.003837325944798952
628.2242876505044,0.0017453717092123391
