time,freq,avg_freq,p_bus_7,p_bus_9
0.02,[50. 50. 50. 50.],49.99999999999961,967.0000000000001,1766.9999999999998
0.04,[49.99999886 49.99999854 49.9999995  49.99999935],49.99999906129558,967.0790303480818,1767.000000000002
0.06,[49.9999966  49.99999571 49.99999845 49.99999802],49.99999719658765,967.0781420476301,1767.0000000000025
0.08,[49.99999833 49.99999802 49.99999912 49.99999894],49.999998605480776,966.8036517326784,1767.0000000000005
0.1,[50.0000085  50.00001099 50.00000366 50.00000481],50.00000699107075,966.490369242388,1767.0000000000027
0.12000000000000001,[50.00002316 50.00002936 50.00001046 50.00001344],50.00001910338788,966.4886030666156,1767.0000000000014
0.14,[50.00003548 50.00004444 50.00001644 50.00002086],50.0000293054085,966.6496775443225,1767.000000000001
0.16,[50.00004157 50.00005135 50.00001981 50.00002477],50.00003437504932,966.9195087852395,1767.0000000000025
0.18,[50.00004644 50.00005663 50.00002264 50.00002792],50.0000384079468,966.7364778316072,1766.9999999999995
0.19999999999999998,[50.00005498 50.00006634 50.0000273  50.0000333 ],50.00004548071519,966.6628755146346,1767.0000000000027
0.21999999999999997,[50.00006644 50.00007948 50.00003351 50.0000405 ],50.00005497919548,966.5313142176934,1767.0000000000011
0.23999999999999996,[50.00008299 50.00009874 50.0000423  50.00005081],50.000068707859015,966.3054356819745,1766.9999999999993
0.25999999999999995,[50.00010031 50.00011844 50.0000519  50.00006188],50.00008313197711,966.470863133336,1766.9999999999982
0.27999999999999997,[50.00011233 50.00013099 50.00005952 50.0000701 ],50.000093234965355,966.6675638742604,1767.000000000001
0.3,[50.00012161 50.00013975 50.00006619 50.0000769 ],50.00010111020574,966.6572698469624,1767.000000000001
0.32,[50.00013173 50.00014927 50.00007358 50.00008439],50.00010974419888,966.6026469268982,1767.0000000000014
0.34,[50.00014423 50.0001615  50.00008244 50.00009352],50.00012042582755,966.4837403742263,1767.0000000000027
0.36000000000000004,[50.00015863 50.00017575 50.00009263 50.00010408],50.00013277282381,966.4610073830643,1766.9999999999989
0.38000000000000006,[50.00017117 50.00018727 50.0001025  50.00011394],50.00014371865049,966.6001532684116,1767.0000000000005
0.4000000000000001,[50.00018166 50.00019596 50.00011187 50.00012291],50.000153101411584,966.5913427400261,1767.0000000000011
0.4200000000000001,[50.00019109 50.00020306 50.00012122 50.00013161],50.000161745921446,966.6611124216171,1767.0
0.4400000000000001,[50.00020024 50.00020972 50.00013086 50.00014049],50.00017032722995,966.5956460951572,1766.9999999999977
0.46000000000000013,[50.00020803 50.0002145  50.00014037 50.00014898],50.00017797141159,966.7389082244614,1766.9999999999993
0.48000000000000015,[50.00021202 50.00021448 50.00014855 50.00015562],50.00018266839722,966.8429890161784,1767.0000000000011
0.5000000000000001,[50.00021502 50.00021336 50.00015659 50.00016199],50.00018674004572,966.7911162850999,1767.000000000003
0.5200000000000001,[50.00022117 50.00021645 50.00016636 50.00017051],50.000193621522264,966.6059713231909,1766.9999999999986
0.5400000000000001,[50.00022684 50.00021903 50.00017633 50.0001792 ],50.00020034787987,966.8033171480179,1766.9999999999993
0.5600000000000002,[50.00022316 50.00021001 50.00018241 50.00018283],50.00019960110504,967.2346592242618,1767.0000000000007
0.5800000000000002,[50.00021238 50.00019262 50.00018529 50.0001825 ],50.000193198651274,967.2801237144021,1767.0000000000007
0.6000000000000002,[50.00020064 50.00017471 50.00018771 50.00018177],50.00018620633203,967.285419236823,1766.9999999999989
0.6200000000000002,[50.00018927 50.00015806 50.00019021 50.00018141],50.000179736600174,967.2373834239982,1766.999999999997
0.6400000000000002,[50.00018159 50.00014693 50.00019422 50.00018328],50.00017650588261,967.0139600075532,1766.999999999998
0.6600000000000003,[50.00017357 50.00013609 50.00019803 50.00018517],50.000173216468994,967.2430892079134,1767.000000000002
0.6800000000000003,[50.00016405 50.00012428 50.00020084 50.00018615],50.000168831636586,967.1073896679965,1767.0000000000014
0.7000000000000003,[50.00015622 50.00011549 50.00020412 50.00018812],50.00016598782727,967.1144375183322,1766.9999999999984
0.7200000000000003,[50.00014396 50.0001019  50.00020507 50.00018748],50.00015959974406,967.4068991769442,1766.9999999999973
0.7400000000000003,[50.00012676 50.00008307 50.0002032  50.00018372],50.00014918741754,967.4551101549337,1767.0000000000007
0.7600000000000003,[50.00010782 50.00006302 50.00019988 50.00017865],50.000137342625116,967.5297631998427,1767.0000000000002
0.7800000000000004,[50.0000874  50.00004212 50.00019515 50.00017235],50.00012425609779,967.5622517772089,1767.0000000000005
0.8000000000000004,[50.00006233 50.00001624 50.00018753 50.00016291],50.000107252145526,967.8624024348727,1767.0000000000011
0.8200000000000004,[50.00002989 49.99998209 50.00017556 50.00014858],50.00008403121233,968.0892932474268,1766.9999999999995
0.8400000000000004,[49.99999865 49.99995069 50.00016288 50.00013414],50.00006158977037,967.8012328171213,1767.0000000000002
0.8600000000000004,[49.99997672 49.99993206 50.00015321 50.00012432],50.000046579718095,967.4677184867717,1766.9999999999989
0.8800000000000004,[49.99995771 49.99991779 50.00014383 50.00011553],50.00003371669351,967.6236847418694,1766.999999999998
0.9000000000000005,[49.99993392 49.99989809 50.0001311  50.00010308],50.00001654677659,967.8336753706319,1766.9999999999977
0.9200000000000005,[49.9999097  49.99987856 50.00011677 50.0000893 ],49.999998583447585,967.6944168266294,1766.9999999999993
0.9400000000000005,[49.99988621 49.99986038 50.00010145 50.0000749 ],49.999980737324684,967.8275941272225,1767.0000000000027
0.9600000000000005,[49.99985756 49.99983602 50.00008241 50.00005637],49.99995809020837,968.102641428034,1766.999999999998
0.9800000000000005,[49.999826   49.99980839 50.00006046 50.0000348 ],49.99993241166199,968.0875565635944,1766.999999999998
1.0000000000000004,[49.99979757 49.99978501 50.00003833 50.00001368],49.999908648204126,967.9463210767107,1767.0000000000005
1.0200000000000005,[49.99976936 49.99976193 50.00001482 49.99999139],49.99988437674711,968.1348952535193,1766.9999999999998
1.0400000000000005,[49.99973966 49.999737   49.99998904 49.99996677],49.99985811700155,968.118565552799,1766.9999999999993
1.0600000000000005,[49.99970851 49.99971008 49.99996104 49.99993987],49.9998298762932,968.3065045166613,1767.0000000000016
1.0800000000000005,[49.99967766 49.99968346 49.9999315  49.99991157],49.999801045778895,968.1733817647557,1766.9999999999995
1.1000000000000005,[49.99964869 49.9996589  49.99990127 49.99988288],49.99977293671371,968.2506188322016,1767.000000000001
1.1200000000000006,[49.9996206  49.99963511 49.99986986 49.99985314],49.99974467796399,968.1907802981833,1766.9999999999995
1.1400000000000006,[49.99959449 49.99961335 49.99983785 49.99982305],49.99971718537291,968.1906346286864,1767.0000000000027
1.1600000000000006,[49.99956779 49.99959024 49.99980415 49.99979114],49.99968833054099,968.3097258092662,1766.9999999999995
1.1800000000000006,[49.99953676 49.99956103 49.99976709 49.99975525],49.99965503494315,968.5687685094051,1767.0000000000011
1.2000000000000006,[49.99950001 49.99952404 49.999726   49.99971452],49.99961614103214,968.7857073811866,1767.0000000000036
1.2200000000000006,[49.99945968 49.99948207 49.99968181 49.99967018],49.99957343605355,968.8946880731315,1767.0000000000005
1.2400000000000007,[49.99941607 49.99943552 49.99963471 49.99962248],49.999527193633185,969.0887124531926,1767.000000000001
1.2600000000000007,[49.99937054 49.99938628 49.99958529 49.99957221],49.999478579726365,969.0997655114503,1767.0000000000002
1.2800000000000007,[49.99932787 49.99934044 49.99953575 49.9995222 ],49.99943156803784,968.9591108575712,1767.0
1.3000000000000007,[49.99928532 49.99929445 49.99948506 49.99947106],49.99938397060936,969.1536917057705,1766.9999999999993
1.3200000000000007,[49.99924172 49.99924704 49.99943261 49.99941804],49.99933485458779,969.0915331038692,1766.9999999999982
1.3400000000000007,[49.99919653 49.99919749 49.99937831 49.99936301],49.999283835614776,969.3180355467738,1767.0000000000002
1.3600000000000008,[49.99914518 49.9991402  49.99932006 49.99930329],49.999227183659045,969.5699420144633,1767.0000000000011
1.3800000000000008,[49.99908879 49.99907678 49.99925831 49.99923955],49.99916585703677,969.7160747234449,1767.000000000001
1.4000000000000008,[49.99902613 49.99900584 49.99919256 49.99917117],49.9990989293915,970.0460584396004,1767.0000000000048
1.4200000000000008,[49.99895637 49.99892657 49.99912234 49.99909764],49.99902573194233,970.2489451395412,1767.0000000000011
1.4400000000000008,[49.99888688 49.9988486  49.9990509  49.99902323],49.99895240328286,970.0625027267707,1767.0000000000002
1.4600000000000009,[49.99882302 49.9987787  49.99898082 49.99895125],49.998883449532656,969.8854342038243,1767.0
1.4800000000000009,[49.99876005 49.9987108  49.99891015 49.99887911],49.99881502922334,970.0214413922281,1766.9999999999989
1.5000000000000009,[49.99869122 49.99863647 49.99883579 49.9988029 ],49.998741594322226,970.3111342955269,1767.0
1.520000000000001,[49.99861551 49.99855463 49.9987572  49.99872196],49.998662322847515,970.5166349420753,1767.0000000000002
1.540000000000001,[49.99853388 49.99846666 49.99867476 49.99863687],49.998578043398965,970.7368468964573,1766.9999999999984
1.560000000000001,[49.99845166 49.99837949 49.99859079 49.99855067],49.998493153221126,970.5725237543027,1766.9999999999989
1.580000000000001,[49.99837176 49.99829671 49.99850676 49.99846523],49.99841011425093,970.5849715514727,1767.0000000000027
1.600000000000001,[49.99829405 49.9982182  49.99842262 49.99838047],49.998328837951355,970.4277149106796,1767.0000000000011
1.620000000000001,[49.99821784 49.9981429  49.9983382  49.9982961 ],49.99824875909637,970.4870541112464,1767.000000000002
1.640000000000001,[49.99814575 49.99807422 49.99825461 49.99821357],49.99817203724635,970.147733668449,1767.0000000000023
1.660000000000001,[49.9980773  49.99801116 49.99817192 49.99813283],49.99809830101292,970.2372927952654,1767.0000000000027
1.680000000000001,[49.99800747 49.99794731 49.99808784 49.99805087],49.99802337363691,970.2492381809484,1767.0000000000002
1.700000000000001,[49.9979392  49.99788631 49.99800375 49.99796943],49.99794967184467,970.1351697609929,1767.0000000000014
1.720000000000001,[49.99787897 49.99783617 49.99792266 49.99789229],49.99788252494703,969.698049873627,1766.9999999999995
1.740000000000001,[49.997823   49.99779156 49.99784326 49.99781753],49.99781883882783,969.84315204865,1767.0000000000025
1.7600000000000011,[49.99776579 49.99774546 49.99776304 49.99774187],49.997754039382315,969.7908778377603,1767.0000000000007
1.7800000000000011,[49.9977081  49.99769853 49.99768252 49.99766581],49.9976887384012,969.8842245941838,1767.000000000002
1.8000000000000012,[49.99765013 49.99765091 49.99760183 49.9975895 ],49.99762309176549,969.8188396239879,1767.0000000000005
1.8200000000000012,[49.99759406 49.99760509 49.99752215 49.99751428],49.99755889562556,969.7607581902929,1767.000000000001
1.8400000000000012,[49.99754303 49.99756489 49.99744501 49.99744204],49.997498739483405,969.4771002942356,1767.0000000000014
1.8600000000000012,[49.99749771 49.99753078 49.99737103 49.99737337],49.99744322342892,969.3676900944074,1766.999999999998
1.8800000000000012,[49.997456   49.99749989 49.99729942 49.99730712],49.997390607649905,969.2299058816315,1766.9999999999998
1.9000000000000012,[49.99741698 49.9974708  49.99722999 49.9972429 ],49.99734016732603,969.1809672072828,1766.9999999999977
1.9200000000000013,[49.99737779 49.99743975 49.99716161 49.99717916],49.997289576564754,969.2386312825354,1767.000000000001
1.9400000000000013,[49.9973373  49.99740523 49.9970939  49.99711529],49.99723793300122,969.2656315265561,1767.000000000002
1.9600000000000013,[49.99729666 49.99736865 49.9970275  49.99705208],49.997186225047905,969.2401070204959,1767.0000000000016
1.9800000000000013,[49.99725549 49.99732947 49.99696242 49.99698943],49.99713420450006,969.2879057235536,1767.0000000000052
2.0000000000000013,[49.99721363 49.99728753 49.99689867 49.99692735],49.997081794616015,969.2688948749159,1767.0000000000016
2.0200000000000014,[49.9971678  49.99723867 49.99683497 49.99686412],49.997026389831504,969.53597606824,1766.9999999999989
2.0400000000000014,[49.99712041 49.99718629 49.9967723  49.99680108],49.99697002024051,969.3466692210204,1767.0000000000014
2.0600000000000014,[49.99707475 49.9971345  49.99671238 49.99674039],49.9969155027727,969.3763979711011,1766.9999999999984
2.0800000000000014,[49.99702767 49.99707952 49.99665382 49.9966803 ],49.99686033026263,969.3981366804553,1767.0000000000032
2.1000000000000014,[49.99697474 49.99701591 49.99659473 49.99661839],49.996800941797126,969.7277152710543,1767.0000000000011
2.1200000000000014,[49.99691357 49.99694106 49.99653385 49.9965532 ],49.99673542099488,969.9116025129758,1766.9999999999995
2.1400000000000015,[49.99684973 49.99686244 49.99647362 49.99648798],49.99666844381009,969.8483472285499,1766.9999999999977
2.1600000000000015,[49.99678524 49.99678282 49.99641497 49.99642405],49.99660177068618,969.8842337455573,1767.0000000000025
2.1800000000000015,[49.99672128 49.99670406 49.99635837 49.99636208],49.996536447670444,969.7332008924647,1767.0
2.2000000000000015,[49.99665802 49.99662656 49.99630392 49.99630231],49.99647270127462,969.7499426079385,1767.0000000000011
2.2200000000000015,[49.99659585 49.99655115 49.99625165 49.9962449 ],49.996410885757285,969.5693043897363,1767.000000000001
2.2400000000000015,[49.99653113 49.99647333 49.99619998 49.99618786],49.996348077262674,969.832059930215,1766.9999999999993
2.2600000000000016,[49.99645993 49.99638852 49.99614685 49.99612873],49.9962810100059,969.9271420689013,1767.0000000000018
2.2800000000000016,[49.99638726 49.99630341 49.99609433 49.99607034],49.996213835801434,969.8412108935017,1766.9999999999995
2.3000000000000016,[49.99631442 49.99621978 49.99604294 49.99601345],49.996147645478395,969.8448361330466,1767.0000000000018
2.3200000000000016,[49.9962399  49.99613588 49.99599185 49.99595709],49.99608117939684,969.8654119540789,1766.999999999998
2.3400000000000016,[49.99616409 49.99605237 49.99594106 49.99590139],49.99601472487049,969.8454475209559,1767.0
2.3600000000000017,[49.99608923 49.99597219 49.9958914  49.99584752],49.995950082480405,969.7150189607287,1767.000000000001
2.3800000000000017,[49.99601399 49.99589363 49.99584219 49.99579465],49.99588611643044,969.7909715079717,1766.9999999999984
2.4000000000000017,[49.99593633 49.99581417 49.99579229 49.9957414 ],49.995821048974896,969.8109094258837,1767.0000000000023
2.4200000000000017,[49.99586322 49.9957427  49.99574459 49.99569159],49.99576052235111,969.4127019270455,1766.9999999999977
2.4400000000000017,[49.9957947  49.9956789  49.99569919 49.9956453 ],49.99570452187086,969.4337013521292,1766.9999999999995
2.4600000000000017,[49.99572262 49.99561233 49.99565224 49.99559756],49.99564618993225,969.6132132780189,1766.999999999999
2.4800000000000018,[49.99565167 49.99554897 49.99560552 49.99555078],49.995589232282725,969.3233929695406,1767.0000000000002
2.5000000000000018,[49.99558145 49.99548785 49.99555893 49.99550474],49.99553324123727,969.5374164117753,1767.0000000000005
2.520000000000002,[49.99550734 49.99542307 49.9955101  49.99545643],49.99547423372589,969.5839050628065,1767.0000000000052
2.540000000000002,[49.99543266 49.99535862 49.99546037 49.99540759],49.995414808824655,969.580116501005,1767.0000000000007
2.560000000000002,[49.99535552 49.99529179 49.99540881 49.99535696],49.99535327187811,969.7700088396671,1766.9999999999995
2.580000000000002,[49.99527568 49.99522218 49.99535506 49.99530415],49.99528926682626,969.7973313776835,1767.0000000000018
2.600000000000002,[49.99519976 49.99515797 49.99530197 49.99525279],49.9952281204026,969.5397481837317,1767.000000000001
2.620000000000002,[49.99513008 49.99510167 49.99525062 49.99520419],49.99517163934486,969.4151159396696,1766.9999999999984
2.640000000000002,[49.99506083 49.99504555 49.99519839 49.99515486],49.995114910316396,969.5712627691697,1767.0
2.660000000000002,[49.99499033 49.99498734 49.99514431 49.99510356],49.99505638535133,969.5777371905116,1767.000000000003
2.680000000000002,[49.99492423 49.99493399 49.99509083 49.99505341],49.99500061549192,969.3514560970085,1766.9999999999973
2.700000000000002,[49.99486576 49.99488925 49.99503948 49.99500626],49.99495018876249,969.1401059037493,1766.9999999999977
2.720000000000002,[49.99480882 49.99484496 49.99498763 49.99495857],49.99489999478112,969.3438057246433,1766.9999999999989
2.740000000000002,[49.99474963 49.99479626 49.99493339 49.99490792],49.99484679939628,969.4053764061655,1766.9999999999982
2.760000000000002,[49.99468997 49.99474526 49.99487757 49.9948553 ],49.99479202490026,969.4899658029918,1767.0000000000011
2.780000000000002,[49.99463072 49.99469299 49.99482053 49.99480113],49.9947363446005,969.4954288121846,1766.9999999999993
2.800000000000002,[49.99456924 49.99463591 49.99476117 49.99474392],49.99467755980852,969.7654285923608,1767.0000000000002
2.820000000000002,[49.99450586 49.9945746  49.99469949 49.99468372],49.99461591733998,969.7509560995776,1767.0000000000025
2.840000000000002,[49.99444441 49.99451385 49.99463731 49.99462283],49.99455459888711,969.7534763782262,1767.0000000000025
2.860000000000002,[49.99438474 49.99445347 49.9945746  49.99456118],49.99449349795679,969.7481045917978,1767.0000000000025
2.880000000000002,[49.99432385 49.99438969 49.99451011 49.99449715],49.9944302003536,969.9538697407738,1767.0000000000045
2.900000000000002,[49.99426495 49.99432684 49.99444518 49.9944325 ],49.99436736659804,969.7250312185141,1766.9999999999984
2.920000000000002,[49.99421235 49.99427035 49.99438196 49.99436997],49.99430865600566,969.6223884915921,1767.0000000000034
2.940000000000002,[49.99416429 49.99421806 49.99431976 49.99430863],49.99425268500897,969.5095532725309,1766.9999999999995
2.960000000000002,[49.99412181 49.99417141 49.99425919 49.99424921],49.99420040582918,969.3262984133967,1766.9999999999993
2.980000000000002,[49.99408384 49.99412909 49.99419994 49.9941913 ],49.99415104297772,969.2780713938071,1766.9999999999995
3.000000000000002,[49.99405045 49.99409133 49.99414215 49.99413502],49.99410473450544,969.0827612601942,1766.999999999998
3.0200000000000022,[49.99402445 49.99406178 49.99408728 49.99408223],49.994063934128526,968.8273055005021,1767.0000000000016
3.0400000000000023,[49.99400049 49.99403359 49.99403324 49.99403011],49.99402435509492,968.9918694592641,1766.9999999999998
3.0600000000000023,[49.99397617 49.99400404 49.99397895 49.99397731],49.99398411989091,968.8943775601113,1767.0000000000036
3.0800000000000023,[49.99395407 49.99397647 49.99392581 49.99392559],49.99394548593042,968.8685444579851,1767.0
3.1000000000000023,[49.99393082 49.99394673 49.99387251 49.99387319],49.993905812240484,968.9929732646199,1767.0000000000036
3.1200000000000023,[49.99390355 49.9939114  49.99381786 49.99381863],49.99386286149784,969.155445745942,1767.0000000000023
3.1400000000000023,[49.99387696 49.99387677 49.99376403 49.99376474],49.99382062324518,968.9442556002576,1766.9999999999984
3.1600000000000024,[49.99384694 49.99383755 49.99370956 49.99370954],49.99377589697955,969.3754885922274,1767.0000000000032
3.1800000000000024,[49.99381251 49.99379303 49.99365382 49.99365237],49.99372793366022,969.2279205667379,1767.0000000000011
3.2000000000000024,[49.99378099 49.99375257 49.9936004  49.99359781],49.993682941254306,969.1363162935409,1767.0000000000002
3.2200000000000024,[49.9937515  49.99371517 49.99354904 49.99354555],49.99364031604527,969.0390406376197,1767.0000000000007
3.2400000000000024,[49.99372203 49.99367838 49.99349901 49.99349462],49.99359851067011,969.077142620414,1767.000000000001
3.2600000000000025,[49.99368769 49.99363616 49.99344822 49.99344232],49.993553598977,969.3100944332062,1767.000000000001
3.2800000000000025,[49.99364941 49.99358999 49.99339699 49.9933892 ],49.99350639681743,969.2798472856291,1767.000000000003
3.3000000000000025,[49.99360712 49.99353983 49.99334545 49.9933354 ],49.99345694985355,969.5088643977571,1767.000000000001
3.3200000000000025,[49.99355949 49.99348427 49.99329291 49.99328015],49.993404204800946,969.5676453334758,1767.0000000000002
3.3400000000000025,[49.99350524 49.99342177 49.99323887 49.99322282],49.99334717407204,969.8799638703724,1767.0000000000034
3.3600000000000025,[49.99344235 49.99335006 49.99318225 49.99316217],49.993284206566386,970.0784005156505,1767.0000000000007
3.3800000000000026,[49.99337358 49.99327281 49.99312421 49.99309979],49.99321759538764,970.1983534716798,1766.9999999999961
3.4000000000000026,[49.99330306 49.99319544 49.99306651 49.99303804],49.99315076000579,970.1094457921761,1767.0000000000036
3.4200000000000026,[49.99323637 49.99312505 49.99301162 49.99298017],49.99308830526334,969.8418070436818,1767.0000000000034
3.4400000000000026,[49.99316842 49.99305497 49.9929574  49.99292335],49.99302603484779,970.1055309407916,1766.9999999999995
3.4600000000000026,[49.99310059 49.99298722 49.9929041  49.99286808],49.992964995227965,969.7503427036781,1767.0000000000027
3.4800000000000026,[49.99303917 49.9929295  49.99285467 49.99281809],49.99291035840923,969.5782921434244,1766.9999999999995
3.5000000000000027,[49.99297304 49.99286742 49.99280415 49.99276691],49.992852881112185,970.0006711650826,1767.0000000000007
3.5200000000000027,[49.99289814 49.992796   49.99275029 49.99271183],49.99278906547158,970.1240660861471,1767.0
3.5400000000000027,[49.99281859 49.9927204  49.99269483 49.99265509],49.9927222281654,970.2681317175266,1767.000000000004
3.5600000000000027,[49.99273918 49.99264664 49.9926397  49.99259925],49.99265619216949,970.0705741110511,1767.0000000000032
3.5800000000000027,[49.99266456 49.99258032 49.99258699 49.99254697],49.99259471418111,969.8985447180584,1767.0000000000027
3.6000000000000028,[49.99259066 49.99251594 49.99253486 49.99249579],49.99253431326854,969.9938757936242,1766.9999999999986
3.6200000000000028,[49.99251626 49.99245185 49.99248254 49.99244475],49.992473850337575,969.9182238192084,1766.9999999999973
3.640000000000003,[49.99244068 49.99238685 49.99242966 49.99239331],49.99241262619452,970.0727123193767,1766.9999999999995
3.660000000000003,[49.99236231 49.99231878 49.99237526 49.99234028],49.99234915950614,970.1224842162211,1766.9999999999993
3.680000000000003,[49.99228233 49.9922489  49.99231977 49.99228617],49.992284293823765,970.2066502530122,1767.0000000000016
3.700000000000003,[49.99219959 49.99217555 49.99226253 49.99223011],49.99221694431022,970.3484311157409,1767.0000000000007
3.720000000000003,[49.99211632 49.99210145 49.99220433 49.99217317],49.99214881711033,970.2898575183608,1767.0000000000016
3.740000000000003,[49.99203892 49.99203452 49.99214797 49.99211889],49.992085075485534,969.9975311189655,1767.0000000000016
3.760000000000003,[49.99196922 49.99197668 49.99209433 49.99206832],49.99202713829885,969.8193209532749,1767.0000000000043
3.780000000000003,[49.99190063 49.99191923 49.99204047 49.99201755],49.99196947150972,969.9925824271612,1767.000000000001
3.800000000000003,[49.99182719 49.99185452 49.99198351 49.99196287],49.991907023565375,970.2401503751363,1767.0000000000011
3.820000000000003,[49.99175054 49.99178462 49.99192397 49.99190501],49.991841033696325,970.3101256883108,1767.000000000003
3.840000000000003,[49.99167542 49.99171547 49.99186394 49.99184661],49.99177536043092,970.2336489158243,1767.0000000000018
3.860000000000003,[49.99160388 49.99164949 49.99180432 49.99178882],49.991711627553144,970.1672142664725,1767.0000000000005
3.880000000000003,[49.99153341 49.99158335 49.99174401 49.99173016],49.99164773165278,970.2678849146427,1767.0000000000005
3.900000000000003,[49.99146788 49.99152204 49.9916846  49.9916727 ],49.99158680310493,969.9384304287444,1767.0000000000016
3.920000000000003,[49.99140688 49.99146472 49.99162614 49.99161637],49.991528526532825,970.0651946891358,1767.0000000000007
3.940000000000003,[49.99134161 49.9914003  49.99156459 49.99155597],49.99146561696045,970.349098989999,1766.9999999999984
3.960000000000003,[49.9912761  49.99133411 49.99150156 49.99149367],49.991401358588035,970.2002833628886,1766.9999999999982
3.980000000000003,[49.9912148  49.99127171 49.9914392  49.99143217],49.9913394739188,970.1708746016468,1767.0000000000002
4.000000000000003,[49.99115531 49.9912101  49.99137649 49.99137014],49.99127801018673,970.1863480626953,1766.9999999999986
4.020000000000002,[49.99109652 49.99114797 49.99131296 49.99130698],49.991216107758746,970.2293284868086,1767.0000000000057
4.040000000000002,[49.99104496 49.99109379 49.99125149 49.99124644],49.99115916996564,969.7901455831131,1767.000000000001
4.060000000000001,[49.99100077 49.99104753 49.99119253 49.99118894],49.99110744322173,969.8114019049658,1767.0
4.080000000000001,[49.99095831 49.9910022  49.99113353 49.99113123],49.991056320373225,969.7596402503841,1767.0000000000039
4.1000000000000005,[49.99091572 49.99095549 49.9910738  49.99107236],49.991004342127006,969.9034524720362,1767.000000000002
4.12,[49.99087352 49.99090833 49.99101354 49.99101267],49.990952014942884,969.8092012024346,1766.9999999999986
4.14,[49.99083252 49.99086176 49.99095334 49.99095284],49.99090011534982,969.8873816160468,1766.999999999998
4.159999999999999,[49.99079254 49.99081581 49.99089317 49.99089286],49.99084859354406,969.7972695869831,1767.000000000002
4.179999999999999,[49.99075726 49.9907752  49.99083483 49.99083505],49.99080058408064,969.6112875096225,1766.9999999999989
4.199999999999998,[49.99072191 49.9907339  49.99077647 49.99077694],49.99075230470229,969.8388122744136,1766.9999999999986
4.219999999999998,[49.9906824  49.990687   49.99071621 49.99071617],49.99070044265319,969.9317706531552,1766.9999999999998
4.2399999999999975,[49.99064399 49.99064142 49.99065649 49.99065592],49.9906494536285,969.7843770506661,1766.9999999999982
4.259999999999997,[49.99060706 49.99059766 49.99059773 49.9905967 ],49.990599788449884,969.8388889595103,1766.9999999999989
4.279999999999997,[49.99056617 49.99054899 49.9905376  49.9905355 ],49.990547065724314,970.0600132999165,1766.9999999999989
4.299999999999996,[49.99052478 49.99050011 49.99047759 49.99047435],49.990494208871986,969.8687309111974,1766.9999999999989
4.319999999999996,[49.99048474 49.99045335 49.99041881 49.99041461],49.99044287960018,969.9494624073568,1766.999999999998
4.339999999999995,[49.99044391 49.9904062  49.99036033 49.99035513],49.990391392189956,969.8998655663843,1767.000000000001
4.359999999999995,[49.99040826 49.99036638 49.99030493 49.99029948],49.99034476311944,969.5580738133876,1766.9999999999984
4.379999999999995,[49.9903812  49.99033809 49.99025439 49.99024992],49.990305899092824,969.2628051111834,1767.0000000000005
4.399999999999994,[49.99035715 49.99031413 49.99020647 49.99020342],49.99027029303079,969.2992241734662,1767.0000000000002
4.419999999999994,[49.9903318  49.99028911 49.99015925 49.99015751],49.99023441623187,969.3005801375617,1767.0000000000025
4.439999999999993,[49.99030357 49.99026102 49.99011212 49.99011138],49.990197023692694,969.4415866025195,1767.0000000000032
4.459999999999993,[49.9902725  49.99022999 49.99006509 49.99006507],49.99015816149968,969.4392267308484,1766.9999999999973
4.479999999999992,[49.99024024 49.99019812 49.99001902 49.99001964],49.99011925512944,969.4602415009315,1767.000000000004
4.499999999999992,[49.99020493 49.99016299 49.98997314 49.9899741 ],49.99007879128304,969.5852359412887,1766.9999999999984
4.519999999999992,[49.99016661 49.99012471 49.98992745 49.98992847],49.990036810693816,969.6030744171088,1767.0000000000014
4.539999999999991,[49.99012578 49.99008389 49.98988225 49.9898831 ],49.98999375471653,969.6910308163149,1767.0000000000027
4.559999999999991,[49.99008223 49.9900403  49.98983742 49.98983786],49.98994945295886,969.7234406293679,1766.9999999999995
4.57999999999999,[49.99003976 49.98999875 49.98979463 49.98979494],49.989907022396295,969.5492332420708,1767.0
4.59999999999999,[49.98999728 49.9899577  49.98975354 49.9897538 ],49.98986557878499,969.655774199187,1766.9999999999993
4.6199999999999894,[49.98995118 49.9899126  49.98971241 49.98971227],49.989822118369354,969.734592317043,1766.9999999999973
4.639999999999989,[49.98990182 49.98986391 49.98967134 49.98967049],49.9897768896713,969.8205656796131,1767.0000000000007
4.659999999999989,[49.98985177 49.98981493 49.98963137 49.98962984],49.989731977022345,969.7243645569234,1767.000000000003
4.679999999999988,[49.98979759 49.98976112 49.98959103 49.98958838],49.98968453229447,970.050090924999,1766.9999999999952
4.699999999999988,[49.98973764 49.9897006  49.98954926 49.98954489],49.98963309530667,970.0776774141563,1766.9999999999966
4.719999999999987,[49.98967681 49.98963954 49.98950819 49.98950215],49.989581673434344,970.0666556300802,1766.9999999999993
4.739999999999987,[49.98961483 49.98957757 49.98946763 49.98945991],49.98952998494322,970.1182641025968,1766.9999999999986
4.7599999999999865,[49.98954834 49.98951036 49.98942594 49.9894161 ],49.98947518541378,970.347060886842,1767.0000000000027
4.779999999999986,[49.98948087 49.9894426  49.9893844  49.98937253],49.9894201024724,970.1615620674953,1767.0000000000011
4.799999999999986,[49.98941514 49.98937753 49.98934426 49.98933074],49.989366918423954,970.2067892060248,1766.9999999999993
4.819999999999985,[49.98935035 49.98931418 49.98930493 49.98929008],49.989314885162806,970.084622267174,1767.0000000000034
4.839999999999985,[49.98928595 49.98925172 49.98926612 49.98925015],49.98926348520013,970.1735311901815,1766.9999999999982
4.859999999999984,[49.98922213 49.98919039 49.98922767 49.9892108 ],49.98921274694608,970.0494837887724,1767.0000000000016
4.879999999999984,[49.98915935 49.98913066 49.98918972 49.98917223],49.989162988211774,970.1118238158516,1767.0000000000027
4.8999999999999835,[49.98909556 49.98906988 49.98915116 49.98913303],49.98911240912347,970.1397373938878,1766.9999999999984
4.919999999999983,[49.989032   49.98900959 49.98911239 49.98909377],49.98906193434145,970.1247711062696,1767.0000000000016
4.939999999999983,[49.98896496 49.98894494 49.98907166 49.98905217],49.98900843323877,970.4165780789092,1766.9999999999993
4.959999999999982,[49.98888784 49.9888676  49.98902573 49.98900417],49.98894633340905,970.8716486442074,1766.999999999999
4.979999999999982,[49.98880393 49.98878201 49.98897569 49.98895134],49.9888782415964,970.9456795335769,1766.9999999999977
4.999999999999981,[49.98872361 49.98870135 49.98892605 49.98889955],49.98881263879766,970.6878952748539,1766.9999999999973
5.019999999999981,[49.98864799 49.9886268  49.98887738 49.98884949],49.98875041580195,970.6868801081968,1767.0000000000016
5.0399999999999805,[49.98857178 49.9885516  49.98882715 49.98879794],49.988687116874274,970.8042836086726,1766.9999999999964
5.05999999999998,[49.98849638 49.98847758 49.98877574 49.98874547],49.98862379311189,970.715352245199,1766.9999999999995
5.07999999999998,[49.98842664 49.98841085 49.98872528 49.98869482],49.98856439797636,970.5001836365426,1766.9999999999995
5.099999999999979,[49.98836196 49.9883504  49.98867552 49.98864561],49.988508372152666,970.4580468633761,1767.000000000001
5.119999999999979,[49.98829584 49.98828788 49.98862346 49.98859398],49.98845028916074,970.6995438981247,1767.0000000000023
5.139999999999978,[49.98822909 49.98822443 49.98856923 49.98854017],49.98839073231991,970.6089806032576,1767.0000000000034
5.159999999999978,[49.98816756 49.98816735 49.98851547 49.98848755],49.988334485232386,970.4479940650327,1766.9999999999989
5.1799999999999775,[49.988103   49.9881059  49.98845862 49.98843143],49.98827473824972,970.9302557889534,1767.0000000000016
5.199999999999977,[49.98803164 49.98803554 49.98839663 49.98836931],49.988208280854636,971.0405016914603,1766.9999999999993
5.219999999999977,[49.98795629 49.9879598  49.98833079 49.98830284],49.98813742883404,971.3284471673712,1767.0000000000011
5.239999999999976,[49.98787882 49.98788119 49.98826178 49.98823298],49.98806368979125,971.3125726677615,1767.000000000001
5.259999999999976,[49.98780478 49.98780671 49.98819214 49.988163  ],49.987991656921345,971.2141060389413,1767.0000000000011
5.279999999999975,[49.98773488 49.9877372  49.98812228 49.98809338],49.98792193389876,971.1471354509547,1766.9999999999968
5.299999999999975,[49.98766491 49.98766721 49.98805038 49.98802175],49.98785106460546,971.3391553959365,1767.0000000000039
5.3199999999999745,[49.98759622 49.98759862 49.98797694 49.98794878],49.98778013891164,971.180619158272,1767.0000000000027
5.339999999999974,[49.98753515 49.98753938 49.98790495 49.98787828],49.987714439822156,970.9275470254794,1766.9999999999961
5.359999999999974,[49.98747647 49.98748262 49.9878323  49.98780741],49.987649700110104,971.1271797658568,1766.9999999999977
5.379999999999973,[49.98741359 49.98742009 49.98775598 49.98773231],49.98758049358205,971.3306785051917,1767.000000000003
5.399999999999973,[49.98734521 49.98735021 49.98767543 49.98765224],49.987505774014046,971.6185297675995,1767.0000000000002
5.419999999999972,[49.98727255 49.9872747  49.98759117 49.98756792],49.98742658278293,971.7347737068435,1767.000000000002
5.439999999999972,[49.98719987 49.98719904 49.98750518 49.98748192],49.98734650356613,971.7210953267601,1767.0000000000036
5.4599999999999715,[49.98713256 49.9871301  49.98742002 49.9873975 ],49.98727004458064,971.4575896734306,1766.9999999999977
5.479999999999971,[49.9870712  49.98706849 49.98733625 49.98731526],49.98719780141809,971.3927340620047,1766.9999999999998
5.499999999999971,[49.9870124  49.98700986 49.98725248 49.98723335],49.98712702050258,971.3601114012183,1767.0000000000027
5.51999999999997,[49.98695528 49.98695311 49.98716845 49.9871514 ],49.98705706032942,971.3485420299361,1767.0000000000061
5.53999999999997,[49.98689939 49.98689766 49.98708413 49.98706926],49.98698760944033,971.3414951460466,1766.9999999999995
5.559999999999969,[49.98684617 49.98684538 49.98700031 49.98698794],49.98691994819543,971.2215666632457,1766.999999999998
5.579999999999969,[49.98679622 49.98679692 49.9869175  49.98690797],49.986854652117415,971.1652315508693,1766.9999999999995
5.599999999999969,[49.98674606 49.98674779 49.98683436 49.98682753],49.98678893434189,971.2790427054099,1766.9999999999982
5.619999999999968,[49.98669815 49.98670127 49.98675207 49.98674813],49.98672490715876,971.0445597568603,1767.0000000000039
5.639999999999968,[49.98665542 49.98666089 49.9866723  49.98667177],49.986665094112475,970.944963738942,1767.0000000000039
5.659999999999967,[49.98661315 49.98662054 49.98659317 49.9865959 ],49.98660568943811,971.0298146447823,1767.000000000002
5.679999999999967,[49.98656838 49.98657655 49.9865135  49.98651894],49.98654434200569,971.1276080616094,1766.9999999999995
5.699999999999966,[49.9865159  49.98652227 49.98643113 49.98643807],49.98647684152182,971.5664711656831,1767.0000000000036
5.719999999999966,[49.98646164 49.98646562 49.98634861 49.98635664],49.98640812826618,971.2490097299885,1766.9999999999995
5.739999999999966,[49.98641545 49.9864189  49.98627078 49.98628076],49.986346472419214,970.9909734542592,1767.0000000000045
5.759999999999965,[49.98637222 49.98637549 49.98619566 49.98620772],49.98628777557873,971.0171800614687,1767.0000000000011
5.779999999999965,[49.98633007 49.9863331  49.98612249 49.98613654],49.986230549051804,970.8837991947531,1766.9999999999993
5.799999999999964,[49.9862894  49.98629218 49.98605167 49.98606763],49.98617522276659,970.873039598696,1767.0000000000011
5.819999999999964,[49.98624831 49.98625035 49.98598249 49.98600004],49.986120297728085,970.8652525169791,1766.9999999999977
5.839999999999963,[49.98620498 49.98620534 49.98591427 49.98593284],49.98606435671736,970.973326344938,1767.0000000000005
5.859999999999963,[49.98615537 49.98615211 49.98584528 49.9858638 ],49.98600414009725,971.2397385958809,1767.000000000001
5.879999999999963,[49.9860996  49.98609103 49.98577553 49.98579298],49.98593978379743,971.3367260212534,1767.0000000000005
5.899999999999962,[49.98604454 49.986031   49.98570813 49.98572445],49.98587702613448,971.1203656902134,1766.9999999999973
5.919999999999962,[49.98599466 49.98597765 49.98564529 49.98566098],49.98581964567113,970.8987670835257,1767.0000000000036
5.939999999999961,[49.98595306 49.98593491 49.9855885  49.98560449],49.9857702427357,970.4627706958267,1767.0000000000014
5.959999999999961,[49.98592103 49.98590425 49.98553859 49.98555592],49.98572995054937,970.1445228486795,1767.0000000000032
5.9799999999999605,[49.98589465 49.98588058 49.98549395 49.98551311],49.98569557283568,969.9764010683745,1767.0000000000023
5.99999999999996,[49.98587185 49.98586123 49.98545369 49.98547488],49.98566541228151,969.8003198358589,1767.0000000000014
6.01999999999996,[49.98585295 49.98584654 49.98541804 49.98544147],49.98563974972113,969.6080322863602,1766.9999999999961
6.039999999999959,[49.98583254 49.98582946 49.9853847  49.98540983],49.985614134422335,969.8060654831054,1766.9999999999973
6.059999999999959,[49.98580857 49.98580756 49.98535262 49.98537865],49.98558685031909,969.7586605966537,1766.9999999999995
6.079999999999958,[49.98578047 49.98578001 49.98532162 49.98534769],49.9855574464733,969.9948704054486,1767.0000000000002
6.099999999999958,[49.98574975 49.98574893 49.9852922  49.98531766],49.98552713524738,969.8462190339999,1767.0000000000018
6.1199999999999575,[49.9857176  49.98571569 49.98526502 49.98528939],49.9854969258013,969.997649584633,1767.0000000000039
6.139999999999957,[49.98568482 49.98568149 49.98524025 49.98526317],49.985467434085464,969.7977880098891,1767.0000000000002
6.159999999999957,[49.98565074 49.98564533 49.98521769 49.98523874],49.98543812390293,969.9943960624528,1766.9999999999964
6.179999999999956,[49.98561612 49.98560842 49.98519741 49.98521629],49.985409559732425,969.7477737227084,1766.9999999999968
6.199999999999956,[49.98558458 49.98557526 49.98518111 49.98519801],49.9853847382254,969.6921958219635,1767.000000000002
6.219999999999955,[49.98555161 49.98554014 49.98516664 49.98518118],49.98535989138149,969.7629334412836,1767.0000000000027
6.239999999999955,[49.98551828 49.98550455 49.98515426 49.98516625],49.98533583442744,969.6393680347651,1767.0000000000025
6.2599999999999545,[49.98548618 49.98547049 49.98514462 49.98515408],49.9853138415947,969.6031801452914,1766.9999999999977
6.279999999999954,[49.98545128 49.98543287 49.98513577 49.98514222],49.98529053215316,969.7645971225928,1766.9999999999975
6.299999999999954,[49.98541573 49.98539464 49.98512836 49.98513167],49.98526759966615,969.5868185151581,1767.0000000000007
6.319999999999953,[49.98538267 49.98535968 49.98512374 49.98512419],49.985247570756734,969.5359372133398,1766.999999999999
6.339999999999953,[49.98535    49.9853254  49.9851208  49.98511843],49.98522865467616,969.509342617383,1767.000000000002
6.359999999999952,[49.98531673 49.98529054 49.98511889 49.98511362],49.98520994625909,969.5352343007722,1766.9999999999968
6.379999999999952,[49.98528349 49.98525599 49.98511806 49.98510995],49.985191874686016,969.473255426317,1766.9999999999984
6.3999999999999515,[49.98525167 49.98522349 49.98511877 49.98510804],49.98517549321078,969.4110912941759,1767.000000000002
6.419999999999951,[49.98521691 49.98518746 49.98511891 49.98510526],49.9851571333905,969.6584259313194,1766.999999999998
6.439999999999951,[49.98517601 49.98514402 49.98511669 49.98509943],49.985134038411985,969.8295273064,1766.9999999999952
6.45999999999995,[49.98513293 49.98509831 49.98511358 49.9850926 ],49.9851093552817,969.8132514720879,1767.0000000000025
6.47999999999995,[49.98508884 49.9850518  49.98510995 49.98508532],49.98508397609419,969.9100931617251,1767.0000000000018
6.499999999999949,[49.98504592 49.98500736 49.98510647 49.98507858],49.98505958498511,969.7530100416534,1767.0000000000007
6.519999999999949,[49.98501064 49.98497314 49.98510592 49.985076  ],49.98504142691067,969.4088061865596,1766.9999999999957
6.5399999999999485,[49.98498465 49.98495103 49.985109   49.98507845],49.98503078089652,969.1438616891719,1767.0000000000016
6.559999999999948,[49.98496322 49.98493482 49.9851135  49.9850831 ],49.985023661574495,969.1348840820027,1766.9999999999993
6.579999999999948,[49.98494273 49.98491985 49.98511759 49.98508758],49.985016936178916,969.133972151719,1767.0000000000014
6.599999999999947,[49.98492707 49.98491104 49.98512281 49.98509394],49.98501371269777,968.8639108227137,1767.0000000000002
6.619999999999947,[49.98491724 49.98490935 49.98512964 49.98510272],49.98501473966399,968.799917811676,1767.0000000000011
6.639999999999946,[49.98491009 49.98491064 49.98513657 49.98511195],49.98501731228116,968.7576997111124,1767.0000000000025
6.659999999999946,[49.98490473 49.98491361 49.98514312 49.98512098],49.98502061179014,968.7629202195562,1767.000000000002
6.6799999999999455,[49.98489507 49.98491035 49.98514654 49.98512623],49.9850195452379,969.1497614492017,1766.9999999999989
6.699999999999945,[49.98487767 49.98489661 49.98514502 49.98512543],49.98501118263261,969.4028213629181,1766.9999999999995
6.719999999999945,[49.98485645 49.98487739 49.98514017 49.98512073],49.98499868540049,969.5246991129965,1766.9999999999993
6.739999999999944,[49.98483856 49.9848618  49.98513511 49.98511618],49.984987915322904,969.2851279976221,1767.0000000000048
6.759999999999944,[49.98482381 49.98484933 49.98512995 49.98511181],49.98497872372428,969.419299322132,1767.000000000001
6.779999999999943,[49.98480345 49.98482888 49.98512066 49.98510245],49.98496385941222,969.7903164315791,1766.999999999995
6.799999999999943,[49.98478153 49.98480587 49.98510879 49.98509023],49.98494660569391,969.6490774392609,1766.999999999998
6.8199999999999426,[49.98475624 49.9847778  49.98509374 49.98507427],49.98492551087636,970.142185032792,1767.0000000000045
6.839999999999942,[49.98472266 49.98473879 49.98507297 49.9850515 ],49.98489647872415,970.3466644384739,1766.9999999999977
6.859999999999942,[49.98468421 49.9846933  49.98504797 49.98502389],49.984862342293965,970.601956668042,1767.000000000005
6.879999999999941,[49.98464762 49.98465016 49.9850216  49.98499523],49.984828650798775,970.3399590157464,1767.0000000000005
6.899999999999941,[49.98462048 49.98461894 49.98499745 49.98497011],49.98480174374393,970.0610761043841,1767.000000000002
6.91999999999994,[49.98460388 49.98460097 49.98497612 49.98494926],49.984782557293464,969.7192099116985,1766.999999999996
6.93999999999994,[49.98459472 49.98459216 49.98495641 49.98493104],49.98476858136422,969.6502451840993,1767.0000000000048
6.95999999999994,[49.98458609 49.98458375 49.98493526 49.98491147],49.98475414200804,969.7850879747167,1767.000000000004
6.979999999999939,[49.98457986 49.98457829 49.98491344 49.98489157],49.98474078837481,969.5854942442563,1766.9999999999977
6.999999999999939,[49.98457741 49.98457734 49.9848918  49.98487234],49.984729720277585,969.6185094764669,1767.0000000000025
7.019999999999938,[49.98457726 49.98457911 49.98486974 49.98485297],49.984719771741275,969.5165132464227,1767.0000000000018
7.039999999999938,[49.98457708 49.9845805  49.98484644 49.9848323 ],49.98470908063819,969.705521014762,1766.9999999999934
7.059999999999937,[49.98457414 49.98457813 49.98482067 49.98480876],49.98469542642729,969.7902324011449,1767.000000000002
7.079999999999937,[49.98456975 49.98457372 49.98479319 49.98478326],49.98467998348437,969.8801378243157,1767.0000000000027
7.099999999999937,[49.98456113 49.98456371 49.98476288 49.98475433],49.98466050992033,970.153221266673,1766.9999999999968
7.119999999999936,[49.98454933 49.98454963 49.98473023 49.98472261],49.984637949043005,970.1638038024738,1767.0000000000002
7.139999999999936,[49.98453729 49.9845352  49.98469674 49.98469   ],49.984614809482736,970.2253335259348,1767.0000000000025
7.159999999999935,[49.98452672 49.98452267 49.98466331 49.98465763],49.984592579417736,970.1101838198658,1767.0000000000011
7.179999999999935,[49.984515   49.98450861 49.98462903 49.98462422],49.9845692153062,970.3428164483473,1766.9999999999977
7.1999999999999345,[49.98450027 49.98449087 49.98459303 49.98458872],49.984543222701326,970.3531933692952,1767.0000000000014
7.219999999999934,[49.98449106 49.98448037 49.98455926 49.98455619],49.98452171809079,969.9863404239728,1767.0000000000036
7.239999999999934,[49.9844846  49.98447332 49.98452691 49.98452539],49.98450255669367,970.175734694211,1766.9999999999989
7.259999999999933,[49.98447247 49.98445917 49.98449217 49.98449147],49.98447881874265,970.3907498773577,1767.0000000000027
7.279999999999933,[49.984453   49.98443596 49.98445435 49.98445352],49.98444920756171,970.6891394491239,1766.9999999999998
7.299999999999932,[49.98442621 49.98440388 49.98441343 49.98441158],49.98441377278636,970.9001115550243,1766.9999999999998
7.319999999999932,[49.98439613 49.98436824 49.98437125 49.98436807],49.98437592234352,970.9117294344294,1767.0000000000045
7.3399999999999315,[49.98436649 49.98433382 49.98432961 49.98432529],49.98433880160723,970.8575665852941,1767.0
7.359999999999931,[49.98434073 49.98430503 49.98429014 49.98428536],49.984305314289244,970.6241192270479,1766.9999999999998
7.379999999999931,[49.98431824 49.98428099 49.98425281 49.98424812],49.984275039750585,970.6042201700873,1766.9999999999995
7.39999999999993,[49.98429722 49.98425945 49.98421682 49.98421255],49.984246508784956,970.4936453476115,1766.9999999999945
7.41999999999993,[49.9842763  49.98423862 49.98418169 49.98417799],49.98421865124992,970.5629835022227,1767.0000000000055
7.439999999999929,[49.98425155 49.98421352 49.98414566 49.98414217],49.98418822398014,970.7249277814122,1767.0000000000045
7.459999999999929,[49.98422401 49.98418558 49.98410916 49.98410565],49.98415610066044,970.7206712781556,1767.000000000001
7.4799999999999285,[49.98418761 49.98414696 49.98406961 49.98406506],49.98411730866795,971.3008032702132,1766.9999999999989
7.499999999999928,[49.98414373 49.98409985 49.98402726 49.98402092],49.98407294039298,971.2055544644534,1767.0000000000002
7.519999999999928,[49.98410609 49.98406159 49.98398839 49.9839813 ],49.984034342593944,970.8306061401619,1767.0000000000045
7.539999999999927,[49.98407111 49.98402732 49.98395167 49.98394435],49.9839986100671,970.9787455108019,1767.0000000000043
7.559999999999927,[49.98403108 49.98398734 49.9839135  49.98390547],49.983959349553,971.1416836515115,1766.9999999999943
7.579999999999926,[49.98398889 49.9839454  49.98387505 49.98386624],49.983918894426324,971.0936359490394,1767.0000000000055
7.599999999999926,[49.98394398 49.98390069 49.98383613 49.98382638],49.98387679262089,971.2944341643363,1767.0000000000048
7.6199999999999255,[49.98388856 49.98384334 49.98379314 49.98378127],49.983826578197174,971.7908304224719,1766.9999999999993
7.639999999999925,[49.98382779 49.98378022 49.983748   49.98373361],49.98377240524069,971.6431515372565,1766.9999999999973
7.659999999999925,[49.98376672 49.98371756 49.98370313 49.98368644],49.983718462265784,971.7870056358893,1766.9999999999955
7.679999999999924,[49.98370465 49.98365456 49.98365802 49.98363918],49.98366410013943,971.6941955353142,1766.9999999999995
7.699999999999924,[49.98364354 49.98359361 49.98361353 49.98359296],49.98361090972303,971.7040405095646,1767.0000000000027
7.719999999999923,[49.98357919 49.9835293  49.98356769 49.98354525],49.98355535831694,971.9085054377941,1767.0000000000032
7.739999999999923,[49.98351397 49.98346478 49.98352131 49.98349718],49.98349930999396,971.7619526094758,1766.9999999999995
7.7599999999999225,[49.9834493  49.98340166 49.98347506 49.9834496 ],49.98344390382757,971.8704179602944,1767.0000000000016
7.779999999999922,[49.98338611 49.98334117 49.98342912 49.98340281],49.98338980257,971.6683282759902,1766.9999999999998
7.799999999999922,[49.98332821 49.98328794 49.98338524 49.98335901],49.98334009883246,971.5162403106037,1767.0000000000045
7.819999999999921,[49.98326945 49.98323393 49.98334067 49.9833146 ],49.98328965957662,971.7457790907697,1767.0000000000011
7.839999999999921,[49.98320947 49.98317878 49.98329494 49.98326907],49.9832380663513,971.6294185169739,1767.0000000000036
7.85999999999992,[49.98314702 49.98312063 49.98324757 49.98322172],49.9831842387443,971.9498901043062,1766.999999999997
7.87999999999992,[49.9830791  49.98305578 49.98319692 49.98317054],49.98312558395874,972.05252901702,1766.999999999999
7.8999999999999195,[49.98300755 49.98298647 49.98314375 49.9831165 ],49.98306356466022,972.2504955132127,1767.0000000000011
7.919999999999919,[49.98293411 49.98291497 49.98308865 49.98306044],49.982999541300664,972.2393417674564,1766.999999999998
7.939999999999919,[49.98285957 49.98284212 49.98303196 49.98300279],49.98293411037246,972.3873874080854,1767.0000000000045
7.959999999999918,[49.98278129 49.98276459 49.98297237 49.98294188],49.9828650293799,972.5654241654288,1767.0000000000036
7.979999999999918,[49.9826987  49.98268167 49.98290946 49.98287724],49.982791766484574,972.7588314333196,1767.0000000000002
7.999999999999917,[49.98261092 49.98259227 49.98284271 49.98280824],49.98271353568087,973.0036615976823,1767.000000000001
8.019999999999918,[49.98251914 49.98249802 49.98277244 49.98273541],49.98263125504214,973.1205750629871,1766.9999999999995
8.039999999999917,[49.98242776 49.98240457 49.98270054 49.98266121],49.98254851990979,973.0633601976391,1767.0000000000036
8.059999999999917,[49.98233784 49.98231318 49.98262745 49.98258623],49.98246617596768,973.1091274031718,1767.0000000000027
8.079999999999917,[49.98225171 49.98222687 49.98255411 49.98251173],49.98238610455793,972.89368578558,1767.0
8.099999999999916,[49.98216673 49.98214207 49.98247943 49.98243624],49.98230611824402,973.123054094304,1766.9999999999977
8.119999999999916,[49.98207829 49.98205308 49.98240115 49.98235691],49.982222359192114,973.23255456811,1766.9999999999975
8.139999999999915,[49.98198864 49.98196278 49.98232019 49.98227496],49.982136643153,973.3094269951233,1767.0000000000002
8.159999999999915,[49.98189897 49.98187268 49.98223703 49.98219105],49.98204993292465,973.3380822434177,1767.0000000000025
8.179999999999914,[49.98181256 49.98178696 49.98215313 49.98210705],49.98196492457096,973.1881147791435,1766.9999999999995
8.199999999999914,[49.98172627 49.98170144 49.98206722 49.98202124],49.981879041394095,973.4331627082136,1766.9999999999977
8.219999999999914,[49.98163916 49.98161509 49.9819787  49.98193292],49.98179146828505,973.3520666086525,1766.9999999999977
8.239999999999913,[49.98155126 49.98152778 49.98188774 49.98184224],49.981702255641245,973.5926542145214,1767.000000000002
8.259999999999913,[49.98146091 49.98143753 49.98179347 49.98174813],49.981610010702354,973.6290327265315,1767.000000000001
8.279999999999912,[49.9813696  49.98134616 49.98169666 49.98165151],49.981515981888855,973.7645688492805,1767.0000000000011
8.299999999999912,[49.98128238 49.98126019 49.98159951 49.98155529],49.98142434318622,973.4498111993271,1766.9999999999993
8.319999999999911,[49.98120548 49.98118729 49.98150511 49.9814633 ],49.981340295893474,973.1468050757327,1766.999999999995
8.339999999999911,[49.98113571 49.98112317 49.98141228 49.98137386],49.9812612555271,973.0483302844593,1766.9999999999984
8.35999999999991,[49.9810699  49.98106366 49.98131971 49.98128519],49.981184613104894,972.964047818368,1766.9999999999977
8.37999999999991,[49.98100597 49.98100601 49.98122664 49.98119621],49.98110870520374,973.0048668789033,1767.0000000000023
8.39999999999991,[49.98094265 49.98094851 49.98113263 49.98110627],49.98103251286858,973.0059394748006,1766.9999999999952
8.41999999999991,[49.98087833 49.98088901 49.98103715 49.98101457],49.98095476433349,973.1533824115301,1766.9999999999968
8.439999999999909,[49.98081151 49.9808256  49.98093965 49.98092034],49.98087427667212,973.2539035769753,1767.0000000000034
8.459999999999908,[49.98074136 49.98075718 49.98083993 49.98082325],49.98079042921328,973.4534653847709,1767.000000000002
8.479999999999908,[49.98066974 49.98068619 49.98073892 49.98072447],49.98070482984263,973.4187745506039,1766.9999999999977
8.499999999999908,[49.98059978 49.98061657 49.98063827 49.98062605],49.98062016789093,973.3916676022757,1766.9999999999957
8.519999999999907,[49.98052813 49.98054397 49.98053673 49.98052625],49.98053377120685,973.5812955902421,1766.999999999997
8.539999999999907,[49.98045555 49.98046954 49.98043469 49.9804256 ],49.98044634315457,973.4949214521612,1767.0000000000055
8.559999999999906,[49.98038623 49.98039858 49.98033428 49.98032676],49.98036146501964,973.3826545547671,1766.9999999999955
8.579999999999906,[49.98031843 49.98032884 49.98023497 49.98022896],49.98027780088523,973.4079139781145,1766.9999999999973
8.599999999999905,[49.98024986 49.98025752 49.98013589 49.98013103],49.98019357385026,973.4446498814156,1766.999999999999
8.619999999999905,[49.98017776 49.98018114 49.98003595 49.98003154],49.980106598165854,973.6534311351722,1766.9999999999945
8.639999999999905,[49.98010199 49.98009979 49.97993514 49.97993048],49.9800168499038,973.6922041133847,1767.0000000000027
8.659999999999904,[49.98002337 49.98001457 49.97983398 49.97982853],49.97992511164344,973.8349380710006,1767.0000000000018
8.679999999999904,[49.9799423  49.9799262  49.97973271 49.97972602],49.97983180442978,973.8382483165146,1766.9999999999952
8.699999999999903,[49.97985775 49.97983349 49.97963103 49.97962255],49.97973620462172,974.0416161185972,1766.9999999999986
8.719999999999903,[49.97977513 49.97974361 49.9795313  49.97952125],49.97964282316129,973.6655004351827,1766.9999999999939
8.739999999999903,[49.9796958  49.97965816 49.97943451 49.97942328],49.979552939024,973.7602787944315,1766.999999999995
8.759999999999902,[49.97961178 49.97956718 49.97933705 49.97932404],49.979460014304905,973.9339752321831,1767.0000000000045
8.779999999999902,[49.97952393 49.97947198 49.97923926 49.97922402],49.97936479847294,973.965872156164,1766.9999999999977
8.799999999999901,[49.97943438 49.97937544 49.97914214 49.97912457],49.979269134175865,973.9845381755416,1766.9999999999995
8.8199999999999,[49.97934663 49.97928213 49.97904727 49.97902775],49.97917594343114,973.7705381993064,1766.9999999999932
8.8399999999999,[49.97926211 49.97919382 49.97895545 49.97893454],49.97908648067275,973.683144339341,1767.0000000000016
8.8599999999999,[49.97917595 49.97910432 49.97886452 49.97884219],49.978996743554326,973.8055521591916,1766.9999999999993
8.8799999999999,[49.97908546 49.97901036 49.97877319 49.97874906],49.978904516598604,973.9047819438094,1766.9999999999993
8.899999999999899,[49.97899202 49.97891378 49.97868201 49.97865593],49.9788109347915,973.9320567747686,1766.9999999999977
8.919999999999899,[49.97889683 49.97881614 49.97859149 49.97856348],49.978716985106715,973.9485203792593,1766.9999999999943
8.939999999999898,[49.9787997  49.97871723 49.97850152 49.97847159],49.978622510329394,973.9892875913698,1767.0
8.959999999999898,[49.97870049 49.97861686 49.97841195 49.9783801 ],49.97852735103564,974.019515386909,1766.9999999999973
8.979999999999897,[49.9786015  49.97851797 49.97832371 49.97829028],49.97843336676382,973.9042078338798,1766.9999999999986
8.999999999999897,[49.9785025  49.97842015 49.97823671 49.97820199],49.97834033635042,973.9531495864549,1766.999999999998
9.019999999999897,[49.97840088 49.97832005 49.97814967 49.97811358],49.97824604185126,974.0248577011722,1767.0000000000016
9.039999999999896,[49.97829278 49.97821272 49.97806073 49.97802271],49.978147234753415,974.3477019439492,1766.9999999999945
9.059999999999896,[49.97817489 49.97809405 49.97796814 49.97792724],49.97804107861987,974.6592450175021,1766.999999999998
9.079999999999895,[49.97805077 49.97796868 49.97787323 49.97782898],49.977930413841335,974.7444853145656,1766.9999999999982
9.099999999999895,[49.97792195 49.97783849 49.97777656 49.97772873],49.977816433617946,974.9565808976411,1766.9999999999932
9.119999999999894,[49.97778597 49.97770039 49.97767679 49.97762486],49.97769700206794,975.222611872987,1766.9999999999943
9.139999999999894,[49.97764818 49.97756133 49.977576   49.97752018],49.9775764222072,975.073970435704,1767.0
9.159999999999894,[49.97750946 49.9774222  49.97747457 49.97741518],49.977455351365876,975.2851457941625,1766.9999999999905
9.179999999999893,[49.97736453 49.97727636 49.9773698  49.97730651],49.977329298619914,975.5152814447232,1766.9999999999902
9.199999999999893,[49.9772198  49.97713206 49.9772642  49.97719756],49.97720340572105,975.2950771544483,1766.9999999999986
9.219999999999892,[49.97707843 49.97699309 49.9771592  49.97709012],49.977080210921166,975.3119490214972,1766.9999999999934
9.239999999999892,[49.97694223 49.97686169 49.97705532 49.97698495],49.976961048363485,974.9799943839088,1767.000000000001
9.259999999999891,[49.97681133 49.97673768 49.97695265 49.97688211],49.97684594188522,974.9947156616165,1766.9999999999957
9.279999999999891,[49.97667974 49.97661333 49.97684828 49.97677784],49.97672979601243,975.0918101250682,1766.9999999999968
9.29999999999989,[49.97654856 49.97648996 49.97674247 49.97667252],49.97661337618156,975.0428737158079,1766.9999999999939
9.31999999999989,[49.9764186  49.97636837 49.9766355  49.9765665 ],49.97649724316875,975.0932964348099,1766.9999999999975
9.33999999999989,[49.97629114 49.97625002 49.97652778 49.97646028],49.9763823066435,974.9684598427242,1766.9999999999995
9.35999999999989,[49.97616859 49.97613773 49.97642037 49.9763552 ],49.97627047369446,974.858730816112,1766.9999999999948
9.379999999999889,[49.97604777 49.97602715 49.97631185 49.97624931],49.97615902163405,974.9631322610212,1766.9999999999893
9.399999999999888,[49.97592148 49.97590897 49.9761989  49.97613831],49.976041914703984,975.3617739281343,1766.9999999999984
9.419999999999888,[49.97579304 49.97578752 49.9760827  49.9760238 ],49.9759217642687,975.2478127392766,1767.0000000000014
9.439999999999888,[49.97567034 49.97567253 49.9759669  49.97591041],49.97580504340229,975.1023082831371,1766.9999999999977
9.459999999999887,[49.9755536  49.97556408 49.97585169 49.97579827],49.97569191200782,974.9748871001349,1766.999999999993
9.479999999999887,[49.97543919 49.9754573  49.97573554 49.97568531],49.975579334091655,975.0846956874042,1766.9999999999973
9.499999999999886,[49.97532593 49.97535065 49.97561784 49.97557074],49.97546628849328,975.0435253435744,1766.9999999999964
9.519999999999886,[49.97521429 49.9752446  49.97549892 49.97545488],49.97535317079475,975.1201796159171,1767.0000000000011
9.539999999999885,[49.97510231 49.97513658 49.97537793 49.97533659],49.9752383537233,975.2161557177443,1766.9999999999955
9.559999999999885,[49.97499109 49.97502801 49.9752554  49.97521653],49.9751227565619,975.2157884566163,1766.9999999999952
9.579999999999885,[49.97488322 49.97492213 49.97513261 49.97509629],49.97500856348908,975.1281027907343,1766.999999999991
9.599999999999884,[49.97478056 49.97482126 49.97501057 49.97497708],49.974897367350025,974.9935221603237,1766.9999999999918
9.619999999999884,[49.97468402 49.97472651 49.97488988 49.9748596 ],49.97479000158607,974.8352851480155,1766.9999999999936
9.639999999999883,[49.97459555 49.97464029 49.97477161 49.97474514],49.97468814885961,974.5585628608396,1767.000000000001
9.659999999999883,[49.97451471 49.97456193 49.97465589 49.9746337 ],49.97459155889781,974.4204706006848,1766.9999999999977
9.679999999999882,[49.97444    49.97448951 49.97454225 49.97452459],49.97449908759598,974.2392584078484,1766.9999999999995
9.699999999999882,[49.97436815 49.97441879 49.97442952 49.97441618],49.974408162005446,974.3168424931459,1767.0000000000043
9.719999999999882,[49.97429957 49.97435047 49.97431803 49.97430882],49.97431921976513,974.098544757388,1766.9999999999955
9.739999999999881,[49.97423413 49.97428427 49.9742081  49.9742028 ],49.97423232366621,974.1701067750455,1766.999999999999
9.75999999999988,[49.97416669 49.97421379 49.97409762 49.97409533],49.97414335948457,974.2976218528834,1767.000000000005
9.77999999999988,[49.97409811 49.97414035 49.97398716 49.97398711],49.97405318435437,974.29704597957,1766.9999999999995
9.79999999999988,[49.97403162 49.97406818 49.97387842 49.97388031],49.97396463009974,974.1860782976884,1767.0000000000011
9.81999999999988,[49.97396707 49.97399718 49.97377166 49.97377516],49.97387776781373,974.1789562253698,1766.9999999999989
9.839999999999879,[49.97390253 49.97392506 49.97366625 49.97367083],49.973791169729644,974.1876652883824,1767.0000000000036
9.859999999999879,[49.97383488 49.97384805 49.97356104 49.97356578],49.97370243615009,974.3820714668148,1767.0000000000014
9.879999999999878,[49.9737644  49.97376687 49.97345622 49.97346033],49.97361195570264,974.3581570163549,1766.9999999999973
9.899999999999878,[49.97369754 49.97368993 49.97335491 49.9733585 ],49.97352521879533,974.0904248874458,1766.9999999999968
9.919999999999877,[49.97362878 49.97361022 49.97325503 49.9732575 ],49.973437882703166,974.430979089594,1766.9999999999995
9.939999999999877,[49.97355076 49.97351886 49.97315319 49.97315311],49.973343980543824,974.6654848321238,1766.999999999996
9.959999999999877,[49.97346938 49.97342375 49.97305207 49.97304885],49.97324851415658,974.5857090387681,1766.9999999999961
9.979999999999876,[49.97338932 49.97333103 49.97295395 49.97294772],49.973155503092464,974.4818895015213,1767.0000000000055
9.999999999999876,[49.97330822 49.97323785 49.97285793 49.97284857],49.97306314385935,974.5534403767149,1766.9999999999934
10.019999999999875,[49.97322585 49.97314424 49.9727639  49.97275133],49.972971329583444,974.4585857144098,1767.0000000000011
10.039999999999875,[49.97314079 49.97304851 49.97267136 49.97265538],49.97287900926097,974.6183309630017,1767.0000000000014
10.059999999999874,[49.97305186 49.97294945 49.97257964 49.97255999],49.97278523484987,974.6035134709391,1767.0000000000045
10.079999999999874,[49.97296211 49.97285113 49.97249014 49.97246704],49.97269260461851,974.5448181848977,1767.0000000000007
10.099999999999874,[49.97286986 49.97275146 49.97240213 49.9723756 ],49.97259976308453,974.6440508496247,1766.9999999999982
10.119999999999873,[49.97277507 49.9726506  49.97231546 49.97228558],49.97250667403463,974.588784057439,1766.9999999999964
10.139999999999873,[49.97267264 49.97254203 49.97222786 49.97219409],49.972409155887206,975.04000746585,1766.999999999999
10.159999999999872,[49.97256052 49.9724235  49.972138   49.97209963],49.972305414167266,975.1369727369123,1767.0000000000073
10.179999999999872,[49.97244901 49.97230822 49.97205038 49.9720081 ],49.972203926747596,974.8759390940271,1767.0
10.199999999999871,[49.97233913 49.97219726 49.97196552 49.97192014],49.97210551180817,974.9041242513784,1767.0000000000055
10.219999999999871,[49.97222791 49.97208689 49.97188185 49.97183384],49.97200762144345,974.8578692926051,1767.000000000001
10.23999999999987,[49.97211514 49.9719767  49.97179913 49.97174891],49.97190996865366,974.9106808093055,1767.0000000000055
10.25999999999987,[49.97200063 49.97186641 49.97171704 49.97166501],49.971812273530176,974.8886846816417,1767.0000000000011
10.27999999999987,[49.97188781 49.97176022 49.97163693 49.97158391],49.97171721628082,974.7167019548369,1767.0000000000011
10.29999999999987,[49.9717751  49.97165583 49.971558   49.97150457],49.97162337536302,974.8146537790888,1767.0000000000068
10.319999999999869,[49.97166219 49.97155275 49.9714798  49.97142647],49.971530303127274,974.6811964283335,1766.9999999999973
10.339999999999868,[49.97155077 49.97145277 49.97140298 49.9713504 ],49.9714392301145,974.6762115520149,1767.0000000000011
10.359999999999868,[49.97143861 49.97135283 49.97132632 49.97127479],49.97134814092824,974.7130433994453,1767.0000000000027
10.379999999999868,[49.97132526 49.97125208 49.9712494  49.97119911],49.97125646188519,974.757246989909,1766.9999999999968
10.399999999999867,[49.97121151 49.97115129 49.97117234 49.97112352],49.9711646663485,974.7552552692719,1767.0000000000027
10.419999999999867,[49.97109498 49.97104711 49.97109393 49.97104641],49.97107060571657,974.9811227990775,1767.0000000000045
10.439999999999866,[49.97097749 49.97094175 49.97101463 49.97096844],49.97097557600549,974.8714800173819,1767.0000000000027
10.459999999999866,[49.97085894 49.97083469 49.97093434 49.97088943],49.97087934761103,975.1174655005357,1767.0000000000052
10.479999999999865,[49.97073599 49.97072158 49.97085123 49.97080706],49.970778963822006,975.2578742743535,1767.000000000001
10.499999999999865,[49.97061395 49.97060906 49.97076744 49.97072414],49.97067864572715,975.1500765761292,1766.9999999999977
10.519999999999865,[49.97049448 49.97049891 49.97068363 49.97064147],49.97057962251223,975.1877863251322,1766.999999999995
10.539999999999864,[49.97037662 49.97038978 49.9705992  49.97055827],49.97048096630394,975.1588335487188,1766.9999999999984
10.559999999999864,[49.97025631 49.97027628 49.97051221 49.97047204],49.97037920969219,975.4888925586043,1767.0000000000005
10.579999999999863,[49.97013056 49.97015467 49.97042097 49.97038067],49.97027171711923,975.6829832878334,1766.9999999999961
10.599999999999863,[49.97000685 49.9700345  49.97032861 49.97028828],49.97016456170616,975.5034437126035,1766.9999999999966
10.619999999999862,[49.96988631 49.96991696 49.97023569 49.97019553],49.97005862218687,975.6239894489871,1766.9999999999989
10.639999999999862,[49.96976755 49.96980038 49.97014138 49.9701014 ],49.969952677213456,975.5478682131825,1766.9999999999934
10.659999999999862,[49.96965267 49.96968729 49.97004657 49.97000705],49.96984839632454,975.5283453254012,1766.9999999999955
10.679999999999861,[49.96953851 49.96957367 49.96994981 49.96991057],49.96974314088558,975.6744838965107,1766.999999999998
10.69999999999986,[49.96942279 49.9694567  49.96984991 49.96981051],49.96963497683622,975.8182637550503,1767.0000000000048
10.71999999999986,[49.96930786 49.96933951 49.96974781 49.96970813],49.96952582917705,975.8031509828375,1766.9999999999977
10.73999999999986,[49.96919931 49.96922925 49.96964603 49.96960668],49.96942031596661,975.5587813718131,1767.0000000000025
10.75999999999986,[49.96909931 49.96912862 49.96954567 49.96950754],49.96932028336933,975.3880270266102,1767.0000000000005
10.779999999999859,[49.96900406 49.96903271 49.96944513 49.96940858],49.96922262092714,975.4048542168596,1766.9999999999977
10.799999999999859,[49.96891297 49.96894091 49.96934415 49.96930945],49.969126871094744,975.2724927162234,1767.0000000000036
10.819999999999858,[49.96882918 49.96885718 49.96924426 49.9692121 ],49.969035680114665,975.0663893201297,1767.000000000004
10.839999999999858,[49.96874947 49.96877738 49.96914425 49.96911486],49.96894649087246,975.1484961235685,1767.000000000001
10.859999999999857,[49.96867327 49.9687009  49.96904389 49.96901742],49.96885887081868,974.9786420550128,1766.999999999997
10.879999999999857,[49.96860031 49.96862733 49.96894333 49.96891989],49.968772715631175,975.0689965767335,1766.9999999999986
10.899999999999856,[49.96852652 49.96855163 49.96884087 49.96882   ],49.96868475440264,975.1741088742602,1767.0000000000027
10.919999999999856,[49.96844929 49.96847055 49.96873548 49.96871643],49.96859293759345,975.4368333663829,1767.0
10.939999999999856,[49.96837552 49.96839319 49.96863028 49.96861322],49.96850305445303,975.0552710532189,1766.9999999999952
10.959999999999855,[49.96830636 49.96832078 49.96852631 49.96851156],49.96841624957863,975.220732575988,1767.0000000000018
10.979999999999855,[49.96823485 49.9682447  49.96842052 49.9684075 ],49.968326891328815,975.3125734541304,1766.9999999999993
10.999999999999854,[49.96816262 49.96816716 49.96831383 49.96830219],49.96823644940202,975.3542139189975,1767.0000000000005
11.019999999999854,[49.96809267 49.96809214 49.96820779 49.96819761],49.96814755480505,975.2244041303524,1766.9999999999984
11.039999999999853,[49.96802873 49.96802442 49.96810436 49.96809623],49.96806343438823,974.9938569361395,1767.000000000001
11.059999999999853,[49.96796915 49.96796188 49.96800316 49.96799745],49.967982909804505,974.9620486792519,1767.0000000000077
11.079999999999853,[49.96791089 49.96790074 49.96790305 49.96789972],49.96790360141238,974.9308632974606,1767.0000000000025
11.099999999999852,[49.96785007 49.9678361  49.96780254 49.96780105],49.967822439950524,975.1565428541167,1767.0000000000016
11.119999999999852,[49.96778851 49.96777057 49.96770249 49.96770259],49.96774104011227,974.9894127241157,1766.9999999999966
11.139999999999851,[49.96772943 49.9677082  49.96760472 49.96760659],49.967662233107305,974.9761899169409,1766.9999999999995
11.159999999999851,[49.96767078 49.96764645 49.96750851 49.96751206],49.96758445004746,974.9403805074123,1767.0000000000027
11.17999999999985,[49.96761027 49.96758245 49.96741308 49.96741792],49.96750592884216,975.0747725607426,1767.0000000000036
11.19999999999985,[49.9675488  49.96751754 49.9673189  49.96732483],49.96742751814254,974.9673417095573,1767.0000000000018
11.21999999999985,[49.96748727 49.96745283 49.96722668 49.96723359],49.96735009178778,975.0276321647628,1766.9999999999984
11.23999999999985,[49.96742936 49.96739318 49.96713812 49.96714642],49.967276768690866,974.6574845069638,1767.000000000001
11.259999999999849,[49.96737382 49.96733676 49.96705309 49.967063  ],49.96720667015834,974.7905567250983,1766.9999999999998
11.279999999999848,[49.9673196  49.96728244 49.96697108 49.96698268],49.96713895222352,974.491079738604,1766.9999999999982
11.299999999999848,[49.96726632 49.96722953 49.96689226 49.96690557],49.96707341955823,974.639701975862,1766.9999999999977
11.319999999999848,[49.967204   49.96716543 49.96681217 49.96682591],49.967001877809835,975.029394710456,1767.0000000000014
11.339999999999847,[49.9671396  49.96709935 49.96673373 49.9667476 ],49.96693006895984,974.6957117815946,1767.000000000003
11.359999999999847,[49.96707724 49.96703623 49.96665917 49.96667336],49.96686149760403,974.7900528015145,1767.0000000000032
11.379999999999846,[49.96701257 49.96697068 49.96658648 49.96660064],49.96679259077797,974.7568796808099,1767.000000000004
11.399999999999846,[49.96694573 49.96690282 49.96651577 49.96652958],49.966723475448255,974.8405032663363,1767.0000000000005
11.419999999999845,[49.96688133 49.96683867 49.96644904 49.96646279],49.96665795627145,974.4874810876661,1767.0000000000045
11.439999999999845,[49.96682296 49.96678256 49.96638809 49.96640253],49.96659903587239,974.3179304472491,1767.0000000000027
11.459999999999845,[49.96676899 49.96673234 49.96633221 49.96634783],49.9665453432294,974.0797976100507,1767.0000000000032
11.479999999999844,[49.96671521 49.96668245 49.96627959 49.9662963 ],49.9664933849979,974.2036743995425,1766.9999999999964
11.499999999999844,[49.96665803 49.96662842 49.96622843 49.96624567],49.966440139005016,974.220123652031,1766.9999999999977
11.519999999999843,[49.96659664 49.96656915 49.96617834 49.96619541],49.966384885043716,974.4050172622048,1766.999999999997
11.539999999999843,[49.96653041 49.96650392 49.96612881 49.96614498],49.96632703138229,974.472066936077,1767.000000000001
11.559999999999842,[49.96646139 49.96643531 49.96608067 49.96609546],49.96626820860888,974.5205384526898,1766.999999999998
11.579999999999842,[49.96639081 49.96636493 49.96603434 49.96604746],49.966209385022374,974.5068293310168,1767.0000000000025
11.599999999999842,[49.96631809 49.96629195 49.96598943 49.96600051],49.96614999330625,974.6036111950765,1766.9999999999945
11.619999999999841,[49.9662433  49.96621657 49.96594574 49.96595446],49.96609001604784,974.592173152809,1766.9999999999984
11.63999999999984,[49.9661655  49.96613754 49.96590271 49.96590863],49.96602859538542,974.7617970190929,1766.999999999995
11.65999999999984,[49.96608392 49.966054   49.9658597  49.9658623 ],49.96596498165776,974.8144485296152,1767.0000000000023
11.67999999999984,[49.96600364 49.96597248 49.96581871 49.96581821],49.96590326016711,974.6413267800502,1767.0000000000066
11.69999999999984,[49.96592257 49.96589018 49.96577876 49.96577507],49.96584164255023,974.8448265766928,1767.0000000000025
11.719999999999839,[49.96583863 49.96580461 49.96573848 49.9657313 ],49.96577825420672,974.830459874329,1767.0
11.739999999999839,[49.96575292 49.96571718 49.96569819 49.96568737],49.96571391726069,974.9656425033172,1766.9999999999973
11.759999999999838,[49.9656652  49.96562766 49.96565743 49.96564284],49.96564828277377,974.9816873988607,1766.999999999999
11.779999999999838,[49.96557975 49.96554153 49.96561785 49.96559995],49.965584766822445,974.8304046176272,1767.0
11.799999999999837,[49.96549359 49.96545485 49.96557799 49.96555684],49.96552081554738,975.0617674138967,1767.0000000000025
11.819999999999837,[49.96540254 49.96536246 49.96553555 49.96551071],49.96545281614751,975.2155613214437,1766.999999999997
11.839999999999836,[49.96530591 49.96526351 49.96548992 49.9654609 ],49.96538005820505,975.5079085882057,1767.0000000000027
11.859999999999836,[49.96520221 49.96515627 49.96544005 49.96540619],49.9653011807467,975.7776770118214,1767.0000000000027
11.879999999999836,[49.96509957 49.96505126 49.96538915 49.96535096],49.96522273544546,975.5204261108202,1766.9999999999968
11.899999999999835,[49.96500251 49.96495399 49.96533924 49.96529779],49.96514838214743,975.4827176484414,1766.999999999997
11.919999999999835,[49.96491011 49.96486331 49.96528962 49.96524588],49.965077231937485,975.3006835579977,1766.999999999998
11.939999999999834,[49.964823   49.96477984 49.96524044 49.96519544],49.96500967914301,975.2299833152152,1767.000000000002
11.959999999999834,[49.96474359 49.96470658 49.96519255 49.96514762],49.96494758445127,974.8916942162615,1766.9999999999993
11.979999999999833,[49.96467233 49.96464377 49.96514617 49.96510261],49.964891221536305,974.7976925539733,1766.9999999999975
11.999999999999833,[49.96460325 49.96458363 49.96509848 49.96505676],49.96483552968572,974.8851379730191,1767.000000000005
12.019999999999833,[49.96453851 49.96452886 49.96505022 49.96501107],49.964782165938246,974.6522351107119,1766.9999999999955
12.039999999999832,[49.96447828 49.96447931 49.96500155 49.96496564],49.96473119578138,974.7340826480304,1767.000000000005
12.059999999999832,[49.96441937 49.96443078 49.96495092 49.96491842],49.96467987253202,974.7325692004509,1767.0000000000027
12.079999999999831,[49.96436661 49.9643893  49.96490046 49.96487213],49.9646321266073,974.4840518039784,1766.9999999999989
12.099999999999831,[49.96431787 49.9643517  49.9648494  49.96482563],49.964586149785134,974.6343038207899,1766.999999999999
12.11999999999983,[49.96427166 49.96431607 49.96479698 49.96477789],49.964540651534946,974.494599522321,1767.0000000000011
12.13999999999983,[49.96422885 49.96428321 49.96474377 49.96472953],49.96449633801433,974.5852440129381,1766.999999999998
12.15999999999983,[49.96418631 49.96424904 49.9646884  49.96467871],49.96445061198242,974.6640739326419,1766.9999999999961
12.17999999999983,[49.96414733 49.96421767 49.9646324  49.96462734],49.96440618520814,974.526667867651,1766.9999999999989
12.199999999999829,[49.96411308 49.96419037 49.96457656 49.9645763 ],49.96436408096428,974.518960918201,1766.9999999999995
12.219999999999828,[49.9640812  49.96416404 49.96451996 49.96452431],49.96432237742851,974.5428217700775,1766.9999999999984
12.239999999999828,[49.96404776 49.9641336  49.96446102 49.96446923],49.964277901131666,974.8017280762991,1767.0000000000011
12.259999999999827,[49.96401474 49.96410176 49.96440064 49.96441224],49.96423234287622,974.6834565710354,1766.9999999999986
12.279999999999827,[49.96398444 49.96407133 49.9643402  49.96435496],49.9641877316091,974.7710827957907,1766.9999999999993
12.299999999999827,[49.96395544 49.96404061 49.96427917 49.9642967 ],49.96414297892814,974.7439185355522,1767.0
12.319999999999826,[49.96393197 49.96401506 49.96421969 49.96424015],49.96410171682488,974.5253530983192,1766.9999999999966
12.339999999999826,[49.96391702 49.96399847 49.96416344 49.96418735],49.964066571919155,974.2760373148966,1767.0000000000016
12.359999999999825,[49.96390597 49.96398491 49.96410873 49.96413599],49.96403389814518,974.3627569975928,1766.9999999999973
12.379999999999825,[49.96389543 49.96397027 49.96405415 49.96408423],49.96400101935086,974.3377660894432,1767.0000000000034
12.399999999999824,[49.96388267 49.9639512  49.96399881 49.96403082],49.963965878046196,974.5967217552407,1766.999999999998
12.419999999999824,[49.96386219 49.96392099 49.96394034 49.96397273],49.96392405961342,974.942812198974,1767.0000000000045
12.439999999999824,[49.96383859 49.96388595 49.96388085 49.96391276],49.96387953791613,974.8675392900137,1766.9999999999982
12.459999999999823,[49.96381645 49.96385202 49.96382273 49.96385397],49.96383629339459,974.8780407739309,1767.000000000001
12.479999999999823,[49.96379696 49.96382101 49.96376673 49.9637973 ],49.96379549926465,974.7032422639327,1766.999999999998
12.499999999999822,[49.9637816  49.96379492 49.96371381 49.96374395],49.96375856920256,974.5936028415002,1766.9999999999986
12.519999999999822,[49.96376471 49.96376673 49.9636617  49.96369097],49.9637210278333,974.7940954937267,1767.0000000000002
12.539999999999822,[49.96375114 49.96374304 49.96361254 49.9636412 ],49.96368698184749,974.3384678168894,1767.0
12.559999999999821,[49.96374118 49.96372414 49.963567   49.96359536],49.9636569185956,974.4963008265054,1767.0000000000005
12.57999999999982,[49.96372615 49.96369929 49.96352116 49.96354846],49.96362376507214,974.6349807466485,1767.0000000000025
12.59999999999982,[49.96370921 49.9636728  49.96347651 49.96350247],49.963590247122966,974.563129345393,1766.9999999999955
12.61999999999982,[49.9636893  49.96364346 49.96343281 49.96345706],49.963555657184486,974.7606106626906,1766.999999999996
12.63999999999982,[49.96366853 49.96361424 49.96339094 49.96341345],49.96352178873168,974.537656043352,1767.0000000000007
12.659999999999819,[49.96365144 49.96359094 49.9633532  49.96337458],49.96349253710223,974.406525076528,1767.0000000000032
12.679999999999819,[49.96363344 49.96356775 49.96331768 49.96333795],49.96346420364313,974.4938149330902,1767.0000000000011
12.699999999999818,[49.96361576 49.9635464  49.96328487 49.96330425],49.96343781930614,974.2755769920617,1767.000000000002
12.719999999999818,[49.9635946  49.96352194 49.96325331 49.96327153],49.963410345198085,974.6177114007813,1767.0000000000005
12.739999999999817,[49.96356892 49.96349338 49.96322228 49.96323898],49.96338088998409,974.4747301730571,1766.9999999999982
12.759999999999817,[49.96353662 49.96345784 49.96319102 49.96320558],49.96334776346155,974.9587106001737,1767.0000000000007
12.779999999999816,[49.96349889 49.96341724 49.96315969 49.96317172],49.96331188558718,974.7391282945624,1766.999999999998
12.799999999999816,[49.96346671 49.96338539 49.96313336 49.96314391],49.9632823410964,974.4585511536801,1766.9999999999982
12.819999999999816,[49.96343549 49.96335618 49.96311007 49.96311957],49.96325532739658,974.5581226219994,1766.9999999999995
12.839999999999815,[49.96340397 49.96332808 49.96308904 49.96309775],49.96322970966783,974.373024812471,1767.0000000000057
12.859999999999815,[49.96337333 49.96330237 49.96307082 49.96307913],49.96320641139178,974.3945872116733,1766.999999999996
12.879999999999814,[49.9633427  49.96327787 49.96305487 49.96306302],49.963184615669036,974.2782451742331,1766.9999999999964
12.899999999999814,[49.96331217 49.96325448 49.96304115 49.96304939],49.96316429791682,974.3017903719558,1767.0000000000027
12.919999999999813,[49.96327953 49.96322925 49.96302854 49.96303677],49.963143523088256,974.3484449654956,1767.0000000000027
12.939999999999813,[49.9632453  49.9632027  49.96301707 49.96302525],49.963122582254584,974.3478856036018,1766.9999999999973
12.959999999999813,[49.96321231 49.96317829 49.96300787 49.96301629],49.9631036917812,974.2084278506485,1767.0
12.979999999999812,[49.96317809 49.96315254 49.96299979 49.96300835],49.96308469124527,974.3897068215142,1767.0000000000027
12.999999999999812,[49.96314121 49.96312362 49.96299185 49.96300027],49.96306423653423,974.3640335984167,1766.9999999999975
13.019999999999811,[49.96310191 49.9630916  49.96298408 49.96299204],49.96304240868004,974.5389762641915,1767.0000000000034
13.03999999999981,[49.96305882 49.96305469 49.96297555 49.96298257],49.963017909387084,974.6233600601929,1767.0000000000011
13.05999999999981,[49.96301631 49.96301835 49.962968   49.96297414],49.96299420026508,974.507837383177,1767.0000000000011
13.07999999999981,[49.96297371 49.96298148 49.96296104 49.96296623],49.96297061594996,974.6485063538289,1767.0000000000005
13.09999999999981,[49.9629324  49.96294586 49.96295497 49.96295931],49.962948133105826,974.451530129124,1767.000000000002
13.11999999999981,[49.9628926  49.96291148 49.96294983 49.96295343],49.96292683722008,974.5851419830482,1767.0000000000005
13.139999999999809,[49.9628505  49.9628735  49.96294362 49.96294606],49.962903420416445,974.6670997397242,1767.0000000000023
13.159999999999808,[49.96280809 49.96283442 49.96293698 49.96293811],49.962879399812586,974.6737741052059,1767.0
13.179999999999808,[49.96276913 49.96279897 49.96293141 49.96293154],49.96285775938213,974.5052008334128,1767.0000000000034
13.199999999999807,[49.96273378 49.96276717 49.96292689 49.96292634],49.962838544754604,974.5081136724986,1767.0000000000025
13.219999999999807,[49.96270007 49.9627365  49.96292235 49.96292116],49.96282002057116,974.4858367993094,1766.9999999999993
13.239999999999807,[49.96266711 49.96270577 49.96291723 49.96291532],49.962801356674376,974.5588991363578,1767.0000000000005
13.259999999999806,[49.96263498 49.96267512 49.96291137 49.96290865],49.96278253096169,974.5389578312203,1767.000000000005
13.279999999999806,[49.96260476 49.96264586 49.96290513 49.96290166],49.96276435318437,974.5442016864979,1767.0000000000011
13.299999999999805,[49.96257973 49.96262222 49.96289982 49.96289609],49.962749463328294,974.3024196237211,1766.9999999999977
13.319999999999805,[49.9625615  49.9626061  49.96289621 49.96289288],49.962739172365886,974.1970709420361,1766.9999999999984
13.339999999999804,[49.96254633 49.96259268 49.96289258 49.96288981],49.96273034894294,974.2185307554818,1767.0000000000025
13.359999999999804,[49.96253652 49.96258493 49.96288981 49.96288804],49.96272482488383,973.959131658219,1767.0
13.379999999999804,[49.96253599 49.96258774 49.96288977 49.96288993],49.9627258558058,973.706181518162,1767.0000000000052
13.399999999999803,[49.96254848 49.96260575 49.96289418 49.96289764],49.9627365123127,973.1877125310748,1767.0
13.419999999999803,[49.96256776 49.96263066 49.96290059 49.9629078 ],49.96275169981764,973.3620625614968,1767.0000000000027
13.439999999999802,[49.96258473 49.96265105 49.96290477 49.96291498],49.96276388261933,973.4775585593459,1766.9999999999993
13.459999999999802,[49.96259914 49.96266662 49.96290662 49.96291906],49.96277285897273,973.6690564304909,1766.9999999999993
13.479999999999801,[49.96261243 49.96267937 49.9629068  49.96292087],49.96277986741593,973.6806709379165,1767.0000000000032
13.499999999999801,[49.96262711 49.96269248 49.96290654 49.96292198],49.962787025630625,973.6939481720408,1767.000000000002
13.5199999999998,[49.962639   49.96270066 49.96290412 49.96292014],49.96279098122714,973.987425985654,1767.0000000000043
13.5399999999998,[49.96264852 49.96270477 49.96289967 49.96291558],49.9627921358818,973.9672364829008,1767.0000000000036
13.5599999999998,[49.96266134 49.96271205 49.96289587 49.96291176],49.96279525573605,973.8594721258888,1766.9999999999952
13.5799999999998,[49.96267923 49.96272487 49.96289372 49.9629099 ],49.96280193210147,973.7047348718862,1767.0000000000027
13.599999999999799,[49.96269858 49.96273862 49.9628918  49.96290815],49.96280928902914,973.8380510155321,1766.9999999999995
13.619999999999798,[49.96272049 49.96275499 49.96289059 49.96290717],49.962818309747476,973.6002146651642,1767.0000000000011
13.639999999999798,[49.96274971 49.96278002 49.9628925  49.96291   ],49.96283305560279,973.3907803219025,1767.0000000000018
13.659999999999798,[49.96277961 49.96280525 49.96289481 49.96291304],49.96284817732604,973.6018170763293,1766.9999999999998
13.679999999999797,[49.96280779 49.96282795 49.96289641 49.96291494],49.9628617733848,973.5520470474781,1767.0
13.699999999999797,[49.96283642 49.96285094 49.96289847 49.96291716],49.96287574715151,973.6022988802314,1767.0000000000043
13.719999999999796,[49.96286516 49.96287397 49.96290095 49.96291967],49.96288993756881,973.5655301102842,1766.9999999999982
13.739999999999796,[49.96289263 49.96289534 49.96290342 49.96292186],49.962903310790274,973.7020806966422,1767.0000000000045
13.759999999999796,[49.96291645 49.96291226 49.96290486 49.96292249],49.96291401567017,973.8207011156279,1766.9999999999995
13.779999999999795,[49.9629361  49.96292422 49.96290514 49.96292138],49.96292171148045,973.9856238753397,1767.0000000000011
13.799999999999795,[49.96295121 49.96293095 49.96290413 49.96291842],49.962926178861196,974.1225163241608,1767.0000000000043
13.819999999999794,[49.96296761 49.96294015 49.96290446 49.96291709],49.96293232851048,973.8740537090868,1767.000000000003
13.839999999999794,[49.9629863  49.96295297 49.96290687 49.96291824],49.96294109441962,973.9313183190243,1767.0000000000025
13.859999999999793,[49.96300996 49.96297305 49.9629125  49.96292343],49.96295473458464,973.4922307115745,1766.9999999999986
13.879999999999793,[49.96304325 49.96300613 49.96292379 49.96293567],49.96297720755361,973.2148772513709,1767.0000000000032
13.899999999999793,[49.96308137 49.96304598 49.96293875 49.96295231],49.96300460249578,973.1033716430876,1766.9999999999989
13.919999999999792,[49.96312024 49.96308739 49.96295564 49.96297107],49.96303358558587,973.105514225668,1766.9999999999995
13.939999999999792,[49.96315575 49.96312508 49.96297268 49.9629896 ],49.96306077787644,973.2777113227882,1766.9999999999995
13.959999999999791,[49.9631901  49.96316199 49.96299079 49.96300913],49.96308800059943,973.126509722809,1767.0000000000005
13.97999999999979,[49.96322631 49.96320176 49.9630115  49.96303156],49.963117782052336,973.0853428148293,1766.9999999999984
13.99999999999979,[49.96325797 49.96323611 49.96303207 49.96305325],49.96314485165762,973.3771019984276,1766.9999999999986
14.01999999999979,[49.9632881  49.96326908 49.96305365 49.96307579],49.96317165545542,973.1303924855167,1767.0000000000014
14.03999999999979,[49.96332006 49.96330465 49.963078   49.96310134],49.96320101182221,973.1843615328983,1766.999999999998
14.059999999999789,[49.9633502  49.96333816 49.96310345 49.96312772],49.963229880452005,973.1932062534377,1766.9999999999989
14.079999999999789,[49.96337573 49.96336596 49.96312877 49.96315333],49.96325594694555,973.4417336431108,1767.0000000000018
14.099999999999788,[49.96340249 49.96339566 49.96315637 49.96318137],49.9632839734151,973.0502245027529,1767.0000000000039
14.119999999999788,[49.96343168 49.9634284  49.96318709 49.96321275],49.963314980895355,973.2119903932714,1766.9999999999936
14.139999999999787,[49.96345729 49.96345661 49.96321804 49.96324382],49.963343939934596,973.2436798389593,1767.0000000000002
14.159999999999787,[49.96348363 49.96348576 49.96325108 49.96327698],49.96337436247069,973.1099740453875,1767.0000000000007
14.179999999999787,[49.96351126 49.96351641 49.96328649 49.96331257],49.9634066844942,973.1046472802789,1767.0000000000039
14.199999999999786,[49.96353832 49.96354615 49.96332336 49.96334942],49.963439313207246,973.1048437343693,1767.0000000000005
14.219999999999786,[49.96356363 49.96357345 49.96336109 49.96338676],49.96347123003891,973.1852110284659,1767.000000000003
14.239999999999785,[49.96359023 49.96360222 49.96340086 49.96342618],49.96350487509587,972.9802811228263,1766.9999999999998
14.259999999999785,[49.96362012 49.96363483 49.96344362 49.96346886],49.96354185997029,972.9247001964729,1766.9999999999977
14.279999999999784,[49.96365163 49.96366912 49.96348853 49.96351372],49.96358075163762,972.8401900443414,1767.000000000001
14.299999999999784,[49.96368452 49.9637047  49.96353539 49.96356053],49.96362128356036,972.8069026164542,1766.9999999999998
14.319999999999784,[49.96371608 49.96373811 49.96358292 49.96360761],49.96366118111137,972.9137883176351,1767.000000000003
14.339999999999783,[49.96374452 49.96376708 49.96363011 49.96365376],49.96369886659238,973.0136147205819,1767.0000000000023
14.359999999999783,[49.96377448 49.96379763 49.96367887 49.9637015 ],49.963738121821734,972.8027186992547,1767.0000000000011
14.379999999999782,[49.96380714 49.96383109 49.96372976 49.96375153],49.963779881404605,972.8236999364749,1766.9999999999973
14.399999999999782,[49.96384021 49.9638646  49.96378159 49.96380236],49.96382219080692,972.7773906467427,1767.0
14.419999999999781,[49.9638692  49.96389238 49.96383229 49.96385134],49.96386130254957,973.113811296714,1767.0000000000045
14.439999999999781,[49.96389107 49.96391083 49.96388016 49.96389641],49.96389461728386,973.287139789998,1766.9999999999995
14.45999999999978,[49.96390931 49.9639245  49.96392656 49.96393947],49.9639249609232,973.3865639348637,1767.0
14.47999999999978,[49.96392495 49.9639348  49.9639718  49.96398099],49.96395313313214,973.4931759273096,1767.0000000000011
14.49999999999978,[49.96393834 49.96394231 49.96401585 49.96402103],49.96397938352669,973.5721223747533,1766.9999999999995
14.51999999999978,[49.96395212 49.96395055 49.9640597  49.964061  ],49.9640058423043,973.4999294290196,1766.999999999999
14.539999999999779,[49.96397108 49.96396564 49.96410537 49.96410356],49.964036411729424,973.2505833446675,1766.9999999999984
14.559999999999778,[49.96399849 49.96399168 49.96415427 49.96415057],49.96407375205721,972.9540895758828,1767.0
14.579999999999778,[49.96403067 49.96402389 49.96420478 49.96419989],49.96411480975766,972.9609892596244,1767.0000000000002
14.599999999999778,[49.96406471 49.9640586  49.96425537 49.96424965],49.96415708246873,972.8749565937056,1767.0000000000045
14.619999999999777,[49.96410391 49.96410003 49.96430744 49.96430165],49.964203257763494,972.655559567437,1766.9999999999993
14.639999999999777,[49.96414936 49.9641494  49.96436148 49.9643565 ],49.96425418350384,972.4977070441729,1767.0000000000039
14.659999999999776,[49.96419418 49.96419779 49.96441442 49.96441021],49.96430415128863,972.7582435009655,1766.9999999999984
14.679999999999776,[49.96423652 49.96424301 49.96446519 49.96446146],49.964351546346926,972.7367718008821,1766.9999999999982
14.699999999999775,[49.9642781  49.96428713 49.96451457 49.96451125],49.96439775883219,972.8804586757133,1766.9999999999961
14.719999999999775,[49.96431967 49.96433115 49.96456277 49.9645599 ],49.96444337117937,972.8103094241061,1766.9999999999998
14.739999999999775,[49.96436276 49.96437689 49.96461053 49.96460832],49.96448962669515,972.8492953160198,1766.9999999999986
14.759999999999774,[49.96440217 49.96441767 49.96465552 49.9646535 ],49.9645322144888,973.1419018345534,1766.9999999999973
14.779999999999774,[49.96443921 49.96445532 49.96469812 49.96469601],49.964572163753296,973.0948433380767,1767.000000000002
14.799999999999773,[49.9644799  49.96449742 49.9647411  49.9647394 ],49.9646144561981,972.9681872671946,1766.9999999999923
14.819999999999773,[49.96452189 49.96454084 49.96478352 49.9647824 ],49.96465716186967,973.0830669904875,1766.9999999999945
14.839999999999772,[49.964563   49.96458287 49.96482431 49.96482366],49.96469846058697,973.1095172273263,1766.999999999998
14.859999999999772,[49.9646079  49.96462945 49.96486556 49.96486588],49.96474219864808,972.900576181795,1766.999999999996
14.879999999999772,[49.96465647 49.96468026 49.96490741 49.96490914],49.96478831984156,972.9310090546979,1767.0000000000025
14.899999999999771,[49.96470383 49.96472908 49.96494766 49.9649506 ],49.96483279195572,973.0609637515979,1766.999999999997
14.91999999999977,[49.9647463  49.96477128 49.96498466 49.96498814],49.964872596402245,973.3453135221539,1767.0000000000048
14.93999999999977,[49.96478922 49.96481385 49.96502068 49.96502473],49.96491211948773,973.1064677880216,1767.000000000003
14.95999999999977,[49.96483711 49.96486235 49.96505799 49.96506323],49.96495517104954,973.069472496101,1767.0000000000073
14.97999999999977,[49.96488979 49.96491657 49.96509657 49.96510357],49.965001627207485,972.8403867267841,1767.0000000000023
14.999999999999769,[49.96494574 49.96497439 49.96513596 49.96514505],49.965050281438394,972.9038890077824,1766.9999999999961
15.019999999999769,[49.96499914 49.96502846 49.96517358 49.96518432],49.96509637562711,973.0746661385397,1767.0000000000016
15.039999999999768,[49.96505124 49.9650805  49.96520998 49.96522211],49.96514095636114,973.0499592333547,1766.9999999999993
15.059999999999768,[49.96510696 49.96513673 49.96524747 49.96526136],49.965188131548246,972.8745729468178,1767.0000000000061
15.079999999999767,[49.9651693  49.96520091 49.96528762 49.965304  ],49.96524045648535,972.6338994470203,1766.999999999997
15.099999999999767,[49.9652322  49.96526514 49.96532798 49.96534675],49.96529301764249,972.8707849251089,1767.0000000000045
15.119999999999767,[49.96529078 49.96532338 49.96536629 49.96538672],49.96534179318216,972.9683243359277,1766.9999999999964
15.139999999999766,[49.96534591 49.96537681 49.96540306 49.96542453],49.96538757572228,973.1382691732643,1766.9999999999945
15.159999999999766,[49.96540552 49.96543569 49.9654418  49.96546476],49.965436941662276,972.6822767998989,1767.0000000000007
15.179999999999765,[49.96547196 49.96550271 49.96548404 49.96550919],49.965491973339724,972.6755384857912,1767.0
15.199999999999765,[49.96553626 49.9655665  49.96552583 49.96555269],49.96554532011355,972.8372391901958,1766.9999999999973
15.219999999999764,[49.96559318 49.96562052 49.96556487 49.96559228],49.965592711091105,973.1896304996379,1767.0000000000005
15.239999999999764,[49.96565025 49.96567465 49.96560437 49.96563222],49.965640369969485,972.8278982773871,1767.0000000000045
15.259999999999764,[49.96571308 49.96573582 49.96564727 49.96567613],49.96569307506164,972.7770841546491,1766.9999999999982
15.279999999999763,[49.96577455 49.96579502 49.96569047 49.96572001],49.9657450110395,972.9038700664189,1766.999999999999
15.299999999999763,[49.96583263 49.96584979 49.96573306 49.96576269],49.96579454185393,972.990421946778,1766.9999999999989
15.319999999999762,[49.9658893  49.96590278 49.96577598 49.96580539],49.965843362039536,972.9743567553046,1767.0000000000002
15.339999999999762,[49.96594607 49.96595598 49.96581999 49.96584911],49.9658927867452,972.9497796255172,1767.000000000001
15.359999999999761,[49.96600059 49.96600642 49.96586414 49.96589258],49.96594093105692,973.0918187531012,1766.9999999999895
15.379999999999761,[49.96605511 49.96605716 49.96590936 49.96593708],49.96598967747687,972.9086872445793,1766.9999999999984
15.39999999999976,[49.96611128 49.96611026 49.96595659 49.96598376],49.96604047253956,972.9282749392221,1766.999999999993
15.41999999999976,[49.96616344 49.96615856 49.9660033  49.96602938],49.96608867330555,973.1354128593804,1767.0000000000064
15.43999999999976,[49.966212   49.9662028  49.96604955 49.9660741 ],49.966134613147744,973.12705289109,1767.0000000000036
15.45999999999976,[49.96626189 49.96624934 49.96609758 49.96612082],49.96618240824399,972.9876080772419,1766.999999999997
15.479999999999759,[49.96631175 49.96629636 49.96614688 49.96616886],49.96623096435563,973.0707626268297,1766.9999999999973
15.499999999999758,[49.9663551  49.96633573 49.96619449 49.96621445],49.96627494077616,973.3806035436389,1767.000000000004
15.519999999999758,[49.96639368 49.96636991 49.96624095 49.96625842],49.96631574039901,973.3462197127433,1767.0000000000061
15.539999999999758,[49.96643515 49.96640867 49.96628969 49.96630523],49.96635968367802,973.1241472971968,1766.999999999999
15.559999999999757,[49.96647806 49.96645004 49.96634017 49.96635414],49.966405604794765,973.1872566609122,1766.9999999999975
15.579999999999757,[49.96652252 49.96649426 49.96639228 49.96640507],49.966453531472965,972.9627420571641,1766.999999999994
15.599999999999756,[49.96657022 49.96654332 49.96644683 49.96645905],49.96650485533489,972.9081874118104,1767.0000000000018
15.619999999999756,[49.96661798 49.96659316 49.96650234 49.96651417],49.966556912682044,972.9075154416048,1766.9999999999889
15.639999999999755,[49.96666425 49.96664174 49.96655803 49.96656942],49.96660836017566,972.9659347929559,1767.0000000000052
15.659999999999755,[49.96670591 49.96668507 49.9666124  49.96662293],49.96665657754852,973.185907126963,1766.999999999993
15.679999999999755,[49.96674068 49.9667203  49.96666424 49.96667318],49.966699599505034,973.4102908171238,1767.0000000000007
15.699999999999754,[49.96677098 49.9667506  49.96671444 49.96672143],49.96673936108745,973.4681598037267,1767.0000000000084
15.719999999999754,[49.96680093 49.96678119 49.96676474 49.96676996],49.96677920658464,973.4115305646194,1767.0000000000066
15.739999999999753,[49.96683019 49.96681149 49.96681496 49.96681853],49.96681879253197,973.4983747353276,1767.000000000001
15.759999999999753,[49.96685974 49.96684278 49.96686533 49.96686753],49.96685884663082,973.3808092480095,1766.9999999999955
15.779999999999752,[49.96689376 49.96688027 49.96691769 49.96691931],49.96690275938012,973.1822647658055,1766.9999999999952
15.799999999999752,[49.96692787 49.96691815 49.96697009 49.9669713 ],49.96694685182264,973.373919879014,1767.000000000004
15.819999999999752,[49.96695986 49.96695367 49.96702125 49.96702196],49.96698918606506,973.3388763671754,1767.0000000000075
15.839999999999751,[49.96699264 49.96699044 49.96707242 49.96707289],49.96703209854589,973.3340862787716,1766.9999999999895
15.85999999999975,[49.96702511 49.96702694 49.96712299 49.96712332],49.967074589896384,973.3832759390767,1767.0000000000082
15.87999999999975,[49.96706387 49.96707158 49.96717575 49.96717688],49.96712202204058,972.9275252409172,1766.9999999999961
15.89999999999975,[49.96711015 49.96712549 49.96723147 49.96723442],49.96717538213008,972.8928173153101,1766.9999999999966
15.91999999999975,[49.96716305 49.96718745 49.96728957 49.9672952 ],49.96723381805758,972.5085295464249,1766.9999999999948
15.939999999999749,[49.96722424 49.96725924 49.96735096 49.96736026],49.96729867578601,972.3597511456717,1766.9999999999973
15.959999999999749,[49.96729061 49.96733671 49.96741425 49.96742772],49.967367322080406,972.1965711431313,1767.0000000000045
15.979999999999748,[49.96736375 49.96742164 49.96748016 49.96749842],49.96744099281689,971.9433763928454,1767.0000000000052
15.999999999999748,[49.9674412  49.96751062 49.96754775 49.96757103],49.96751765042025,971.9510659283903,1767.0000000000045
16.019999999999747,[49.96751951 49.96759909 49.96761546 49.96764344],49.96759437476909,971.943527921538,1766.9999999999939
16.039999999999747,[49.96759611 49.96768367 49.96768223 49.9677142 ],49.967669051183435,972.1292033886772,1767.0000000000052
16.059999999999746,[49.96766543 49.96775723 49.96774553 49.96778004],49.96773705616014,972.5112112759733,1767.0000000000107
16.079999999999746,[49.96772821 49.96782087 49.96780556 49.96784127],49.9677989773338,972.6484177980541,1766.9999999999884
16.099999999999746,[49.96779057 49.96788245 49.96786509 49.96790147],49.96785989307722,972.6036118401022,1767.000000000002
16.119999999999745,[49.96785532 49.9679455  49.9679255  49.96796238],49.967922177039554,972.541053571371,1767.000000000002
16.139999999999745,[49.96792077 49.96800788 49.96798614 49.96802314],49.96798448075653,972.6094982229217,1767.000000000001
16.159999999999744,[49.96798369 49.96806564 49.96804557 49.9680819 ],49.96804419958116,972.7661138699434,1766.9999999999907
16.179999999999744,[49.9680403  49.96811414 49.96810207 49.96813652],49.968098255928474,973.0937654745636,1766.9999999999993
16.199999999999743,[49.96809744 49.96816252 49.96815851 49.96819082],49.96815232389276,972.7735148672348,1766.9999999999925
16.219999999999743,[49.96816347 49.96822137 49.96821889 49.96824994],49.968213417225634,972.510229827094,1767.0000000000134
16.239999999999743,[49.96823771 49.96828989 49.96828303 49.96831361],49.968281059480695,972.2290740890699,1766.9999999999964
16.259999999999742,[49.96831532 49.96836191 49.96834895 49.9683792 ],49.96835134480209,972.2934152185875,1766.9999999999977
16.279999999999742,[49.968394   49.96843479 49.96841552 49.96844537],49.96842242096892,972.1677917113481,1766.9999999999977
16.29999999999974,[49.96847489 49.96851006 49.96848338 49.9685129 ],49.96849530850528,972.1457057422349,1766.9999999999989
16.31999999999974,[49.96855559 49.96858482 49.9685515  49.96858049],49.96856810070225,972.1801602278534,1767.0000000000045
16.33999999999974,[49.96863691 49.96866027 49.96862025 49.96864866],49.968641522674474,972.0968574509226,1767.0000000000118
16.35999999999974,[49.96871855 49.96873613 49.96868964 49.96871739],49.96871542575228,972.1434246940528,1767.0000000000018
16.37999999999974,[49.96879673 49.96880773 49.96875798 49.96878457],49.96878675222101,972.3172846798855,1767.0000000000107
16.39999999999974,[49.96886668 49.96886922 49.96882315 49.96884748],49.96885163256222,972.6896950339128,1766.999999999989
16.41999999999974,[49.96892907 49.9689218  49.96888526 49.96890644],49.968910644247984,972.8156901458459,1766.9999999999993
16.43999999999974,[49.96898656 49.96896905 49.96894554 49.96896309],49.96896606276548,972.9969436424608,1767.000000000009
16.459999999999738,[49.96904199 49.96901483 49.96900517 49.96901907],49.969020262956164,972.9234192892618,1766.999999999995
16.479999999999738,[49.9690991  49.96906398 49.9690659  49.96907665],49.969076410100215,972.8380853458198,1766.9999999999952
16.499999999999737,[49.96915763 49.96911623 49.96912763 49.96913575],49.96913431113193,972.7804018224942,1766.9999999999936
16.519999999999737,[49.96921767 49.9691718  49.96919039 49.96919645],49.969194074802225,972.6855371175164,1767.0000000000084
16.539999999999736,[49.9692809  49.96923283 49.96925491 49.96925971],49.969257086383074,972.5108298949508,1766.999999999994
16.559999999999736,[49.96934447 49.96929561 49.96932    49.96932396],49.96932101055755,972.6118749046756,1767.000000000003
16.579999999999735,[49.96940661 49.96935799 49.96938473 49.96938806],49.96938434761648,972.5633360567833,1766.9999999999945
16.599999999999735,[49.96946599 49.96941819 49.96944852 49.96945126],49.96944599187814,972.7572554818901,1766.999999999994
16.619999999999735,[49.96952363 49.96947759 49.96951166 49.96951399],49.96950671945622,972.6437203823392,1767.0000000000027
16.639999999999734,[49.96958379 49.96954147 49.96957611 49.96957875],49.969570029691695,972.5429550320139,1767.0000000000011
16.659999999999734,[49.96964837 49.96961208 49.96964271 49.96964661],49.96963744410033,972.3010476853177,1766.999999999999
16.679999999999733,[49.96971452 49.96968551 49.96971032 49.96971598],49.9697065820757,972.3999889028695,1767.0000000000057
16.699999999999733,[49.9697808  49.96975991 49.96977814 49.96978585],49.969776174691624,972.264899124139,1767.0000000000025
16.719999999999732,[49.96985101 49.96983982 49.96984793 49.96985841],49.969849293722625,972.1050451174923,1766.999999999992
16.739999999999732,[49.9699206  49.96991916 49.96991774 49.96993105],49.969922136090524,972.2895824505082,1767.0000000000084
16.75999999999973,[49.96998779 49.96999564 49.96998662 49.97000254],49.969993145398035,972.2610228779951,1767.000000000001
16.77999999999973,[49.97005559 49.97007285 49.97005595 49.9700746 ],49.97006474799869,972.2414176028839,1766.9999999999945
16.79999999999973,[49.97012507 49.97015197 49.9701262  49.97014779],49.9701377575634,972.1443593425511,1766.9999999999957
16.81999999999973,[49.97019756 49.97023442 49.97019802 49.97022286],49.97021321506392,972.0369453520633,1766.9999999999961
16.83999999999973,[49.9702702  49.97031636 49.97027021 49.97029816],49.97028873215665,972.1406100204262,1766.9999999999973
16.85999999999973,[49.97034359 49.97039845 49.97034292 49.97037389],49.970364712416654,971.9993971040298,1767.0000000000036
16.87999999999973,[49.97042021 49.97048362 49.97041738 49.97045153],49.97044318326808,971.9321805635935,1767.0000000000011
16.89999999999973,[49.97049443 49.97056449 49.97049112 49.97052782],49.97051946432201,972.1846470825127,1766.9999999999936
16.919999999999728,[49.97056212 49.9706359  49.97056215 49.97060022],49.97059009623008,972.4090809578586,1766.999999999986
16.939999999999728,[49.97062668 49.97070222 49.9706319  49.9706706 ],49.970657850101944,972.4289794400921,1766.999999999998
16.959999999999727,[49.9706908  49.97076683 49.97070159 49.97074054],49.97072493993598,972.4672907744566,1766.9999999999977
16.979999999999727,[49.97076056 49.97083754 49.97077388 49.9708135 ],49.970796372787596,972.0659030130195,1767.0000000000016
16.999999999999726,[49.97083753 49.97091607 49.97084974 49.97089058],49.97087348018412,971.9912551172965,1766.9999999999993
17.019999999999726,[49.97091458 49.97099337 49.97092596 49.97096764],49.97095038886034,972.0836901875022,1766.9999999999975
17.039999999999726,[49.9709974  49.97107686 49.97100493 49.97104783],49.971031757926625,971.6169648979034,1767.0000000000039
17.059999999999725,[49.9710873  49.97116793 49.97108758 49.97113218],49.97111874626608,971.6107911147676,1766.9999999999977
17.079999999999725,[49.97117887 49.97125982 49.9711714  49.97121749],49.97120689436371,971.5190071783425,1766.999999999997
17.099999999999724,[49.97127251 49.97135302 49.97125663 49.97130402],49.97129654547859,971.4836180691664,1767.0000000000025
17.119999999999724,[49.97137036 49.97145039 49.97134424 49.97139305],49.97138951014895,971.239230184177,1766.9999999999961
17.139999999999723,[49.97147425 49.97155416 49.97143522 49.97148577],49.97148735093562,971.071680830417,1767.0000000000023
17.159999999999723,[49.97158267 49.97166244 49.971529   49.9715814 ],49.97158887830542,970.9268064274528,1766.9999999999973
17.179999999999723,[49.97169265 49.97177143 49.97162436 49.97167832],49.971691689536236,970.9609651938391,1766.999999999995
17.199999999999722,[49.97179914 49.97187482 49.97171906 49.97177366],49.97179166840599,971.1624423749851,1767.0000000000023
17.21999999999972,[49.97190261 49.97197349 49.97181325 49.97186767],49.97188925472502,971.1599806586493,1766.9999999999984
17.23999999999972,[49.97200911 49.97207523 49.97190969 49.97196393],49.97198949161646,970.9370597984181,1767.0000000000036
17.25999999999972,[49.97211835 49.97217968 49.97200846 49.9720625 ],49.972092248083115,970.9450906657055,1766.9999999999911
17.27999999999972,[49.97222218 49.97227658 49.97210596 49.97215874],49.97219086467822,971.2825066439266,1767.000000000002
17.29999999999972,[49.97232233 49.97236856 49.97220274 49.97225353],49.97228679091367,971.1692154554297,1766.9999999999995
17.31999999999972,[49.97242171 49.97245936 49.97230027 49.97234876],49.9723825268697,971.2961036212382,1766.9999999999961
17.33999999999972,[49.97251746 49.97254561 49.97239721 49.97244276],49.97247576101039,971.3775612745476,1766.9999999999957
17.35999999999972,[49.97260873 49.97262644 49.97249314 49.97253512],49.9725658579052,971.5581443324302,1766.9999999999986
17.37999999999972,[49.9726973  49.97270444 49.97258872 49.9726268 ],49.97265431596248,971.513910230714,1767.0000000000027
17.399999999999718,[49.97278896 49.97278712 49.97268656 49.97272122],49.97274596630066,971.2878615124506,1767.0
17.419999999999717,[49.9728809  49.97287093 49.97278549 49.97281691],49.97283855988522,971.4323786803423,1766.9999999999993
17.439999999999717,[49.9729767  49.97296074 49.97288688 49.97291577],49.97293502447668,970.9600562875469,1766.9999999999986
17.459999999999717,[49.97307444 49.97305387 49.97299017 49.97301696],49.97303386057606,971.2297854704435,1766.9999999999923
17.479999999999716,[49.97316547 49.97313963 49.97309116 49.97311525],49.97312787908504,971.3628806720184,1767.000000000002
17.499999999999716,[49.97325672 49.97322704 49.97319282 49.97321456],49.97322278502279,971.1528829498187,1767.0
17.519999999999715,[49.97335178 49.97332055 49.97329681 49.97331703],49.97332154442855,971.0360171701407,1767.0000000000036
17.539999999999715,[49.97344779 49.97341648 49.97340184 49.97342099],49.97342177509167,971.0262298370701,1767.0000000000011
17.559999999999715,[49.97354103 49.97351008 49.97350615 49.97352423],49.97352037531221,971.1704177316163,1767.0000000000095
17.579999999999714,[49.97362923 49.97359853 49.97360858 49.97362528],49.97361540830427,971.3240631220702,1766.9999999999952
17.599999999999714,[49.97371955 49.97369102 49.97371212 49.97372812],49.973712705341306,970.9779941218446,1767.0000000000057
17.619999999999713,[49.97381509 49.97379117 49.97381833 49.97383466],49.97381481349552,970.9167276223785,1767.0000000000005
17.639999999999713,[49.97390744 49.97388814 49.97392339 49.97393994],49.973914729655725,971.1599201861137,1766.999999999993
17.659999999999712,[49.97399397 49.97397864 49.97402588 49.97404221],49.9740101748912,971.2911004423103,1766.9999999999998
17.679999999999712,[49.97407501 49.97406302 49.97412582 49.97414154],49.97410134723893,971.51821263563,1767.000000000001
17.69999999999971,[49.97415401 49.9741457  49.97422454 49.97423973],49.974190995084015,971.4188409249064,1767.0000000000111
17.71999999999971,[49.9742342  49.97423059 49.97432352 49.97433862],49.97428173277109,971.4260087815204,1767.0000000000036
17.73999999999971,[49.97431363 49.97431506 49.97442177 49.97443696],49.974371856304714,971.4701918769974,1766.9999999999945
17.75999999999971,[49.97439105 49.97439743 49.97451863 49.9745339 ],49.974460251913385,971.5713409807978,1766.9999999999889
17.77999999999971,[49.97446657 49.97447776 49.97461399 49.97462932],49.97454691061442,971.6166552981081,1767.0000000000032
17.79999999999971,[49.97454584 49.97456319 49.97471023 49.97472634],49.9746364013964,971.3335130147769,1767.000000000004
17.81999999999971,[49.97462574 49.97464935 49.97480611 49.97482322],49.97472610465123,971.5988156941949,1766.9999999999984
17.83999999999971,[49.97470097 49.97472961 49.97489897 49.97491661],49.974811538934105,971.6933738606509,1766.9999999999986
17.859999999999708,[49.97477908 49.97481348 49.97499203 49.97501069],49.97489881812349,971.4444906736553,1766.999999999999
17.879999999999708,[49.97486252 49.97490383 49.97508651 49.97510694],49.974989950166005,971.3696042809192,1767.0000000000039
17.899999999999707,[49.97494963 49.97499837 49.9751816  49.97520429],49.97508347513118,971.24330921237,1766.9999999999948
17.919999999999707,[49.97504478 49.97510252 49.97527925 49.97530518],49.97518293438536,970.8699776900913,1767.0000000000052
17.939999999999706,[49.97514372 49.97521046 49.97537776 49.97540727],49.97528480312337,971.0394033805625,1767.000000000002
17.959999999999706,[49.97524471 49.97532006 49.97547614 49.97550931],49.97538755376158,970.7947221897921,1766.9999999999957
17.979999999999706,[49.97535035 49.97543429 49.97557575 49.9756129 ],49.975493322193095,970.783803241706,1766.9999999999936
17.999999999999705,[49.97545906 49.97555108 49.97567587 49.97571708],49.97560077149718,970.6513823914945,1767.0000000000032
18.019999999999705,[49.97556872 49.97566753 49.9757757  49.97582069],49.97570816083096,970.786550723989,1767.0
18.039999999999704,[49.97567386 49.97577666 49.97587277 49.97592052],49.97581095212189,971.0361865246621,1767.0000000000011
18.059999999999704,[49.97577176 49.97587509 49.97596583 49.97601498],49.97590691556604,971.3595068437119,1766.9999999999945
18.079999999999703,[49.97586478 49.97596603 49.97605583 49.97610536],49.97599800129731,971.4456962681389,1767.0000000000061
18.099999999999703,[49.97595646 49.97605401 49.97614445 49.9761938 ],49.97608718041418,971.51913573385,1767.000000000001
18.119999999999703,[49.97604462 49.97613634 49.97623078 49.97627914],49.976172722222714,971.7509948725949,1766.9999999999966
18.139999999999702,[49.97613446 49.97621995 49.97631702 49.97636431],49.97625893465653,971.4621140129827,1767.000000000006
18.1599999999997,[49.97623184 49.97631221 49.97640607 49.97645297],49.976350773824166,971.2759701706943,1766.9999999999989
18.1799999999997,[49.97633665 49.97641304 49.97649795 49.97654516],49.97644820103217,970.9893699748252,1767.0000000000002
18.1999999999997,[49.97644846 49.97652189 49.97659268 49.9766408 ],49.97655095777083,970.8237716194541,1767.0000000000098
18.2199999999997,[49.9765611  49.97663093 49.97668762 49.97673646],49.97665402800205,970.9583693244379,1767.000000000004
18.2399999999997,[49.97667193 49.97673707 49.97678155 49.97683062],49.97675529207475,970.9709158795757,1767.000000000009
18.2599999999997,[49.97678318 49.97684327 49.97687555 49.97692467],49.97685666540048,970.9439413970927,1766.9999999999952
18.2799999999997,[49.97689308 49.97694738 49.97696895 49.97701775],49.97695678873866,971.0704341320097,1767.0000000000075
18.2999999999997,[49.97699916 49.97704645 49.97706068 49.97710849],49.977053693192815,971.2090483700566,1767.0000000000045
18.3199999999997,[49.97710434 49.97714443 49.97715203 49.97719866],49.97714986579429,971.1261769463383,1767.0000000000016
18.339999999999698,[49.97721346 49.97724758 49.97724533 49.97729121],49.977249395050414,970.9201417482319,1767.0000000000048
18.359999999999697,[49.97733027 49.97736071 49.97734242 49.97738851],49.97735547637532,970.5673685377479,1767.0000000000036
18.379999999999697,[49.9774511  49.97747898 49.97744194 49.97748868],49.97746517388316,970.6071036761184,1766.9999999999964
18.399999999999697,[49.97756734 49.97759161 49.97754006 49.97758682],49.97757145901603,970.8453950220608,1766.999999999999
18.419999999999696,[49.97768144 49.977702   49.97763779 49.9776843 ],49.97767638339607,970.7125522094,1767.000000000006
18.439999999999696,[49.97779888 49.97781708 49.97773776 49.97778448],49.97778454919698,970.5629079218289,1767.0000000000011
18.459999999999695,[49.97791673 49.97793308 49.97783883 49.97788582],49.97789361238437,970.6266198394618,1766.9999999999968
18.479999999999695,[49.9780363  49.97805179 49.97794156 49.97798909],49.97800468537036,970.383035164271,1766.9999999999989
18.499999999999694,[49.97815945 49.97817545 49.97804703 49.97809559],49.978119378703155,970.3103174389547,1767.000000000006
18.519999999999694,[49.97827992 49.97829605 49.97815252 49.97820177],49.97823256128747,970.4980407058257,1767.0000000000027
18.539999999999694,[49.97839541 49.97841082 49.97825694 49.97830628],49.97834236206848,970.5829061336489,1767.0000000000005
18.559999999999693,[49.97850719 49.97852141 49.97836089 49.97840989],49.9784498437075,970.6812233275853,1766.9999999999982
18.579999999999693,[49.97861221 49.97862395 49.97846303 49.97851089],49.978552517700514,970.9756402225671,1767.0000000000027
18.599999999999692,[49.97871082 49.97871911 49.97856337 49.9786094 ],49.97865067535964,971.0499888946256,1767.0000000000077
18.619999999999692,[49.97880869 49.97881415 49.97866445 49.97870872],49.97874900094199,970.9502960212211,1766.9999999999952
18.63999999999969,[49.97890695 49.97891044 49.97876684 49.97880958],49.97884845385375,970.9435887150287,1766.9999999999934
18.65999999999969,[49.97900642 49.97900906 49.97887085 49.9789124 ],49.97894967941104,970.789377367479,1767.000000000008
18.67999999999969,[49.97911076 49.97911459 49.97897813 49.97901932],49.979055700964395,970.527686416022,1767.0000000000005
18.69999999999969,[49.9792144  49.97921973 49.97908632 49.97912719],49.9791619105877,970.7605775837574,1767.0000000000018
18.71999999999969,[49.97932027 49.97932847 49.97919643 49.97923746],49.97927065729064,970.3014263205936,1766.9999999999964
18.73999999999969,[49.97942688 49.97943843 49.97930808 49.97934947],49.979380714049626,970.6366530639494,1767.0000000000018
18.75999999999969,[49.97952839 49.97954244 49.97941832 49.97945954],49.97948717251204,970.5911883590394,1766.9999999999952
18.77999999999969,[49.97962909 49.97964585 49.97952907 49.97957014],49.97959353766548,970.6314722860692,1767.0000000000061
18.799999999999688,[49.97972898 49.9797486  49.97964022 49.97968115],49.97969973745349,970.5922344643668,1766.9999999999982
18.819999999999688,[49.97982782 49.9798503  49.97975166 49.97979239],49.979805543639245,970.6517721692895,1767.0000000000057
18.839999999999687,[49.97992089 49.97994488 49.97986116 49.97990103],49.97990698968944,970.9466768696718,1767.0000000000027
18.859999999999687,[49.98001591 49.98004237 49.97997185 49.98001124],49.980010343161624,970.479448179953,1767.0000000000034
18.879999999999686,[49.98011682 49.98014735 49.98008576 49.98012547],49.98011885031727,970.5003529617101,1767.0000000000077
18.899999999999686,[49.98021583 49.98024988 49.98019925 49.98023905],49.98022600273247,970.5809484059837,1767.0000000000077
18.919999999999686,[49.98031133 49.98034793 49.98031144 49.98035091],49.98033040414168,970.7197112802523,1767.0000000000098
18.939999999999685,[49.98040389 49.98044223 49.98042243 49.9804612 ],49.98043243668454,970.7686631681293,1767.0000000000032
18.959999999999685,[49.98050174 49.98054329 49.98053572 49.98057451],49.980538815225074,970.3425342881474,1766.9999999999984
18.979999999999684,[49.98060824 49.98065503 49.98065301 49.98069289],49.98065229272714,970.1589808143221,1766.9999999999968
18.999999999999684,[49.98071959 49.98077247 49.98077254 49.98081405],49.98076966366138,970.0021859116912,1766.999999999997
19.019999999999683,[49.98083114 49.98088954 49.98089224 49.98093526],49.98088704473349,970.1451918342432,1767.0000000000011
19.039999999999683,[49.98093707 49.98099887 49.98100933 49.98105297],49.98099955937077,970.3992890527342,1767.0000000000075
19.059999999999683,[49.98104018 49.98110411 49.98112483 49.98116859],49.98110942767046,970.3562094578583,1767.0000000000027
19.079999999999682,[49.98114327 49.98120874 49.98124003 49.98128375],49.98121894425705,970.4173697880145,1766.9999999999993
19.09999999999968,[49.98124862 49.98131569 49.98135582 49.98139964],49.981329944823166,970.2200480985636,1766.9999999999975
19.11999999999968,[49.98135741 49.98142631 49.98147283 49.981517  ],49.98144338584577,970.2004094572492,1766.9999999999993
19.13999999999968,[49.98146468 49.98153424 49.98158877 49.9816329 ],49.9815551468034,970.3499145980946,1767.0000000000086
19.15999999999968,[49.98157132 49.98164077 49.98170389 49.98174772],49.98166592347572,970.2720936103764,1767.0000000000093
19.17999999999968,[49.9816787  49.98174758 49.98181883 49.98186229],49.981776852240856,970.32589947967,1767.0000000000005
19.19999999999968,[49.98178892 49.98185743 49.98193443 49.9819777 ],49.98188962019476,970.1061731689522,1766.9999999999973
19.21999999999968,[49.9819026  49.98197098 49.98205107 49.98209443],49.98200477218739,970.1136501102957,1767.0000000000089
19.23999999999968,[49.98201691 49.9820847  49.98216744 49.98221078],49.98211995962684,970.0915124054984,1767.0000000000011
19.25999999999968,[49.98212931 49.98219537 49.9822824  49.9823253 ],49.98223309449511,970.2746704534894,1766.9999999999936
19.279999999999678,[49.9822401  49.98230355 49.98239594 49.98243806],49.98234441108921,970.2331563599167,1766.9999999999948
19.299999999999677,[49.98234952 49.98240955 49.98250824 49.98254928],49.982454150331414,970.3959772614977,1766.9999999999916
19.319999999999677,[49.98245558 49.98251101 49.98261831 49.98265774],49.98256066025804,970.4938093640548,1767.000000000007
19.339999999999677,[49.98256168 49.9826124  49.98272761 49.98276541],49.98266677247456,970.4184655211392,1766.9999999999973
19.359999999999676,[49.98266935 49.98271569 49.98283689 49.98287324],49.98277379180951,970.4062178953264,1767.0000000000077
19.379999999999676,[49.98277802 49.98282024 49.98294588 49.98298092],49.982881262205105,970.3690423958814,1767.000000000003
19.399999999999675,[49.98288761 49.98292601 49.98305457 49.98308845],49.982989159648156,970.3585308760406,1766.9999999999977
19.419999999999675,[49.98299573 49.98303002 49.9831619  49.9831945 ],49.9830955380026,970.4849329906191,1767.0000000000045
19.439999999999674,[49.98310274 49.98313291 49.98326795 49.98329921],49.98320070105152,970.4489020553319,1767.0000000000061
19.459999999999674,[49.98320672 49.98323224 49.98337194 49.98340159],49.98330312458585,970.7033776727159,1766.999999999994
19.479999999999674,[49.98330791 49.98332857 49.98347381 49.98350166],49.983402986932674,970.6526618172298,1767.0000000000075
19.499999999999673,[49.98340979 49.98342634 49.9835752  49.98360155],49.98350321974575,970.6601218463992,1767.0000000000023
19.519999999999673,[49.9835092  49.98352157 49.98367471 49.98369947],49.983601240089286,970.8265897612388,1767.0000000000064
19.539999999999672,[49.98360499 49.98361295 49.98377175 49.9837947 ],49.983696096804174,970.9142281946981,1767.0000000000066
19.559999999999672,[49.98369608 49.98369918 49.98386584 49.98388667],49.9837869425326,971.1520408179106,1767.0000000000018
19.57999999999967,[49.98378165 49.9837794  49.98395648 49.98397483],49.983873090527396,971.2978067505826,1767.000000000004
19.59999999999967,[49.98386272 49.98385501 49.9840441  49.98405977],49.983955398700914,971.4635853345336,1767.0000000000073
19.61999999999967,[49.98393841 49.983925   49.98412823 49.98414097],49.984033150887946,971.6698214736198,1767.0000000000023
19.63999999999967,[49.9840091  49.98399001 49.98420894 49.98421859],49.984106662429625,971.8093284532708,1767.00000000001
19.65999999999967,[49.98407724 49.98405324 49.98428724 49.98429401],49.984177931342,971.847510591236,1766.999999999996
19.67999999999967,[49.98414382 49.98411598 49.98436356 49.98436779],49.984247790916704,971.9167340193754,1767.000000000004
19.69999999999967,[49.98420522 49.98417364 49.98443624 49.98443785],49.98431323751384,972.2076166931332,1767.0000000000002
19.71999999999967,[49.98426177 49.98422681 49.98450522 49.98450419],49.98437449864295,972.258056074923,1766.9999999999977
19.739999999999668,[49.98431925 49.98428285 49.98457302 49.98457012],49.98443630925152,972.1503163855173,1767.0000000000052
19.759999999999668,[49.9843792  49.9843436  49.98464039 49.98463656],49.9844999351389,972.0936705243479,1766.9999999999966
19.779999999999667,[49.98444326 49.98441105 49.98470801 49.98470439],49.984566677581725,971.8758525218508,1767.0000000000011
19.799999999999667,[49.98451152 49.98448508 49.98477603 49.98477371],49.98463658505156,971.814227839183,1767.0000000000057
19.819999999999666,[49.98458063 49.98456126 49.98484294 49.98484252],49.984706837900276,971.8331229779656,1766.9999999999977
19.839999999999666,[49.9846493  49.9846378  49.98490814 49.98491   ],49.98477631009271,971.8659181587007,1767.000000000001
19.859999999999665,[49.98471932 49.98471683 49.98497242 49.98497712],49.98484642124971,971.7650428881798,1766.9999999999973
19.879999999999665,[49.98479498 49.98480355 49.98503777 49.98504635],49.984920665672746,971.5031393670869,1766.9999999999995
19.899999999999665,[49.98487924 49.98490134 49.9851057  49.98511947],49.985001440458625,971.1994723429194,1766.9999999999984
19.919999999999664,[49.98496697 49.98500325 49.98517417 49.98519364],49.985084506201545,971.2932322080214,1766.999999999999
19.939999999999664,[49.98504954 49.98509811 49.98523933 49.98526382],49.985162699438774,971.5922424646767,1766.9999999999964
19.959999999999663,[49.98512808 49.9851873  49.98530159 49.98533051],49.98523687031702,971.6147881886916,1767.000000000003
19.979999999999663,[49.98520728 49.98527657 49.98536322 49.9853965 ],49.985310892798246,971.5875691231415,1766.9999999999977
19.999999999999662,[49.98528201 49.98535911 49.98542211 49.98545896],49.985380548392925,971.9648512176244,1766.9999999999986
20.019999999999662,[49.9853475  49.98542893 49.98547606 49.98551503],49.98544187888799,972.2713141209687,1766.9999999999964
20.03999999999966,[49.98541368 49.98549875 49.98552942 49.98557039],49.9855030599475,971.9609207063074,1766.9999999999943
20.05999999999966,[49.98548211 49.98557017 49.98558331 49.98562625],49.98556546041637,972.1512662503704,1767.000000000001
20.07999999999966,[49.98555326 49.98564394 49.98563784 49.9856828 ],49.98562945727396,971.8089812965763,1767.0000000000043
20.09999999999966,[49.98563436 49.98572901 49.98569655 49.98574445],49.98570109249194,971.4895700867563,1766.9999999999964
20.11999999999966,[49.98571899 49.985817   49.98575687 49.98580772],49.98577514733584,971.5851856823041,1766.9999999999995
20.13999999999966,[49.98580423 49.98590431 49.98581746 49.98587088],49.985849220671255,971.4674106182632,1767.0000000000027
20.15999999999966,[49.98589151 49.98599269 49.98587916 49.98593494],49.98592457349537,971.4561511502328,1766.9999999999934
20.17999999999966,[49.98597895 49.9860798  49.98594125 49.98599891],49.98599972756493,971.4622604077123,1766.9999999999982
20.19999999999966,[49.98606256 49.9861606  49.9860021  49.98606063],49.98607147388442,971.7206990646833,1767.0000000000025
20.219999999999658,[49.98614166 49.9862345  49.98606136 49.98611974],49.986139313161,971.7690143656184,1767.000000000003
20.239999999999657,[49.9862194  49.98630562 49.98612058 49.98617821],49.98620595131815,971.7995379958918,1767.0000000000025
20.259999999999657,[49.98629491 49.98637301 49.98617948 49.98623569],49.986270771516,971.8995207272859,1766.999999999999
20.279999999999657,[49.98636683 49.98643517 49.98623752 49.98629152],49.98633276181542,972.0151176376341,1767.0000000000061
20.299999999999656,[49.98644045 49.98649912 49.98629703 49.98634879],49.98639634730078,971.7425686659785,1766.9999999999989
20.319999999999656,[49.98651975 49.98656994 49.98636006 49.98641009],49.98646496109604,971.5682764929028,1766.9999999999948
20.339999999999655,[49.98659837 49.98663966 49.98642392 49.98647193],49.98653347047532,971.7269210328794,1766.9999999999945
20.359999999999655,[49.98668151 49.98671525 49.98649077 49.98653723],49.98660619059417,971.1892924981712,1767.000000000001
20.379999999999654,[49.98677092 49.98679877 49.98656182 49.98660742],49.98668473270698,971.2108693490303,1766.9999999999998
20.399999999999654,[49.98686034 49.98688248 49.98663421 49.98667885],49.98676397100439,971.1042299918246,1766.9999999999977
20.419999999999654,[49.98694722 49.98696321 49.98670693 49.9867502 ],49.98684189309497,971.2947468836223,1767.0000000000027
20.439999999999653,[49.98702766 49.98703627 49.98677814 49.98681921],49.9869153222091,971.4557579134607,1767.0000000000045
20.459999999999653,[49.98710681 49.98710849 49.98685009 49.98688885],49.98698856047271,971.2844935556827,1766.9999999999984
20.479999999999652,[49.98718472 49.98717984 49.98692295 49.98695934],49.98706171308599,971.4363301512973,1767.0000000000016
20.499999999999652,[49.98725985 49.98724866 49.98699594 49.98702974],49.987133548874496,971.3689676745079,1767.0000000000016
20.51999999999965,[49.9873293  49.98731124 49.98706785 49.9870985 ],49.98720172293703,971.7181628498756,1766.9999999999975
20.53999999999965,[49.98739592 49.98737157 49.98713965 49.98716705],49.98726854655268,971.4570664723841,1767.0000000000005
20.55999999999965,[49.98746497 49.98743625 49.98721388 49.98723864],49.98733843346426,971.4344184520428,1767.0000000000055
20.57999999999965,[49.98753423 49.98750249 49.98728945 49.98731189],49.98740951355529,971.3307015435837,1767.0
20.59999999999965,[49.987599   49.98756427 49.98736429 49.98738416],49.987477929040836,971.6327094142387,1767.000000000007
20.61999999999965,[49.98765754 49.98761964 49.98743733 49.9874542 ],49.9875421790207,971.6561629498386,1766.9999999999977
20.63999999999965,[49.98771743 49.98767825 49.98751185 49.98752631],49.98760845987246,971.4370127499312,1767.0000000000032
20.65999999999965,[49.98777809 49.98773917 49.98758766 49.98760019],49.98767627553869,971.5020415822091,1766.9999999999936
20.679999999999648,[49.98783238 49.98779332 49.98766141 49.9876716 ],49.98773967667691,971.7840507088646,1767.0000000000039
20.699999999999648,[49.98788233 49.98784347 49.98773369 49.98774143],49.98780023096399,971.7181126321926,1767.0000000000073
20.719999999999647,[49.98793142 49.98789386 49.98780603 49.98781164],49.98786073487295,971.765100928165,1767.0000000000048
20.739999999999647,[49.98797952 49.98794431 49.98787817 49.98788198],49.9879209933282,971.7160702979836,1766.999999999993
20.759999999999646,[49.9880246  49.98799207 49.98794915 49.98795117],49.98797924655284,971.9115270225411,1766.9999999999966
20.779999999999646,[49.98806346 49.98803311 49.98801724 49.98801712],49.98803273284947,972.0958229508904,1766.9999999999955
20.799999999999645,[49.98810112 49.98807383 49.98808444 49.98808248],49.98808546916011,971.9541090052152,1766.999999999998
20.819999999999645,[49.98813433 49.98810979 49.98814931 49.98814533],49.98813469014477,972.371446720955,1766.9999999999923
20.839999999999645,[49.98816299 49.98814109 49.98821131 49.98820519],49.988180144832114,972.2522022750499,1766.9999999999966
20.859999999999644,[49.98819135 49.98817286 49.98827236 49.98826446],49.988225259410655,972.3815599487415,1766.9999999999964
20.879999999999644,[49.98822058 49.98820659 49.98833267 49.98832354],49.98827084278737,972.1949282645966,1766.9999999999957
20.899999999999643,[49.98825241 49.9882442  49.988393   49.98838334],49.98831823810839,972.2113113904255,1767.0000000000014
20.919999999999643,[49.98828309 49.98828078 49.9884515  49.98844148],49.98836421392517,972.2970479906027,1766.9999999999968
20.939999999999642,[49.98830971 49.98831255 49.98850666 49.98849608],49.98840625087344,972.5260987005139,1766.9999999999993
20.959999999999642,[49.98832802 49.98833405 49.98855636 49.98854442],49.988440713473764,972.9188160969431,1766.9999999999932
20.97999999999964,[49.98834424 49.98835334 49.98860299 49.98858975],49.98847258066211,972.7301807007175,1767.0000000000077
20.99999999999964,[49.988364   49.98837729 49.98864914 49.98863534],49.988506441469674,972.7368111472631,1766.9999999999995
21.01999999999964,[49.98838601 49.98840415 49.98869407 49.98868025],49.988541118345346,972.6475567230717,1767.000000000001
21.03999999999964,[49.98841177 49.98843567 49.98873841 49.98872524],49.98857777333476,972.556440609987,1767.0
21.05999999999964,[49.98844385 49.98847497 49.98878322 49.98877169],49.988618433580015,972.2965116891793,1767.0000000000027
21.07999999999964,[49.98847719 49.98851526 49.98882636 49.98881669],49.98865887745409,972.5602841824003,1766.9999999999993
21.09999999999964,[49.98851177 49.98855666 49.98886753 49.98885994],49.98869897418788,972.3119379843707,1766.9999999999945
21.11999999999964,[49.98855095 49.98860309 49.9889084  49.98890346],49.98874147772116,972.3435804738315,1767.0000000000036
21.139999999999638,[49.98859513 49.98865501 49.98894908 49.98894737],49.98878664947794,972.0732345939186,1767.000000000001
21.159999999999638,[49.98863988 49.98870645 49.98898785 49.98898928],49.98883086374174,972.4094930011207,1766.9999999999973
21.179999999999637,[49.98867979 49.98875068 49.98902208 49.98902585],49.98886959992066,972.5202511679961,1767.0000000000043
21.199999999999637,[49.9887185  49.98879224 49.98905344 49.98905922],49.9889058490974,972.6051095681507,1766.9999999999957
21.219999999999636,[49.98875832 49.9888341  49.98908304 49.98909075],49.9889415529952,972.5526102357995,1767.000000000002
21.239999999999636,[49.98879864 49.98887537 49.98911077 49.98912024],49.98897625752782,972.6754899351531,1767.000000000001
21.259999999999636,[49.98883995 49.98891676 49.98913685 49.98914798],49.989010386600654,972.5873584650975,1767.000000000005
21.279999999999635,[49.98888961 49.98896761 49.98916475 49.98917835],49.98905007880521,972.1931352027707,1766.9999999999977
21.299999999999635,[49.98894727 49.98902723 49.98919467 49.98921146],49.98909515689851,972.1186592846058,1767.0000000000018
21.319999999999634,[49.98900737 49.98908856 49.98922428 49.98924422],49.989141104641625,972.1037932531447,1767.0000000000027
21.339999999999634,[49.98906944 49.98915106 49.98925352 49.9892765 ],49.98918762996755,972.0533709302873,1767.0
21.359999999999634,[49.98914111 49.98922451 49.98928594 49.98931283],49.9892410969284,971.5022182007557,1767.0
21.379999999999633,[49.98921946 49.98930481 49.98932084 49.98935202],49.98929927950839,971.6374216847954,1766.9999999999989
21.399999999999633,[49.98929992 49.98938642 49.98935618 49.98939147],49.989358500986235,971.395233312859,1767.0000000000032
21.419999999999632,[49.98938133 49.98946768 49.98939189 49.9894309 ],49.98941794759834,971.5979178729127,1767.000000000001
21.439999999999632,[49.98946353 49.9895487  49.98942794 49.98947029],49.98947761474016,971.3559191036954,1766.9999999999916
21.45999999999963,[49.98955288 49.98963742 49.98946759 49.98951369],49.98954289508231,971.1036986797964,1766.9999999999995
21.47999999999963,[49.98964431 49.98972737 49.989509   49.98955856],49.98960981222463,971.1951976435397,1767.0000000000014
21.49999999999963,[49.9897327  49.98981222 49.98955005 49.98960216],49.989674282230965,971.2862721534474,1766.9999999999993
21.51999999999963,[49.98982095 49.98989583 49.98959223 49.98964635],49.989738839261804,971.1641678689913,1766.9999999999966
21.53999999999963,[49.98991005 49.98997952 49.98963632 49.98969209],49.9898044955832,971.1693078518231,1767.000000000002
21.55999999999963,[49.99000052 49.99006416 49.98968278 49.98973991],49.9898718447988,970.9966900488887,1767.0000000000007
21.57999999999963,[49.99010037 49.99016002 49.98973546 49.98979472],49.98994764333901,970.432188827477,1766.9999999999925
21.59999999999963,[49.99020333 49.99025887 49.98979215 49.98985346],49.990026949539924,970.6737122597111,1767.000000000003
21.619999999999628,[49.99029985 49.99034899 49.98984856 49.98991065],49.990102012229016,970.7614760683892,1767.0
21.639999999999628,[49.99039511 49.9904372  49.98990713 49.98996948],49.99017723111861,970.6325344722173,1767.000000000005
21.659999999999627,[49.99048954 49.99052409 49.98996836 49.99003049],49.99025312180942,970.6763384604868,1767.0000000000025
21.679999999999627,[49.9905815  49.99060785 49.9900316  49.99009293],49.99032847016932,970.6493701486205,1766.9999999999982
21.699999999999626,[49.99066859 49.99068554 49.99009598 49.9901556 ],49.99040142779088,970.8485239710981,1766.9999999999961
21.719999999999626,[49.99075129 49.99075815 49.99016164 49.99021886],49.99047248870896,970.7802557413839,1767.0000000000089
21.739999999999625,[49.99083304 49.99083017 49.99023028 49.99028487],49.99054458967308,970.7320652391124,1766.9999999999984
21.759999999999625,[49.99091229 49.99089982 49.99030128 49.99035288],49.990616568111484,970.761505317453,1766.9999999999948
21.779999999999625,[49.99098939 49.99096776 49.99037474 49.99042311],49.990688751525916,970.6858202016136,1766.9999999999975
21.799999999999624,[49.99106658 49.99103698 49.9904517  49.99049695],49.99076305035151,970.5543820189637,1767.000000000004
21.819999999999624,[49.99113939 49.99110185 49.99053021 49.99057189],49.9908358343976,970.7841329262699,1767.0000000000045
21.839999999999623,[49.99120603 49.99116043 49.9906092  49.99064675],49.99090560057286,970.779925971623,1767.0000000000032
21.859999999999623,[49.9912744  49.9912229  49.9906921  49.99072602],49.990978854597564,970.4624625450125,1767.0000000000011
21.879999999999622,[49.99134543 49.99129033 49.9907794  49.99081032],49.99105637077229,970.3927786921887,1767.0000000000016
21.899999999999622,[49.99141136 49.99135288 49.9908675  49.99089508],49.99113170709661,970.6177662095037,1767.0000000000005
21.91999999999962,[49.99147195 49.99141047 49.99095594 49.99097987],49.991204556918674,970.5749041956976,1767.0
21.93999999999962,[49.99153238 49.99146969 49.99104689 49.99106756],49.991279130425724,970.4461281547283,1767.0
21.95999999999962,[49.99159093 49.99152822 49.99113945 49.99115703],49.991353906416585,970.53173688543,1767.000000000002
21.97999999999962,[49.99164217 49.99157919 49.99123092 49.99124489],49.99142429076199,970.7906061033289,1766.9999999999977
21.99999999999962,[49.99168246 49.99161806 49.99131929 49.99132872],49.99148713276648,971.14291437719,1767.0000000000077
22.01999999999962,[49.99171379 49.99164752 49.99140502 49.99140929],49.9915439032366,971.2798244720548,1766.9999999999995
22.03999999999962,[49.99174062 49.99167321 49.99148976 49.99148887],49.99159811590921,971.3378365126017,1767.0000000000068
22.05999999999962,[49.99175963 49.99169085 49.99157177 49.99156532],49.99164689072765,971.7184193938433,1767.0000000000023
22.079999999999618,[49.99177248 49.99170271 49.99165119 49.99163905],49.99169135588569,971.6833807275407,1766.9999999999961
22.099999999999618,[49.99178437 49.99171527 49.99173008 49.99171282],49.99173563463301,971.7180476650973,1767.000000000001
22.119999999999617,[49.99179212 49.99172439 49.99180668 49.99178445],49.99177690933982,971.9213016976398,1767.0000000000043
22.139999999999617,[49.99179179 49.99172505 49.99187872 49.9918512 ],49.991811692744236,972.2510198052394,1766.9999999999986
22.159999999999616,[49.99179106 49.99172714 49.99194905 49.99191696],49.99184605132119,971.9455104869932,1767.0000000000023
22.179999999999616,[49.99179566 49.99173755 49.9920201  49.99198485],49.991884540705485,971.8922932961126,1767.000000000008
22.199999999999616,[49.99180273 49.99175249 49.99209022 49.99205282],49.991924565976376,971.8059267425156,1766.9999999999968
22.219999999999615,[49.9918126  49.99177211 49.99215922 49.99212067],49.99196614914118,971.7515673531839,1767.000000000006
22.239999999999615,[49.99182417 49.99179476 49.9922263  49.99218741],49.992008161322524,971.760966695157,1766.9999999999952
22.259999999999614,[49.99183184 49.99181303 49.99228867 49.99224946],49.99204574864002,972.1160634652921,1767.0000000000011
22.279999999999614,[49.99183435 49.99182532 49.99234527 49.99230558],49.99207762964255,972.2349944468039,1767.0000000000077
22.299999999999613,[49.99184318 49.99184605 49.99240092 49.99236202],49.992113042714934,971.8137544362557,1767.0000000000011
22.319999999999613,[49.99186272 49.99188023 49.99245763 49.99242126],49.99215546297292,971.6400762633372,1767.0000000000014
22.339999999999613,[49.99188231 49.99191388 49.99251056 49.99247696],49.99219593015598,971.9731086815987,1767.0000000000016
22.359999999999612,[49.99189925 49.99194356 49.99255809 49.9925271 ],49.99223200125636,972.0062718084347,1767.000000000002
22.37999999999961,[49.9919155  49.99197145 49.99260103 49.99257266],49.99226516114123,972.2150740544798,1767.0000000000045
22.39999999999961,[49.99192832 49.99199392 49.99263796 49.99261183],49.99229300683922,972.4514449403525,1767.0000000000025
22.41999999999961,[49.99194281 49.99201741 49.99267098 49.99264734],49.99231963449462,972.3164716023791,1767.0000000000048
22.43999999999961,[49.99196303 49.99204672 49.99270201 49.99268153],49.992348323595756,972.2768957797858,1767.0000000000016
22.45999999999961,[49.99198801 49.99208048 49.99273065 49.99271382],49.992378236413884,972.2124058446395,1767.000000000007
22.47999999999961,[49.99202041 49.99212187 49.99275811 49.9927457 ],49.9924115228428,971.9916886767377,1767.000000000002
22.49999999999961,[49.992056   49.99216521 49.99278277 49.9927749 ],49.992444719232196,972.2180820326388,1766.9999999999989
22.51999999999961,[49.99208894 49.99220311 49.99280193 49.99279793],49.9924729773037,972.4056009956839,1766.9999999999995
22.53999999999961,[49.99212258 49.9922399  49.99281717 49.99281679],49.99249910840757,972.3955844897121,1767.0000000000027
22.559999999999608,[49.9921583  49.99227723 49.99282932 49.99283244],49.992524322920076,972.4809295511101,1767.0000000000005
22.579999999999607,[49.99219799 49.99231757 49.99283935 49.9928461 ],49.99255025268735,972.3332701261513,1766.9999999999973
22.599999999999607,[49.99223853 49.99235685 49.99284627 49.99285631],49.992574488854274,972.6204986675453,1766.9999999999989
22.619999999999607,[49.99228017 49.99239566 49.99285019 49.99286327],49.99259732306126,972.4481704467344,1766.9999999999948
22.639999999999606,[49.99233143 49.99244483 49.99285533 49.99287224],49.99262595787723,972.1281626330857,1767.000000000002
22.659999999999606,[49.99238749 49.99249809 49.99286003 49.99288092],49.9926566317656,972.2707834233219,1767.0000000000032
22.679999999999605,[49.9924482  49.99255555 49.99286436 49.99288938],49.9926893725312,971.9476180741266,1767.0000000000089
22.699999999999605,[49.99251409 49.99261776 49.99286914 49.99289845],49.992724859966785,972.0313606072688,1766.9999999999977
22.719999999999605,[49.99258242 49.99268153 49.99287338 49.99290682],49.992761037842314,971.8802292728001,1767.0000000000048
22.739999999999604,[49.99265553 49.99274985 49.9928786  49.99291628],49.99280006389112,971.7809655352077,1766.9999999999961
22.759999999999604,[49.99272436 49.99281127 49.99288123 49.99292211],49.99283474427662,972.2339424274802,1766.9999999999998
22.779999999999603,[49.99278464 49.99286087 49.99287947 49.99292201],49.992861747712844,972.4149216356258,1767.000000000002
22.799999999999603,[49.99284433 49.9929091  49.99287721 49.99292099],49.99288791003555,972.2920882409675,1767.0000000000005
22.819999999999602,[49.99290871 49.9929628  49.99287729 49.99292258],49.992917845763856,972.083424010704,1767.0000000000095
22.839999999999602,[49.99297244 49.99301524 49.99287785 49.99292428],49.99294745172317,972.304320319554,1766.9999999999973
22.8599999999996,[49.99303424 49.99306527 49.99287848 49.99292558],49.99297589269956,972.1652043851432,1767.0000000000043
22.8799999999996,[49.99309786 49.99311778 49.99288132 49.99292914],49.99300652332349,972.102439822371,1766.9999999999995
22.8999999999996,[49.99315866 49.99316705 49.99288466 49.9929327 ],49.993035767456846,972.2630512901643,1766.9999999999968
22.9199999999996,[49.99321901 49.99321651 49.99288973 49.99293787],49.993065779051925,972.0182782132756,1766.9999999999995
22.9399999999996,[49.99328331 49.99327179 49.99289896 49.99294767],49.993100431859105,971.8513979171049,1767.0000000000048
22.9599999999996,[49.99334562 49.99332541 49.99291004 49.99295905],49.99313503107582,972.0003734458339,1767.000000000002
22.9799999999996,[49.99340206 49.99337277 49.99292138 49.99296998],49.99316654700787,972.087892062933,1766.9999999999948
22.9999999999996,[49.99345568 49.99341796 49.99293452 49.99298245],49.993197651634375,972.0114805704378,1767.0000000000045
23.019999999999598,[49.99350927 49.99346464 49.99295094 49.99299835],49.99323080204542,971.8914103052327,1767.0000000000018
23.039999999999598,[49.99355793 49.99350656 49.99296874 49.99301515],49.9932620937646,972.1427769767768,1767.0000000000025
23.059999999999597,[49.99360361 49.99354657 49.99298869 49.99303395],49.99329320575691,971.8813994207336,1767.0000000000016
23.079999999999597,[49.99365244 49.99359233 49.99301384 49.9930586 ],49.99332930483632,971.6970304340477,1766.9999999999936
23.099999999999596,[49.99370374 49.99364296 49.99304402 49.99308883],49.99336988591429,971.4773201079224,1767.0000000000036
23.119999999999596,[49.99375254 49.993692   49.99307719 49.99312195],49.99341091902124,971.6313624872614,1766.9999999999955
23.139999999999596,[49.99379555 49.9937354  49.99311175 49.99315594],49.99344966080925,971.6426923302772,1766.999999999999
23.159999999999595,[49.99383339 49.9937739  49.99314799 49.9931912 ],49.9934866209477,971.7539700087762,1766.9999999999982
23.179999999999595,[49.99386538 49.99380665 49.99318552 49.99322725],49.99352120065737,971.8161288080775,1766.9999999999989
23.199999999999594,[49.99389238 49.99383473 49.99322464 49.99326451],49.99355406661916,971.8717713359389,1767.0000000000011
23.219999999999594,[49.99391109 49.99385385 49.99326377 49.99330099],49.99358242542495,972.1696138317322,1766.9999999999961
23.239999999999593,[49.99392555 49.99386931 49.99330438 49.99333871],49.99360948690281,971.9562548965778,1767.0000000000032
23.259999999999593,[49.99394023 49.99388656 49.99334847 49.99338027],49.993638880216665,971.9488785755642,1767.0000000000027
23.279999999999593,[49.99395185 49.9939013  49.99339435 49.99342352],49.99366775509418,971.9759582447896,1766.9999999999948
23.299999999999592,[49.99396214 49.99391572 49.99344254 49.9934692 ],49.993697398144214,971.8610380228818,1766.999999999999
23.31999999999959,[49.99397197 49.99393071 49.99349324 49.99351762],49.99372838363759,971.8403182504061,1766.9999999999977
23.33999999999959,[49.99398114 49.99394591 49.99354606 49.99356834],49.99376036253576,971.7555228331784,1766.999999999998
23.35999999999959,[49.9939855  49.99395579 49.99359894 49.99361873],49.99378973916228,972.0381922459538,1767.0000000000011
23.37999999999959,[49.99398357 49.99395858 49.99365072 49.99366746],49.99381508217303,972.075465677315,1766.9999999999984
23.39999999999959,[49.99397984 49.99395983 49.9937031  49.99371679],49.9938398914986,972.0648361571157,1767.000000000001
23.41999999999959,[49.993976   49.99396156 49.99375651 49.99376738],49.99386536631424,972.0022998742639,1766.9999999999957
23.43999999999959,[49.99397664 49.99396944 49.99381268 49.99382152],49.993895071407195,971.6925988137144,1767.000000000001
23.45999999999959,[49.99398298 49.9939847  49.993872   49.99387969],49.99392984036194,971.5603077438368,1766.9999999999961
23.47999999999959,[49.99399096 49.99400193 49.99393234 49.99393919],49.99396610521677,971.5516120475745,1767.0000000000055
23.499999999999588,[49.99400245 49.99402341 49.99399416 49.99400069],49.99400517779003,971.3099307585578,1767.0000000000043
23.519999999999587,[49.99401906 49.99405086 49.99405801 49.99406487],49.99404820057537,971.2056609630475,1767.000000000007
23.539999999999587,[49.99403878 49.9940815  49.99412272 49.99413024],49.99409331093858,971.1215514883105,1767.0000000000007
23.559999999999587,[49.99406013 49.99411323 49.99418738 49.99419564],49.99413909480493,971.1371975754298,1767.0000000000005
23.579999999999586,[49.99407753 49.99413876 49.99424925 49.99425756],49.994180771451454,971.4566335855747,1766.9999999999945
23.599999999999586,[49.99409446 49.99416264 49.99430942 49.99431754],49.994221014385204,971.249061320004,1767.0000000000027
23.619999999999585,[49.99411657 49.99419174 49.99437037 49.99437875],49.994264360388314,971.1873912661002,1767.0000000000045
23.639999999999585,[49.99414253 49.99422425 49.99443132 49.99444019],49.99430957387352,971.0846015792392,1766.9999999999939
23.659999999999584,[49.99417479 49.99426315 49.9944932  49.99450307],49.99435854996308,970.8640560465724,1767.0000000000048
23.679999999999584,[49.99421566 49.99431119 49.99455699 49.99456862],49.99441311634493,970.6076944251146,1767.0000000000002
23.699999999999584,[49.99425655 49.99435719 49.99461889 49.99463186],49.99446612468159,970.9889557164566,1767.0000000000027
23.719999999999583,[49.99428821 49.99438959 49.9946744  49.9946871 ],49.994509826359526,971.3862725776617,1767.0000000000034
23.739999999999583,[49.99431584 49.99441527 49.99472556 49.99473712],49.99454844758045,971.4135243266215,1766.999999999993
23.759999999999582,[49.99434646 49.99444315 49.99477546 49.99478594],49.99458775097348,971.3266630262227,1766.9999999999977
23.779999999999582,[49.99438479 49.9944793  49.99482621 49.99483628],49.99463164471937,971.0252816093355,1766.9999999999993
23.79999999999958,[49.99443019 49.99452274 49.99487766 49.9948879 ],49.99467962042502,970.980874521955,1766.9999999999964
23.81999999999958,[49.99447726 49.99456673 49.99492738 49.99493767],49.99472725778977,971.0515762280373,1767.0000000000011
23.83999999999958,[49.99452352 49.99460826 49.99497421 49.99498414],49.99477253215178,971.1778952604623,1766.9999999999998
23.85999999999958,[49.99456989 49.99464874 49.99501851 49.99502783],49.99481624194671,971.1818145112138,1767.000000000006
23.87999999999958,[49.99461883 49.99469141 49.99506143 49.99507025],49.994860478818325,971.1321907252764,1766.9999999999984
23.89999999999958,[49.994671   49.99473724 49.99510338 49.99511192],49.99490588460013,971.0819472510802,1767.0000000000018
23.91999999999958,[49.99472202 49.99478074 49.99514252 49.99515046],49.99494893340074,971.328873675806,1767.0000000000011
23.93999999999958,[49.99476465 49.99481302 49.9951756  49.99518175],49.99498375657724,971.772977460017,1767.0000000000011
23.959999999999578,[49.99479986 49.99483576 49.99520293 49.99520633],49.99501122020276,971.9479023792852,1767.0000000000005
23.979999999999578,[49.99483195 49.99485469 49.99522649 49.99522683],49.995034990139644,972.0838133547809,1766.9999999999966
23.999999999999577,[49.99486432 49.99487442 49.99524789 49.99524538],49.99505800234963,972.0117025047457,1766.9999999999952
24.019999999999577,[49.99489898 49.99489765 49.99526819 49.99526336],49.995082045082,971.9966050829815,1766.9999999999957
24.039999999999576,[49.99492832 49.99491483 49.99528417 49.9952766 ],49.99510098045119,972.4405846490513,1767.000000000004
24.059999999999576,[49.99495163 49.99492557 49.99529531 49.99528463],49.99511428553027,972.4699482325323,1766.9999999999973
24.079999999999576,[49.99497504 49.99493784 49.99530453 49.99529122],49.99512715626076,972.4763241779119,1767.0000000000045
24.099999999999575,[49.99500082 49.99495467 49.99531295 49.99529781],49.99514156121291,972.3394469901376,1766.999999999988
24.119999999999575,[49.99502743 49.99497413 49.99532009 49.99530379],49.995156360673015,972.4408188501114,1766.999999999999
24.139999999999574,[49.99504676 49.99498603 49.99532243 49.99530459],49.995164953261906,972.8590699413267,1767.0000000000027
24.159999999999574,[49.99506335 49.99499655 49.99532181 49.99530274],49.99517111191536,972.6431879343513,1766.9999999999839
24.179999999999573,[49.99508289 49.99501275 49.99532112 49.99530184],49.995179649616084,972.6554249148892,1766.9999999999989
24.199999999999573,[49.99510281 49.9950314  49.99531931 49.99530052],49.99518851199379,972.6117110630943,1766.9999999999952
24.219999999999573,[49.99512279 49.995052   49.99531639 49.99529874],49.99519747968643,972.6416247081241,1767.000000000001
24.239999999999572,[49.99514034 49.99507136 49.99531138 49.99529517],49.99520456283475,972.7647526441443,1766.9999999999936
24.25999999999957,[49.99515431 49.99508798 49.99530382 49.9952892 ],49.99520882942859,972.87273248257,1767.0000000000027
24.27999999999957,[49.9951637  49.99510049 49.9952934  49.99528035],49.99520948101867,973.0627300943302,1767.0000000000007
24.29999999999957,[49.99516947 49.9951101  49.99528056 49.99526918],49.995207328814075,973.1023005419938,1766.9999999999955
24.31999999999957,[49.99517695 49.99512345 49.99526783 49.99525887],49.995206775891646,972.9212928060813,1766.999999999983
24.33999999999957,[49.99518819 49.99514283 49.99525636 49.99525077],49.99520953851473,972.81543089684,1766.999999999992
24.35999999999957,[49.99519875 49.99516234 49.99524437 49.99524243],49.995211973747054,972.9401014570009,1767.0000000000002
24.37999999999957,[49.99520558 49.99517797 49.99523052 49.99523208],49.995211539731734,973.047800523034,1767.0000000000052
24.39999999999957,[49.99520778 49.9951884  49.99521452 49.99521924],49.9952074846294,973.235497647501,1766.9999999999939
24.41999999999957,[49.99520658 49.99519511 49.99519693 49.99520458],49.99520080004848,973.259704307679,1766.9999999999952
24.439999999999568,[49.99520473 49.99520136 49.99517911 49.99518978],49.995193744478165,973.2569936281686,1767.0000000000073
24.459999999999567,[49.99520246 49.99520724 49.99516128 49.99517501],49.995186498974874,973.2655167175612,1767.0000000000002
24.479999999999567,[49.9952059  49.99522042 49.99514625 49.99516382],49.99518409675771,972.8387321235014,1766.9999999999911
24.499999999999567,[49.99521404 49.9952391  49.99513395 49.99515588],49.99518574475731,972.9126127185704,1767.000000000003
24.519999999999566,[49.99521878 49.99525288 49.99512076 49.99514647],49.99518472304378,973.0509266709987,1766.9999999999948
24.539999999999566,[49.99521716 49.99525791 49.99510539 49.99513385],49.995178579590124,973.3311288398346,1767.0000000000077
24.559999999999565,[49.99521612 49.99526307 49.99509082 49.9951219 ],49.99517297785286,972.9931292900372,1766.9999999999861
24.579999999999565,[49.99522001 49.99527353 49.99507935 49.99511339],49.995171570327194,972.9650284017549,1767.0
24.599999999999564,[49.99522147 49.9952798  49.99506777 49.99510411],49.995168289746346,973.1371897694155,1766.9999999999934
24.619999999999564,[49.99521923 49.99528032 49.99505546 49.99509325],49.99516206473666,973.1993686132242,1766.9999999999957
24.639999999999564,[49.99521492 49.99527714 49.99504319 49.99508179],49.995154258222136,973.2568385023723,1767.000000000002
24.659999999999563,[49.99520785 49.9952694  49.99503069 49.99506936],49.995144323323075,973.3650524113987,1766.999999999996
24.679999999999563,[49.99519786 49.99525697 49.99501787 49.99505586],49.995132139047996,973.4328507316809,1767.000000000004
24.699999999999562,[49.99519039 49.9952469  49.99500713 49.99504443],49.99512221317113,973.1617616691381,1766.9999999999911
24.719999999999562,[49.99518043 49.99523264 49.99499648 49.99503239],49.99511048527676,973.5706732495165,1766.9999999999973
24.73999999999956,[49.99516416 49.99520975 49.99498389 49.99501729],49.99509377272286,973.5681641680247,1766.9999999999957
24.75999999999956,[49.99514954 49.99518846 49.99497295 49.9950038 ],49.99507868585465,973.4208899661676,1766.9999999999995
24.77999999999956,[49.99513692 49.99516925 49.99496387 49.99499222],49.99506556365874,973.3895492895914,1767.0000000000066
24.79999999999956,[49.9951299  49.99515689 49.99495819 49.99498456],49.99505738691298,972.9912556363968,1766.9999999999961
24.81999999999956,[49.99513231 49.99515614 49.99495779 49.9949832 ],49.99505736135173,972.6892035895021,1766.9999999999993
24.83999999999956,[49.99514021 49.99516196 49.99496098 49.99498594],49.99506227256744,972.5606001580747,1766.9999999999927
24.85999999999956,[49.99514929 49.99516893 49.99496583 49.99499029],49.99506858670803,972.5555893987507,1766.9999999999995
24.87999999999956,[49.9951602  49.99517802 49.99497254 49.99499655],49.99507682723161,972.3829465081333,1766.9999999999916
24.899999999999558,[49.99516719 49.99518182 49.99497869 49.99500154],49.99508231091563,972.7719213569594,1767.0
24.919999999999558,[49.99517169 49.99518257 49.99498455 49.99500581],49.99508615295136,972.5064238704911,1766.9999999999973
24.939999999999557,[49.99517973 49.99518778 49.99499303 49.99501304],49.99509339405439,972.4710137999498,1767.0000000000048
24.959999999999557,[49.99519001 49.99519588 49.99500349 49.99502245],49.995102957568804,972.2962274132196,1766.9999999999998
24.979999999999556,[49.99520401 49.99520873 49.99501667 49.99503495],49.99511609147276,972.155649981597,1767.0000000000039
24.999999999999556,[49.99521703 49.9952203  49.9950305  49.99504789],49.9951289286478,972.3062641251103,1766.9999999999986
25.019999999999555,[49.99522845 49.99522999 49.99504454 49.99506076],49.99514093600534,972.211134003274,1767.0000000000066
25.039999999999555,[49.99524348 49.99524441 49.99506113 49.9950766 ],49.995156405425455,972.000696591506,1767.0000000000043
25.059999999999555,[49.99526249 49.99526393 49.99508051 49.9950957 ],49.99517565902093,971.8782929681493,1767.0000000000025
25.079999999999554,[49.99528197 49.99528403 49.99510114 49.99511603],49.99519579055448,971.9124514471341,1767.0000000000011
25.099999999999554,[49.99530249 49.99530552 49.99512316 49.99513782],49.99521724804881,971.7526992438023,1766.9999999999993
25.119999999999553,[49.99532309 49.99532705 49.99514621 49.9951606 ],49.99523923910832,971.853596684475,1766.9999999999982
25.139999999999553,[49.9953431  49.99534787 49.99516987 49.99518385],49.995261172578466,971.7441404963059,1766.9999999999964
25.159999999999553,[49.99536718 49.99537385 49.99519623 49.99521028],49.99528688222901,971.5225361984494,1767.0000000000005
25.179999999999552,[49.99539578 49.9954054  49.99522557 49.99524018],49.99531673259952,971.3822417731553,1766.9999999999968
25.19999999999955,[49.99542713 49.99544017 49.9952571  49.99527253],49.99534923276269,971.2860871345583,1766.9999999999986
25.21999999999955,[49.99546316 49.99548059 49.99529166 49.99530839],49.99538594949716,971.0139826233169,1766.9999999999923
25.23999999999955,[49.9955012  49.99552305 49.9953282  49.99534632],49.99542468863139,971.1022470090193,1767.0000000000136
25.25999999999955,[49.99553802 49.99556347 49.99536513 49.9953843 ],49.995462727347864,971.0597825959115,1767.0000000000036
25.27999999999955,[49.9955742  49.99560253 49.99540274 49.99542268],49.99550053994615,971.108471957658,1767.0000000000077
25.29999999999955,[49.99560926 49.99563961 49.99544074 49.99546112],49.995537686532096,971.1035488747463,1767.0000000000064
25.31999999999955,[49.99564428 49.99567607 49.99547961 49.99550022],49.995575045487264,971.0787367919065,1767.000000000003
25.33999999999955,[49.99568027 49.99571318 49.99551978 49.99554054],49.99561344132803,971.0047672826356,1767.0000000000027
25.35999999999955,[49.99571424 49.99574708 49.99555994 49.99558038],49.99565041155088,971.1874723651629,1767.0000000000052
25.379999999999548,[49.99574674 49.99577862 49.99560017 49.99561991],49.99568635988331,971.0802800883085,1767.0000000000011
25.399999999999547,[49.99578993 49.99582328 49.99564585 49.99566612],49.99573129416578,970.4207556601456,1766.9999999999911
25.419999999999547,[49.99584351 49.99588026 49.99569726 49.99571913],49.99578503951925,970.3270888877727,1767.0000000000005
25.439999999999547,[49.99590033 49.9959405  49.99575107 49.99577469],49.99584164805848,970.1679768446913,1766.9999999999911
25.459999999999546,[49.99595704 49.99599965 49.99580586 49.9958309 ],49.99589836335986,970.3062061536369,1766.999999999998
25.479999999999546,[49.9960113  49.99605488 49.99586044 49.99588629],49.99595322886,970.3123359298919,1767.000000000004
25.499999999999545,[49.99606125 49.9961038  49.99591399 49.99593979],49.9960047088387,970.5802755777605,1767.000000000007
25.519999999999545,[49.99610968 49.99615022 49.99596756 49.99599285],49.99605507602839,970.3960586591069,1766.9999999999955
25.539999999999544,[49.99616081 49.99619938 49.99602315 49.99604803],49.996107841201365,970.3685497119128,1767.0000000000068
25.559999999999544,[49.99621502 49.99625188 49.9960809  49.99610553],49.996163332137286,970.1569184897974,1767.000000000002
25.579999999999544,[49.99627138 49.99630643 49.99614049 49.99616488],49.99622079630279,970.1925618325624,1766.9999999999973
25.599999999999543,[49.99632666 49.99635908 49.99620038 49.99622416],49.99627757121881,970.2053065327443,1767.000000000001
25.619999999999543,[49.99638254 49.99641206 49.99626127 49.99628431],49.996335044983454,970.1244042921885,1766.9999999999984
25.639999999999542,[49.99643961 49.99646614 49.99632342 49.99634569],49.99639371505092,970.0953656366993,1766.9999999999993
25.659999999999542,[49.99649762 49.99652111 49.99638669 49.99640813],49.99645338849339,970.0308560040911,1766.9999999999989
25.67999999999954,[49.99655762 49.99657836 49.99645153 49.99647224],49.99651493614675,969.9285908038707,1766.9999999999895
25.69999999999954,[49.99662277 49.99664195 49.99651931 49.99653982],49.996580965589715,969.6445261881049,1767.0000000000014
25.71999999999954,[49.99669431 49.99671338 49.99659072 49.99661169],49.99665252337561,969.4536676525902,1766.9999999999952
25.73999999999954,[49.99677065 49.99679058 49.99666505 49.99668693],49.996728304074054,969.2791004023643,1766.999999999998
25.75999999999954,[49.99684723 49.99686771 49.99674033 49.99676296],49.99680455917283,969.4034955940239,1767.0
25.77999999999954,[49.99692227 49.99694266 49.99681562 49.99683864],49.99687979754287,969.3548372201076,1767.0000000000057
25.79999999999954,[49.99699474 49.99701408 49.99689052 49.99691341],49.99695318790639,969.5493844866611,1767.0000000000002
25.81999999999954,[49.99706477 49.99708232 49.99696491 49.99698724],49.99702481038837,969.4946307737049,1766.9999999999977
25.839999999999538,[49.99714008 49.99715722 49.99704225 49.9970646 ],49.99710103462479,969.1531383694479,1767.0000000000011
25.859999999999538,[49.99721922 49.99723672 49.9971221  49.99714481],49.997180712929534,969.1944141155335,1766.9999999999968
25.879999999999537,[49.99729869 49.9973165  49.99720279 49.99722577],49.997260937831456,969.0977692347661,1766.9999999999977
25.899999999999537,[49.99738031 49.99739881 49.99728514 49.99730855],49.997343201707494,969.0133436967951,1767.0000000000061
25.919999999999536,[49.99746205 49.99748106 49.99736828 49.99739199],49.99742584736367,969.0561229420167,1766.999999999998
25.939999999999536,[49.99754434 49.99756386 49.99745232 49.99747628],49.997509200009155,968.9445105445454,1767.0000000000045
25.959999999999535,[49.9976303  49.99765112 49.99753868 49.99756324],49.997595835198105,968.7703592191768,1767.0000000000032
25.979999999999535,[49.99772043 49.99774341 49.99762765 49.99765321],49.997686173801725,968.6229838841847,1766.9999999999982
25.999999999999535,[49.99781291 49.99783834 49.99771847 49.99774516],49.9977787204281,968.5744066954239,1766.9999999999995
26.019999999999534,[49.99790864 49.99793704 49.99781148 49.99783957],49.99787418192055,968.3674174739521,1766.9999999999918
26.039999999999534,[49.99800555 49.99803673 49.99790591 49.99793534],49.997970882603184,968.4595133772983,1767.0000000000034
26.059999999999533,[49.99810507 49.99813935 49.99800225 49.99803316],49.99806995793334,968.1571095557064,1766.9999999999977
26.079999999999533,[49.99821147 49.99825011 49.99810258 49.99813564],49.998174951136875,967.9503252482602,1767.0000000000061
26.099999999999532,[49.99831741 49.9983595  49.99820375 49.99823863],49.99827982304276,968.1558340486522,1767.000000000004
26.119999999999532,[49.99842126 49.99846565 49.99830486 49.99834102],49.99838319594708,968.0654640982347,1766.9999999999998
26.13999999999953,[49.998528   49.99857478 49.99840818 49.99844574],49.99848917427126,967.9253782108653,1767.0000000000048
26.15999999999953,[49.99863218 49.99867988 49.99851143 49.99854976],49.998593311874956,968.2090836204882,1766.9999999999977
26.17999999999953,[49.99873044 49.99877687 49.99861288 49.99865097],49.998692791210345,968.306878091824,1767.0000000000005
26.19999999999953,[49.99882822 49.99887275 49.99871494 49.99875251],49.99879210665835,968.2126378628542,1767.0000000000025
26.21999999999953,[49.9989272  49.99896967 49.99881843 49.99885542],49.99889268244325,968.1904550295569,1767.0000000000036
26.23999999999953,[49.99902935 49.99907017 49.99892417 49.9989608 ],49.99899612371722,967.961027627346,1766.9999999999936
26.25999999999953,[49.99913551 49.99917525 49.99903264 49.99906924],49.99910315853954,967.8770348696816,1767.0000000000045
26.27999999999953,[49.99924082 49.99927876 49.99914167 49.99917793],49.9992097952059,967.9833908038222,1766.9999999999973
26.299999999999528,[49.99934827 49.99938472 49.99925244 49.99928848],49.9993184786132,967.6937366228801,1767.0000000000025
26.319999999999528,[49.99946    49.99949567 49.99936605 49.99940225],49.99943099216403,967.6493389618845,1766.9999999999934
26.339999999999527,[49.9995676  49.99960098 49.99947873 49.99951439],49.999540424354635,967.9413863038727,1766.9999999999977
26.359999999999527,[49.99966995 49.99969951 49.99958974 49.99962407],49.99964581851696,967.9782026622911,1766.999999999997
26.379999999999526,[49.99977147 49.99979695 49.99970102 49.99973384],49.999750822005936,967.9634442455084,1766.9999999999973
26.399999999999526,[49.99987471 49.99989664 49.99981366 49.99984515],49.99985754249535,967.8228587696665,1767.0000000000045
26.419999999999526,[49.99997947 49.99999829 49.99992762 49.99995794],49.999965830193716,967.8204343368619,1767.0000000000061
26.439999999999525,[50.0000799  50.00009454 50.00004021 50.00006879],50.00007085976363,968.0860899930431,1767.0000000000066
26.459999999999525,[50.00017316 50.00018203 50.00014995 50.00017592],50.00017026508226,968.2835301696149,1767.0000000000011
26.479999999999524,[50.00026073 50.00026282 50.00025735 50.00028007],50.00026524283412,968.4490815041216,1767.0000000000016
26.499999999999524,[50.00034353 50.00033826 50.00036265 50.0003817 ],50.00035653558943,968.5845710936383,1767.0000000000002
26.519999999999524,[50.00042606 50.00041429 50.00046771 50.00048329],50.00044784000915,968.439354553337,1766.9999999999993
26.539999999999523,[50.00051267 50.00049637 50.00057445 50.00058735],50.00054271083406,968.2753418771445,1766.9999999999939
26.559999999999523,[50.00059728 50.00057677 50.00068016 50.0006904 ],50.00063615308832,968.5502591904517,1766.999999999994
26.579999999999522,[50.00067381 50.00064797 50.00078182 50.00078869],50.0007230729811,968.8156683574736,1766.9999999999993
26.599999999999522,[50.00074807 50.00071761 50.00088173 50.00088534],50.0008081870523,968.6942370066112,1767.0000000000011
26.61999999999952,[50.00082406 50.0007907  50.00098168 50.00098268],50.00089477727321,968.6832276303994,1766.9999999999934
26.63999999999952,[50.0009002  50.00086523 50.00108083 50.00107967],50.00098148129659,968.6764391216929,1767.0000000000048
26.65999999999952,[50.00097434 50.00093847 50.00117811 50.00117498],50.00106647384623,968.8190838035088,1767.0000000000052
26.67999999999952,[50.00104482 50.00100835 50.00127256 50.00126746],50.00114829767696,968.9353013761968,1767.0000000000011
26.69999999999952,[50.00111204 50.0010754  50.00136421 50.00135719],50.00122720946592,969.056669027211,1766.9999999999945
26.71999999999952,[50.00118004 50.00114479 50.00145466 50.00144633],50.00130645361409,968.9000560648876,1767.0000000000016
26.73999999999952,[50.00124987 50.00121764 50.0015444  50.00153548],50.00138684692104,968.9523356281444,1766.9999999999995
26.75999999999952,[50.00131786 50.00128923 50.00163166 50.00162235],50.001465275496884,969.0578765614187,1767.0000000000023
26.779999999999518,[50.0013864  50.00136255 50.00171731 50.00170815],50.00154360140124,968.953555936578,1767.0000000000057
26.799999999999518,[50.0014557  50.00143766 50.00180149 50.00179298],50.001621956243184,969.0477322011384,1766.9999999999957
26.819999999999517,[50.00151908 50.00150592 50.00188109 50.00187284],50.00169473246126,969.4155784974716,1766.9999999999993
26.839999999999517,[50.00157786 50.00156913 50.00195643 50.00194823],50.001762910017156,969.427994583408,1766.9999999999927
26.859999999999516,[50.00163218 50.00162723 50.00202759 50.00201923],50.001826560932294,969.7898555830292,1767.000000000002
26.879999999999516,[50.00168126 50.00167934 50.00209398 50.00208515],50.001884934818726,969.8661239924916,1767.0000000000068
26.899999999999515,[50.00173651 50.00173987 50.00216061 50.00215247],50.00194736761558,969.4421242482385,1767.0000000000016
26.919999999999515,[50.00179876 50.00180942 50.00222813 50.00222185],50.002014537478686,969.4601099747339,1767.0000000000034
26.939999999999515,[50.00186179 50.00187999 50.00229367 50.00228958],50.00208125639383,969.4723654573675,1767.0000000000061
26.959999999999514,[50.00192512 50.00195081 50.002357   50.0023553 ],50.00214705603366,969.5294022801856,1767.000000000002
26.979999999999514,[50.0019852  50.00201722 50.00241655 50.00241695],50.002208978654934,969.7903985602024,1766.9999999999995
26.999999999999513,[50.00204056 50.00207737 50.00247155 50.00247355],50.002265759879066,969.9540865606341,1767.0000000000023
27.019999999999513,[50.00209606 50.00213741 50.00252415 50.00252786],50.0023213693042,969.8809492302968,1766.9999999999982
27.039999999999512,[50.00215956 50.00220717 50.00257797 50.00258447],50.00238229106807,969.4981741811166,1767.0000000000027
27.059999999999512,[50.00222676 50.00228076 50.00263142 50.00264114],50.002445018420765,969.7188331635394,1766.9999999999998
27.07999999999951,[50.00229053 50.00234922 50.00268123 50.00269365],50.00250365716643,969.8320010501858,1767.0000000000027
27.09999999999951,[50.00235541 50.0024183  50.00272948 50.00274464],50.00256196005461,969.7364418078539,1766.9999999999995
27.11999999999951,[50.00241997 50.00248598 50.00277574 50.00279346],50.002618785118656,969.9449681548043,1766.9999999999957
27.13999999999951,[50.0024883  50.00255762 50.00282179 50.00284241],50.002677533085965,969.5628533728644,1767.000000000002
27.15999999999951,[50.00256571 50.00263963 50.00287041 50.00289488],50.00274265894149,969.3948303507905,1767.0000000000064
27.17999999999951,[50.0026453  50.00272312 50.00291876 50.00294706],50.00280855948662,969.4831303974747,1767.000000000001
27.19999999999951,[50.00272843 50.0028099  50.00296749 50.00299978],50.00287639760536,969.216505513664,1766.999999999999
27.21999999999951,[50.00281684 50.00290197 50.00301776 50.00305433],50.002947724135794,969.1728641453228,1767.0000000000048
27.239999999999508,[50.00290529 50.00299265 50.00306742 50.00310787],50.003018308992495,969.2613460438561,1767.000000000002
27.259999999999508,[50.00299349 50.00308166 50.0031165  50.00316037],50.00308800385137,969.2295555126062,1767.0000000000011
27.279999999999507,[50.00308107 50.00316849 50.0031651  50.00321186],50.00315663003995,969.3322569582233,1767.0000000000016
27.299999999999507,[50.00316578 50.00325044 50.00321239 50.00326123],50.00322246016853,969.4453388444709,1766.9999999999961
27.319999999999506,[50.00325029 50.00333102 50.00325973 50.00331018],50.00328780594759,969.3529341298641,1767.0000000000045
27.339999999999506,[50.00333247 50.00340754 50.00330648 50.00335783],50.00335108134597,969.598627711591,1766.9999999999984
27.359999999999506,[50.00341287 50.00348102 50.00335291 50.00340457],50.00341284348076,969.4590563180792,1767.0000000000064
27.379999999999505,[50.00349657 50.00355799 50.00340162 50.00345366],50.003477457034954,969.3362984498273,1767.0000000000093
27.399999999999505,[50.00357969 50.00363357 50.00345114 50.00350314],50.003541885530844,969.4512698907502,1767.00000000001
27.419999999999504,[50.00366492 50.0037115  50.0035027  50.00355465],50.003608443898464,969.133030854715,1767.0000000000086
27.439999999999504,[50.00375197 50.00379134 50.00355657 50.00360843],50.00367707720459,969.251219074201,1767.0000000000089
27.459999999999503,[50.00383683 50.00386829 50.003611   50.00366225],50.00374459129018,969.2013179114621,1767.0000000000057
27.479999999999503,[50.0039185  50.00394122 50.00366573 50.00371578],50.00381030799267,969.3758887481151,1767.0000000000011
27.499999999999503,[50.00399831 50.00401215 50.00372135 50.00376983],50.00387540998989,969.2261907395564,1767.0000000000027
27.519999999999502,[50.00407831 50.00408372 50.00377901 50.00382586],50.00394172779316,969.2458473306091,1767.0000000000039
27.5399999999995,[50.00415862 50.00415633 50.00383881 50.00388404],50.00400945007092,969.0797403578943,1767.00000000001
27.5599999999995,[50.00424215 50.00423371 50.00390221 50.00394622],50.004081073122016,968.8883824120485,1767.0000000000107
27.5799999999995,[50.0043291  50.0043162  50.00396945 50.00401269],50.00415686034293,968.6991574497363,1767.0000000000084
27.5999999999995,[50.00441934 50.00440363 50.00404057 50.00408349],50.00423675793378,968.5114215663474,1767.0000000000061
27.6199999999995,[50.00450764 50.0044893  50.00411339 50.00415575],50.0043165195251,968.6789115811645,1766.9999999999968
27.6399999999995,[50.00458812 50.00456598 50.0041852  50.00422606],50.00439133928364,968.8959025707828,1766.9999999999995
27.6599999999995,[50.00466487 50.00463903 50.00425769 50.00429667],50.0044645637674,968.782072009494,1767.0000000000093
27.6799999999995,[50.00474052 50.00471176 50.00433214 50.00436924],50.00453841433414,968.8118518394523,1767.0000000000023
27.6999999999995,[50.00481399 50.00478287 50.00440801 50.0044431 ],50.0046119922522,968.7737402980957,1767.000000000004
27.719999999999498,[50.00488234 50.00484856 50.00448399 50.00451659],50.00468286948725,969.0079694535262,1766.9999999999932
27.739999999999498,[50.00494658 50.00491035 50.00456029 50.00459009],50.004751828403016,968.9046373225215,1767.0000000000016
27.759999999999497,[50.00500793 50.00496969 50.00463748 50.00466435],50.004819863485814,969.0552127178305,1766.9999999999995
27.779999999999497,[50.00506679 50.00502718 50.00471549 50.00473939],50.00488721433604,968.9322545465718,1767.0000000000002
27.799999999999496,[50.00512185 50.00508106 50.00479373 50.00481446],50.004952773218,969.1761953263576,1766.9999999999923
27.819999999999496,[50.00517047 50.0051281  50.00487069 50.00488774],50.00501425092261,969.2468408641149,1767.0000000000011
27.839999999999495,[50.00522175 50.00517994 50.00495019 50.00496428],50.00507904180979,968.8688457259138,1766.9999999999995
27.859999999999495,[50.00527409 50.00523418 50.00503163 50.00504321],50.00514577578981,969.0544661007034,1766.9999999999993
27.879999999999495,[50.0053193  50.0052805  50.00511098 50.00511947],50.00520756310717,969.257288591509,1767.0000000000075
27.899999999999494,[50.00535463 50.00531543 50.00518672 50.00519123],50.0052620002079,969.646345388098,1766.9999999999905
27.919999999999494,[50.00537895 50.00533771 50.00525793 50.00525746],50.005308009796224,969.9414532735088,1767.0000000000084
27.939999999999493,[50.00539061 50.00534527 50.00532355 50.00531695],50.00534409224742,970.458288530212,1766.9999999999786
27.959999999999493,[50.00539273 50.00534237 50.00538443 50.00537105],50.005372643054,970.5537229378058,1766.9999999999945
27.979999999999492,[50.00539835 50.00534561 50.00544609 50.00542701],50.005404265953445,970.1789388511637,1766.9999999999995
27.999999999999492,[50.00541253 50.0053611  50.00551074 50.00548767],50.00544300919812,969.9333677628043,1767.0000000000005
28.01999999999949,[50.0054245  50.00537492 50.00557342 50.00554664],50.00547986845427,970.3165354460357,1767.0000000000007
28.03999999999949,[50.00542685 50.00537783 50.00563024 50.0055991 ],50.005508505559405,970.6059036535487,1766.9999999999964
28.05999999999949,[50.00542546 50.0053774  50.00568338 50.00564805],50.00553357261759,970.5988195644563,1767.0000000000027
28.07999999999949,[50.00542385 50.00537795 50.00573419 50.00569527],50.0055578162486,970.6576947042648,1766.9999999999939
28.09999999999949,[50.005421   50.00537808 50.00578191 50.00573988],50.0055802170901,970.7371678047782,1766.9999999999995
28.11999999999949,[50.00541968 50.00538125 50.00582746 50.00578313],50.00560287813153,970.6197480040231,1767.0000000000093
28.13999999999949,[50.00542015 50.00538755 50.0058708  50.00582498],50.00562587080365,970.6934920479595,1766.9999999999973
28.15999999999949,[50.00541767 50.00539081 50.00590956 50.00586241],50.00564511055041,970.9205373885346,1767.0000000000016
28.179999999999488,[50.00541324 50.00539226 50.00594382 50.00589562],50.00566123294989,970.9417481792083,1767.0000000000027
28.199999999999488,[50.00540887 50.00539429 50.00597435 50.0059256 ],50.005675778712906,971.0396367581816,1767.0000000000025
28.219999999999487,[50.0054054  50.00539781 50.0060013  50.00595256],50.00568926882758,971.0175624535857,1767.0000000000064
28.239999999999487,[50.00540681 50.0054077  50.00602633 50.00597864],50.005704870820885,970.8490376721873,1767.0000000000061
28.259999999999486,[50.00541345 50.00542408 50.00604961 50.00600396],50.00572277570381,970.8106679419043,1766.9999999999952
28.279999999999486,[50.00541895 50.0054386  50.00606826 50.00602475],50.00573763891461,971.0920246837692,1766.9999999999993
28.299999999999486,[50.0054234  50.00545138 50.00608207 50.00604077],50.00574940443439,971.0590112671741,1766.9999999999936
28.319999999999485,[50.00542671 50.00546202 50.00609111 50.006052  ],50.00575796247337,971.3496506023442,1767.0000000000023
28.339999999999485,[50.00542544 50.00546615 50.00609369 50.0060563 ],50.00576039557759,971.5628132005407,1767.0000000000025
28.359999999999484,[50.00542195 50.00546671 50.00609085 50.00605497],50.005758619660824,971.6926252621713,1767.0000000000023
28.379999999999484,[50.00542225 50.00547133 50.00608528 50.00605146],50.00575757997904,971.4896315588313,1767.0
28.399999999999483,[50.00542998 50.00548434 50.00607884 50.00604805],50.005760302678596,971.3639437630402,1766.999999999998
28.419999999999483,[50.00543879 50.00549747 50.00606891 50.0060412 ],50.005761593263735,971.5973982966121,1767.000000000007
28.439999999999483,[50.00544501 50.00550615 50.00605385 50.00602878],50.005758445822835,971.7246597275221,1766.9999999999973
28.459999999999482,[50.00544645 50.00550757 50.00603283 50.00600967],50.00574912821662,972.1037176570645,1766.9999999999984
28.47999999999948,[50.00544393 50.00550299 50.00600619 50.00598434],50.00573436087804,972.1705987892674,1766.9999999999957
28.49999999999948,[50.0054397  50.00549523 50.0059752  50.00595433],50.00571611492503,972.3833590904721,1766.9999999999961
28.51999999999948,[50.00543544 50.00548665 50.00594071 50.00592074],50.005695885098206,972.3241544024636,1766.9999999999986
28.53999999999948,[50.00543542 50.00548263 50.00590491 50.00588632],50.00567732104933,972.2287973103831,1766.9999999999995
28.55999999999948,[50.00543356 50.00547544 50.00586545 50.0058479 ],50.005655587170075,972.5754783637444,1767.0000000000002
28.57999999999948,[50.0054262  50.00546075 50.00582071 50.00580345],50.005627778792835,972.7243709691979,1767.000000000004
28.59999999999948,[50.0054162  50.00544238 50.0057722  50.00575488],50.00559641332191,972.8586309601639,1766.9999999999993
28.61999999999948,[50.00539972 50.00541559 50.00571846 50.00570027],50.005558508486594,973.2579223793558,1766.9999999999984
28.63999999999948,[50.00537928 50.00538402 50.00566063 50.00564118],50.00551627884779,973.2056908097326,1767.0000000000077
28.659999999999478,[50.00537001 50.00536704 50.00560577 50.00558664],50.005482364025916,972.5400315756013,1767.0000000000005
28.679999999999477,[50.00537013 50.00536207 50.00555379 50.00553631],50.005455573969755,972.5853309457541,1767.0000000000064
28.699999999999477,[50.00536767 50.0053541  50.00549953 50.00548346],50.00542618809462,972.7364906091166,1767.000000000004
28.719999999999477,[50.00535925 50.005339   50.00544164 50.00542634],50.005391557725325,973.0039217111703,1766.999999999995
28.739999999999476,[50.00534796 50.00532103 50.00538166 50.00536695],50.005354399798435,972.9259541726086,1767.000000000001
28.759999999999476,[50.00533807 50.00530561 50.00532185 50.0053081 ],50.00531840619317,972.8815371640491,1767.0000000000025
28.779999999999475,[50.00532594 50.00528815 50.00526092 50.00524803],50.00528076072899,973.0394720028667,1766.9999999999986
28.799999999999475,[50.00530777 50.00526397 50.00519737 50.00518478],50.00523847225942,973.2461715969697,1766.9999999999714
28.819999999999474,[50.00528402 50.00523385 50.00513156 50.0051188 ],50.00519205764901,973.3601980025537,1766.9999999999989
28.839999999999474,[50.00525585 50.00519938 50.00506424 50.00505104],50.005142627876005,973.4728630003335,1766.9999999999814
28.859999999999474,[50.00522623 50.00516446 50.00499691 50.00498339],50.005092745477256,973.3706704583818,1766.9999999999952
28.879999999999473,[50.00519826 50.005133   50.00493123 50.00491793],50.00504510473442,973.2555787054777,1767.0000000000048
28.899999999999473,[50.00517307 50.00510643 50.00486797 50.00485556],50.00500075709127,973.0637978154388,1767.0000000000034
28.919999999999472,[50.00514961 50.00508328 50.00480693 50.00479591],50.00495893277324,973.0122721741495,1767.0000000000032
28.939999999999472,[50.00512376 50.00505827 50.00474646 50.00473676],50.00491631176264,973.0990591143282,1766.9999999999752
28.95999999999947,[50.00509519 50.00503102 50.00468648 50.00467802],50.00487267940851,973.0651763456943,1766.9999999999764
28.97999999999947,[50.00506593 50.00500404 50.00462808 50.00462099],50.004829760754966,973.006237572881,1766.9999999999784
28.99999999999947,[50.00503647 50.00497784 50.00457164 50.00456608],50.00478800652136,972.9338664448304,1766.9999999999734
29.01999999999947,[50.0050015  50.0049455  50.00451498 50.00451039],50.00474309035371,973.2385833226955,1766.9999999999698
29.03999999999947,[50.00495956 50.00490531 50.00445733 50.00445297],50.00469379484083,973.269099843056,1766.9999999999704
29.05999999999947,[50.00491259 50.00485962 50.00439967 50.00439505],50.00464173120835,973.4382923034227,1766.999999999973
29.07999999999947,[50.00486009 50.00480781 50.00434174 50.0043363 ],50.004586483572254,973.5041808928826,1766.9999999999714
29.09999999999947,[50.00480315 50.00475123 50.00428405 50.00427736],50.00452894721804,973.5982906756662,1766.999999999972
29.119999999999468,[50.00474697 50.00469652 50.00422883 50.00422116],50.004473370676074,973.3069236799378,1766.999999999983
29.139999999999468,[50.00469245 50.00464453 50.00417667 50.00416834],50.00442049617621,973.338117869772,1766.999999999977
29.159999999999467,[50.0046322  50.00458582 50.00412417 50.00411454],50.00436418257433,973.5637887408508,1766.999999999962
29.179999999999467,[50.00456804 50.00452285 50.00407192 50.0040606 ],50.004305853786065,973.4759245862745,1766.999999999972
29.199999999999466,[50.00450364 50.00446013 50.00402153 50.00400861],50.00424847654613,973.4521814860186,1766.9999999999764
29.219999999999466,[50.00443809 50.00439643 50.00397251 50.00395793],50.004191238815295,973.4330214859871,1766.9999999999798
29.239999999999466,[50.00437282 50.00433354 50.00392537 50.00390925],50.004135244634156,973.3167951663743,1766.9999999999825
29.259999999999465,[50.00430751 50.00427089 50.00387989 50.00386228],50.00408014322574,973.3274518715849,1766.9999999999761
29.279999999999465,[50.00424284 50.00420933 50.00383618 50.00381723],50.004026394948205,973.1730525884427,1766.9999999999798
29.299999999999464,[50.00417788 50.00414752 50.00379379 50.00377349],50.0039731687614,973.2539899353162,1766.9999999999732
29.319999999999464,[50.00410908 50.00408094 50.0037509  50.00372876],50.00391742104983,973.3566012040717,1766.9999999999807
29.339999999999463,[50.00403795 50.00401151 50.00370794 50.0036837 ],50.00386027207101,973.3442985071323,1766.9999999999868
29.359999999999463,[50.00396071 50.00393432 50.00366312 50.00363601],50.00379853979317,973.7156138013077,1766.999999999981
29.379999999999463,[50.00387512 50.00384673 50.00361502 50.00358403],50.0037302231742,973.8734488707769,1766.9999999999752
29.399999999999462,[50.00378635 50.00375539 50.00356571 50.00353054],50.0036594977243,973.8947994680426,1766.9999999999845
29.41999999999946,[50.00369942 50.00366668 50.00351723 50.00347826],50.00359039494914,973.7144095361106,1766.9999999999902
29.43999999999946,[50.00361354 50.00357946 50.00346915 50.00342664],50.003522196461674,973.7967805572595,1766.9999999999773
29.45999999999946,[50.00352806 50.00349301 50.00342086 50.00337501],50.00345423319152,973.6737047126604,1766.9999999999845
29.47999999999946,[50.00344436 50.003409   50.00337284 50.00332406],50.00338756327573,973.6676891014523,1766.9999999999893
29.49999999999946,[50.00335782 50.00332151 50.00332281 50.00327089],50.003318257065224,973.8761885094234,1766.9999999999814
29.51999999999946,[50.00326223 50.00322278 50.0032677  50.00321166],50.00324109201814,974.3110984156223,1766.9999999999839
29.53999999999946,[50.00316457 50.00312201 50.00321014 50.00314998],50.003161676239905,974.0496063702011,1766.9999999999884
29.55999999999946,[50.00307245 50.00302865 50.00315356 50.00309028],50.0030862359326,973.9611024924106,1766.9999999999932
29.57999999999946,[50.00298231 50.00293812 50.00309621 50.00303034],50.00301174499101,973.954867011342,1766.9999999999911
29.599999999999458,[50.0028932  50.00284922 50.00303747 50.00296941],50.002937324356616,973.9411127926986,1766.9999999999995
29.619999999999457,[50.00280443 50.00276103 50.00297686 50.00290693],50.00286231204579,973.9913556083422,1766.9999999999907
29.639999999999457,[50.00271438 50.0026715  50.00291351 50.00284182],50.00278530260363,974.0967677782086,1766.9999999999911
29.659999999999457,[50.00262645 50.00258499 50.0028487  50.00277582],50.00270899098588,973.9212078597272,1767.0000000000002
29.679999999999456,[50.00254263 50.00250386 50.00278335 50.00271007],50.00263497797682,973.8922817783631,1766.9999999999948
29.699999999999456,[50.00246364 50.00242896 50.00271766 50.00264485],50.00256377771016,973.6739495491291,1766.9999999999945
29.719999999999455,[50.00238536 50.0023548  50.00264989 50.00257783],50.00249197160017,973.9328314034143,1766.9999999999895
29.739999999999455,[50.00230164 50.00227367 50.00257706 50.00250524],50.002414402430894,974.1495337253608,1766.9999999999955
29.759999999999454,[50.00221752 50.00219203 50.0025013  50.00242985],50.00233517426864,974.0641509174566,1766.9999999999957
29.779999999999454,[50.00214012 50.00211877 50.00242583 50.00235579],50.00226012600308,973.7898834025441,1767.0000000000034
29.799999999999454,[50.00207329 50.00205858 50.00235255 50.0022854 ],50.002192457180264,973.4349885768398,1766.9999999999989
29.819999999999453,[50.00201345 50.00200657 50.0022801  50.00221676],50.00212921830978,973.4083177223201,1766.9999999999884
29.839999999999453,[50.00196009 50.00196204 50.00220824 50.00214951],50.00206996978852,973.0903695332723,1767.0000000000045
29.859999999999452,[50.00190915 50.00191945 50.00213547 50.00208152],50.00201139545523,973.3422316372934,1766.9999999999911
29.879999999999452,[50.00185426 50.00187079 50.00205888 50.00200904],50.00194824311241,973.46682375218,1767.0000000000005
29.89999999999945,[50.00179533 50.00181589 50.00197857 50.00193211],50.00188047592727,973.7223022548849,1766.9999999999995
29.91999999999945,[50.00173522 50.00175845 50.00189583 50.0018524 ],50.00181047390071,973.6473371649948,1767.0000000000007
29.93999999999945,[50.0016781  50.00170363 50.0018128  50.00177254],50.00174176802148,973.6056950488545,1767.0
29.95999999999945,[50.00162143 50.00164817 50.00172859 50.00169128],50.00167236943171,973.6979708998309,1766.9999999999911
29.97999999999945,[50.0015633  50.00158967 50.00164248 50.00160765],50.00160077177267,973.7831923521478,1767.0000000000043
29.99999999999945,[50.00150171 50.00152563 50.00155375 50.00152067],50.001525438596566,974.0048728468604,1766.9999999999989
30.01999999999945,[50.00143516 50.00145434 50.00146182 50.00142958],50.00144522345391,974.1869460880629,1767.0000000000061
30.03999999999945,[50.0013685  50.00138215 50.00136896 50.00133733],50.001364232375934,974.0634251153942,1766.9999999999982
30.059999999999448,[50.00130267 50.00131025 50.00127591 50.00124478],50.00128340323211,974.1661972741805,1767.0000000000036
30.079999999999448,[50.00123741 50.00123852 50.00118264 50.00115191],50.0012026201259,974.0523325592854,1767.0000000000014
30.099999999999447,[50.00117733 50.00117292 50.00109147 50.00106165],50.00112584211218,973.8214471700152,1767.0
30.119999999999447,[50.00111886 50.00110889 50.00100113 50.00097225],50.00105028294686,973.9411722376467,1766.999999999996
30.139999999999446,[50.00105561 50.0010385  50.00090884 50.00088014],50.0009707724132,974.1451780159165,1766.9999999999982
30.159999999999446,[50.00098502 50.00095877 50.00081353 50.00078398],50.00088532678518,974.4320381962171,1766.9999999999957
30.179999999999445,[50.00091117 50.00087525 50.00071703 50.0006862 ],50.00079741211774,974.3448606963452,1766.999999999997
30.199999999999445,[50.00084414 50.00080087 50.00062406 50.00059287],50.00071548389105,973.919938428457,1767.000000000002
30.219999999999445,[50.00077702 50.00072662 50.00053199 50.00050044],50.00063401760763,974.2964654031939,1766.9999999999986
30.239999999999444,[50.00070141 50.00064231 50.00043691 50.00040398],50.00054615370248,974.4491286805304,1767.0000000000066
30.259999999999444,[50.00062618 50.00055944 50.00034281 50.00030871],50.00045928689642,974.2037278043724,1766.9999999999957
30.279999999999443,[50.00055206 50.00047888 50.00025034 50.00021537],50.000374160767485,974.2932546357237,1766.9999999999975
30.299999999999443,[50.00047251 50.00039246 50.00015658 50.00012023],50.00028544565102,974.496300477666,1767.000000000006
30.319999999999443,[50.00038916 50.00030253 50.00006223 50.00002427],50.000194547026474,974.4679750019334,1766.9999999999993
30.339999999999442,[50.00030796 50.00021671 49.99997004 49.99993102],50.00010643107451,974.2531696467299,1766.9999999999934
30.35999999999944,[50.00022768 50.00013334 49.99987965 49.99983999],50.00002016319438,974.3030460122152,1766.9999999999995
30.37999999999944,[50.00013928 50.00004098 49.99978705 49.99974598],49.999928319716204,974.7129773910699,1767.0000000000034
30.39999999999944,[50.00004608 49.99994422 49.99969344 49.99965071],49.99983361107001,974.5358082060961,1767.0000000000016
30.41999999999944,[49.99995623 49.99985324 49.99960264 49.99955906],49.99974279144544,974.3774385760621,1767.0000000000018
30.43999999999944,[49.99986915 49.99976724 49.99951448 49.99947075],49.999655401698334,974.2387096920013,1766.9999999999948
30.45999999999944,[49.99978399 49.99968502 49.9994286  49.99938531],49.999570729599114,974.1401287200074,1766.9999999999995
30.47999999999944,[49.99969869 49.99960382 49.99934409 49.99930152],49.99948702959611,974.148275071982,1766.9999999999968
30.49999999999944,[49.99961952 49.99953164 49.99926365 49.99922289],49.99940942334881,973.6190032591496,1767.0000000000005
30.51999999999944,[49.99954541 49.99946656 49.99918713 49.99914901],49.9993370269777,973.7007706469691,1766.9999999999986
30.539999999999438,[49.99947171 49.99940269 49.99911226 49.99907699],49.99926591173079,973.5023970850659,1767.0000000000027
30.559999999999437,[49.99940022 49.99934198 49.99903993 49.99900787],49.999197501039774,973.4644552899105,1766.9999999999995
30.579999999999437,[49.99932783 49.99928027 49.99896874 49.99893978],49.99912915407223,973.4886518285002,1766.9999999999939
30.599999999999437,[49.99925935 49.99922357 49.99890075 49.99887535],49.99906475327126,973.1246078352885,1766.9999999999925
30.619999999999436,[49.99918749 49.99916207 49.99883297 49.99881054],49.99899826865178,973.6560851537662,1767.0000000000061
30.639999999999436,[49.99910534 49.99908717 49.99876189 49.99874093],49.99892383217116,973.7874526973004,1767.000000000001
30.659999999999435,[49.99902082 49.99900886 49.99869099 49.99867104],49.99884792631539,973.7747254118285,1767.0000000000057
30.679999999999435,[49.99892917 49.99892085 49.9986182  49.99859812],49.99876658708514,974.2404873475117,1766.9999999999998
30.699999999999434,[49.9988302  49.99882311 49.99854305 49.99852173],49.99867952286807,974.254083823136,1767.000000000007
30.719999999999434,[49.99873086 49.99872441 49.99846863 49.99844586],49.998592439562366,974.24079857187,1766.9999999999964
30.739999999999434,[49.99863425 49.99862866 49.99839621 49.9983722 ],49.99850783295803,974.045162457648,1766.9999999999961
30.759999999999433,[49.99853559 49.99852959 49.99832371 49.99829801],49.99842172711066,974.3667617784301,1766.9999999999973
30.779999999999433,[49.99843813 49.99843164 49.99825215 49.99822479],49.998336677403096,973.9574169005182,1766.9999999999957
30.799999999999432,[49.99834419 49.99833747 49.99818276 49.99815406],49.998254620383285,974.1161007466366,1767.0000000000082
30.819999999999432,[49.99824938 49.99824167 49.99811325 49.99808295],49.99817181251618,974.0226119002158,1766.9999999999989
30.83999999999943,[49.99815169 49.99814165 49.99804269 49.99801031],49.99808658569956,974.3222753043735,1766.9999999999939
30.85999999999943,[49.99804204 49.99802604 49.99796671 49.99793062],49.99799135393357,974.8684636707115,1766.9999999999995
30.87999999999943,[49.99792491 49.99790101 49.99788685 49.99784612],49.99788972453761,974.8667402216652,1767.0000000000048
30.89999999999943,[49.99780681 49.99777484 49.99780597 49.99776055],49.9977870400803,974.9645496431059,1767.0000000000007
30.91999999999943,[49.99768873 49.997649   49.99772429 49.99767435],49.99768409242697,974.8972471487085,1767.0000000000048
30.93999999999943,[49.99757303 49.99752654 49.99764276 49.99758879],49.99758278088203,974.8359319890935,1767.0000000000052
30.95999999999943,[49.99745841 49.99740591 49.99756065 49.99750304],49.99748200390745,974.8618720319563,1767.000000000001
30.97999999999943,[49.99734487 49.99728721 49.99747775 49.99741692],49.99738168954485,974.8073210809943,1766.9999999999984
30.999999999999428,[49.99723516 49.99717404 49.99739516 49.99733192],49.99728406744187,974.6462246172126,1767.0000000000014
31.019999999999428,[49.99712577 49.99706185 49.99731127 49.99724596],49.99718621225486,974.8380898872375,1767.0000000000025
31.039999999999427,[49.99701602 49.99694999 49.99722549 49.99715841],49.99708747428158,974.7326096822486,1767.0000000000005
31.059999999999427,[49.99690486 49.99683703 49.99713733 49.99706866],49.996986972113575,974.9991397569305,1767.0000000000068
31.079999999999426,[49.99679683 49.99672897 49.99704851 49.99697904],49.996888338676065,974.5891166043154,1766.999999999998
31.099999999999426,[49.99669525 49.99662969 49.99696073 49.99689164],49.996794328703885,974.6237236306829,1767.0000000000048
31.119999999999425,[49.99658587 49.99652104 49.99686755 49.99679814],49.996693148601985,975.2063763695219,1767.0000000000027
31.139999999999425,[49.99646514 49.9963988  49.99676695 49.99669613],49.99658175596167,975.4987162762039,1767.0000000000098
31.159999999999425,[49.99634325 49.99627604 49.99666334 49.99659136],49.99646849498668,975.3807927142697,1767.0000000000032
31.179999999999424,[49.99622466 49.99615826 49.99655882 49.99648652],49.99635706467423,975.362354793355,1767.0000000000084
31.199999999999424,[49.99611161 49.99604827 49.99645435 49.99638284],49.99624926882288,975.0929855804109,1767.000000000006
31.219999999999423,[49.99600525 49.99594724 49.99635061 49.99628108],49.99614604625783,974.9952880814438,1766.999999999994
31.239999999999423,[49.99589816 49.99584556 49.99624432 49.99617695],49.9960412486056,975.2430886967553,1767.0000000000082
31.259999999999422,[49.9957861  49.9957379  49.99613344 49.99606785],49.99593132115486,975.4451231853787,1767.0000000000073
31.279999999999422,[49.99567167 49.99562756 49.99601908 49.99595523],49.99581838442224,975.515269111146,1767.0000000000061
31.29999999999942,[49.99555776 49.99551808 49.99590259 49.99584075],49.99570479479594,975.519499741625,1767.0000000000048
31.31999999999942,[49.99544571 49.99541106 49.99578466 49.99572527],49.99559167258587,975.4955754885026,1767.000000000002
31.33999999999942,[49.99533724 49.99530854 49.99566615 49.99560981],49.99548043389731,975.3806824534576,1767.0000000000036
31.35999999999942,[49.99523677 49.99521598 49.99554918 49.99549703],49.99537474071673,975.048398153743,1766.9999999999961
31.37999999999942,[49.9951431  49.99513149 49.99543351 49.99538644],49.99527363539024,975.0132257252124,1767.0000000000032
31.39999999999942,[49.99505391 49.995052   49.99531822 49.99527671],49.99517520886171,974.8411456376347,1766.999999999993
31.41999999999942,[49.99496812 49.99497588 49.99520306 49.99516741],49.99507861808891,974.8763298982578,1767.0000000000016
31.43999999999942,[49.99488331 49.99489994 49.9950871  49.9950572 ],49.99498188860113,974.8701520897785,1767.0000000000025
31.459999999999418,[49.99480504 49.99483115 49.99497298 49.9949494 ],49.99488964261581,974.5162380659264,1766.9999999999902
31.479999999999418,[49.99473198 49.99476742 49.99486058 49.99484359],49.99480089204203,974.592205797115,1766.9999999999989
31.499999999999417,[49.99465221 49.99469349 49.99474473 49.994733  ],49.99470585902954,975.0606427423934,1766.9999999999973
31.519999999999417,[49.99456081 49.99460332 49.99462323 49.99461479],49.99460053745907,975.4744172574099,1766.9999999999977
31.539999999999417,[49.99446574 49.99450724 49.99449965 49.99449359],49.99449155510777,975.3861544241223,1767.0
31.559999999999416,[49.99437399 49.99441404 49.99437749 49.9943738 ],49.99438482987057,975.3018847572284,1767.0000000000061
31.579999999999416,[49.99428417 49.99432193 49.99425641 49.99425488],49.994279346698264,975.2985233170268,1767.0000000000032
31.599999999999415,[49.99419798 49.9942332  49.99413734 49.99413801],49.994176634961505,975.0851783395877,1767.0000000000045
31.619999999999415,[49.99411498 49.9941472  49.99402043 49.99402325],49.994076465871004,975.1002253705344,1766.9999999999964
31.639999999999414,[49.99403858 49.9940685  49.9939073  49.99391267],49.99398176420968,974.6403092858201,1767.0000000000082
31.659999999999414,[49.99396757 49.99399535 49.99379792 49.99380604],49.99389172231176,974.721929898537,1766.9999999999955
31.679999999999414,[49.99389352 49.99391722 49.99368858 49.99369858],49.99379947454419,974.8391639787596,1766.9999999999945
31.699999999999413,[49.99381912 49.99383777 49.99358057 49.99359196],49.99370735684981,974.724180457912,1767.0000000000075
31.719999999999413,[49.99374724 49.99376074 49.99347546 49.99348813],49.99361789322997,974.6285918109526,1766.9999999999989
31.739999999999412,[49.99368289 49.99369263 49.99337566 49.99339018],49.99353533853599,974.1550907911948,1766.9999999999945
31.759999999999412,[49.9936216  49.99362755 49.99327965 49.99329597],49.99345619173042,974.3527562472119,1767.0000000000011
31.77999999999941,[49.99355572 49.99355611 49.99318395 49.99320107],49.99337421437422,974.4040630665994,1766.999999999992
31.79999999999941,[49.99348476 49.99347784 49.99308852 49.99310539],49.99328912827032,974.625188545544,1766.9999999999998
31.81999999999941,[49.99341037 49.99339516 49.99299405 49.99300994],49.993202381455426,974.5551024701274,1767.0000000000043
31.83999999999941,[49.99333669 49.99331344 49.9929026  49.99291734],49.99311751748762,974.4780632487548,1767.0000000000011
31.85999999999941,[49.99325947 49.99322738 49.99281243 49.99282534],49.993031153574854,974.6924352431968,1766.9999999999977
31.87999999999941,[49.99317826 49.99313674 49.99272321 49.99273363],49.99294296351954,974.6433275556552,1766.9999999999966
31.89999999999941,[49.99309217 49.99304049 49.99263469 49.9926419 ],49.99285231192696,974.9113088795926,1767.0000000000023
31.91999999999941,[49.99299988 49.99293733 49.99254609 49.9925493 ],49.99275815141212,974.9510705613556,1767.0000000000093
31.939999999999408,[49.99290156 49.99282761 49.9924575  49.992456  ],49.992660670291386,975.203706041164,1767.0000000000002
31.959999999999408,[49.99279487 49.9927087  49.99236769 49.99236058],49.992557959100694,975.4050154624471,1766.9999999999939
31.979999999999407,[49.9926819  49.99258353 49.99227741 49.99226417],49.99245175286724,975.5126414933128,1767.0000000000027
31.999999999999407,[49.99256446 49.99245462 49.99218733 49.99216776],49.99234354128057,975.5894240244247,1767.0000000000016
32.019999999999406,[49.9924437  49.99232362 49.99209778 49.99207191],49.99223425222445,975.6197169373299,1767.0000000000052
32.03999999999941,[49.99232198 49.99219368 49.99200961 49.99197787],49.9921257838057,975.5374588718482,1766.9999999999977
32.05999999999941,[49.99220413 49.99207102 49.99192482 49.99188831],49.992022069725806,975.2372157610049,1767.000000000004
32.079999999999416,[49.99209071 49.99195622 49.99184359 49.9918035 ],49.991923502267,975.1218704809551,1767.0
32.09999999999942,[49.99197494 49.99184057 49.9917627  49.99171934],49.9918243891823,975.3007521129381,1766.9999999999982
32.11999999999942,[49.99185279 49.99171904 49.99167999 49.99163316],49.99172124587928,975.4795774595932,1767.0000000000061
32.139999999999425,[49.99172768 49.99159602 49.99159663 49.99154663],49.99161673876465,975.4353820099658,1767.0000000000068
32.15999999999943,[49.99160196 49.99147432 49.99151351 49.99146092],49.99151267971878,975.4626350404642,1767.0000000000027
32.17999999999943,[49.9914784  49.99135735 49.99143157 49.99137733],49.99141116220595,975.2432295481826,1766.9999999999957
32.199999999999434,[49.99135277 49.99123937 49.99134887 49.99129331],49.9913085817695,975.5741811529346,1767.0000000000016
32.21999999999944,[49.99121965 49.99111349 49.99126249 49.99120524],49.99120021739,975.7534511004791,1767.0
32.23999999999944,[49.99108303 49.99098466 49.99117391 49.99111509],49.99108917535269,975.8245583885267,1766.9999999999948
32.259999999999444,[49.99094509 49.99085542 49.99108386 49.99102386],49.99097705669999,975.8703519677981,1767.0000000000005
32.27999999999945,[49.99081106 49.99073224 49.9909944  49.99093424],49.99086798514298,975.5956096311982,1767.0000000000011
32.29999999999945,[49.99068486 49.99061968 49.99090724 49.99084837],49.99076503667372,975.3829541021581,1767.0000000000002
32.31999999999945,[49.99056868 49.99052013 49.99082318 49.99076724],49.990669805362636,974.974307749093,1766.9999999999982
32.339999999999456,[49.99046359 49.99043443 49.99074271 49.99069134],49.99058301684226,974.7003551310713,1766.9999999999995
32.35999999999946,[49.99036279 49.99035343 49.99066274 49.99061655],49.9904988750254,974.7792444436508,1766.9999999999952
32.37999999999946,[49.99026339 49.99027321 49.99058173 49.99054085],49.99041479794979,974.7232066189814,1766.9999999999984
32.399999999999466,[49.99017296 49.99020306 49.99050297 49.99046839],49.99033684251276,974.2930782642038,1766.999999999997
32.41999999999947,[49.99009023 49.99014071 49.9904261  49.9903985 ],49.9902638871051,974.3311075984865,1766.9999999999945
32.43999999999947,[49.99000929 49.99007838 49.99034837 49.99032753],49.990190890942245,974.3255078512377,1766.999999999998
32.459999999999475,[49.98993421 49.990021   49.99027158 49.99025769],49.99012112012528,974.0892496219586,1767.0000000000016
32.47999999999948,[49.98986297 49.98996548 49.99019501 49.99018788],49.990052835825296,974.2299162642927,1767.0000000000027
32.49999999999948,[49.98978938 49.98990388 49.99011587 49.99011441],49.98998088656762,974.4276614143229,1766.9999999999973
32.519999999999484,[49.9897144  49.98983734 49.99003454 49.99003775],49.989906007687594,974.5072950612009,1766.9999999999957
32.53999999999949,[49.9896378  49.98976544 49.98995103 49.9899578 ],49.98982801873502,974.7207979626137,1767.0000000000005
32.55999999999949,[49.98955767 49.98968587 49.9898645  49.98987349],49.98974538063119,974.9306489424017,1766.9999999999984
32.579999999999494,[49.98948118 49.9896079  49.98977811 49.98978893],49.98966402928757,974.6454351185997,1767.0000000000043
32.5999999999995,[49.98940987 49.98953334 49.98969293 49.98970534],49.98958536816723,974.7367670425815,1767.0000000000018
32.6199999999995,[49.98933798 49.9894551  49.98960639 49.98961946],49.989504733554334,974.8439075514447,1766.999999999998
32.6399999999995,[49.98926811 49.98937676 49.98951971 49.98953287],49.98942436234131,974.7471511315787,1766.9999999999977
32.659999999999506,[49.98919948 49.98929746 49.98943277 49.98944538],49.989343771468114,974.8945791523931,1767.0000000000011
32.67999999999951,[49.98912598 49.9892098  49.98934287 49.98935358],49.98925805868328,975.2102714442518,1767.0000000000027
32.69999999999951,[49.98904916 49.98911626 49.98925065 49.98925842],49.989168620411256,975.2406616353546,1766.9999999999952
32.719999999999516,[49.98897255 49.98902167 49.98915785 49.98916221],49.98907857216686,975.2941562143211,1766.9999999999927
32.73999999999952,[49.9888983  49.9889292  49.98906554 49.98906639],49.988989857332946,975.1608155845443,1767.0000000000002
32.75999999999952,[49.98883011 49.98884386 49.98897555 49.98897338],49.98890572401903,974.9403534940428,1767.0000000000036
32.779999999999525,[49.98876632 49.98876376 49.98888737 49.98888251],49.98882499142089,974.905333098904,1766.9999999999995
32.79999999999953,[49.98870526 49.98868719 49.98880036 49.98879303],49.988746462756225,974.7848348927442,1767.0000000000098
32.81999999999953,[49.98864662 49.988614   49.98871456 49.98870499],49.988670040222075,974.7572292342929,1767.000000000001
32.839999999999534,[49.9885879  49.98854134 49.98862898 49.98861717],49.98859384518302,974.7941441948402,1766.9999999999932
32.85999999999954,[49.98853349 49.98847513 49.98854563 49.98853224],49.988521620722295,974.4511588027199,1767.0000000000084
32.87999999999954,[49.98848392 49.98841606 49.98846514 49.98845091],49.98845400677213,974.433028706749,1767.0000000000014
32.899999999999544,[49.98843257 49.98835591 49.98838463 49.9883695 ],49.98838565092359,974.5396637023514,1767.0000000000023
32.91999999999955,[49.98837593 49.98829046 49.98830261 49.98828612],49.98831378284173,974.7543711389604,1766.9999999999984
32.93999999999955,[49.98831781 49.98822486 49.98822079 49.98820305],49.98824162645882,974.5898599373342,1766.9999999999989
32.95999999999955,[49.98826314 49.98816533 49.98814161 49.9881234 ],49.988173369040375,974.4516631852684,1767.000000000001
32.979999999999556,[49.98821208 49.98811212 49.98806533 49.98804746],49.98810924722262,974.266490630551,1767.0000000000073
32.99999999999956,[49.98816464 49.98806515 49.98799215 49.98797541],49.98804933668609,974.1210731732276,1766.9999999999982
33.01999999999956,[49.98811705 49.98801951 49.98792055 49.98790524],49.9879905867773,974.1918051269423,1766.9999999999995
33.039999999999566,[49.9880621  49.98796602 49.98784736 49.98783283],49.98792707865632,974.5441492317124,1767.0000000000002
33.05999999999957,[49.98800184 49.98790746 49.98777337 49.98775925],49.987860479671106,974.4751341723687,1767.0000000000032
33.07999999999957,[49.98794229 49.98785132 49.98770142 49.98768813],49.9877957920052,974.4064731340222,1767.0000000000036
33.099999999999575,[49.98788323 49.98779715 49.98763153 49.98761943],49.98773283557729,974.3522888064223,1766.9999999999945
33.11999999999958,[49.98782893 49.98775028 49.98756565 49.98755562],49.987675119334746,973.9880802970827,1766.9999999999984
33.13999999999958,[49.98777769 49.98770813 49.98750328 49.9874959 ],49.98762125158714,974.0500504804072,1767.000000000003
33.159999999999584,[49.98772424 49.98766388 49.98744199 49.98743711],49.98756680564924,974.0581240748323,1767.0000000000011
33.17999999999959,[49.98766689 49.9876152  49.98738105 49.98737825],49.98751034679015,974.2407986856696,1767.0000000000005
33.19999999999959,[49.9876055  49.98756184 49.98732027 49.98731909],49.98745167475753,974.266132022305,1766.9999999999936
33.219999999999594,[49.98754485 49.98750972 49.9872618  49.98726235],49.9873946803438,974.1216563064304,1766.9999999999975
33.2399999999996,[49.98748541 49.98745912 49.98720591 49.98720832],49.98733968767846,974.1195327713424,1766.9999999999995
33.2599999999996,[49.98742531 49.98740753 49.98715172 49.98715582],49.98728509311175,974.1100276620757,1766.999999999998
33.2799999999996,[49.98736294 49.98735271 49.98709847 49.98710384],49.98722949020663,974.2263665999725,1766.999999999998
33.299999999999606,[49.98730015 49.98729697 49.98704684 49.98705325],49.98717430289521,974.0974740257211,1767.0000000000048
33.31999999999961,[49.98723998 49.98724395 49.98699819 49.9870058 ],49.98712197663636,974.0080489345986,1766.9999999999961
33.33999999999961,[49.98717724 49.98718685 49.98695019 49.98695841],49.98706817174926,974.2442894825125,1766.999999999995
33.359999999999616,[49.98711206 49.98712591 49.98690263 49.98691088],49.987012868323305,974.1572540434211,1767.000000000006
33.37999999999962,[49.98704667 49.98706384 49.98685649 49.98686447],49.98695786692892,974.2422308238316,1766.9999999999945
33.39999999999962,[49.9869821  49.98700196 49.98681203 49.98681957],49.98690391531823,974.092738345256,1767.0000000000005
33.419999999999625,[49.98692164 49.98694432 49.9867707  49.98677802],49.986853670688404,973.9541799291025,1766.9999999999989
33.43999999999963,[49.98686416 49.9868894  49.98673194 49.9867391 ],49.98680615144533,973.8872279596056,1767.0000000000005
33.45999999999963,[49.98680805 49.98683511 49.9866949  49.98670173],49.986759946778356,973.8674799210046,1766.9999999999952
33.479999999999634,[49.98675096 49.98677847 49.98665841 49.98666443],49.98671306930588,973.968012007477,1767.0000000000014
33.49999999999964,[49.98669083 49.98671693 49.98662135 49.98662582],49.98666373059467,974.0993202636208,1766.999999999998
33.51999999999964,[49.98662831 49.98665146 49.98658381 49.98658611],49.98661242197259,974.1592393253964,1767.0000000000057
33.539999999999644,[49.98656466 49.98658376 49.98654621 49.98654592],49.98656013451243,974.2077679630145,1767.0000000000005
33.55999999999965,[49.98650004 49.98651411 49.98650846 49.9865052 ],49.98650695058785,974.2613043820514,1767.0000000000061
33.57999999999965,[49.9864378  49.98644695 49.98647187 49.98646575],49.98645559484159,974.0811015643177,1766.9999999999998
33.59999999999965,[49.98638062 49.98638568 49.98643761 49.98642911],49.98640825448792,973.9506000005283,1766.999999999994
33.619999999999656,[49.98632605 49.9863272  49.98640449 49.98639377],49.98636287906078,973.942878548476,1767.0000000000057
33.63999999999966,[49.98627271 49.9862699  49.98637174 49.98635882],49.98631829096279,973.9116688671309,1767.0000000000093
33.65999999999966,[49.98621283 49.98620393 49.9863358  49.98631971],49.98626806755403,974.4446035100852,1766.999999999998
33.679999999999666,[49.98614464 49.98612749 49.98629541 49.98627505],49.98621064740707,974.5462188407427,1767.0000000000045
33.69999999999967,[49.98607466 49.98604902 49.98625338 49.98622856],49.986151405098205,974.6277584585856,1767.000000000001
33.71999999999967,[49.98600225 49.98596785 49.98620928 49.98617979],49.9860897931343,974.7760106977612,1767.0000000000016
33.739999999999675,[49.98592643 49.98588293 49.98616249 49.98612808],49.986024982096424,974.9279819765202,1767.0000000000061
33.75999999999968,[49.98585066 49.98579889 49.98611431 49.98607524],49.98595977684193,974.8408689730193,1767.0000000000023
33.77999999999968,[49.98577563 49.98571664 49.98606504 49.98602172],49.98589475711692,974.9441487060196,1767.0000000000093
33.799999999999685,[49.98570145 49.98563648 49.98601449 49.98596738],49.98582994861337,974.8551846982225,1767.000000000001
33.81999999999969,[49.98562373 49.98555281 49.9859607  49.98590972],49.98576173726353,975.2625132008799,1767.000000000001
33.83999999999969,[49.9855412  49.98546438 49.98590269 49.98584768],49.98568898841907,975.269912665311,1767.000000000005
33.859999999999694,[49.98545659 49.9853746  49.98584164 49.98578285],49.98561392105379,975.4908298910112,1766.9999999999961
33.8799999999997,[49.9853711  49.98528523 49.98577786 49.98571573],49.98553748293977,975.4190034315495,1767.0000000000045
33.8999999999997,[49.98528732 49.98519944 49.9857125  49.98564783],49.985461772945,975.4632790452748,1767.0000000000011
33.9199999999997,[49.98520668 49.9851191  49.98564607 49.98557986],49.98538792825258,975.2957579147575,1767.0000000000011
33.939999999999706,[49.98512687 49.98504106 49.9855776  49.98551053],49.985314013697845,975.5023905661589,1766.9999999999977
33.95999999999971,[49.9850408  49.98495631 49.98550374 49.98543557],49.985234103248025,975.833650739073,1766.9999999999952
33.97999999999971,[49.98495711 49.98487605 49.98542809 49.98535973],49.985155244851384,975.4479088207733,1767.0000000000016
33.999999999999716,[49.9848825  49.98480831 49.98535392 49.9852871 ],49.985082956901536,975.314009790029,1767.000000000004
34.01999999999972,[49.98480608 49.984739   49.98527647 49.9852114 ],49.985008239183294,975.684739378506,1767.0000000000011
34.03999999999972,[49.98472849 49.98466904 49.98519574 49.98513274],49.98493150153773,975.5167138116263,1767.0000000000055
34.059999999999725,[49.98465937 49.98461037 49.98511622 49.98505678],49.98486068570869,975.2187123537841,1766.9999999999998
34.07999999999973,[49.98459834 49.98456209 49.98503799 49.98498345],49.98479546769209,975.0767999315916,1767.000000000005
34.09999999999973,[49.98454061 49.9845178  49.98495906 49.98491001],49.984731870889654,975.1124101395336,1766.9999999999943
34.119999999999735,[49.98448294 49.98447313 49.98487805 49.9848346 ],49.98466718037818,975.1983748061192,1767.0000000000061
34.13999999999974,[49.98442217 49.98442385 49.98479367 49.98475541],49.98459877712669,975.453991904843,1767.0000000000045
34.15999999999974,[49.98436013 49.98437223 49.98470676 49.98467348],49.984528148367644,975.4148596903451,1767.0000000000007
34.179999999999744,[49.98429945 49.98432129 49.98461874 49.98459048],49.98445749309123,975.4849413058196,1766.9999999999957
34.19999999999975,[49.98423515 49.98426453 49.98452759 49.98450368],49.984382736801855,975.7881396723756,1767.0000000000027
34.21999999999975,[49.98416986 49.98420536 49.98443448 49.98441456],49.98430606687443,975.6742031966195,1767.0000000000002
34.23999999999975,[49.98410784 49.98414893 49.98434166 49.98432585],49.98423107070262,975.6747971748684,1766.9999999999945
34.259999999999756,[49.98404205 49.98408614 49.9842462  49.98423367],49.984152013095574,976.0425922588721,1766.9999999999984
34.27999999999976,[49.98397634 49.98402215 49.98414978 49.98414018],49.984072112621476,975.7723818648817,1767.0000000000032
34.29999999999976,[49.98391469 49.98396176 49.98405462 49.98404809],49.983994787732634,975.8513829824675,1766.9999999999993
34.319999999999766,[49.98385304 49.98389986 49.98395903 49.98395515],49.983916770299516,975.8553191952092,1767.0000000000039
34.33999999999977,[49.98379155 49.98383668 49.98386331 49.98386165],49.98383829816582,975.9134826692313,1766.9999999999995
34.35999999999977,[49.98373005 49.98377212 49.98376754 49.98376767],49.983759346073306,975.918799216135,1767.0000000000048
34.379999999999775,[49.98367336 49.98371243 49.98367407 49.98367618],49.98368400920593,975.6315819926807,1766.999999999998
34.39999999999978,[49.9836221  49.98365829 49.98358355 49.98358789],49.983612955630534,975.5792029860339,1767.0000000000061
34.41999999999978,[49.98357097 49.98360307 49.98349383 49.98349994],49.983541951078,975.6470829119598,1767.0000000000027
34.439999999999785,[49.98351584 49.98354165 49.9834032  49.9834101 ],49.98346769647738,975.8715206422286,1767.0000000000045
34.45999999999979,[49.98345967 49.98347816 49.98331303 49.9833202 ],49.983392767807345,975.7223708727525,1766.9999999999957
34.47999999999979,[49.98340491 49.98341571 49.98322475 49.98323197],49.983319336167725,975.7631880969656,1766.9999999999936
34.499999999999794,[49.98335013 49.98335273 49.98313784 49.98314477],49.98324636909519,975.700178671357,1766.9999999999936
34.5199999999998,[49.98329188 49.98328493 49.983051   49.98305685],49.983171163316676,975.9676138084801,1767.0000000000084
34.5399999999998,[49.98323394 49.98321754 49.98296583 49.9829704 ],49.98309692910332,975.6343708122772,1767.0000000000011
34.5599999999998,[49.98317752 49.98315202 49.98288331 49.98288656],49.98302485189565,975.8008842713771,1766.9999999999995
34.57999999999981,[49.9831199  49.98308527 49.98280214 49.98280376],49.98295276586802,975.6494529898292,1766.9999999999934
34.59999999999981,[49.98306593 49.98302355 49.98272471 49.98272504],49.98288480569316,975.4673000533859,1766.9999999999966
34.61999999999981,[49.98300995 49.9829597  49.98264868 49.98264735],49.98281642093362,975.6977660388307,1766.9999999999975
34.639999999999816,[49.98295047 49.98289217 49.98257328 49.98256979],49.982746429589795,975.6150120747606,1766.9999999999955
34.65999999999982,[49.9828876  49.98282114 49.9824987  49.98249261],49.98267501387111,975.8297377484411,1767.0000000000016
34.67999999999982,[49.98282242 49.9827483  49.9824253  49.98241638],49.98260310033378,975.6691666795731,1767.0000000000032
34.699999999999825,[49.98276063 49.98268093 49.98235577 49.98234458],49.98253547819763,975.4804992910538,1767.0000000000011
34.71999999999983,[49.98270091 49.98261732 49.98228961 49.98227653],49.98247109394248,975.4079076334463,1766.9999999999961
34.73999999999983,[49.98264304 49.98255725 49.9822267  49.98221212],49.9824097780527,975.2330996965551,1766.9999999999977
34.759999999999835,[49.98258207 49.98249434 49.98216492 49.98214858],49.9823474792136,975.5008871051928,1767.0000000000002
34.77999999999984,[49.98251106 49.98241996 49.98210095 49.98208174],49.982278427133394,975.8120639455134,1766.9999999999973
34.79999999999984,[49.98243132 49.98233595 49.98203514 49.98201217],49.98220364429662,975.9947430435445,1767.0000000000068
34.819999999999844,[49.98235048 49.98225214 49.98197073 49.98194419],49.982129383677574,975.7805986752746,1767.000000000002
34.83999999999985,[49.98227374 49.982175   49.98191013 49.98188087],49.98205993513365,975.6022584002826,1766.9999999999957
34.85999999999985,[49.98219866 49.9821013  49.9818522  49.98182074],49.98199322437365,975.5624078748921,1766.999999999992
34.87999999999985,[49.98212395 49.98202933 49.98179621 49.98176292],49.98192810269595,975.4808027843768,1767.000000000002
34.89999999999986,[49.98205003 49.98195953 49.98174221 49.9817075 ],49.98186481956626,975.4200817695188,1767.0000000000057
34.91999999999986,[49.98197548 49.98188993 49.98168946 49.98165353],49.98180209924134,975.4460151634987,1767.0000000000023
34.93999999999986,[49.98189557 49.98181442 49.98163566 49.98159808],49.981735931886476,975.723127013642,1766.9999999999975
34.959999999999866,[49.98180754 49.9817295  49.98157925 49.98153925],49.981663884969706,975.9548294651868,1766.999999999994
34.97999999999987,[49.98172006 49.98164627 49.98152379 49.98148176],49.981592972336124,975.6430307200704,1766.9999999999968
34.99999999999987,[49.9816319  49.98156274 49.98146884 49.98142495],49.98152210874664,975.96611329401,1766.999999999993
35.019999999999875,[49.98154087 49.98147627 49.98141295 49.98136711],49.98144929856855,975.8233326658586,1767.0000000000036
35.03999999999988,[49.98144939 49.98138964 49.98135717 49.98130955],49.98137643951853,975.9872153150808,1767.0000000000016
35.05999999999988,[49.98135768 49.98130315 49.98130123 49.98125207],49.981303534331275,975.8450887518611,1767.0000000000039
35.079999999999885,[49.98126766 49.981219   49.98124594 49.98119565],49.981232060526025,975.8850499122311,1766.9999999999989
35.09999999999989,[49.98118058 49.98113871 49.98119157 49.98114073],49.98116289443605,975.6697941968492,1767.0000000000036
35.11999999999989,[49.98109504 49.98106016 49.98113746 49.98108639],49.98109476399267,975.8169215398589,1767.0000000000077
35.139999999999894,[49.98100745 49.9809788  49.9810817  49.98103025],49.981024547826635,975.8650444331233,1766.999999999995
35.1599999999999,[49.98091711 49.98089358 49.9810238  49.98097169],49.98095154494541,976.0718964109494,1766.9999999999936
35.1799999999999,[49.98082243 49.98080249 49.98096278 49.98090951],49.9808743009499,976.2434291037603,1766.999999999992
35.1999999999999,[49.98072587 49.98070864 49.9808995  49.98084491],49.98079472651198,976.290579969968,1767.0000000000027
35.21999999999991,[49.98062937 49.98061442 49.98083469 49.98077885],49.98071433028146,976.3359333035642,1766.9999999999984
35.23999999999991,[49.98052998 49.98051598 49.98076689 49.98070946],49.98063057696436,976.5970097820345,1767.000000000004
35.25999999999991,[49.98042448 49.98040934 49.98069439 49.98063465],49.980540716121745,976.8747911638245,1766.9999999999925
35.279999999999916,[49.98032206 49.98030638 49.98062099 49.98055945],49.9804522199162,976.5083869946964,1766.999999999994
35.29999999999992,[49.98022914 49.98021499 49.98054972 49.98048768],49.9803703846854,976.3403394886533,1766.9999999999964
35.31999999999992,[49.98014153 49.9801297  49.98047865 49.98041683],49.98029167770256,976.2708499810706,1767.0000000000002
35.339999999999925,[49.98005655 49.98004708 49.9804065  49.98034524],49.98021384405564,976.2924347527064,1766.9999999999957
35.35999999999993,[49.97997513 49.97996832 49.98033357 49.98027333],49.98013758925915,976.1637237533772,1766.9999999999982
35.37999999999993,[49.97988973 49.97988363 49.98025659 49.98019679],49.98005668748126,976.7089318558922,1766.9999999999934
35.399999999999935,[49.97979804 49.97979046 49.98017414 49.98011393],49.97996914193206,976.7493792578362,1767.0000000000025
35.41999999999994,[49.97970909 49.97970029 49.9800903  49.98003005],49.9798824312669,976.6658812073365,1766.9999999999998
35.43999999999994,[49.97962559 49.97961649 49.98000637 49.97994677],49.979798803992736,976.5170547894435,1767.0000000000082
35.459999999999944,[49.97955102 49.97954343 49.979924   49.97986616],49.97972115230649,976.1898051938855,1767.0000000000036
35.47999999999995,[49.97948078 49.97947505 49.9798414  49.97978579],49.979645753416804,976.353223118168,1766.9999999999961
35.49999999999995,[49.97941496 49.97941163 49.97975848 49.97970557],49.97957266081155,976.0213797894717,1767.0000000000023
35.51999999999995,[49.97935277 49.97935187 49.97967526 49.97962535],49.97950131194624,976.2312185549459,1767.0000000000016
35.53999999999996,[49.97928949 49.97928996 49.97958956 49.97954233],49.97942783526668,976.22502161644,1767.0000000000027
35.55999999999996,[49.97922788 49.97922936 49.9795028  49.97945828],49.97935457913371,976.2370415122133,1766.9999999999952
35.57999999999996,[49.97916749 49.97916949 49.97941494 49.97937308],49.979281248813926,976.2552917200063,1766.9999999999936
35.599999999999966,[49.97910773 49.97910961 49.97932589 49.97928655],49.97920744586192,976.300459245408,1767.000000000002
35.61999999999997,[49.97904921 49.97905056 49.97923611 49.97919921],49.97913377193094,976.2677385274233,1766.999999999998
35.63999999999997,[49.9789917  49.97899201 49.97914571 49.97911116],49.97906014288765,976.319439502185,1766.9999999999975
35.659999999999975,[49.97893324 49.97893153 49.97905401 49.97902143],49.97898505321872,976.4129258554823,1766.9999999999957
35.67999999999998,[49.97887371 49.9788691  49.97896112 49.97893016],49.978908522663275,976.4626244977625,1766.9999999999966
35.69999999999998,[49.97881483 49.97880696 49.978868   49.97883852],49.97883207742105,976.4272898877151,1767.0000000000002
35.719999999999985,[49.9787551  49.97874324 49.97877424 49.97874593],49.978754626375846,976.5681291627419,1766.9999999999982
35.73999999999999,[49.97868934 49.97867149 49.97867767 49.97864956],49.9786720155322,976.8819044149296,1766.999999999999
35.75999999999999,[49.97862463 49.97860107 49.97858144 49.97855356],49.97859017435881,976.5240458520752,1766.9999999999957
35.779999999999994,[49.97856766 49.97854035 49.97848901 49.97846226],49.978514821181676,976.3555748697636,1766.9999999999948
35.8,[49.97851201 49.97848112 49.97839779 49.9783722 ],49.97844078027356,976.4319161191938,1766.9999999999945
35.82,[49.97845268 49.9784172  49.97830563 49.97828062],49.97836403291602,976.6009034459819,1766.999999999999
35.84,[49.97839027 49.97834955 49.9782129  49.97818801],49.97828518000688,976.626453297157,1766.999999999995
35.86000000000001,[49.97832738 49.97828158 49.97812092 49.97809606],49.97820648493416,976.6046055823296,1766.9999999999986
35.88000000000001,[49.97826587 49.97821573 49.97803072 49.97800605],49.978129591875415,976.4912674441852,1766.9999999999936
35.90000000000001,[49.9782038  49.97814954 49.97794165 49.97791711],49.97805302261113,976.5929990311575,1766.999999999996
35.920000000000016,[49.97814447 49.97808742 49.97785521 49.97783119],49.97797957397645,976.2440213212475,1767.0000000000032
35.94000000000002,[49.97809062 49.97803265 49.97777299 49.97775022],49.97791161887194,976.1449809506599,1766.9999999999952
35.96000000000002,[49.97803192 49.97797206 49.97769054 49.97766838],49.97784072616247,976.5044291798724,1767.0000000000025
35.980000000000025,[49.97796843 49.97790608 49.97760773 49.9775856 ],49.97776695910592,976.4003745502621,1766.9999999999902
36.00000000000003,[49.97790888 49.97784573 49.97752863 49.97750711],49.977697585313955,976.148118574142,1766.9999999999986
36.02000000000003,[49.97784768 49.97778373 49.97745103 49.97742993],49.97762809349592,976.4227593545459,1766.999999999998
36.040000000000035,[49.97778113 49.97771562 49.97737313 49.97735181],49.97755542020284,976.4284478649008,1766.9999999999923
36.06000000000004,[49.97771033 49.97764274 49.97729551 49.97727348],49.97748051237369,976.6234575735089,1767.0000000000045
36.08000000000004,[49.97763544 49.97756546 49.97721816 49.97719498],49.977403508467084,976.6178657147816,1766.9999999999989
36.100000000000044,[49.9775562  49.9774834  49.97714102 49.97711625],49.97732421605151,976.8291712230031,1766.9999999999914
36.12000000000005,[49.97746993 49.97739331 49.97706277 49.97703564],49.97724041194344,977.0111096816136,1766.9999999999916
36.14000000000005,[49.97737927 49.97729866 49.97698447 49.97695459],49.977154247333814,977.0420766721581,1766.999999999994
36.16000000000005,[49.97728463 49.97719999 49.97690626 49.97687335],49.97706605652667,977.1962485800113,1766.9999999999873
36.18000000000006,[49.97718673 49.97709834 49.97682828 49.97679217],49.97697637882081,977.182420229619,1766.999999999997
36.20000000000006,[49.97708653 49.97699494 49.97675089 49.97671158],49.97688598493532,977.2720861831499,1766.9999999999945
36.22000000000006,[49.97698243 49.97688778 49.9766732  49.97663048],49.976793472545594,977.376715046401,1766.9999999999952
36.240000000000066,[49.97687884 49.9767826  49.97659694 49.97655125],49.97670240572055,977.1671952048133,1767.000000000001
36.26000000000007,[49.97677444 49.97667753 49.97652153 49.97647311],49.976611650875746,977.3672048572316,1766.9999999999982
36.28000000000007,[49.97666359 49.9765655  49.97644414 49.9763925 ],49.97651643246644,977.5601359057374,1766.9999999999977
36.300000000000075,[49.97654549 49.97644555 49.97636411 49.97630872],49.97641596741772,977.8270167451822,1766.9999999999877
36.32000000000008,[49.97642321 49.97632172 49.9762825  49.97622325],49.976312672176874,977.8179162928017,1766.999999999994
36.34000000000008,[49.97630019 49.9761983  49.97620068 49.97613794],49.97620927733999,977.855857145278,1766.9999999999989
36.360000000000085,[49.97617807 49.97607734 49.97611914 49.97605349],49.97610701000348,977.7442404115474,1766.9999999999977
36.38000000000009,[49.97605742 49.97595943 49.976038   49.97597008],49.97600623352204,977.7520242059855,1767.0000000000011
36.40000000000009,[49.97593556 49.97584104 49.97595581 49.97588591],49.97590458006601,977.8401488146877,1766.999999999992
36.420000000000094,[49.9758107  49.97571985 49.9758715  49.97579965],49.975800424831384,977.9854160896494,1766.9999999999986
36.4400000000001,[49.97568215 49.97559493 49.97578448 49.97571064],49.975693048410044,978.1350582974576,1766.9999999999952
36.4600000000001,[49.97555301 49.97547018 49.97569585 49.97562035],49.97558484863172,978.0797043029131,1766.9999999999989
36.4800000000001,[49.97542583 49.97534865 49.9756066  49.97553011],49.975477795426116,978.0642977755914,1766.9999999999957
36.50000000000011,[49.97529753 49.97522624 49.97551521 49.97543793],49.975369224840215,978.2336060014667,1766.999999999991
36.52000000000011,[49.97516673 49.97510112 49.97542074 49.97534269],49.97525781988861,978.3299351564892,1766.999999999992
36.54000000000011,[49.97503648 49.97497709 49.97532438 49.97524595],49.97514597401813,978.2988271381821,1766.999999999988
36.560000000000116,[49.97490348 49.9748497  49.97522455 49.97514566],49.97503084585636,978.6347253084458,1766.9999999999961
36.58000000000012,[49.97476354 49.97471365 49.97511903 49.97503905],49.97490881761948,978.9091366905233,1766.9999999999943
36.60000000000012,[49.97462521 49.97457989 49.97501138 49.97493081],49.97478682389054,978.6630588031111,1766.999999999994
36.620000000000125,[49.97448856 49.97444809 49.97490176 49.97482104],49.97466486224077,978.9378236292072,1766.999999999993
36.64000000000013,[49.97435455 49.97431961 49.97479025 49.97470996],49.97454359331005,978.6370197804011,1767.0
36.66000000000013,[49.97422517 49.97419658 49.97467792 49.97459881],49.97442462129627,978.7767245619121,1766.9999999999889
36.680000000000135,[49.97409457 49.97407154 49.97456196 49.97448401],49.97430302002924,978.8906298335442,1766.9999999999893
36.70000000000014,[49.97396591 49.97394845 49.97444368 49.97436723],49.97418131779277,978.8182010267778,1766.9999999999964
36.72000000000014,[49.97384362 49.97383281 49.97432511 49.97425105],49.97406314447095,978.6268913783906,1766.9999999999898
36.740000000000144,[49.97372831 49.97372512 49.97420663 49.97413587],49.973948984075925,978.5134113302532,1766.9999999999914
36.76000000000015,[49.97361976 49.97362496 49.97408823 49.97402157],49.97383863115354,978.3390380077795,1766.9999999999916
36.78000000000015,[49.97351285 49.97352552 49.9739678  49.9739053 ],49.9737278658746,978.5799802508355,1766.9999999999907
36.80000000000015,[49.97340317 49.97342128 49.97384329 49.9737844 ],49.97361303284438,978.7133300807366,1766.9999999999889
36.82000000000016,[49.97329741 49.97332074 49.97371776 49.97366277],49.97349966781723,978.4889531740822,1766.9999999999918
36.84000000000016,[49.97320416 49.9732346  49.97359534 49.97354561],49.97339492616868,978.0199272237587,1767.0000000000045
36.86000000000016,[49.97312446 49.97316387 49.97347695 49.97343387],49.973299785616746,977.7119321490525,1766.9999999999995
36.880000000000166,[49.97305053 49.97309836 49.97335945 49.97332328],49.97320790501938,977.7749344550228,1766.999999999995
36.90000000000017,[49.97298291 49.97303881 49.97324317 49.97321421],49.97311977395053,977.4252329754462,1766.9999999999973
36.92000000000017,[49.97292442 49.97298854 49.97312989 49.97310868],49.97303788376571,977.2775073418824,1767.0000000000025
36.940000000000175,[49.97287102 49.97294227 49.97301814 49.97300462],49.972959012546085,977.1977752155013,1766.9999999999982
36.96000000000018,[49.9728236  49.9729011  49.97290863 49.97290282],49.97288403391181,976.9757522974708,1766.999999999992
36.98000000000018,[49.97278365 49.97286678 49.9728025  49.97280451],49.972814363758744,976.7758361744691,1766.999999999997
37.000000000000185,[49.97275167 49.97283986 49.97270042 49.97271037],49.97275057912136,976.5041157225413,1766.9999999999932
37.02000000000019,[49.97272874 49.97282164 49.97260336 49.97262145],49.97269379722694,976.2088851831477,1766.9999999999932
37.04000000000019,[49.9727095  49.97280513 49.97250948 49.97253512],49.97263980925332,976.2897367459265,1767.0
37.060000000000194,[49.97268713 49.97278181 49.97241603 49.97244773],49.97258317242576,976.4516384625399,1766.999999999982
37.0800000000002,[49.97265968 49.97274943 49.97232246 49.97235848],49.97252251126411,976.6479207911559,1766.999999999984
37.1000000000002,[49.97263508 49.97271842 49.97223255 49.97227224],49.972464571833804,976.2422834034325,1767.0000000000011
37.1200000000002,[49.97261735 49.97269381 49.97214878 49.97219201],49.97241298778274,976.131613412699,1766.9999999999966
37.14000000000021,[49.97259944 49.97266682 49.97206837 49.97211411],49.97236218529962,976.193749796318,1766.9999999999952
37.16000000000021,[49.97258147 49.97263799 49.97199162 49.9720389 ],49.972312498658525,976.0544045210379,1766.999999999993
37.18000000000021,[49.97256334 49.97260737 49.97191889 49.97196679],49.97226409946467,976.1012860239359,1767.0000000000018
37.200000000000216,[49.97254087 49.97257001 49.97184853 49.97189566],49.97221376598525,976.2324551095243,1766.9999999999895
37.22000000000022,[49.97251737 49.97253062 49.97178216 49.97182768],49.972164459505116,976.0300962803735,1766.9999999999895
37.24000000000022,[49.97249316 49.9724898  49.9717203  49.97176349],49.97211668625715,976.117974038658,1766.999999999983
37.260000000000225,[49.97246258 49.97244079 49.97166051 49.97170001],49.97206597044813,976.2918772151022,1766.999999999995
37.28000000000023,[49.97242672 49.9723855  49.9716033  49.97163805],49.9720133922195,976.2890881058388,1766.9999999999905
37.30000000000023,[49.97238752 49.97232678 49.97154964 49.97157895],49.97196072197066,976.3140569913832,1766.9999999999911
37.320000000000235,[49.97234405 49.97226384 49.97149915 49.97152234],49.97190734426174,976.3630753237295,1766.999999999993
37.34000000000024,[49.97229518 49.97219564 49.97145129 49.97146768],49.97185244636599,976.4565987466084,1766.9999999999798
37.36000000000024,[49.97224003 49.97212149 49.97140558 49.9714145 ],49.971795401239405,976.5587620848198,1766.9999999999957
37.380000000000244,[49.97218222 49.97204641 49.97136345 49.97136487],49.97173923911864,976.3979443845341,1766.9999999999998
37.40000000000025,[49.9721193  49.97196743 49.97132383 49.97131747],49.971682006162126,976.6645811554329,1766.9999999999902
37.42000000000025,[49.97204737 49.97188005 49.97128458 49.97126982],49.97162045169077,976.7781587920799,1766.9999999999893
37.44000000000025,[49.97197235 49.9717921  49.97124807 49.97122519],49.9715594254654,976.6378510230425,1766.99999999999
37.46000000000026,[49.97189441 49.97170387 49.97121425 49.97118363],49.971499041582646,976.7423452716519,1766.9999999999943
37.48000000000026,[49.97181122 49.97161259 49.97118168 49.97114349],49.971437245137274,976.7758464622855,1766.9999999999943
37.50000000000026,[49.97172329 49.97151897 49.97115025 49.97110481],49.971374331085485,976.8565713571057,1766.9999999999898
37.520000000000266,[49.97163664 49.97143082 49.97112222 49.97107069],49.97131509500079,976.4878868595637,1766.9999999999927
37.54000000000027,[49.97155219 49.97134898 49.97109788 49.97104155],49.97126015072544,976.5173537111061,1766.999999999986
37.56000000000027,[49.97146192 49.97126314 49.97107318 49.9710123 ],49.97120263723857,976.7267952103158,1766.9999999999895
37.580000000000275,[49.97136613 49.97117367 49.9710477  49.97098256],49.97114251313545,976.7614139959394,1766.9999999999905
37.60000000000028,[49.97126671 49.97108274 49.97102189 49.97095302],49.971081091975755,976.861884368965,1766.999999999995
37.62000000000028,[49.9711632  49.97098957 49.97099508 49.97092295],49.97101769907103,976.9548881666568,1766.9999999999889
37.640000000000285,[49.97105426 49.97089213 49.97096619 49.97089105],49.970950909030364,977.1769487662284,1766.9999999999886
37.66000000000029,[49.97094158 49.97079241 49.97093544 49.97085772],49.97088178793463,977.1822684674687,1766.9999999999964
37.68000000000029,[49.97082309 49.97068733 49.97090152 49.97082135],49.97080832006623,977.5755102264854,1766.999999999993
37.700000000000294,[49.97069738 49.97057498 49.97086312 49.9707804 ],49.970728971824336,977.7121404138709,1766.9999999999893
37.7200000000003,[49.97056903 49.97046084 49.97082184 49.97073703],49.97064718319849,977.8180375414446,1766.9999999999868
37.7400000000003,[49.97043491 49.97034056 49.97077585 49.97068893],49.97056006419549,978.1995206411193,1766.9999999999905
37.7600000000003,[49.97029913 49.97021926 49.97072631 49.97063778],49.970470619436405,978.0549721357693,1766.9999999999955
37.78000000000031,[49.97016378 49.97009903 49.97067392 49.97058446],49.97038029842348,978.3158322655346,1766.9999999999916
37.80000000000031,[49.97002559 49.96997551 49.97061665 49.97052645],49.97028605096773,978.4295787615185,1766.9999999999914
37.82000000000031,[49.96988683 49.96985127 49.97055511 49.97046458],49.97018944655856,978.5600200907819,1766.9999999999955
37.840000000000316,[49.96974716 49.96972559 49.97048874 49.97039818],49.97008991834107,978.7229145426658,1766.999999999996
37.86000000000032,[49.96960925 49.96960162 49.97041831 49.97032833],49.96998937510008,978.694271504877,1766.9999999999905
37.88000000000032,[49.96947201 49.96947759 49.97034312 49.97025407],49.96988669560942,978.952444819836,1766.9999999999952
37.900000000000325,[49.96933085 49.96934748 49.9702607  49.97017228],49.96977782748414,979.2659636991584,1766.9999999999968
37.92000000000033,[49.96918928 49.9692157  49.97017225 49.97008457],49.96966544933931,979.3003745680645,1766.9999999999918
37.94000000000033,[49.96905208 49.96908807 49.97007973 49.96999348],49.969553339186426,979.297040665278,1766.9999999999898
37.960000000000335,[49.9689232  49.96896942 49.96998477 49.96990109],49.9694446189412,979.0693970808306,1766.9999999999977
37.98000000000034,[49.96879846 49.96885404 49.96988557 49.96980495],49.9693357542026,979.3631558916899,1766.999999999996
38.00000000000034,[49.968679   49.96874346 49.96978233 49.96970534],49.96922753097415,979.0700287857188,1766.999999999998
38.020000000000344,[49.96857287 49.96864757 49.96967884 49.96960705],49.96912657936447,978.8057757684214,1767.0000000000034
38.04000000000035,[49.96847693 49.96856209 49.96957388 49.96950831],49.969030302413834,978.7302118991003,1767.0000000000077
38.06000000000035,[49.96838447 49.96847827 49.96946457 49.96940527],49.96893314169073,978.9328157240536,1767.0000000000011
38.080000000000354,[49.9682937  49.96839389 49.96935011 49.96929685],49.9688336382033,978.979901883373,1767.000000000002
38.10000000000036,[49.96821101 49.96831704 49.96923356 49.96918688],49.968737125358004,978.7336650090806,1767.000000000001
38.12000000000036,[49.9681369  49.96824811 49.9691156  49.96907602],49.96864415528822,978.7332191343701,1767.0000000000005
38.14000000000036,[49.96806376 49.96817739 49.96899312 49.9689601 ],49.9685485917994,979.002120545248,1767.0000000000064
38.160000000000366,[49.96799301 49.96810689 49.96886693 49.96884009],49.968451730358545,978.8923678895223,1766.9999999999957
38.18000000000037,[49.96792699 49.96803953 49.96873859 49.96871784],49.96835573906838,978.977866969761,1766.9999999999982
38.20000000000037,[49.96786069 49.96796903 49.96860624 49.9685908 ],49.96825669151864,979.1973321856326,1767.0000000000089
38.220000000000375,[49.96779591 49.967898   49.96847101 49.96846036],49.9681563204244,979.13639026296,1766.9999999999975
38.24000000000038,[49.96773421 49.96782849 49.96833415 49.96832798],49.968056208450754,979.2214552797374,1766.9999999999989
38.26000000000038,[49.9676695  49.96775299 49.96819341 49.96819063],49.96795163289649,979.5564267444462,1766.9999999999952
38.280000000000385,[49.96760333 49.96767392 49.96804976 49.96804955],49.96784414075492,979.5106506006241,1766.9999999999998
38.30000000000039,[49.96753521 49.96759085 49.96790361 49.96790515],49.967733703651795,979.8465884276789,1767.0000000000066
38.32000000000039,[49.9674682  49.96750824 49.96775659 49.96775953],49.967623139222525,979.5629543839415,1766.9999999999968
38.340000000000394,[49.96740936 49.96743517 49.96761257 49.96761755],49.96751866217589,979.3742506050389,1766.9999999999993
38.3600000000004,[49.96735302 49.96736464 49.96746961 49.96747657],49.9674159620803,979.4508778024326,1766.9999999999934
38.3800000000004,[49.96729768 49.96729515 49.96732743 49.96733616],49.9673141055808,979.33897728388,1766.9999999999952
38.400000000000404,[49.96724406 49.96722787 49.96718692 49.96719737],49.96721405478809,979.3327957057351,1767.000000000001
38.42000000000041,[49.96718735 49.96715693 49.96704638 49.96705795],49.96711215425699,979.526564758763,1767.0000000000048
38.44000000000041,[49.96712466 49.96707906 49.96690489 49.96691665],49.967006316243754,979.6947352729087,1767.000000000005
38.46000000000041,[49.96705704 49.96699599 49.96676327 49.96677455],49.966897714304444,979.7887398823989,1767.0000000000007
38.480000000000416,[49.96698768 49.96691208 49.96662334 49.96663395],49.966789262402145,979.7107064201278,1767.0000000000007
38.50000000000042,[49.96692068 49.96683278 49.96648738 49.96649776],49.96668464836875,979.4930926692979,1767.0000000000034
38.52000000000042,[49.96685415 49.96675574 49.96635502 49.96636538],49.96658257300601,979.5224979846339,1766.999999999993
38.540000000000425,[49.96678704 49.96667989 49.96622606 49.96623655],49.966482383999825,979.3583997289346,1767.0000000000014
38.56000000000043,[49.96671875 49.9666045  49.96610064 49.96611132],49.966383802524845,979.4097585008861,1766.999999999995
38.58000000000043,[49.96665097 49.96653195 49.96597968 49.96599091],49.96628837693292,979.114393980695,1767.0000000000014
38.600000000000435,[49.96658368 49.96646204 49.96586361 49.96587573],49.96619626739479,979.150770752351,1766.9999999999961
38.62000000000044,[49.96651536 49.96639297 49.96575186 49.96576503],49.96610630284151,978.9529794030631,1767.0000000000068
38.64000000000044,[49.96644835 49.9663276  49.96564578 49.96566043],49.96602054044209,978.8152712456088,1766.9999999999968
38.660000000000444,[49.96638381 49.96626733 49.96554605 49.96556276],49.965939987144644,978.5318418346754,1767.0000000000045
38.68000000000045,[49.9663181  49.96620722 49.96545133 49.96547015],49.96586170000701,978.640561568547,1766.999999999994
38.70000000000045,[49.96624462 49.96613886 49.96535863 49.9653787 ],49.96578020264481,978.8175008214387,1766.9999999999989
38.720000000000454,[49.96616041 49.96605845 49.96526661 49.96528669],49.965693038479365,979.1331506041404,1766.9999999999943
38.74000000000046,[49.96607073 49.96597275 49.96517741 49.96519697],49.96560446345652,978.9529930832161,1766.9999999999945
38.76000000000046,[49.96597877 49.96588554 49.96509262 49.96511152],49.96551711509109,979.0468827130819,1767.000000000006
38.78000000000046,[49.96587933 49.96579011 49.96500977 49.96502716],49.96542659192311,979.2373490831875,1767.0000000000036
38.800000000000466,[49.96577763 49.96569314 49.96493093 49.96494665],49.965337088341876,978.9793728280632,1767.0000000000093
38.82000000000047,[49.96567877 49.9656008  49.96485839 49.96487293],49.96525272224105,978.8236621980352,1767.0
38.84000000000047,[49.96557387 49.96550153 49.96478808 49.9648007 ],49.96516604480348,979.1923563335703,1767.0000000000007
38.860000000000475,[49.9654581  49.96538928 49.9647173  49.96472666],49.96507283521168,979.3930563498129,1767.0000000000045
38.88000000000048,[49.96533783 49.96527221 49.96464856 49.96465417],49.964978193985864,979.3343093171848,1766.9999999999966
38.90000000000048,[49.96522201 49.96516153 49.96458558 49.96458812],49.96488931022523,978.9314175225182,1766.9999999999925
38.920000000000485,[49.9651074  49.96505274 49.96452685 49.96452652],49.96480337670437,979.1090102841682,1766.9999999999905
38.94000000000049,[49.96499256 49.96494408 49.96447115 49.96446797],49.964718942188696,978.8294295343158,1766.999999999997
38.96000000000049,[49.96487972 49.96483805 49.9644193  49.96441352],49.96463764768728,978.8697290555458,1767.000000000004
38.980000000000494,[49.96476485 49.96472946 49.964369   49.96436035],49.96455591370828,978.8924060270529,1767.0000000000045
39.0000000000005,[49.96465377 49.96462567 49.96432243 49.96431137],49.96447831155362,978.5496356582572,1766.999999999998
39.0200000000005,[49.96454936 49.96452999 49.96428068 49.964268  ],49.96440700654514,978.3909003889771,1767.0000000000048
39.040000000000504,[49.96444412 49.96443263 49.96424006 49.96422551],49.964335578679346,978.588991903838,1767.0000000000073
39.06000000000051,[49.96433456 49.96432919 49.96419843 49.9641813 ],49.96426087018406,978.6976019879303,1766.999999999992
39.08000000000051,[49.96422588 49.96422624 49.96415766 49.96413793],49.96418692917168,978.5570488281204,1766.9999999999973
39.10000000000051,[49.96411661 49.96412167 49.96411685 49.96409427],49.964112350288204,978.7851659723547,1767.0000000000011
39.120000000000516,[49.96400264 49.96401031 49.96407363 49.96404742],49.96403349998448,978.9521225581499,1766.9999999999995
39.14000000000052,[49.96388686 49.96389586 49.96402881 49.9639986 ],49.96395253220366,979.0010495934681,1766.9999999999975
39.16000000000052,[49.96377142 49.96378104 49.96398302 49.96394872],49.963871047549475,979.035066588438,1766.9999999999984
39.180000000000526,[49.96365576 49.96366512 49.96393562 49.96389711],49.963788404550364,979.1394688081203,1766.999999999998
39.20000000000053,[49.96353914 49.96354719 49.96388588 49.96384295],49.96370379084176,979.2433957734133,1767.0000000000005
39.22000000000053,[49.9634174  49.96342201 49.96383157 49.96378352],49.96361362605358,979.6504772864839,1767.0000000000032
39.240000000000535,[49.96329217 49.96329194 49.96377285 49.96371924],49.96351905086245,979.6605923569477,1766.9999999999995
39.26000000000054,[49.96317508 49.96317185 49.96371462 49.96365662],49.963429542549356,979.2720336973379,1767.0000000000018
39.28000000000054,[49.96306409 49.96305891 49.96365597 49.96359446],49.963343357377106,979.4290738689662,1766.9999999999911
39.300000000000544,[49.96295447 49.96294727 49.96359434 49.96352959],49.96325641801142,979.384427720985,1766.9999999999952
39.32000000000055,[49.96284429 49.96283445 49.96352868 49.96346076],49.96316704415078,979.6835774024094,1767.0000000000055
39.34000000000055,[49.96272706 49.9627124  49.96345571 49.96338387],49.96306976186679,980.1006143393167,1767.0000000000025
39.360000000000554,[49.96260871 49.96258897 49.96337766 49.96330201],49.96296933904107,980.0004837280962,1767.0000000000048
39.38000000000056,[49.96249595 49.96247263 49.96329753 49.96321909],49.96287129910657,979.9536504455275,1767.0000000000011
39.40000000000056,[49.96238639 49.96236035 49.96321416 49.96313365],49.962773638463744,980.0223370620699,1767.0000000000011
39.42000000000056,[49.96227721 49.96224857 49.96312615 49.96304394],49.962673965003404,980.1770949913207,1766.9999999999977
39.440000000000566,[49.96216583 49.96213411 49.96303222 49.96294836],49.96257012674349,980.4273015761654,1767.0000000000032
39.46000000000057,[49.96205128 49.96201588 49.96293178 49.96284624],49.96246129294583,980.6526177413845,1767.000000000002
39.48000000000057,[49.96194251 49.96190542 49.96282869 49.96274266],49.96235482096436,980.2847192601087,1766.9999999999932
39.500000000000576,[49.96184112 49.9618045  49.96272404 49.96263886],49.96225213015516,980.3899494165113,1766.9999999999905
39.52000000000058,[49.96174374 49.96170887 49.96261622 49.96253282],49.96215041273939,980.257896975372,1767.000000000002
39.54000000000058,[49.96164899 49.96161661 49.96250486 49.9624239 ],49.96204858676134,980.4534900261631,1767.0000000000034
39.560000000000585,[49.96155624 49.96152701 49.96238964 49.96231172],49.9619461535052,980.3631957562595,1766.9999999999968
39.58000000000059,[49.96147283 49.96144929 49.96227411 49.96220074],49.96184924448616,980.0424947845875,1767.0000000000027
39.60000000000059,[49.96139525 49.96137859 49.96215713 49.96208927],49.961755058203664,980.1863931026152,1766.9999999999977
39.620000000000594,[49.96131551 49.96130475 49.96203525 49.96197275],49.96165706571443,980.4140318804875,1766.9999999999984
39.6400000000006,[49.96123923 49.96123497 49.96191113 49.96185456],49.961559970821554,980.1620261920309,1767.0000000000095
39.6600000000006,[49.96117058 49.9611742  49.96178716 49.96173753],49.961467367897924,980.0860889224641,1766.999999999998
39.680000000000604,[49.96110813 49.96112048 49.96166305 49.96162112],49.96137819497985,979.9220572220787,1767.0000000000045
39.70000000000061,[49.96105045 49.96107173 49.96153864 49.96150487],49.96129142124475,979.9312924469651,1766.9999999999925
39.72000000000061,[49.96099474 49.96102426 49.96141306 49.96138745],49.96120487988893,979.9482007704732,1766.9999999999984
39.74000000000061,[49.96093943 49.96097594 49.96128602 49.96126831],49.96111742574026,980.0525345292195,1766.9999999999975
39.760000000000616,[49.96087967 49.96092053 49.96115577 49.96114499],49.96102523983406,980.389553167895,1767.0000000000075
39.78000000000062,[49.96081772 49.96086103 49.96102355 49.96101902],49.96093032838056,980.3246469345855,1767.0000000000025
39.80000000000062,[49.96076036 49.96080599 49.96089295 49.96089481],49.960838526910194,980.1697116255248,1767.0
39.820000000000626,[49.96070911 49.9607572  49.96076519 49.96077373],49.96075130803987,979.9792809044549,1767.0000000000032
39.84000000000063,[49.96066108 49.96071089 49.96063952 49.96065459],49.96066651622445,980.0037323642478,1767.0000000000045
39.86000000000063,[49.96061267 49.96066252 49.96051472 49.96053566],49.960581392674335,980.0438065628246,1767.0000000000057
39.880000000000635,[49.96056256 49.96061049 49.96039063 49.96041659],49.96049506885612,980.1399794067676,1766.9999999999977
39.90000000000064,[49.960514   49.9605591  49.96026904 49.96029959],49.960410434159655,979.935922860291,1767.000000000008
39.92000000000064,[49.96046208 49.96050201 49.96014836 49.9601824 ],49.960323712097605,980.3479962065301,1766.9999999999995
39.940000000000644,[49.96040359 49.96043557 49.96002721 49.96006328],49.96023241277739,980.3527687302723,1766.9999999999961
39.96000000000065,[49.96034454 49.96036758 49.95990873 49.95994618],49.96014175824837,980.3247325890759,1766.9999999999993
39.98000000000065,[49.96027992 49.96029178 49.95979106 49.9598286 ],49.9600478393355,980.6570565196881,1767.0000000000032
40.000000000000654,[49.96020895 49.96020766 49.95967391 49.95971027],49.95995019954965,980.6669841024394,1766.999999999998
40.02000000000066,[49.96013434 49.96011886 49.95955882 49.95959313],49.959851290480195,980.792359596762,1766.9999999999995
40.04000000000066,[49.96005661 49.96002643 49.95944616 49.95947771],49.959751726492335,980.7499752095973,1767.000000000001
40.06000000000066,[49.95997675 49.95993184 49.95933659 49.95936487],49.95965251276921,980.7899686436685,1766.9999999999964
40.080000000000666,[49.95989824 49.9598399  49.95923175 49.95925681],49.95955667575917,980.4923755659717,1766.999999999994
40.10000000000067,[49.95982039 49.95974974 49.95913162 49.95915347],49.9594638022395,980.5658598614814,1766.9999999999995
40.12000000000067,[49.95974029 49.95965805 49.95903486 49.95905319],49.959371597108735,980.4606597025597,1767.000000000004
40.140000000000676,[49.95965744 49.95956428 49.95894134 49.95895585],49.9592797269658,980.5615400136332,1767.000000000004
40.16000000000068,[49.95957232 49.9594694  49.95885118 49.9588617 ],49.95918864969859,980.4176529478656,1767.0000000000011
40.18000000000068,[49.95948653 49.95937547 49.95876514 49.95877178],49.95909973106541,980.4032540016331,1767.0000000000036
40.200000000000685,[49.95940072 49.9592835  49.95868344 49.95868644],49.95901352273532,980.2127927736028,1767.000000000001
40.22000000000069,[49.95931642 49.95919543 49.95860676 49.95860659],49.958931299624886,980.0908230545365,1767.000000000004
40.24000000000069,[49.9592353  49.9591134  49.95853575 49.95853311],49.958854390248575,979.788424767833,1766.9999999999966
40.260000000000694,[49.9591536  49.95903244 49.95846876 49.95846387],49.95877966577615,979.9291519063052,1766.9999999999952
40.2800000000007,[49.9590683  49.95894882 49.95840411 49.95839682],49.95870451214416,979.8470748168604,1767.0000000000039
40.3000000000007,[49.95897758 49.95886006 49.95834091 49.95833079],49.9586273379242,980.1220601906596,1766.9999999999973
40.320000000000704,[49.95887588 49.95875917 49.95827628 49.95826224],49.95854339251794,980.4406664554052,1766.999999999997
40.34000000000071,[49.95876578 49.95864952 49.95821099 49.95819231],49.95845464966531,980.5512556284965,1767.0000000000043
40.36000000000071,[49.95865155 49.95853648 49.95814668 49.95812324],49.95836448738751,980.5870996176623,1766.9999999999986
40.38000000000071,[49.95853572 49.95842318 49.95808418 49.95805621],49.958274820795495,980.5377464671735,1767.000000000003
40.400000000000716,[49.95842293 49.9583154  49.95802529 49.95799362],49.9581893093291,980.2667612520561,1767.000000000004
40.42000000000072,[49.9583123  49.9582117  49.95796944 49.95793476],49.958107049283086,980.2938366073812,1767.000000000003
40.44000000000072,[49.95820003 49.95810709 49.95791451 49.957877  ],49.958024656485236,980.3083711864821,1766.9999999999955
40.460000000000726,[49.95808898 49.95800509 49.95786139 49.95782158],49.95794426037061,980.1574778741917,1767.0000000000045
40.48000000000073,[49.95797856 49.95790461 49.95780957 49.95776787],49.95786515240973,980.2324248135701,1766.9999999999957
40.50000000000073,[49.95786884 49.95780563 49.95775864 49.95771543],49.95778713618709,980.0992691922055,1766.9999999999977
40.520000000000735,[49.95775975 49.95770769 49.95770831 49.9576639 ],49.95770991368474,980.2002292406885,1767.0000000000027
40.54000000000074,[49.95764602 49.95760391 49.95765582 49.95760981],49.957628888309955,980.4549598251317,1767.0000000000048
40.56000000000074,[49.95752941 49.95749648 49.95760145 49.95755365],49.957545247231316,980.4578714601504,1767.0
40.580000000000744,[49.95741137 49.95738696 49.95754558 49.95749595],49.95745996461233,980.6320638368469,1767.0000000000039
40.60000000000075,[49.95729192 49.95727531 49.95748781 49.95743629],49.95737283245511,980.6540375106628,1766.9999999999977
40.62000000000075,[49.95717124 49.95716154 49.95742792 49.95737445],49.95728378911748,980.8347268581437,1766.9999999999945
40.640000000000754,[49.95704974 49.95704612 49.95736569 49.95731025],49.95719295182593,980.8483440903365,1767.0000000000005
40.66000000000076,[49.95693166 49.95693431 49.95730274 49.95724586],49.95710364166067,980.7509464845986,1766.9999999999984
40.68000000000076,[49.95681522 49.95682361 49.95723808 49.95717999],49.95701422405797,980.9028199534799,1767.0000000000045
40.70000000000076,[49.95670416 49.95671882 49.95717298 49.95711441],49.95692759154578,980.5633291904004,1767.0000000000005
40.720000000000766,[49.9565986  49.95661971 49.95710752 49.95704914],49.95684374519946,980.7153282451167,1766.9999999999943
40.74000000000077,[49.95649623 49.95652341 49.9570403  49.95698247],49.95676060174561,980.5518584354137,1766.9999999999982
40.76000000000077,[49.95640104 49.95643477 49.95697306 49.95691659],49.95668136548646,980.4347856757057,1766.9999999999995
40.780000000000776,[49.95631505 49.95635625 49.95690659 49.95685252],49.956607601190896,980.1399481335491,1766.9999999999989
40.80000000000078,[49.95623647 49.9562853  49.95684017 49.95678922],49.95653778720663,980.1506137962206,1767.0000000000005
40.82000000000078,[49.95615755 49.95621194 49.95677023 49.95672205],49.95646544319288,980.4009288205166,1766.9999999999975
40.840000000000785,[49.95608399 49.95614362 49.95669911 49.9566541 ],49.95639520510307,980.022522765956,1766.999999999999
40.86000000000079,[49.95602168 49.9560875  49.95662976 49.95658899],49.95633198194444,979.8596075148208,1767.0000000000025
40.88000000000079,[49.95597215 49.95604542 49.95656292 49.95652762],49.95627702908159,979.3751555111744,1767.0000000000025
40.900000000000794,[49.95593655 49.95601856 49.95649951 49.95647094],49.95623138652045,979.1236218496823,1766.9999999999975
40.9200000000008,[49.95590757 49.95599739 49.95643646 49.95641483],49.95618906014701,979.1422654209193,1767.000000000004
40.9400000000008,[49.95587623 49.95597047 49.95636992 49.95635422],49.95614270920658,979.5076777486433,1766.999999999996
40.960000000000804,[49.95584563 49.95594202 49.95630125 49.95629086],49.956094940839314,979.3075089805425,1766.9999999999977
40.98000000000081,[49.95582221 49.95592008 49.95623378 49.95622887],49.95605123470934,979.2115600827314,1767.0000000000025
41.00000000000081,[49.95580219 49.95589983 49.95616615 49.95616637],49.95600863424767,979.2592894731214,1767.0000000000027
41.02000000000081,[49.95578321 49.95587839 49.95609756 49.95610225],49.95596535209012,979.3131415951526,1766.9999999999998
41.040000000000816,[49.95576391 49.95585417 49.95602772 49.95603604],49.955920460084734,979.4384342468347,1767.0000000000084
41.06000000000082,[49.95574486 49.95582812 49.95595713 49.95596834],49.955874611651076,979.4369356612182,1766.9999999999977
41.08000000000082,[49.95572519 49.95579931 49.95588577 49.95589905],49.95582732946195,979.6016943117486,1767.0000000000023
41.100000000000826,[49.95570614 49.95576966 49.95581442 49.95582916],49.95577984398539,979.496249595326,1766.9999999999993
41.12000000000083,[49.955684   49.95573455 49.95574187 49.95575704],49.9557293638034,979.8947775740597,1766.9999999999989
41.14000000000083,[49.95565579 49.95569077 49.95566683 49.9556811 ],49.955673622756265,979.9797639280512,1767.0000000000007
41.160000000000835,[49.95562463 49.95564262 49.95559103 49.95560358],49.95561546679734,980.1384596162111,1767.000000000001
41.18000000000084,[49.95559297 49.95559363 49.95551575 49.95552619],49.95555713752559,980.0344111534218,1767.0000000000016
41.20000000000084,[49.95556087 49.95554413 49.9554414  49.95544944],49.955498962300084,980.1645260880066,1766.9999999999989
41.220000000000844,[49.95552474 49.95548999 49.95536653 49.95537151],49.955438191300566,980.2909709928779,1766.999999999999
41.24000000000085,[49.95548645 49.95543399 49.95529212 49.95529374],49.95537657685414,980.2731144058645,1767.0000000000005
41.26000000000085,[49.95544547 49.95537576 49.95521819 49.95521619],49.955313901549665,980.4169740821136,1767.0000000000011
41.280000000000854,[49.95540654 49.95532179 49.9551469  49.95514178],49.955254253748606,980.0547213558251,1767.000000000001
41.30000000000086,[49.95537124 49.95527409 49.95507938 49.95507186],49.95519914189811,980.0702354537955,1767.0000000000025
41.32000000000086,[49.95533689 49.95522956 49.95501449 49.95500504],49.95514649849988,979.8808412262198,1767.0000000000027
41.34000000000086,[49.95530359 49.95518839 49.95495252 49.95494165],49.955096537217855,979.8772309949527,1766.9999999999998
41.360000000000866,[49.95526991 49.95514892 49.95489288 49.95488097],49.95504816736745,979.7787419442357,1767.0000000000014
41.38000000000087,[49.95523405 49.95510889 49.95483494 49.95482215],49.95500000614168,979.8906048910852,1767.0000000000027
41.40000000000087,[49.95519641 49.95506895 49.95477885 49.95476544],49.954952411043124,979.761707991747,1767.0000000000005
41.420000000000876,[49.95516258 49.95503615 49.95472726 49.95471422],49.95491005300877,979.4801431095299,1766.999999999998
41.44000000000088,[49.95513364 49.95501167 49.95468085 49.95466929],49.95487386146936,979.2720813168318,1766.9999999999977
41.46000000000088,[49.95510697 49.95499196 49.95463856 49.95462919],49.954841669780286,979.1718282108304,1767.0000000000002
41.480000000000885,[49.955082   49.95497614 49.95460018 49.95459359],49.95481297733795,979.0052974001201,1767.000000000003
41.50000000000089,[49.9550545  49.95495852 49.95456393 49.95456009],49.95478425984131,979.2008938310659,1767.0000000000045
41.52000000000089,[49.95501906 49.95493212 49.95452725 49.95452537],49.954750951680005,979.4185944274519,1767.000000000003
41.540000000000894,[49.95497992 49.95490227 49.95449189 49.95449174],49.95471645724705,979.3285252758553,1766.9999999999984
41.5600000000009,[49.95494151 49.95487431 49.95445991 49.95446175],49.95468436986719,979.2441671611439,1766.9999999999989
41.5800000000009,[49.9549019  49.9548455  49.95443044 49.95443424],49.95465301993501,979.2945291615524,1766.9999999999952
41.600000000000904,[49.95486246 49.95481739 49.95440396 49.95440979],49.95462339863764,979.1271369045994,1766.9999999999993
41.62000000000091,[49.95482146 49.95478744 49.95437972 49.95438738],49.954594000282654,979.3041376985184,1767.0000000000011
41.64000000000091,[49.95478024 49.95475729 49.95435805 49.95436745],49.95456575761767,979.0589388850085,1766.9999999999989
41.66000000000091,[49.95473902 49.95472678 49.95433911 49.95435012],49.9545387589051,979.2285476168518,1766.999999999999
41.680000000000916,[49.95469931 49.95469787 49.95432327 49.95433592],49.954514091730466,978.8925596549103,1767.0000000000036
41.70000000000092,[49.95466577 49.95467601 49.95431267 49.95432751],49.95449549171015,978.7479151753198,1766.9999999999995
41.72000000000092,[49.95463451 49.95465604 49.95430544 49.95432246],49.95447961257637,978.6933941145002,1766.9999999999984
41.740000000000926,[49.95460466 49.95463667 49.95430104 49.95432002],49.95446559412835,978.6214436938368,1767.0000000000014
41.76000000000093,[49.95457274 49.95461325 49.95429776 49.95431799],49.95445043848005,978.8194738864271,1766.9999999999995
41.78000000000093,[49.95453222 49.95457745 49.95429241 49.95431229],49.95442859050417,979.2157433639745,1767.0000000000007
41.800000000000935,[49.95448244 49.95452857 49.95428427 49.95430215],49.95439935662399,979.4737488949434,1767.0000000000043
41.82000000000094,[49.95443087 49.95447626 49.9542764  49.95429164],49.95436879071181,979.3624280042228,1767.000000000002
41.84000000000094,[49.95437699 49.95441971 49.9542685  49.95428039],49.95433639651495,979.6628969001381,1766.9999999999989
41.860000000000944,[49.95432376 49.95436301 49.95426142 49.95426972],49.95430447979265,979.3589757477213,1766.9999999999986
41.88000000000095,[49.95427821 49.95431495 49.95425831 49.9542637 ],49.95427879260326,979.1759696683789,1767.0000000000032
41.90000000000095,[49.95423882 49.95427363 49.9542583  49.95426126],49.954258000800294,978.9843672456674,1767.0000000000025
41.920000000000954,[49.9542018  49.95423419 49.95425954 49.95426006],49.95423889731974,979.071189131374,1767.0000000000025
41.94000000000096,[49.95416558 49.95419484 49.95426097 49.95425889],49.95422007165062,978.9988758996656,1766.9999999999995
41.96000000000096,[49.95413189 49.95415783 49.9542632  49.9542586 ],49.95420287883863,978.972246561407,1767.0000000000016
41.98000000000096,[49.95410164 49.95412443 49.95426642 49.95425952],49.95418800221871,978.8429809072304,1767.0000000000011
42.000000000000966,[49.95407324 49.95409262 49.95426981 49.95426065],49.95417407799605,978.9313626250023,1766.9999999999998
42.02000000000097,[49.95404405 49.95405921 49.95427192 49.95426024],49.95415885368871,978.9922101421245,1767.0
42.04000000000097,[49.95401097 49.95402036 49.9542712  49.95425635],49.95413972036262,979.3007327479395,1766.9999999999973
42.060000000000976,[49.9539771  49.95398034 49.95426865 49.95425051],49.954119149907385,979.1548974634705,1767.0000000000039
42.08000000000098,[49.95394667 49.95394453 49.9542662  49.95424519],49.95410064939957,979.1688627450369,1767.0000000000011
42.10000000000098,[49.95391839 49.9539114  49.9542631  49.95423953],49.954083105070225,979.1170910131883,1766.999999999998
42.120000000000985,[49.95389327 49.95388232 49.9542597  49.95423406],49.95406733606428,979.062429192626,1767.0000000000016
42.14000000000099,[49.95386939 49.95385488 49.95425506 49.9542276 ],49.95405173316568,979.1461552959527,1767.0000000000018
42.16000000000099,[49.95384554 49.95382764 49.95424849 49.95421934],49.95403525211121,979.1797019195612,1767.0000000000027
42.180000000000994,[49.95382526 49.95380525 49.95424148 49.95421126],49.95402081056096,979.018363156167,1766.9999999999998
42.200000000001,[49.95380626 49.95378465 49.95423306 49.9542021 ],49.95400651839196,979.2107109255982,1767.0000000000023
42.220000000001,[49.95378415 49.95376043 49.9542211  49.95418918],49.95398871660927,979.3574844669398,1767.0000000000027
42.240000000001004,[49.95376035 49.95373449 49.95420615 49.95417327],49.95396856546375,979.4527050487585,1766.9999999999995
42.26000000000101,[49.95373978 49.95371315 49.95419035 49.95415718],49.9539501152183,979.2591394245412,1767.0000000000025
42.28000000000101,[49.95372472 49.95369916 49.95417487 49.95414237],49.953935279381966,979.1930325953339,1766.9999999999995
42.30000000000101,[49.95370697 49.953682   49.95415613 49.95412416],49.95391731630255,979.5660454827129,1766.999999999997
42.320000000001016,[49.95368502 49.95365997 49.95413321 49.95410146],49.953894915493656,979.6106588175495,1767.0000000000034
42.34000000000102,[49.95366143 49.95363625 49.95410736 49.95407589],49.953870231441115,979.8025512024269,1767.0000000000014
42.36000000000102,[49.95363346 49.95360742 49.95407735 49.95404584],49.95384101533375,980.0364450719792,1767.0000000000007
42.380000000001026,[49.95360691 49.95358097 49.95404567 49.95401461],49.953812040493496,979.8271824174889,1767.0000000000023
42.40000000000103,[49.95358521 49.95356106 49.95401416 49.95398445],49.953786218592086,979.8155454060104,1767.0000000000005
42.42000000000103,[49.953563   49.95354079 49.95398047 49.9539523 ],49.95375914094031,979.9764369920048,1767.0000000000007
42.440000000001035,[49.95354521 49.95352655 49.95394679 49.95392098],49.9537348841763,979.6217438992117,1767.0000000000014
42.46000000000104,[49.95353375 49.95352039 49.95391433 49.95389189],49.95371509110121,979.6432708719628,1767.0000000000032
42.48000000000104,[49.95352425 49.95351673 49.9538812  49.95386253],49.95369617556817,979.5893712095456,1766.9999999999977
42.500000000001044,[49.95351754 49.95351647 49.95384793 49.95383348],49.953678853713186,979.5498927899124,1766.9999999999984
42.52000000000105,[49.95351293 49.95351861 49.9538144  49.95380449],49.95366260769113,979.5387448641459,1767.0
42.54000000000105,[49.95351258 49.95352579 49.95378174 49.95377689],49.95364925071138,979.3460234788419,1767.0000000000016
42.560000000001054,[49.95351605 49.95353718 49.95375006 49.95375069],49.953638497048885,979.3577772166683,1767.0000000000011
42.58000000000106,[49.95351661 49.95354407 49.95371656 49.95372211],49.953624837011034,979.6275859263052,1766.9999999999966
42.60000000000106,[49.95351588 49.95354865 49.95368198 49.9536921 ],49.95360964914758,979.5232103603402,1766.9999999999995
42.62000000000106,[49.95352129 49.95356018 49.95364995 49.9536652 ],49.953599153222385,979.2691399920338,1767.000000000001
42.640000000001066,[49.95353038 49.95357527 49.95361978 49.95364032],49.95359143707799,979.3242408894861,1767.0000000000018
42.66000000000107,[49.95354522 49.95359657 49.95359248 49.95361871],49.95358824477949,978.9226430588225,1767.0000000000016
42.68000000000107,[49.95356724 49.95362559 49.95356921 49.9536016 ],49.95359091189677,978.8637948256787,1766.9999999999989
42.700000000001076,[49.95358923 49.95365303 49.95354696 49.95358498],49.95359354800851,978.9564086675291,1766.9999999999995
42.72000000000108,[49.9536103  49.95367785 49.95352547 49.95356844],49.9535955147871,978.9505745198403,1766.9999999999993
42.74000000000108,[49.95363729 49.95370872 49.95350803 49.95355613],49.95360254364218,978.5604129084277,1766.9999999999984
42.760000000001085,[49.95366689 49.95374116 49.95349368 49.95354659],49.95361208170308,978.7677305689108,1766.9999999999989
42.78000000000109,[49.95368959 49.95376322 49.95347821 49.95353434],49.95361634066469,979.0320607210889,1766.999999999997
42.80000000000109,[49.95370829 49.95377882 49.95346299 49.95352117],49.953617816376955,979.0294242577243,1767.0000000000027
42.820000000001095,[49.95372519 49.95379082 49.95344925 49.9535086 ],49.95361846395346,979.1288463851683,1766.9999999999982
42.8400000000011,[49.9537372  49.95379544 49.95343577 49.95349503],49.95361586061739,979.3295949325432,1766.999999999998
42.8600000000011,[49.95374396 49.95379251 49.95342241 49.95348035],49.95360980885929,979.4455369308473,1767.0000000000032
42.880000000001104,[49.95374748 49.95378487 49.95341018 49.9534659 ],49.95360210820398,979.4947757025186,1767.000000000001
42.90000000000111,[49.9537487  49.95377392 49.95339957 49.95345235],49.953593636267705,979.5365987826459,1767.000000000001
42.92000000000111,[49.95375099 49.95376426 49.95339212 49.95344178],49.95358728949289,979.3418992086141,1766.9999999999973
42.94000000000111,[49.95375602 49.95375813 49.95338874 49.95343536],49.95358456381482,979.2571055586488,1767.0000000000023
42.960000000001116,[49.95375952 49.9537503  49.95338754 49.95343072],49.953582019189234,979.351047648655,1767.000000000002
42.98000000000112,[49.95375985 49.95373901 49.9533877  49.9534269 ],49.95357836464168,979.3746330679043,1766.9999999999993
43.00000000000112,[49.95376526 49.95373505 49.95339282 49.95342866],49.95358044789919,978.8924793432691,1767.0000000000052
43.020000000001126,[49.95377943 49.95374301 49.95340479 49.9534384 ],49.95359140709879,978.6509447831628,1766.999999999999
43.04000000000113,[49.95379217 49.95374993 49.95341909 49.95345027],49.9536028629945,978.8726083580483,1766.9999999999993
43.06000000000113,[49.95380321 49.95375583 49.95343529 49.95346388],49.95361455371549,978.653309606037,1766.9999999999998
43.080000000001135,[49.95381345 49.95376176 49.95345389 49.95347989],49.95362724495374,978.8102585659403,1767.000000000001
43.10000000000114,[49.95381977 49.95376398 49.95347326 49.95349629],49.95363832512854,978.8109351576286,1766.9999999999998
43.12000000000114,[49.95382798 49.95376996 49.95349588 49.95351639],49.95365255058671,978.5681063635249,1767.0000000000011
43.140000000001145,[49.95384332 49.95378627 49.95352411 49.95354322],49.953674228829456,978.2062198371694,1766.9999999999973
43.16000000000115,[49.95385979 49.95380502 49.95355535 49.95357337],49.95369838213688,978.3814539525249,1767.0
43.18000000000115,[49.95387157 49.95381892 49.95358667 49.95360317],49.953720083627495,978.4344319960863,1767.0000000000011
43.200000000001154,[49.95388455 49.95383546 49.95362051 49.95363586],49.95374409480845,978.2097450160584,1767.0000000000016
43.22000000000116,[49.95390242 49.95385913 49.95365851 49.95367352],49.953773395853126,978.0120634136994,1767.0000000000011
43.24000000000116,[49.95391767 49.95388009 49.95369728 49.95371174],49.95380169725083,978.3163414873349,1767.0000000000014
43.26000000000116,[49.95392028 49.95388566 49.95373198 49.95374437],49.953820571805366,978.82851615622,1766.9999999999998
43.280000000001166,[49.95391321 49.95387982 49.95376346 49.95377273],49.953832306143326,978.9422749456164,1767.0000000000007
43.30000000000117,[49.95390082 49.953868   49.95379351 49.95379919],49.95384038001187,979.1629593780524,1766.9999999999952
43.32000000000117,[49.95388458 49.95385216 49.95382249 49.95382434],49.95384589263195,979.1854768247827,1767.000000000003
43.340000000001176,[49.95387194 49.95384168 49.95385349 49.95385226],49.95385484334856,978.9023825756293,1767.0000000000011
43.36000000000118,[49.95386413 49.95383789 49.95388703 49.95388362],49.95386816707109,978.8463000226747,1767.000000000002
43.38000000000118,[49.95385606 49.95383416 49.95392056 49.95391517],49.95388148805752,978.931524641758,1766.9999999999966
43.400000000001185,[49.95384937 49.9538326  49.95395449 49.95394755],49.95389600332746,978.7754259080477,1766.999999999997
43.42000000000119,[49.95384682 49.9538365  49.95398992 49.95398218],49.953913851763645,978.6810032655711,1766.9999999999984
43.44000000000119,[49.9538448  49.95384107 49.95402504 49.95401674],49.953931911380955,978.7877438998319,1766.9999999999966
43.460000000001195,[49.95383855 49.95384019 49.95405743 49.95404818],49.9539460892149,979.0382701429583,1767.0000000000023
43.4800000000012,[49.95383239 49.95383941 49.95408866 49.95407863],49.953959772081845,978.8612433410046,1767.0000000000018
43.5000000000012,[49.95382715 49.9538395  49.95411909 49.9541085 ],49.95397355831639,979.0617445449452,1767.0
43.520000000001204,[49.95381958 49.95383635 49.95414692 49.9541356 ],49.95398461253145,979.1240116854316,1767.0000000000014
43.54000000000121,[49.95381322 49.95383438 49.95417357 49.95416176],49.95399573270431,979.0898549120844,1767.000000000004
43.56000000000121,[49.95381006 49.95383598 49.95419979 49.95418798],49.95400845410698,979.0233571764721,1766.9999999999968
43.58000000000121,[49.95380954 49.95384033 49.95422523 49.95421381],49.95402223002745,979.0353615558704,1767.0000000000025
43.60000000000122,[49.95380993 49.95384511 49.95424899 49.95423807],49.95403552477461,979.0982838772688,1767.0000000000036
43.62000000000122,[49.95381023 49.95384903 49.95427047 49.95426003],49.9540474387655,979.1862998790434,1767.0000000000025
43.64000000000122,[49.95380727 49.95384797 49.95428814 49.95427772],49.95405527387636,979.4765472497077,1767.0000000000016
43.660000000001226,[49.95380224 49.95384361 49.95430229 49.95429159],49.954059934491866,979.4892745789807,1767.0000000000011
43.68000000000123,[49.953799   49.95384079 49.95431465 49.95430387],49.95406457682931,979.514325919766,1767.0000000000057
43.70000000000123,[49.95380075 49.95384362 49.95432656 49.95431634],49.954071819324994,979.3068845629972,1767.0000000000027
43.720000000001235,[49.95380845 49.95385312 49.95433859 49.95432962],49.954082442697896,979.26575570712,1766.9999999999984
43.74000000000124,[49.95382019 49.95386687 49.95434987 49.95434258],49.95409487606342,979.1900389200218,1767.0000000000032
43.76000000000124,[49.95383203 49.95387977 49.9543587  49.95435298],49.95410586826501,979.4219080160765,1767.0000000000018
43.780000000001245,[49.95384277 49.95389044 49.95436442 49.95436001],49.95411440906875,979.4312805935983,1766.999999999999
43.80000000000125,[49.953853   49.95389962 49.95436742 49.95436411],49.95412103762481,979.6175991813263,1767.0000000000052
43.82000000000125,[49.9538612  49.9539055  49.95436699 49.9543644 ],49.9541245224519,979.7305531023275,1767.000000000002
43.840000000001254,[49.95386824 49.95390925 49.95436359 49.95436146],49.95412563526183,979.8518572172076,1766.999999999998
43.86000000000126,[49.95387454 49.95391151 49.95435747 49.9543556 ],49.95412478025902,979.9306313632402,1766.9999999999995
43.88000000000126,[49.95388073 49.9539132  49.954349   49.95434733],49.95412256594482,980.0004248358529,1766.9999999999977
43.90000000000126,[49.95389216 49.95392125 49.95434066 49.95433981],49.95412347002678,979.7021481957261,1766.9999999999993
43.92000000000127,[49.95390702 49.9539332  49.954332   49.95433236],49.95412614348534,979.8841206308861,1767.0000000000011
43.94000000000127,[49.95391843 49.95394048 49.95431994 49.95432101],49.9541249654856,980.058028206693,1767.0000000000045
43.96000000000127,[49.95392782 49.9539451  49.9543052  49.95430669],49.9541211996856,980.1333693334473,1766.9999999999961
43.980000000001276,[49.95393561 49.95394766 49.95428812 49.95428982],49.954115301135865,980.2684541718623,1766.9999999999995
44.00000000000128,[49.9539465  49.95395434 49.95427088 49.95427324],49.95411124012116,980.0093633990023,1766.999999999998
44.02000000000128,[49.95396828 49.953975   49.95425731 49.95426179],49.95411559524267,979.5898006415093,1767.0000000000027
44.040000000001285,[49.95399538 49.95400228 49.95424538 49.95425264],49.954123920618095,979.7026762253207,1767.0000000000025
44.06000000000129,[49.95401584 49.95402107 49.9542298  49.95423894],49.954126413114885,980.106631728526,1767.0000000000027
44.08000000000129,[49.95403522 49.95403879 49.95421297 49.95422388],49.95412771697529,979.8288200486272,1767.0000000000025
44.100000000001295,[49.95406559 49.95407066 49.95420075 49.95421485],49.954137961507314,979.3795502155214,1767.0000000000077
44.1200000000013,[49.95410209 49.95411014 49.95419143 49.95420944],49.95415327305143,979.4255144025179,1767.000000000001
44.1400000000013,[49.95414204 49.95415394 49.95418391 49.95420619],49.95417151868325,979.1544801497855,1767.0000000000023
44.160000000001304,[49.95418773 49.95420477 49.95417964 49.95420677],49.95419472542331,979.0284172013236,1766.9999999999984
44.18000000000131,[49.95423479 49.95425693 49.95417692 49.95420887],49.954219379072796,979.0515956688024,1767.0000000000052
44.20000000000131,[49.95428258 49.9543096  49.95417569 49.9542123 ],49.95424504228232,978.9613673682368,1766.9999999999989
44.22000000000131,[49.95433119 49.95436276 49.95417629 49.95421738],49.95427190520586,978.9674999948511,1767.0000000000052
44.24000000000132,[49.95437974 49.95441526 49.95417856 49.95422379],49.954299334887914,978.9296416828711,1767.0000000000043
44.26000000000132,[49.95442803 49.95446677 49.95418269 49.95423166],49.95432728725595,978.9386096227956,1766.9999999999961
44.28000000000132,[49.95447763 49.95451928 49.95418958 49.95424209],49.95435714615949,978.7835876979618,1767.0
44.300000000001326,[49.95452661 49.95457019 49.9541987  49.95425426],49.954387440885995,978.9152195775879,1767.000000000003
44.32000000000133,[49.95456813 49.95461085 49.95420713 49.95426432],49.95441260604257,979.227830022018,1766.9999999999993
44.34000000000133,[49.95460203 49.9546413  49.95421478 49.95427223],49.954432585060125,979.3643272668603,1767.000000000001
44.360000000001335,[49.95463058 49.95466452 49.95422281 49.95427947],49.95444934813629,979.5111475441842,1767.0000000000014
44.38000000000134,[49.95465797 49.95468604 49.95423313 49.95428855],49.954466425670134,979.3506061207008,1767.000000000002
44.40000000000134,[49.95468453 49.95470625 49.95424613 49.95429992],49.95448420672486,979.4640065978953,1767.000000000001
44.420000000001345,[49.95470835 49.95472295 49.95426089 49.95431247],49.95450116331886,979.4317149330991,1766.9999999999952
44.44000000000135,[49.95473298 49.9547408  49.95427907 49.95432835],49.95452029895509,979.292096601605,1766.999999999999
44.46000000000135,[49.95475295 49.95475283 49.95429832 49.95434454],49.95453716101018,979.6337097807807,1766.9999999999952
44.480000000001354,[49.9547682  49.9547594  49.95431831 49.9543608 ],49.95455167902409,979.5004089418712,1767.0000000000002
44.50000000000136,[49.95478607 49.95476994 49.95434242 49.9543815 ],49.95456998227108,979.3262227492681,1767.0000000000027
44.52000000000136,[49.95480505 49.95478251 49.95436996 49.95440579],49.954590826039286,979.2970967866246,1767.000000000002
44.54000000000136,[49.95482363 49.95479538 49.95440015 49.95443274],49.95461297331868,979.2267552747184,1767.0000000000027
44.56000000000137,[49.95484334 49.95481056 49.95443356 49.95446315],49.95463765320817,979.0941010563273,1766.9999999999995
44.58000000000137,[49.95486528 49.9548295  49.95447063 49.95449762],49.95466575846602,978.9484463475218,1767.0000000000025
44.60000000000137,[49.95489294 49.95485664 49.95451278 49.95453806],49.954700106361024,978.5785890779874,1766.999999999999
44.620000000001376,[49.95491925 49.95488277 49.95455697 49.95458045],49.954734857940934,978.9234615036645,1767.000000000003
44.64000000000138,[49.95493799 49.95490024 49.95459994 49.95462079],49.95476474008782,978.9979807337165,1766.9999999999977
44.66000000000138,[49.95495606 49.95491788 49.95464461 49.95466291],49.95479536508757,978.8715059381883,1766.9999999999989
44.680000000001385,[49.954972   49.95493371 49.95469025 49.95470589],49.9548254635463,979.0530809802702,1766.9999999999984
44.70000000000139,[49.95498209 49.95494308 49.95473489 49.95474731],49.954851843258005,979.1959721979026,1767.000000000001
44.72000000000139,[49.95499074 49.95495167 49.95478021 49.95478946],49.95487801901726,979.0828690799789,1767.000000000001
44.740000000001395,[49.95499967 49.95496153 49.95482686 49.95483321],49.95490531574208,979.1147750559605,1766.9999999999993
44.7600000000014,[49.95501309 49.95497806 49.95487643 49.95488072],49.95493707331168,978.7213487270973,1766.9999999999995
44.7800000000014,[49.95503423 49.95500503 49.95493037 49.95493381],49.954975858739736,978.5371150428986,1767.0000000000036
44.800000000001404,[49.95505809 49.95503589 49.95498628 49.95498937],49.95501740594122,978.5025222183621,1767.0000000000016
44.82000000000141,[49.9550829  49.95506829 49.9550431  49.9550461 ],49.95506009795953,978.4547089496814,1767.0000000000016
44.84000000000141,[49.95511037 49.95510424 49.95510138 49.95510473],49.95510517983378,978.3158757782534,1767.0000000000018
44.86000000000141,[49.95514084 49.95514396 49.95516116 49.95516529],49.95515281173176,978.2549087114534,1767.0000000000018
44.88000000000142,[49.95516902 49.95518047 49.95521992 49.95522452],49.95519848125959,978.4961004422418,1766.9999999999993
44.90000000000142,[49.95518956 49.95520695 49.95527493 49.95527897],49.95523760421206,978.82188143024,1766.9999999999964
44.92000000000142,[49.95520344 49.95522469 49.9553263  49.95532889],49.95527082822545,979.0100856349706,1766.9999999999986
44.940000000001426,[49.9552155  49.95523983 49.95537596 49.95537688],49.955302043349846,979.0099078249009,1767.0000000000025
44.96000000000143,[49.95522746 49.95525442 49.95542456 49.95542377],49.9553325532077,979.089214941883,1767.0000000000039
44.98000000000143,[49.95524093 49.9552705  49.95547259 49.95547028],49.95536357592302,978.9873167929547,1767.0000000000032
45.000000000001435,[49.95525989 49.95529302 49.95552172 49.9555186 ],49.955398306432436,978.7981983768545,1766.999999999998
45.02000000000144,[49.95528014 49.95531641 49.95557005 49.95556622],49.95543320574632,978.9939612518835,1766.999999999997
45.04000000000144,[49.95529889 49.95533724 49.95561601 49.95561124],49.95546584591639,979.0097361931664,1766.9999999999975
45.060000000001445,[49.95532048 49.955361   49.95566141 49.95565602],49.955499726834724,978.9115559264683,1767.0000000000039
45.08000000000145,[49.95534536 49.95538816 49.9557064  49.95570076],49.95553517156651,978.9002455273805,1767.0000000000027
45.10000000000145,[49.95537071 49.95541508 49.95574962 49.95574372],49.95556978263197,979.0038797438574,1767.0000000000018
45.120000000001454,[49.95539766 49.95544328 49.95579143 49.95578542],49.95560444569357,978.9184443568246,1767.0000000000014
45.14000000000146,[49.95543323 49.95548166 49.95583492 49.95582985],49.95564491556454,978.5379827407941,1766.999999999997
45.16000000000146,[49.95547893 49.95553185 49.95588096 49.95587803],49.95569244333129,978.3464932157815,1766.9999999999995
45.18000000000146,[49.95553277 49.95559126 49.9559287  49.95592878],49.955745378518316,978.1041794015695,1767.0000000000025
45.20000000000147,[49.9555858  49.95564824 49.9559743  49.95597705],49.95579634648783,978.5322925938239,1767.0000000000025
45.22000000000147,[49.95563196 49.95569538 49.95601478 49.95601909],49.95584029996018,978.7151653129324,1767.0000000000011
45.24000000000147,[49.95567378 49.95573592 49.9560513  49.95605639],49.955879349060936,978.9662462170722,1767.0
45.260000000001476,[49.95571649 49.95577673 49.95608616 49.95609195],49.95591783197364,978.7846844681019,1766.9999999999995
45.28000000000148,[49.95576448 49.95582328 49.95612157 49.95612858],49.955959478086804,978.7215997675478,1767.000000000003
45.30000000000148,[49.95581355 49.95587021 49.95615579 49.95616395],49.95600087445992,978.826576929923,1767.0000000000032
45.320000000001485,[49.95586476 49.95591903 49.95618931 49.95619871],49.95604295232132,978.6849273002555,1767.0000000000039
45.34000000000149,[49.95591694 49.9559682  49.95622187 49.95623244],49.95608486338995,978.8605531179282,1766.999999999998
45.36000000000149,[49.95596867 49.95601613 49.95625279 49.95626432],49.95612548044183,978.8135000588572,1766.9999999999977
45.380000000001495,[49.9560244  49.95606855 49.95628427 49.95629713],49.956168586642896,978.6703346295839,1767.0000000000005
45.4000000000015,[49.95608831 49.9561308  49.95631839 49.95633348],49.95621774770492,978.3224088220901,1767.0000000000005
45.4200000000015,[49.95615856 49.95620039 49.95635469 49.95637264],49.95627156712382,978.2952356085422,1766.9999999999977
45.440000000001504,[49.9562349  49.95627714 49.95639315 49.95641456],49.956329937048665,977.9553972621851,1767.0
45.46000000000151,[49.956317   49.95636044 49.95643403 49.9564594 ],49.95639272009808,977.9382953113808,1767.0000000000014
45.48000000000151,[49.95640153 49.95644615 49.956476   49.95650537],49.95645726433248,977.8205578561867,1767.0000000000002
45.50000000000151,[49.95648738 49.9565328  49.95651883 49.95655208],49.95652277280756,977.8694834918621,1766.9999999999973
45.52000000000152,[49.95657337 49.95661898 49.95656219 49.95659903],49.956588394031954,977.8226829564162,1766.9999999999993
45.54000000000152,[49.95666295 49.9567091  49.95660787 49.95664843],49.95665708704308,977.6218930428374,1766.9999999999968
45.56000000000152,[49.95675111 49.95679663 49.95665401 49.95669776],49.956724878447645,977.9081904122133,1767.0000000000005
45.580000000001526,[49.9568323  49.9568748  49.95669817 49.95674386],49.95678728219447,978.0845733518248,1766.9999999999989
45.60000000000153,[49.95691054 49.95694886 49.95674229 49.95678924],49.95684773003188,978.0820425385518,1766.9999999999973
45.62000000000153,[49.95699177 49.95702646 49.95678924 49.95683756],49.95691125653861,977.8343635917382,1767.0000000000018
45.640000000001535,[49.95707642 49.95710809 49.95683958 49.95688943],49.95697837795141,977.7872366174005,1766.9999999999998
45.66000000000154,[49.95715895 49.95718674 49.956891   49.95694182],49.957044628394854,977.9143415227917,1767.0000000000014
45.68000000000154,[49.95723969 49.95726306 49.95694371 49.95699503],49.95711037248199,977.8361338626648,1766.9999999999945
45.700000000001545,[49.95731732 49.95733538 49.95699735 49.95704852],49.957174642149404,978.0439898532535,1767.0000000000027
45.72000000000155,[49.95738715 49.95739798 49.9570498  49.95709964],49.95723364083953,978.2850269836226,1767.000000000004
45.74000000000155,[49.95745546 49.95745915 49.95710383 49.95715204],49.95729261820256,978.0514138068829,1766.999999999998
45.760000000001554,[49.9575257  49.95752323 49.95716123 49.95720799],49.95735453772924,978.0423782073411,1766.999999999999
45.78000000000156,[49.9575966  49.95758876 49.95722147 49.95726682],49.95741841293907,977.8912032398679,1767.0000000000007
45.80000000000156,[49.95766345 49.95764971 49.95728256 49.95732595],49.957480416422655,978.2034476200483,1766.9999999999993
45.82000000000156,[49.95772847 49.9577093  49.95734525 49.9573865 ],49.95754238005237,977.8984326551948,1767.0000000000014
45.84000000000157,[49.9577928  49.95776882 49.95741029 49.95744939],49.95760532704868,978.123895507461,1767.0000000000016
45.86000000000157,[49.95785495 49.95782666 49.95747677 49.95751354],49.95766797969247,977.9265097680018,1766.9999999999973
45.88000000000157,[49.95791967 49.95788881 49.95754689 49.95758183],49.957734300632524,977.8182020904571,1767.000000000004
45.900000000001576,[49.95798498 49.95795273 49.95761974 49.95765308],49.9578026308674,977.7599867979692,1766.9999999999945
45.92000000000158,[49.9580538  49.95802219 49.95769652 49.95772888],49.957875345709,977.4516466907296,1766.999999999999
45.94000000000158,[49.95812838 49.95809986 49.95777831 49.95781059],49.95795428247716,977.2382077284439,1767.0000000000002
45.960000000001585,[49.95820843 49.95818528 49.95786492 49.95789795],49.95803914532514,976.9542023678276,1766.999999999998
45.98000000000159,[49.95829167 49.95827528 49.95795537 49.95798964],49.95812798959197,976.9037647763727,1766.9999999999995
46.00000000000159,[49.95837252 49.95836267 49.95804704 49.95808227],49.95821612569839,977.0142241245287,1766.999999999995
46.020000000001595,[49.95844911 49.95844505 49.95813891 49.95817456],49.95830190762765,977.1027527492237,1766.9999999999973
46.0400000000016,[49.95852207 49.95852313 49.9582311  49.9582667 ],49.95838575063541,977.1788997524941,1767.0
46.0600000000016,[49.95859547 49.95860207 49.95832527 49.95836088],49.95847092275736,976.9931367448683,1767.000000000004
46.080000000001604,[49.95866841 49.95868044 49.95842102 49.95845654],49.95855660413584,977.138378542745,1767.0000000000025
46.10000000000161,[49.95873532 49.95875113 49.95851563 49.95855023],49.958638077146375,977.3502050141819,1767.0000000000027
46.12000000000161,[49.95879884 49.95881759 49.95860999 49.9586432 ],49.95871740712526,977.3227244913603,1767.0
46.14000000000161,[49.95885969 49.95888057 49.95870433 49.95873575],49.958795085767804,977.493789568415,1766.9999999999989
46.16000000000162,[49.95892093 49.95894408 49.95879969 49.95882938],49.95887352146929,977.2645907679296,1767.0000000000018
46.18000000000162,[49.95898064 49.95900538 49.95889524 49.95892295],49.95895105473503,977.5754209191825,1767.0000000000011
46.20000000000162,[49.95904031 49.95906662 49.95899117 49.95901689],49.95902874509648,977.2581495583842,1767.000000000001
46.220000000001626,[49.95910504 49.95913403 49.9590898  49.95911417],49.95911075713876,977.2186268238861,1767.0000000000025
46.24000000000163,[49.95917051 49.95920206 49.95918896 49.95921205],49.959193395580954,977.2124922709007,1766.9999999999984
46.26000000000163,[49.95923649 49.9592704  49.95928835 49.95931018],49.959276356221466,977.1990065852303,1766.9999999999998
46.280000000001635,[49.959302   49.95933777 49.95938733 49.9594078 ],49.959358725160975,977.2702179547927,1767.0000000000002
46.30000000000164,[49.95936691 49.95940402 49.95948561 49.9595046 ],49.95944028255271,977.2758663207974,1767.0000000000005
46.32000000000164,[49.95943355 49.95947211 49.95958403 49.95960174],49.959522856620815,977.1938050252214,1767.0000000000016
46.340000000001645,[49.95950408 49.95954473 49.95968343 49.95970035],49.95960814616156,977.0568244022583,1767.0
46.36000000000165,[49.95958123 49.95962529 49.95978492 49.95980186],49.9596983246901,976.7919802548452,1767.0000000000027
46.38000000000165,[49.95966467 49.95971316 49.95988834 49.95990603],49.95979304949733,976.6835564946855,1767.000000000002
46.400000000001654,[49.95974919 49.95980162 49.95999126 49.96000972],49.95988794527823,976.7867652891023,1767.0000000000025
46.42000000000166,[49.95982907 49.95988341 49.96009095 49.96010944],49.95997822021533,977.0819550457772,1767.0000000000016
46.44000000000166,[49.95990639 49.95996136 49.96018805 49.96020614],49.96006548355166,977.0507654641763,1766.9999999999995
46.46000000000166,[49.95998827 49.9600445  49.96028572 49.96030392],49.96015560371812,976.8526215278215,1767.000000000001
46.48000000000167,[49.96007619 49.96013456 49.96038468 49.96040364],49.96024976689195,976.7214384078288,1766.9999999999989
46.50000000000167,[49.96016519 49.96022513 49.96048272 49.96050243],49.9603438682553,976.8684110069588,1767.0000000000032
46.52000000000167,[49.96025476 49.96031569 49.96057944 49.96059984],49.960437434172604,976.777401293822,1766.9999999999984
46.540000000001676,[49.96034703 49.96040889 49.96067586 49.96069715],49.96053223192092,976.7756181717403,1767.0000000000027
46.56000000000168,[49.96044246 49.96050534 49.96077214 49.96079458],49.96062863137376,976.6534394098561,1767.0000000000011
46.58000000000168,[49.96053943 49.96060288 49.96086766 49.96089127],49.96072531032176,976.7625812414319,1767.000000000001
46.600000000001685,[49.96063655 49.96069988 49.96096174 49.96098638],49.960821134172036,976.7359196884935,1767.0000000000005
46.62000000000169,[49.96073232 49.96079437 49.96105378 49.9610791 ],49.96091489384277,976.9466403710225,1767.000000000001
46.64000000000169,[49.96082769 49.96088778 49.96114411 49.96116992],49.96100737458086,976.8541665629485,1767.000000000003
46.660000000001695,[49.96092361 49.96098125 49.96123332 49.96125956],49.96109943229502,976.9925685731976,1767.0000000000027
46.6800000000017,[49.96101909 49.96107369 49.96132093 49.96134743],49.961190285881116,976.9657849557257,1766.9999999999998
46.7000000000017,[49.96111364 49.96116449 49.96140686 49.9614334 ],49.961279600029954,977.132087695091,1767.0000000000025
46.720000000001704,[49.96120461 49.96125046 49.9614899  49.96151595],49.96136523145545,977.2856027293741,1766.9999999999995
46.74000000000171,[49.96129211 49.96133189 49.96157012 49.96159521],49.96144733485873,977.4389096470998,1767.0
46.76000000000171,[49.96137856 49.96141205 49.9616486  49.96167262],49.96152795620322,977.4202829221973,1767.000000000002
46.78000000000171,[49.9614647  49.96149196 49.96172581 49.96174879],49.96160781618572,977.5125420753784,1766.9999999999998
46.80000000000172,[49.96154826 49.96156885 49.96180077 49.96182246],49.96168508395614,977.6476329841394,1767.0000000000025
46.82000000000172,[49.96162898 49.9616426  49.96187336 49.96189356],49.96175962208953,977.7512556607305,1767.0
46.84000000000172,[49.96170411 49.96170983 49.96194243 49.9619606 ],49.96182924296257,978.0701395444804,1766.9999999999982
46.860000000001726,[49.96177719 49.96177538 49.9620094  49.96202556],49.96189688213843,977.9269746230352,1767.0000000000016
46.88000000000173,[49.96185326 49.96184562 49.96207677 49.96209159],49.96196680834614,977.8860313757726,1767.0000000000005
46.90000000000173,[49.96193212 49.9619204  49.96214448 49.96215867],49.96203891826638,977.7507888001558,1766.9999999999989
46.920000000001735,[49.96201304 49.96199875 49.96221238 49.96222651],49.96211266900522,977.7545590046724,1767.000000000001
46.94000000000174,[49.96209375 49.96207785 49.96227947 49.96229386],49.96218623396174,977.7722651116887,1767.000000000001
46.96000000000174,[49.96216966 49.96215181 49.9623438  49.96235815],49.96225585403826,978.0916871846132,1767.000000000001
46.980000000001745,[49.96224127 49.96222152 49.96240545 49.96241958],49.962321957885244,978.0734156842665,1767.0000000000005
47.00000000000175,[49.96231391 49.96229371 49.96246694 49.96248136],49.96238898071467,978.0192659872506,1766.9999999999998
47.02000000000175,[49.96238702 49.96236757 49.96252815 49.96254327],49.9624564987741,978.0359598613758,1767.0000000000011
47.040000000001754,[49.96245667 49.96243806 49.96258739 49.96260311],49.96252130760908,978.2508323334021,1767.0000000000002
47.06000000000176,[49.96252154 49.96250356 49.96264401 49.96266007],49.96258229315252,978.361156341193,1766.9999999999995
47.08000000000176,[49.96258421 49.96256734 49.9626992  49.96271566],49.96264160209023,978.3952492596613,1767.000000000001
47.100000000001764,[49.96264049 49.96262397 49.96275119 49.96276757],49.962695805300626,978.7936895847178,1767.0000000000002
47.12000000000177,[49.96269057 49.96267387 49.96279987 49.96281572],49.962745010165975,978.8191289840848,1767.000000000001
47.14000000000177,[49.96274572 49.96273134 49.96285033 49.96286668],49.96279851729794,978.4349270106305,1767.0000000000005
47.16000000000177,[49.9628037  49.96279313 49.9629019  49.96291943],49.96285453967105,978.6094278798513,1767.0000000000005
47.180000000001776,[49.96285733 49.96285016 49.96295124 49.96296966],49.96290709793155,978.7279087316051,1766.9999999999982
47.20000000000178,[49.96290284 49.96289755 49.96299667 49.9630152 ],49.9629530640656,979.1654143169621,1767.000000000001
47.22000000000178,[49.9629429  49.96293889 49.96303913 49.96305735],49.962994566294775,979.1054310426406,1767.0000000000011
47.240000000001785,[49.96298307 49.96298108 49.96308126 49.96309945],49.96303621693421,979.1546558858612,1766.9999999999984
47.26000000000179,[49.96302315 49.96302381 49.96312293 49.96314135],49.9630778114004,979.1115922385421,1766.9999999999995
47.28000000000179,[49.96306498 49.9630693  49.96316501 49.96318411],49.96312085053836,979.0341036717508,1767.0000000000002
47.300000000001795,[49.96310527 49.96311318 49.96320609 49.96322586],49.96316260044617,979.2204602568235,1767.0000000000011
47.3200000000018,[49.9631466  49.96315883 49.96324716 49.96326793],49.96320512808853,978.9690615879681,1766.9999999999998
47.3400000000018,[49.96319036 49.9632077  49.96328905 49.96331124],49.96324958656682,979.0576259125995,1766.9999999999998
47.360000000001804,[49.96323153 49.96325336 49.96332942 49.9633528 ],49.963291780075664,979.1589243006058,1766.9999999999995
47.38000000000181,[49.96326881 49.96329408 49.96336767 49.9633918 ],49.96333058874313,979.341647825665,1766.9999999999995
47.40000000000181,[49.9633015  49.96332901 49.96340341 49.96342773],49.96336541304139,979.4935618687225,1767.0000000000014
47.420000000001814,[49.96333441 49.96336428 49.96343869 49.96346331],49.963400172724896,979.3467241468062,1766.9999999999993
47.44000000000182,[49.96336829 49.96340063 49.96347402 49.96349907],49.963435503436045,979.4447154149738,1767.0
47.46000000000182,[49.96339984 49.96343386 49.96350782 49.96353302],49.96346863569084,979.5307581599609,1767.0000000000016
47.48000000000182,[49.96343011 49.96346533 49.96354053 49.96356571],49.963500421985486,979.5570332347344,1767.0000000000005
47.500000000001826,[49.96345898 49.96349482 49.96357211 49.96359708],49.9635307480365,979.6525780390605,1767.0000000000005
47.52000000000183,[49.96349067 49.96352777 49.96360435 49.96362947],49.96356306595098,979.3884496179214,1767.0000000000011
47.54000000000183,[49.96352521 49.96356398 49.96363747 49.96366307],49.96359743337443,979.4784209739032,1766.9999999999995
47.560000000001835,[49.96355735 49.96359683 49.96366903 49.96369474],49.963629486686706,979.5812067716168,1767.0
47.58000000000184,[49.96359126 49.9636317  49.96370082 49.96372682],49.963662650871065,979.383093884684,1767.0000000000011
47.60000000000184,[49.96362978 49.96367203 49.96373426 49.96376108],49.96369928568651,979.286798447291,1767.0000000000005
47.620000000001845,[49.96367163 49.96371617 49.96376882 49.96379678],49.963738351062474,979.1756593427249,1767.0000000000011
47.64000000000185,[49.9637127  49.96375875 49.96380275 49.96383163],49.96377645642489,979.3640948521577,1767.000000000001
47.66000000000185,[49.96375175 49.96379835 49.96383538 49.96386478],49.96381256582793,979.3402491452778,1767.0000000000011
47.680000000001854,[49.96378838 49.96383437 49.96386664 49.96389611],49.96384637495146,979.554172414348,1767.0000000000011
47.70000000000186,[49.96382082 49.96386474 49.96389564 49.96392453],49.9638764297094,979.6529612656777,1767.0
47.72000000000186,[49.96385596 49.96389831 49.96392545 49.96395401],49.96390843218269,979.3873892901908,1767.0000000000027
47.740000000001864,[49.9638959  49.96393759 49.96395722 49.96398598],49.963944174748825,979.3347454172657,1766.9999999999989
47.76000000000187,[49.96393384 49.9639739  49.96398799 49.96401656],49.96397807261005,979.5385723642822,1767.0000000000007
47.78000000000187,[49.96397156 49.96400974 49.9640184  49.96404667],49.96401159243159,979.3627605385734,1767.0000000000002
47.80000000000187,[49.96401134 49.96404791 49.96404967 49.96407782],49.96404668556568,979.402000064767,1766.9999999999986
47.820000000001876,[49.96405199 49.96408698 49.96408124 49.96410931],49.96408237958826,979.3078234182176,1767.0000000000016
47.84000000000188,[49.96409668 49.96413099 49.96411463 49.96414305],49.964121338771676,979.1225740652967,1767.0000000000007
47.86000000000188,[49.96414327 49.96417709 49.96414903 49.96417794],49.96416183236052,979.1733861722305,1767.0000000000011
47.880000000001885,[49.96418792 49.96422052 49.96418272 49.96421178],49.96420073694082,979.2507400085829,1766.9999999999984
47.90000000000189,[49.96423244 49.96426365 49.96421649 49.96424561],49.964239547854504,979.1757958394644,1766.9999999999995
47.92000000000189,[49.96427585 49.96430522 49.96425004 49.96427901],49.964277531538386,979.3146284577407,1766.9999999999995
47.940000000001895,[49.96431357 49.96433948 49.9642813  49.9643093 ],49.96431091178175,979.5575220900378,1767.0000000000011
47.9600000000019,[49.96434772 49.96436934 49.96431111 49.96433767],49.964341458696204,979.5479545236396,1767.0000000000011
47.9800000000019,[49.96438305 49.96440091 49.96434168 49.96436697],49.96437315128114,979.4561667609005,1767.0000000000002
48.000000000001904,[49.96441601 49.96442961 49.96437154 49.96439529],49.96440311198802,979.6884187804594,1767.0000000000025
48.02000000000191,[49.96444692 49.96445611 49.96440067 49.96442268],49.96443159622986,979.5755148111228,1767.0
48.04000000000191,[49.964476   49.96448063 49.96442932 49.96444944],49.96445884501988,979.7873134982359,1766.9999999999993
48.060000000001914,[49.96450182 49.96450156 49.96445668 49.96447463],49.96448367270108,979.7744965704193,1766.999999999998
48.08000000000192,[49.96452809 49.96452368 49.96448446 49.96450045],49.964509167828204,979.7265168305912,1767.0000000000011
48.10000000000192,[49.96455565 49.96454809 49.96451303 49.96452743],49.96453604721683,979.6532604744934,1767.0000000000002
48.12000000000192,[49.96458491 49.96457531 49.9645426  49.96455582],49.96456465751481,979.5758989942174,1767.0000000000011
48.140000000001926,[49.96461688 49.96460662 49.96457362 49.96458621],49.96459583222718,979.4322794779226,1767.0000000000002
48.16000000000193,[49.96464988 49.96463983 49.96460541 49.96461769],49.96462820412821,979.4695605244151,1767.0
48.18000000000193,[49.96467976 49.96466964 49.96463605 49.9646478 ],49.96465831228242,979.6170898273881,1767.000000000001
48.200000000001936,[49.9647051  49.96469432 49.96466481 49.96467562],49.96468496237424,979.7552081663135,1767.0000000000005
48.22000000000194,[49.96472335 49.96471067 49.96469049 49.96469967],49.96470604376166,980.0807514943054,1767.0000000000005
48.24000000000194,[49.96473851 49.96472399 49.96471465 49.96472205],49.964724800368884,979.9468679946751,1767.0
48.260000000001945,[49.96475176 49.96473559 49.96473797 49.9647436 ],49.964742231629444,980.1883713050321,1766.9999999999995
48.28000000000195,[49.96476804 49.96475197 49.96476238 49.96476692],49.96476232670029,979.7194730915467,1767.0000000000002
48.30000000000195,[49.96479231 49.96477907 49.96479041 49.96479513],49.96478923008763,979.6115532879005,1767.0000000000005
48.320000000001954,[49.96482348 49.96481547 49.96482147 49.96482749],49.96482197733677,979.2233480307845,1767.0000000000032
48.34000000000196,[49.96486319 49.96486294 49.96485647 49.96486503],49.96486190602454,979.0020251751278,1767.0
48.36000000000196,[49.96490854 49.96491759 49.96489414 49.96490603],49.9649065750822,978.8185076166709,1767.0000000000011
48.380000000001964,[49.96495268 49.96497042 49.96493153 49.96494657],49.964950299150665,979.0750078734328,1767.0000000000011
48.40000000000197,[49.96499493 49.96502068 49.96496811 49.96498601],49.96499242904547,978.9466396018983,1766.9999999999995
48.42000000000197,[49.96504276 49.96507761 49.96500733 49.96502871],49.96503910155025,978.6868626980962,1767.0000000000005
48.44000000000197,[49.96509066 49.96513386 49.96504696 49.96507164],49.9650857782669,978.9398411670792,1766.9999999999984
48.460000000001976,[49.9651382  49.96518897 49.96508661 49.96511433],49.965132028257536,978.7168546730295,1767.0000000000007
48.48000000000198,[49.96518851 49.96524661 49.9651279  49.96515873],49.96518043622259,978.7521879656477,1766.9999999999995
48.50000000000198,[49.96523682 49.96530062 49.96516872 49.96520207],49.965227057538506,978.8611605592341,1766.9999999999989
48.520000000001986,[49.96528455 49.96535283 49.96520967 49.96524511],49.965273039781934,978.8003292200499,1766.9999999999986
48.54000000000199,[49.96533113 49.96540236 49.96525061 49.96528762],49.965317930928784,978.9473958567103,1767.000000000002
48.56000000000199,[49.96537377 49.96544572 49.96529024 49.96532792],49.96535941360763,979.0819340621235,1767.0000000000005
48.580000000001995,[49.96541412 49.96548508 49.96532928 49.96536695],49.96539885795697,979.1142244875487,1766.9999999999995
48.600000000002,[49.96545594 49.96552528 49.96536942 49.96540692],49.96543938677296,978.9863125117085,1766.999999999998
48.620000000002,[49.96550167 49.9655694  49.96541184 49.96544932],49.96548305824972,978.8452898402975,1767.0
48.640000000002004,[49.96554821 49.96561348 49.96545528 49.96549248],49.96552736031919,978.9284005598955,1767.0000000000011
48.66000000000201,[49.96559963 49.96566288 49.9655014  49.96553862],49.965575634178805,978.5064097465332,1767.0000000000002
48.68000000000201,[49.96565749 49.96571943 49.96555122 49.96558895],49.96562927327463,978.4714540129368,1766.9999999999998
48.700000000002014,[49.96571521 49.96577483 49.96560176 49.9656396 ],49.96568285009412,978.5057840005059,1766.9999999999995
48.72000000000202,[49.96577004 49.96582571 49.96565176 49.96568903],49.96573413393833,978.6585667380666,1766.999999999999
48.74000000000202,[49.96582208 49.96587242 49.9657012  49.96573723],49.9657832317368,978.6843110726331,1767.0000000000007
48.76000000000202,[49.96587494 49.96591967 49.96575169 49.96578634],49.965833160969154,978.5834711803487,1767.0
48.780000000002026,[49.96592727 49.96596583 49.96580273 49.96583572],49.96588288654169,978.6962081807072,1767.0000000000011
48.80000000000203,[49.96597889 49.96601088 49.96585413 49.9658852 ],49.9659322763581,978.6067674211206,1767.0000000000005
48.82000000000203,[49.9660328  49.96605871 49.96590729 49.96593662],49.965983854653786,978.5071068357192,1767.0000000000005
48.840000000002036,[49.96608981 49.96611048 49.96596262 49.9659905 ],49.96603835095215,978.3561222090289,1766.9999999999995
48.86000000000204,[49.96614339 49.96615785 49.96601727 49.96604318],49.966090422020734,978.7057010308991,1767.0000000000011
48.88000000000204,[49.96619201 49.96619929 49.96607029 49.96609358],49.9661387935329,978.6626937548125,1766.9999999999977
48.900000000002045,[49.96624151 49.9662423  49.96612433 49.96614517],49.96618833007337,978.6032511365064,1767.0000000000014
48.92000000000205,[49.96629409 49.96628978 49.96618037 49.96619924],49.96624086915505,978.4056626426392,1766.9999999999982
48.94000000000205,[49.96634872 49.9663404  49.96623802 49.9662553 ],49.96629560876365,978.4133749760869,1767.000000000001
48.960000000002054,[49.9664006  49.96638815 49.96629508 49.96631053],49.96634859208994,978.5487125461763,1766.9999999999982
48.98000000000206,[49.96644937 49.96643273 49.96635124 49.96636463],49.96639949292694,978.5843073589396,1767.0000000000014
49.00000000000206,[49.96649976 49.96648026 49.96640855 49.96642031],49.96645222283572,978.390892907263,1767.0000000000005
49.020000000002064,[49.96655243 49.9665315  49.9664674  49.96647803],49.966507338881726,978.3794219649635,1766.9999999999973
49.04000000000207,[49.9666051  49.96658356 49.96652667 49.9665364 ],49.96656293646589,978.3462944123022,1767.0000000000007
49.06000000000207,[49.96665517 49.96663311 49.96658519 49.96659391],49.96661684725704,978.5173526886255,1767.0000000000007
49.08000000000207,[49.96670026 49.96667723 49.96664173 49.96664904],49.96666706573325,978.6535083253174,1767.0000000000011
49.100000000002076,[49.96674318 49.96671953 49.96669742 49.96670332],49.9667158597686,978.6343920813871,1767.000000000002
49.12000000000208,[49.96678515 49.96676154 49.96675278 49.96675744],49.96676422669547,978.6869352170745,1767.0000000000011
49.14000000000208,[49.96682469 49.96680134 49.96680707 49.96681045],49.96681088664581,978.7758481855001,1767.0000000000002
49.160000000002086,[49.96686623 49.96684463 49.96686212 49.9668648 ],49.966859444761155,978.5255470905491,1767.0000000000016
49.18000000000209,[49.9669107  49.96689231 49.96691844 49.96692107],49.96691062925079,978.5529371126137,1767.0000000000027
49.20000000000209,[49.96695386 49.96693898 49.96697403 49.96697669],49.966960889561,978.6014691535987,1766.9999999999966
49.220000000002095,[49.96699747 49.96698682 49.96702953 49.96703253],49.9670115849687,978.5148134188058,1766.9999999999998
49.2400000000021,[49.96704796 49.96704391 49.9670878  49.96709226],49.967067982690224,978.1202502312557,1767.0000000000023
49.2600000000021,[49.96710903 49.9671146  49.96715064 49.96715807],49.96713308461508,977.7803190269834,1767.0000000000005
49.280000000002104,[49.96717541 49.96719182 49.9672158  49.96722694],49.967202491474865,977.7550577802957,1766.9999999999989
49.30000000000211,[49.96724366 49.96727109 49.96728167 49.96729673],49.96727328696369,977.6603475419483,1767.0000000000027
49.32000000000211,[49.96731238 49.96735038 49.96734765 49.96736661],49.967344256338606,977.7372000204015,1766.9999999999986
49.340000000002114,[49.96738367 49.96743227 49.96741461 49.96743765],49.96741704745327,977.5041210803806,1766.999999999998
49.36000000000212,[49.96745729 49.96751611 49.96748263 49.96750982],49.96749146311439,977.5972739378514,1767.000000000002
49.38000000000212,[49.96753135 49.96759943 49.9675508  49.96758191],49.9675658711742,977.5017417746946,1767.0000000000007
49.40000000000212,[49.96760419 49.96767987 49.9676185  49.96765302],49.9676388962591,977.7105944997294,1766.999999999998
49.420000000002126,[49.96767641 49.96775824 49.96768589 49.96772336],49.967710977699376,977.5786292632779,1766.9999999999989
49.44000000000213,[49.96775147 49.96783877 49.96775468 49.96779506],49.96778499494599,977.5451659988363,1767.000000000002
49.46000000000213,[49.9678291  49.96792101 49.96782479 49.96786794],49.967860710114294,977.4331555331904,1767.0000000000011
49.480000000002136,[49.96790786 49.96800304 49.9678957  49.96794129],49.967936972579,977.4962793472592,1767.000000000001
49.50000000000214,[49.96798927 49.96808687 49.96796806 49.96801592],49.96801503165641,977.2792385806663,1767.0000000000036
49.52000000000214,[49.96808152 49.9681828  49.96804568 49.96809668],49.96810167109305,976.771140626764,1767.0000000000027
49.540000000002145,[49.96818102 49.96828598 49.96812733 49.9681818 ],49.96819403181329,976.7933760766188,1766.9999999999995
49.56000000000215,[49.96828121 49.96838817 49.96821002 49.96826743],49.9682867077111,976.739792415464,1767.0000000000011
49.58000000000215,[49.96838517 49.96849332 49.96829522 49.96835542],49.96838228297626,976.5443772213123,1767.000000000001
49.600000000002154,[49.96849626 49.96860571 49.96838461 49.96844785],49.96848360530667,976.2506458610126,1767.0000000000011
49.62000000000216,[49.9686114  49.96872129 49.96847705 49.96854317],49.96858822791053,976.2602651267931,1767.000000000002
49.64000000000216,[49.96873059 49.96884022 49.96857256 49.96864139],49.96869619109945,975.9628814536611,1767.0000000000027
49.660000000002164,[49.96885555 49.96896464 49.96867219 49.96874377],49.96880904021226,975.8417173445694,1767.0
49.68000000000217,[49.96897927 49.96908566 49.96877297 49.9688464 ],49.968921075158875,976.0234290751434,1767.0000000000005
49.70000000000217,[49.96909916 49.96920026 49.96887369 49.9689478 ],49.96903022858636,976.0764537318595,1766.9999999999977
49.72000000000217,[49.96921805 49.96931226 49.96897573 49.96904975],49.96913894813297,976.0523735910283,1766.999999999996
49.740000000002176,[49.96933472 49.96942025 49.96907864 49.96915171],49.96924633094695,976.1813220707462,1766.9999999999993
49.76000000000218,[49.96944791 49.96952294 49.96918188 49.96925303],49.96935144315974,976.2360650221061,1767.0000000000011
49.78000000000218,[49.96956144 49.96962546 49.96928718 49.96935602],49.96945752316299,976.092692328021,1766.9999999999995
49.800000000002186,[49.96967692 49.96973003 49.96939538 49.96946181],49.969566036242185,976.0238413407003,1766.9999999999964
49.82000000000219,[49.96979073 49.96983226 49.96950493 49.96956842],49.969674087684695,976.1237848105409,1766.9999999999966
49.84000000000219,[49.9699005  49.96992945 49.9696147  49.96967451],49.96977978991693,976.2139175885557,1766.9999999999977
49.860000000002195,[49.9700074  49.97002344 49.96972513 49.96978079],49.969884192283516,976.2258279561177,1767.0000000000027
49.8800000000022,[49.97010953 49.97011203 49.96983537 49.96988624],49.96998579179774,976.4425612201716,1766.9999999999968
49.9000000000022,[49.97020789 49.97019692 49.96994568 49.96999136],49.97008546180547,976.381552210215,1766.9999999999961
49.920000000002204,[49.97030837 49.9702858  49.97005864 49.97009961],49.97018810306138,976.1860201662639,1767.0000000000027
49.94000000000221,[49.97041652 49.97038587 49.97017673 49.97021424],49.97029833788499,975.7357286279017,1767.0000000000032
49.96000000000221,[49.97052811 49.97049161 49.97029822 49.97033298],49.97041273096539,975.8282873853227,1767.0000000000061
49.980000000002214,[49.97063828 49.97059712 49.97042068 49.97045283],49.970527228052134,975.7192133733126,1766.9999999999964
50.00000000000222,[49.97074996 49.97070614 49.97054534 49.97057543],49.97064421990919,975.6105704660636,1766.9999999999957
50.02000000000222,[49.97086238 49.97081772 49.9706718  49.97070031],49.97076305406344,975.5563388617456,1767.0000000000011
50.04000000000222,[49.97096982 49.9709245  49.97079743 49.97082409],49.97087895962032,975.8492596134469,1767.0000000000027
50.060000000002226,[49.97106805 49.97102129 49.97092001 49.97094407],49.97098835634198,976.0972389151812,1767.000000000002
50.08000000000223,[49.97116263 49.97111529 49.97104178 49.97106325],49.97109573754639,976.0131568983555,1766.9999999999982
50.10000000000223,[49.97125539 49.97120867 49.97116352 49.97118265],49.9712025581846,976.1391074815814,1767.0000000000027
50.120000000002236,[49.97134171 49.97129552 49.97128294 49.97129941],49.97130489657681,976.3856964056673,1767.0000000000066
50.14000000000224,[49.97142652 49.97138227 49.97140192 49.97141608],49.971406695878315,976.1808873692228,1767.000000000003
50.16000000000224,[49.97151236 49.97147184 49.97152159 49.9715341 ],49.97150997353778,976.2578518488714,1766.9999999999989
50.180000000002245,[49.97159566 49.97155961 49.97164009 49.97165114],49.9716116254886,976.314723192024,1767.000000000003
50.20000000000225,[49.97167599 49.97164495 49.97175702 49.97176673],49.97171117335084,976.4325165334772,1767.0
50.22000000000225,[49.97175414 49.97172879 49.97187246 49.97188106],49.971809114769115,976.4482229642335,1767.0000000000048
50.240000000002254,[49.97183176 49.97181304 49.97198698 49.97199487],49.97190666119039,976.4646004632837,1767.0000000000045
50.26000000000226,[49.97191022 49.97189928 49.97210096 49.9721087 ],49.9720047879587,976.3986914978211,1766.9999999999984
50.28000000000226,[49.97199006 49.97198799 49.97221452 49.97222268],49.972103812784944,976.3885856336653,1767.0000000000016
50.300000000002264,[49.97207559 49.97208445 49.97232936 49.97233904],49.97220711092717,976.0389510513876,1766.9999999999993
50.32000000000227,[49.97216839 49.97219026 49.97244624 49.97245864],49.97231588020259,975.9275945586566,1766.999999999998
50.34000000000227,[49.97226129 49.97229596 49.97256183 49.97257712],49.972424053347105,976.0883401379926,1767.0000000000007
50.36000000000227,[49.9723546  49.97240186 49.97267601 49.97269435],49.9725317060806,975.971138885282,1766.9999999999977
50.380000000002276,[49.97245305 49.97251368 49.97279087 49.97281295],49.97264263728309,975.8122839558057,1767.0000000000043
50.40000000000228,[49.97255191 49.97262501 49.97290432 49.97293012],49.972752838592875,976.0321884321104,1766.9999999999995
50.42000000000228,[49.97264869 49.97273264 49.97301502 49.97304414],49.97286012319362,976.0579143983122,1766.9999999999966
50.440000000002286,[49.97274346 49.97283641 49.973123   49.97315499],49.972964463707356,976.2804404925507,1766.9999999999939
50.46000000000229,[49.97283667 49.97293689 49.97322829 49.97326272],49.97306614605374,976.2827264447361,1766.9999999999989
50.48000000000229,[49.97293459 49.97304191 49.9733337  49.97337091],49.97317027796407,976.0756346504834,1767.0000000000032
50.500000000002295,[49.97303271 49.97314542 49.97343738 49.97347705],49.97327313887696,976.3905411085192,1766.9999999999995
50.5200000000023,[49.97313147 49.97324819 49.97353927 49.97358116],49.97337502410019,976.1590792908954,1766.999999999998
50.5400000000023,[49.9732396  49.97336111 49.97364347 49.97368839],49.973483145963364,975.8665804581168,1767.0000000000005
50.560000000002304,[49.97334903 49.97347365 49.97374661 49.97379427],49.973590890493846,976.1906854270001,1766.9999999999995
50.58000000000231,[49.97345283 49.97357723 49.9738454  49.97389461],49.97369251713345,976.3814907186054,1767.0000000000011
50.60000000000231,[49.97355549 49.97367771 49.97394182 49.973992  ],49.97379175503437,976.3920559773009,1766.9999999999977
50.620000000002314,[49.97366054 49.97377964 49.97403756 49.97408861],49.97389158478286,976.3318427064894,1767.000000000001
50.64000000000232,[49.97376827 49.97388343 49.97413289 49.97418473],49.97399233138686,976.3145345581349,1766.999999999992
50.66000000000232,[49.97388087 49.97399202 49.97422887 49.97428173],49.97409587018528,976.0959629886829,1766.9999999999984
50.68000000000232,[49.97400203 49.9741101  49.97432735 49.97438195],49.974205355744665,975.8121579003366,1766.9999999999993
50.700000000002326,[49.97413182 49.97423774 49.97442864 49.97448566],49.974320965254705,975.577309577771,1766.9999999999993
50.72000000000233,[49.97426388 49.97436684 49.97453013 49.97458942],49.97443757002485,975.7237446935079,1767.000000000004
50.74000000000233,[49.97439113 49.97448863 49.97462871 49.97468923],49.974549423994546,975.9719406736505,1766.9999999999984
50.760000000002336,[49.97451278 49.9746024  49.97472407 49.97478472],49.974655992799676,976.1633018255737,1767.0000000000005
50.78000000000234,[49.97463361 49.97471454 49.97481842 49.97487881],49.9747613454312,976.0690142884686,1767.0000000000025
50.80000000000234,[49.97475634 49.97482856 49.97491324 49.97497336],49.97486787450604,976.0582982552544,1766.9999999999989
50.820000000002345,[49.97487749 49.97494025 49.97500718 49.9750666 ],49.97497287961293,976.1905037784036,1767.0000000000002
50.84000000000235,[49.975002   49.97505622 49.97510249 49.9751615 ],49.975080552488926,975.8266111401125,1766.9999999999961
50.86000000000235,[49.97513099 49.97517777 49.97520007 49.97525911],49.975191985319825,975.8654442406589,1766.999999999994
50.880000000002354,[49.97526079 49.97530054 49.97529837 49.97535745],49.975304287582134,975.7439214383518,1766.9999999999984
50.90000000000236,[49.9753952  49.97542944 49.97539929 49.97545895],49.97542072048043,975.5072893249469,1767.0000000000043
50.92000000000236,[49.97553291 49.97556281 49.97550253 49.97556313],49.97554034535749,975.4634169385677,1767.0000000000027
50.940000000002364,[49.97567293 49.97569955 49.97560778 49.97566959],49.975662463111064,975.2846445813697,1767.0000000000082
50.96000000000237,[49.97581095 49.97583409 49.97571341 49.97577611],49.975783639707586,975.5286346867551,1767.0000000000016
50.98000000000237,[49.97594273 49.97596133 49.97581748 49.97588027],49.975900453075084,975.6376320605482,1766.999999999999
51.00000000000237,[49.97606945 49.9760829  49.97592065 49.97598293],49.976013982052834,975.7906060511617,1767.000000000003
51.020000000002376,[49.97619185 49.97619989 49.97602332 49.97608462],49.976124921110554,975.8410281522536,1767.0
51.04000000000238,[49.97631765 49.97632225 49.97612899 49.97618989],49.976239693150795,975.4531682943635,1767.0000000000064
51.06000000000238,[49.97644804 49.97645128 49.97623856 49.97629978],49.97635941391358,975.4083695609208,1767.0000000000032
51.080000000002386,[49.97658153 49.97658516 49.97635139 49.97641345],49.976482883451865,975.1206697550069,1767.0000000000027
51.10000000000239,[49.97671729 49.97672265 49.97646735 49.97653064],49.97660948297324,975.1267908190338,1767.0000000000002
51.12000000000239,[49.97685493 49.97686332 49.97658624 49.97665108],49.97673889315476,974.8653750943756,1767.0000000000057
51.140000000002395,[49.97699508 49.97700776 49.97670856 49.97677533],49.97687168560957,974.8224237871793,1766.999999999997
51.1600000000024,[49.97713277 49.97714955 49.97683212 49.97690052],49.97700374073431,974.9071627236349,1767.0000000000025
51.1800000000024,[49.97726099 49.97727978 49.97695382 49.97702262],49.97712930424548,975.3484159971873,1766.9999999999957
51.200000000002404,[49.97737852 49.97739708 49.97707286 49.97714074],49.97724730062414,975.5245485704634,1767.000000000004
51.22000000000241,[49.97749545 49.97751437 49.97719367 49.97726063],49.977366030726785,975.2677711958727,1766.9999999999975
51.24000000000241,[49.97760965 49.97762864 49.97731553 49.97738126],49.97748376966744,975.5885982318978,1766.999999999992
51.260000000002414,[49.97771771 49.97773581 49.97743661 49.97750043],49.9775976413145,975.5744533641451,1766.9999999999927
51.28000000000242,[49.9778232  49.97784032 49.97755849 49.97762016],49.977710544433265,975.651486943027,1767.0000000000018
51.30000000000242,[49.97793108 49.97794858 49.97768321 49.97774317],49.97782651226124,975.2981381525389,1767.0000000000027
51.32000000000242,[49.97804264 49.97806195 49.97781144 49.97787028],49.97794657971269,975.2874144151498,1766.9999999999975
51.340000000002426,[49.97815149 49.9781723  49.97794018 49.97799762],49.97806539849104,975.3840720965602,1766.9999999999961
51.36000000000243,[49.97825894 49.97828135 49.97806977 49.97812574],49.97818394944639,975.2911379004431,1767.0000000000077
51.38000000000243,[49.97836661 49.97839106 49.97820083 49.97825545],49.97830348716508,975.2822530651677,1766.9999999999989
51.400000000002436,[49.97847424 49.97850107 49.9783331  49.97838644],49.97842371190619,975.2147239161972,1767.0000000000018
51.42000000000244,[49.97858213 49.97861166 49.97846655 49.97851872],49.97854476205595,975.1943142571473,1767.0000000000064
51.44000000000244,[49.97869158 49.97872447 49.97860159 49.97865285],49.97866762287452,975.0440860709604,1767.0000000000011
51.460000000002445,[49.97880289 49.97883971 49.97873827 49.9787889 ],49.978792440942605,975.011322275454,1766.9999999999986
51.48000000000245,[49.97891353 49.97895409 49.97887527 49.9789252 ],49.97891702240668,975.0459328564771,1766.999999999999
51.50000000000245,[49.97902315 49.97906713 49.97901225 49.97906133],49.9790409671656,975.047268764873,1767.0000000000023
51.520000000002454,[49.97913007 49.97917661 49.97914828 49.97919617],49.979162781053006,975.2080522548241,1767.0000000000018
51.54000000000246,[49.97923589 49.97928464 49.97928381 49.97933035],49.97928367398103,975.1083273690805,1766.9999999999966
51.56000000000246,[49.97933869 49.9793886  49.97941792 49.97946271],49.97940198124663,975.4095058802549,1766.9999999999945
51.580000000002464,[49.97943996 49.97949061 49.97955088 49.97959374],49.979518797578436,975.218680077831,1767.0000000000032
51.60000000000247,[49.9795438  49.97959566 49.97968451 49.97972576],49.979637434995,975.2412389044138,1767.000000000002
51.62000000000247,[49.97964731 49.97970009 49.97981732 49.97985693],49.979755409720724,975.2597870942392,1766.9999999999995
51.64000000000247,[49.97974932 49.97980237 49.97994861 49.97998638],49.97987167118988,975.3711557826747,1767.0
51.660000000002476,[49.97984697 49.97989893 49.98007691 49.98011229],49.97998377451218,975.5960606485366,1766.999999999997
51.68000000000248,[49.97994381 49.97999443 49.98020347 49.98023643],49.98009453709671,975.4711750861914,1767.000000000005
51.70000000000248,[49.98004501 49.98009536 49.98033058 49.98036174],49.980208172662905,975.3415625555291,1767.0000000000025
51.720000000002486,[49.98015141 49.98020272 49.98045852 49.98048859],49.980325310092525,975.1636212502748,1767.0000000000007
51.74000000000249,[49.9802595  49.98031192 49.98058569 49.98061494],49.98044301507697,975.2806711181618,1767.0000000000032
51.76000000000249,[49.98036597 49.98041884 49.9807104  49.98073865],49.98055846487375,975.3405929236168,1766.9999999999982
51.780000000002495,[49.98047398 49.98052754 49.98083392 49.98086142],49.98067421535204,975.2428176006437,1767.0000000000014
51.8000000000025,[49.98058764 49.98064319 49.98095806 49.98098559],49.98079361729479,975.0206029856693,1767.000000000002
51.8200000000025,[49.98070515 49.98076331 49.98108208 49.98111015],49.980915172837996,975.0483675139681,1767.0000000000032
51.840000000002505,[49.98082323 49.98088374 49.98120443 49.9812331 ],49.98103612392204,975.058190338141,1767.0000000000055
51.86000000000251,[49.98094156 49.98100405 49.98132494 49.98135424],49.98115619620687,975.1089976806194,1766.9999999999984
51.88000000000251,[49.98106018 49.98112431 49.98144359 49.98147353],49.98127540239537,975.1177620418771,1767.0000000000011
51.900000000002514,[49.98117963 49.98124514 49.98156063 49.9815913 ],49.98139417667624,975.1319248971635,1766.9999999999927
51.92000000000252,[49.98129837 49.98136457 49.98167543 49.9817067 ],49.981511269521334,975.2457029133025,1766.9999999999952
51.94000000000252,[49.98141257 49.98147777 49.98178628 49.98181752],49.981623536201006,975.5245703267695,1766.9999999999982
51.96000000000252,[49.98152495 49.98158838 49.98189425 49.98192525],49.98173320790194,975.4509648373814,1767.0000000000025
51.980000000002526,[49.98164106 49.98170341 49.98200199 49.98203324],49.981844925459704,975.3388968528058,1767.0000000000064
52.00000000000253,[49.98175862 49.98181989 49.98210862 49.9821403 ],49.98195685861814,975.418665597437,1767.0000000000027
52.02000000000253,[49.98187577 49.98193553 49.98221332 49.98224538],49.98206749996259,975.433129819903,1767.0000000000016
52.040000000002536,[49.98199178 49.98204944 49.98231586 49.98234817],49.98217631350528,975.5575812474393,1766.9999999999973
52.06000000000254,[49.9821071  49.9821623  49.98241646 49.98244897],49.98228370588393,975.5375773250456,1766.9999999999993
52.08000000000254,[49.98222461 49.9822778  49.98251653 49.98254955],49.98239212242462,975.4556750581445,1767.0000000000002
52.100000000002545,[49.98234206 49.98239306 49.98261525 49.98264881],49.98249979402735,975.5837802488767,1766.9999999999984
52.12000000000255,[49.98246157 49.98251091 49.98271355 49.98274797],49.98260850251245,975.3515137001998,1767.0000000000027
52.14000000000255,[49.98258244 49.98263032 49.98281144 49.98284693],49.98271778032649,975.5178565847624,1766.9999999999982
52.160000000002555,[49.98269799 49.98274293 49.98290594 49.98294185],49.98282217836511,975.7437915030357,1766.9999999999984
52.18000000000256,[49.98281404 49.98285638 49.98299964 49.98303611],49.98292654509919,975.5019597268422,1767.0000000000007
52.20000000000256,[49.9829348  49.98297587 49.98309475 49.98313245],49.98303446537895,975.4250673443382,1766.9999999999964
52.220000000002564,[49.98305594 49.98309586 49.98318949 49.98322851],49.9831424467149,975.4761745660095,1767.0000000000027
52.24000000000257,[49.98317258 49.98321021 49.98328181 49.98332161],49.98324655436177,975.7297926970825,1767.0000000000016
52.26000000000257,[49.98328387 49.98331805 49.98337133 49.98341129],49.98334613586102,975.8356939108314,1767.0000000000027
52.28000000000257,[49.98339574 49.983427   49.98346078 49.98350107],49.98344614816436,975.6717899313974,1767.0000000000057
52.300000000002576,[49.98350881 49.98353775 49.98355071 49.98359156],49.98354720929312,975.7246890040554,1767.0000000000007
52.32000000000258,[49.983623   49.98365032 49.98364114 49.9836828 ],49.98364931196585,975.5607315793737,1766.9999999999986
52.34000000000258,[49.98374083 49.98376783 49.98373343 49.98377643],49.98375463066051,975.4295615217796,1766.9999999999989
52.360000000002586,[49.98385644 49.98388273 49.98382516 49.98386925],49.98385839357356,975.6661557131038,1767.0000000000002
52.38000000000259,[49.98396999 49.98399546 49.98391633 49.98396133],49.98396077862949,975.5197923366588,1766.999999999998
52.40000000000259,[49.98408209 49.98410664 49.98400748 49.98405322],49.98406235617283,975.7075470836963,1767.0000000000036
52.420000000002595,[49.98418835 49.98421081 49.98409662 49.98414241],49.9841595475387,975.8621495507406,1766.9999999999934
52.4400000000026,[49.98429184 49.98431203 49.98418516 49.98423072],49.984254937973986,975.8322037415599,1767.000000000001
52.4600000000026,[49.98439252 49.98441015 49.98427321 49.98431827],49.98434853641086,975.9855629085794,1767.0000000000052
52.480000000002605,[49.98448801 49.98450229 49.98435971 49.98440368],49.98443842259992,976.1170846443392,1767.0000000000036
52.50000000000261,[49.98458718 49.98459988 49.98444855 49.98449206],49.98453191779804,975.65415147319,1767.0000000000048
52.52000000000261,[49.9846943  49.98470804 49.98454199 49.98458615],49.98463262242815,975.4812216708798,1767.000000000002
52.540000000002614,[49.98480443 49.98482042 49.9846379  49.98468315],49.98473647422678,975.3591039968644,1766.9999999999989
52.56000000000262,[49.98491632 49.98493536 49.98473578 49.98478237],49.98484245675672,975.2709063520787,1766.999999999992
52.58000000000262,[49.98502647 49.98504832 49.98483413 49.98488183],49.9849476871517,975.3907881421063,1767.0000000000014
52.60000000000262,[49.98513255 49.98515637 49.98493186 49.98498013],49.98505022632662,975.4657121586416,1767.0
52.62000000000263,[49.98524062 49.98526727 49.98503163 49.98508072],49.98515505824556,975.1660815565893,1766.9999999999995
52.64000000000263,[49.98535141 49.98538166 49.98513399 49.98518419],49.985262810471845,975.187359974203,1766.9999999999982
52.66000000000263,[49.98545985 49.98549308 49.98523665 49.98528756],49.98536928420623,975.2408652028171,1767.0000000000023
52.680000000002636,[49.98556176 49.98559616 49.98533774 49.98538843],49.98547102204124,975.5531506676539,1767.0000000000007
52.70000000000264,[49.98565683 49.9856907  49.98543692 49.98548644],49.98556772211009,975.632728436814,1767.0000000000025
52.72000000000264,[49.98574871 49.98578131 49.98553579 49.98558368],49.98566237298809,975.6938039869322,1767.0000000000027
52.740000000002645,[49.98583619 49.98586648 49.98563378 49.98567945],49.9857539749683,975.8577409958513,1766.9999999999975
52.76000000000265,[49.98592114 49.98594872 49.98573157 49.98577471],49.985844035636696,975.7923706794601,1766.9999999999998
52.78000000000265,[49.98600628 49.98603144 49.98583036 49.985871  ],49.98593477080953,975.7698043382959,1767.000000000004
52.800000000002655,[49.9860887  49.98611095 49.98592877 49.98596662],49.98602375822564,975.9082987249441,1766.9999999999986
52.82000000000266,[49.98617123 49.98619102 49.98602784 49.986063  ],49.98611327094051,975.6947892242988,1766.9999999999998
52.84000000000266,[49.98625101 49.98626784 49.98612639 49.98615857],49.98620095444769,976.0311611665713,1766.9999999999993
52.860000000002664,[49.98632435 49.98633703 49.98622239 49.9862509 ],49.98628366842307,976.082749558425,1766.9999999999998
52.88000000000267,[49.98639602 49.98640468 49.98631783 49.98634265],49.986365295369374,976.0928024077531,1766.9999999999975
52.90000000000267,[49.9864635  49.98646762 49.9864115  49.98643229],49.98644372868433,976.3219662962844,1767.0000000000043
52.92000000000267,[49.98652516 49.98652398 49.98650238 49.98651865],49.986517543684414,976.4526777128715,1767.000000000003
52.94000000000268,[49.98658565 49.98657978 49.98659231 49.98660426],49.98659050109403,976.3659759128764,1766.999999999998
52.96000000000268,[49.98664098 49.98662987 49.98667948 49.98668677],49.9866592740765,976.7768337615672,1767.000000000003
52.98000000000268,[49.98668377 49.98666516 49.98676019 49.98676161],49.986717680896014,977.2115582767526,1767.0000000000014
53.000000000002686,[49.98671944 49.98669288 49.98683644 49.98683161],49.98677009356607,977.2559314041338,1767.000000000001
53.02000000000269,[49.98675603 49.98672326 49.98691166 49.98690128],49.98682305595686,977.1405654340975,1767.0000000000032
53.04000000000269,[49.98679653 49.9867601  49.98698708 49.98697226],49.98687899265984,976.9809435603805,1766.9999999999957
53.060000000002695,[49.98683525 49.98679601 49.98706006 49.98704117],49.986933123934875,977.2676700539815,1766.9999999999995
53.0800000000027,[49.98687142 49.98683028 49.98712985 49.98710722],49.98698469253688,977.1725403577406,1767.0
53.1000000000027,[49.98690888 49.98686765 49.98719807 49.98717251],49.987036780041365,977.2000654620907,1767.0000000000016
53.120000000002705,[49.98694573 49.98690566 49.98726368 49.98723577],49.987087709368396,977.2463091384245,1766.9999999999968
53.14000000000271,[49.98698532 49.98694853 49.98732795 49.98729871],49.9871401250238,977.0515758781581,1767.0
53.16000000000271,[49.98702716 49.98699539 49.9873907  49.98736101],49.98719356251661,977.1366742036656,1766.999999999994
53.180000000002714,[49.98706409 49.98703701 49.98744854 49.98741834],49.98724199592209,977.4493200860303,1767.000000000001
53.20000000000272,[49.9871018  49.98708075 49.9875037  49.98747366],49.987289977132285,977.1521984911134,1767.0000000000034
53.22000000000272,[49.98714454 49.98713155 49.98755823 49.9875295 ],49.987340954341114,977.1742693219783,1767.0000000000027
53.24000000000272,[49.98718451 49.98717934 49.9876086  49.98758125],49.987388423140445,977.4245249602513,1767.000000000002
53.26000000000273,[49.98722143 49.98722371 49.98765447 49.98762851],49.9874320293935,977.4769855013699,1767.0000000000011
53.28000000000273,[49.98725533 49.98726447 49.98769588 49.98767127],49.98747173765298,977.7304760391518,1766.9999999999975
53.30000000000273,[49.98729129 49.98730812 49.98773492 49.98771227],49.98751165238702,977.4380807826989,1767.0000000000005
53.320000000002736,[49.98733094 49.98735625 49.9877726  49.98775262],49.98755310499644,977.5789233529507,1767.0000000000025
53.34000000000274,[49.98736804 49.98740086 49.98780607 49.9877886 ],49.987590892380766,977.7244059879099,1766.9999999999948
53.36000000000274,[49.98740805 49.98744881 49.98783771 49.98782328],49.98762946169946,977.4911564696154,1766.9999999999984
53.380000000002745,[49.98745407 49.98750371 49.98786918 49.98785861],49.987671391659745,977.4189147342776,1767.0000000000016
53.40000000000275,[49.98750399 49.98756267 49.98789963 49.98789341],49.98771492587805,977.3328522213665,1766.999999999994
53.42000000000275,[49.98755268 49.98761893 49.98792699 49.98792484],49.98775585911757,977.613873000676,1766.9999999999966
53.440000000002755,[49.98759966 49.98767197 49.98795097 49.98795254],49.987793785016954,977.5621506746379,1767.0000000000032
53.46000000000276,[49.98764802 49.9877255  49.98797321 49.98797849],49.987831305147495,977.6238121484371,1766.9999999999973
53.48000000000276,[49.98769954 49.98778176 49.98799464 49.98800378],49.98786992915502,977.4446691070646,1767.0000000000025
53.500000000002764,[49.98775677 49.98784381 49.9880167  49.98803015],49.98791185809981,977.3201844631305,1767.0000000000043
53.52000000000277,[49.98781768 49.98790894 49.98803877 49.98805664],49.98795550721651,977.2734300533915,1766.9999999999961
53.54000000000277,[49.98788464 49.98798014 49.9880621  49.98808477],49.98800291381734,976.9766565429084,1766.9999999999993
53.56000000000277,[49.98796044 49.98806077 49.98808834 49.98811648],49.988056507544655,976.7240442355073,1766.9999999999993
53.58000000000278,[49.98804111 49.98814563 49.98811612 49.9881498 ],49.98811316669341,976.6885328489682,1766.9999999999945
53.60000000000278,[49.98812586 49.98823373 49.98814531 49.98818446],49.98817234022448,976.4813195965954,1766.9999999999977
53.62000000000278,[49.98821734 49.98832837 49.98817749 49.98822234],49.98823638272944,976.2464069594155,1767.0000000000034
53.640000000002786,[49.98830906 49.98842116 49.98821022 49.98826008],49.98830013136635,976.4723186896199,1766.9999999999995
53.66000000000279,[49.98839777 49.98850824 49.9882422  49.98829598],49.98836104670026,976.4507661328053,1767.000000000003
53.68000000000279,[49.9884867  49.98859375 49.9882752  49.98833222],49.9884219660998,976.4372536743953,1766.999999999998
53.700000000002795,[49.98857888 49.98868172 49.9883109  49.98837089],49.98848559537683,976.1872667973159,1767.0000000000014
53.7200000000028,[49.98867624 49.98877458 49.98835061 49.98841353],49.98855373848581,976.0206881426884,1766.9999999999932
53.7400000000028,[49.98877655 49.9888696  49.98839369 49.98845922],49.988624766126165,975.9066311354248,1766.9999999999957
53.760000000002805,[49.98887707 49.98896343 49.98843926 49.98850673],49.98869662086564,975.9121874945764,1767.0000000000061
53.78000000000281,[49.9889764  49.98905455 49.98848692 49.98855552],49.98876834734199,975.877853185978,1766.9999999999989
53.80000000000281,[49.98906774 49.98913444 49.98853397 49.98860206],49.98883455383832,976.3365468520374,1767.0000000000025
53.820000000002814,[49.98914996 49.98920228 49.98857983 49.98864573],49.988894448738016,976.3693566686823,1767.0000000000061
53.84000000000282,[49.98923015 49.98926736 49.98862791 49.98869095],49.98895409529884,976.3176774192331,1766.9999999999961
53.86000000000282,[49.98930538 49.98932618 49.98867714 49.98873636],49.989011265915565,976.5375400328672,1767.0000000000011
53.88000000000282,[49.98937525 49.98937874 49.98872731 49.98878183],49.989065782227435,976.501038699424,1767.0000000000023
53.90000000000283,[49.98944609 49.9894334  49.98878137 49.98883123],49.989123020301335,976.2682459982249,1767.000000000002
53.92000000000283,[49.98951629 49.98948825 49.9888388  49.9888839 ],49.98918181096384,976.32943098159,1766.999999999998
53.94000000000283,[49.98958153 49.9895382  49.98889761 49.98893741],49.98923868774571,976.3882683071893,1767.000000000001
53.960000000002836,[49.98964344 49.98958565 49.98895848 49.98899275],49.98929507838579,976.3294205510764,1767.000000000002
53.98000000000284,[49.98970243 49.98963134 49.98902158 49.98905022],49.98935139488938,976.3535613415215,1767.0000000000005
54.00000000000284,[49.98976155 49.98967944 49.98908812 49.98911155],49.98941016487165,976.082179156678,1767.0000000000027
54.020000000002845,[49.98982299 49.98973277 49.98915916 49.98917811],49.98947325825015,975.9486079196146,1766.9999999999995
54.04000000000285,[49.98987844 49.98978079 49.98923093 49.98924509],49.989533812180085,976.2547136048116,1767.000000000004
54.06000000000285,[49.98992583 49.98982121 49.98930209 49.989311  ],49.98959003342408,976.2731116499274,1766.9999999999961
54.080000000002855,[49.98997129 49.98986193 49.98937525 49.98937928],49.98964693794695,976.1578367511801,1767.0000000000032
54.10000000000286,[49.99001361 49.98990131 49.98944972 49.98944914],49.9897034458063,976.2675587203896,1767.0000000000032
54.12000000000286,[49.99005276 49.98993942 49.9895252  49.98952028],49.98975941682298,976.1650071692006,1767.0000000000018
54.140000000002864,[49.99008774 49.98997484 49.98960106 49.98959199],49.98981390839372,976.3547047211001,1767.0000000000002
54.16000000000287,[49.99011934 49.99000866 49.98967725 49.98966433],49.98986739785722,976.2132369764357,1767.0000000000034
54.18000000000287,[49.99015004 49.99004377 49.98975471 49.98973855],49.98992176890871,976.245141333448,1766.9999999999995
54.20000000000287,[49.99017821 49.99007803 49.98983238 49.98981339],49.98997550266475,976.2325094595873,1767.0000000000005
54.22000000000288,[49.99020616 49.99011414 49.98991096 49.98988981],49.99003026551753,976.1252025935316,1766.9999999999998
54.24000000000288,[49.9902283  49.99014467 49.98998777 49.98996435],49.990081273427485,976.5160451693873,1766.999999999994
54.26000000000288,[49.99024023 49.99016407 49.99006026 49.99003391],49.99012461614123,976.7397684969803,1767.0000000000027
54.280000000002886,[49.99024894 49.99018111 49.99013113 49.99010209],49.990165817614816,976.6676119879186,1767.000000000006
54.30000000000289,[49.99025638 49.9901979  49.990201   49.99016973],49.99020625325596,976.776774320268,1766.9999999999945
54.32000000000289,[49.99026595 49.99021863 49.99027097 49.99023832],49.99024846943103,976.4917290349621,1767.000000000003
54.340000000002895,[49.99027648 49.99024129 49.9903404  49.99030699],49.990291288068,976.7006300425106,1766.9999999999993
54.3600000000029,[49.99028415 49.99026095 49.99040708 49.99037299],49.99033129256547,976.7045628064798,1766.9999999999973
54.3800000000029,[49.99029106 49.99027994 49.99047164 49.99043717],49.990369951023965,976.7911449116195,1766.9999999999984
54.400000000002905,[49.99029821 49.99029933 49.99053419 49.99049971],49.99040785864658,976.7462905349482,1766.9999999999995
54.42000000000291,[49.99030623 49.99031961 49.99059476 49.99056065],49.99044531400975,976.8087623781734,1767.000000000002
54.44000000000291,[49.99031722 49.99034324 49.99065397 49.99062083],49.99048381662858,976.6388478522916,1767.0000000000052
54.460000000002914,[49.99033032 49.99036872 49.99071132 49.99067953],49.99052247015051,976.7773676279946,1767.0000000000032
54.48000000000292,[49.99034569 49.99039615 49.99076652 49.99073645],49.99056120164835,976.6146937225469,1767.0000000000011
54.50000000000292,[49.99037151 49.99043561 49.99082313 49.9907961 ],49.99060658723056,976.2003205045202,1767.000000000002
54.52000000000292,[49.99040331 49.99048091 49.99087926 49.99085591],49.99065485077238,976.3551587483431,1766.9999999999989
54.54000000000293,[49.99043113 49.99051927 49.9909302  49.99090979],49.99069759979717,976.6478102555837,1766.999999999999
54.56000000000293,[49.99045342 49.99054871 49.99097502 49.99095658],49.99073343221886,976.9219367061607,1767.0000000000039
54.58000000000293,[49.99047565 49.99057624 49.99101596 49.99099922],49.99076676865149,976.8438872984201,1767.0
54.600000000002936,[49.99050025 49.99060472 49.9910542  49.99103916],49.99079957970588,976.9526392635142,1767.000000000001
54.62000000000294,[49.99052591 49.99063251 49.99108908 49.99107554],49.990830760549116,976.9681276106243,1766.9999999999995
54.64000000000294,[49.99054857 49.99065439 49.99111884 49.99110606],49.990856965619116,977.3587432986483,1766.9999999999964
54.660000000002945,[49.99056657 49.99066851 49.99114254 49.99112961],49.990876810087244,977.4917777435551,1767.0000000000045
54.68000000000295,[49.99058673 49.9906837  49.99116325 49.99115016],49.99089596082701,977.4060896264276,1767.0000000000036
54.70000000000295,[49.99061295 49.99070496 49.99118286 49.99117013],49.99091772443105,977.2607291768522,1767.0000000000039
54.720000000002955,[49.990646   49.99073331 49.99120188 49.99119011],49.99094282566851,977.1135150433286,1766.9999999999995
54.74000000000296,[49.99068099 49.99076256 49.99121834 49.9912075 ],49.9909673479566,977.2970318110757,1767.0000000000011
54.76000000000296,[49.99071773 49.9907928  49.99123212 49.99122221],49.99099121580118,977.15610427589,1766.9999999999986
54.780000000002964,[49.99076319 49.99083297 49.99124659 49.99123851],49.99102031383574,976.8437701125931,1766.9999999999995
54.80000000000297,[49.99081544 49.99088056 49.99126127 49.99125566],49.99105323250643,976.820174836176,1766.9999999999986
54.82000000000297,[49.99087063 49.99093087 49.99127463 49.99127164],49.991086940795626,976.7620700708462,1767.0
54.84000000000297,[49.99092639 49.99098099 49.99128591 49.99128537],49.99111966679064,976.8867797726509,1766.9999999999995
54.86000000000298,[49.99098812 49.99103807 49.99129763 49.99130014],49.99115599236657,976.4426636673085,1766.9999999999986
54.88000000000298,[49.99105703 49.99110347 49.99131097 49.99131722],49.99119717453007,976.4599652566997,1767.0000000000027
54.90000000000298,[49.99112748 49.99117022 49.99132364 49.9913336 ],49.99123873409447,976.3917955835047,1767.0000000000005
54.920000000002986,[49.99119483 49.99123243 49.99133396 49.99134701],49.99127705662702,976.712295803128,1767.0000000000011
54.94000000000299,[49.99125955 49.99129109 49.99134226 49.99135788],49.99131269365789,976.5975783067739,1767.0000000000025
54.96000000000299,[49.99132865 49.99135516 49.99135212 49.99137071],49.991351658765375,976.4111536337755,1767.000000000001
54.980000000002995,[49.99140317 49.99142597 49.99136445 49.99138655],49.991395036099654,976.2039138078608,1766.9999999999995
55.000000000003,[49.99147736 49.99149618 49.99137717 49.99140254],49.99143831179555,976.395916915033,1766.999999999996
55.020000000003,[49.99154754 49.99156136 49.9913888  49.99141678],49.99147862094115,976.4292035575469,1766.999999999998
55.040000000003005,[49.99162163 49.99163177 49.9914032  49.99143415],49.99152268604111,976.0548326625386,1767.0000000000032
55.06000000000301,[49.99169363 49.99169954 49.9914183  49.99145181],49.99156581801611,976.4811098715269,1766.9999999999993
55.08000000000301,[49.99175654 49.99175621 49.99143098 49.99146576],49.991602373656,976.5815772339907,1766.9999999999977
55.100000000003014,[49.99181469 49.99180741 49.99144346 49.99147883],49.99163609846474,976.6923863438714,1767.0000000000023
55.12000000000302,[49.99186931 49.99185488 49.99145651 49.99149201],49.991668175935786,976.6929187876189,1767.0000000000045
55.14000000000302,[49.99192068 49.99189908 49.99147052 49.99150576],49.991699009059964,976.7692706269,1766.9999999999998
55.16000000000302,[49.99196895 49.99194037 49.99148574 49.99152038],49.99172885806398,976.7475053050559,1767.0000000000005
55.18000000000303,[49.99202164 49.99198847 49.99150567 49.9915404 ],49.99176404473905,976.2913397757566,1766.9999999999968
55.20000000000303,[49.99207717 49.9920411  49.99153006 49.99156533],49.99180341653228,976.3650688844426,1767.0000000000043
55.22000000000303,[49.99213068 49.99209231 49.99155673 49.9915924 ],49.991843033600965,976.2399192135481,1766.9999999999968
55.240000000003036,[49.99217921 49.99213825 49.99158458 49.9916201 ],49.991880535363485,976.5117040841006,1767.0000000000018
55.26000000000304,[49.99222164 49.99217779 49.99161297 49.99164772],49.99191503017897,976.4618921575455,1766.9999999999998
55.28000000000304,[49.9922605  49.99221405 49.99164315 49.99167684],49.99194863565851,976.5554066757647,1767.0
55.300000000003045,[49.99229523 49.99224648 49.99167486 49.99170714],49.991980926455994,976.5415719529185,1767.0000000000045
55.32000000000305,[49.99233053 49.99228102 49.99171016 49.99174134],49.992015762270114,976.3103870922694,1767.000000000002
55.34000000000305,[49.99236461 49.99231526 49.99174839 49.99177851],49.99205169148683,976.4183563619855,1766.9999999999957
55.360000000003055,[49.99239258 49.99234303 49.99178719 49.99181568],49.99208462175487,976.5318988253265,1767.0000000000011
55.38000000000306,[49.99241667 49.99236723 49.99182741 49.991854  ],49.99211632594039,976.4913136733177,1766.9999999999986
55.40000000000306,[49.99244055 49.99239247 49.99187058 49.99189551],49.992149776720815,976.3551103215793,1767.0000000000011
55.420000000003064,[49.99246575 49.99242058 49.99191733 49.99194098],49.9921861605661,976.214874406045,1766.9999999999973
55.44000000000307,[49.99248707 49.99244476 49.99196525 49.99198734],49.99222110583008,976.4467541149205,1767.0000000000002
55.46000000000307,[49.99250336 49.99246366 49.99201345 49.99203355],49.99225350695064,976.4006407301606,1767.0000000000034
55.48000000000307,[49.99251882 49.99248251 49.99206366 49.99208188],49.99228671724423,976.3510989156779,1767.0000000000027
55.50000000000308,[49.99253254 49.99250002 49.99211529 49.99213161],49.99231986538706,976.3790059926953,1767.0000000000032
55.52000000000308,[49.99254276 49.99251387 49.99216729 49.99218144],49.99235134172298,976.4658337106874,1767.0000000000023
55.54000000000308,[49.99255437 49.99253029 49.9922215  49.99223387],49.9923850088591,976.1698241709081,1766.999999999999
55.560000000003086,[49.99257211 49.992555   49.99227996 49.9922915 ],49.992424641483204,975.9393641247584,1767.0000000000011
55.58000000000309,[49.99258975 49.99257981 49.99233974 49.99235054],49.99246495957225,976.0880107505113,1767.000000000004
55.60000000000309,[49.99260195 49.99259792 49.99239806 49.99240748],49.99250135287815,976.2467305845457,1766.9999999999989
55.620000000003095,[49.99261275 49.99261445 49.99245633 49.99246429],49.99253695618481,976.1330629100985,1766.9999999999973
55.6400000000031,[49.99262399 49.99263152 49.99251522 49.99252182],49.99257313864001,976.1775186453681,1767.0
55.6600000000031,[49.99263615 49.99264967 49.99257461 49.99258001],49.99261010872511,976.0474659996081,1766.9999999999982
55.680000000003105,[49.9926536  49.99267429 49.99263625 49.99264114],49.9926513181006,975.8022884146252,1767.0000000000025
55.70000000000311,[49.99267768 49.99270682 49.9927006  49.99270579],49.992697721333386,975.5923693736001,1767.0000000000036
55.72000000000311,[49.99270597 49.99274394 49.99276641 49.99277233],49.99274716495145,975.5288586527133,1766.9999999999995
55.740000000003114,[49.99273635 49.99278283 49.9928325  49.99283927],49.9927977377082,975.4805363339374,1767.0000000000025
55.76000000000312,[49.99276796 49.99282222 49.99289828 49.99290585],49.99284857839499,975.4903591416194,1767.0000000000025
55.78000000000312,[49.99280199 49.99286358 49.99296407 49.99297254],49.99290054332583,975.3709551581716,1767.000000000003
55.80000000000312,[49.99283968 49.99290829 49.99303031 49.99303988],49.99295454207032,975.3049328441924,1766.9999999999984
55.82000000000313,[49.99288113 49.99295635 49.99309691 49.99310776],49.99301053839389,975.1892787492618,1767.0000000000023
55.84000000000313,[49.99292746 49.99300906 49.99316427 49.9931767 ],49.993069369903125,975.0533214457537,1766.9999999999984
55.86000000000313,[49.99297833 49.99306585 49.99323221 49.99324641],49.993130702670854,974.966191210011,1766.9999999999993
55.880000000003136,[49.99303077 49.99312284 49.99329934 49.99331509],49.99319201001,975.0433295959243,1767.000000000003
55.90000000000314,[49.99308268 49.99317738 49.99336458 49.9933814 ],49.99325151161191,975.1068124636664,1767.0000000000025
55.92000000000314,[49.99313411 49.99322957 49.9934279  49.99344529],49.99330921733082,975.1839167742966,1767.000000000003
55.940000000003145,[49.99318767 49.99328283 49.99349037 49.99350821],49.99336726852514,975.0679513918963,1767.000000000002
55.96000000000315,[49.99324362 49.9933374  49.99355218 49.99357036],49.99342588843419,975.1265408667335,1766.999999999998
55.98000000000315,[49.99330261 49.9933943  49.99361356 49.99363208],49.993485637500164,974.9638728211854,1767.000000000003
56.000000000003155,[49.99336274 49.99345104 49.9936738  49.99369242],49.99354500012062,975.1499962577489,1767.0000000000016
56.02000000000316,[49.99341921 49.99350175 49.99373065 49.99374854],49.99360003890517,975.3192564780129,1766.9999999999977
56.04000000000316,[49.99347504 49.99355054 49.9937854  49.9938022 ],49.99365329556635,975.2921288423767,1766.9999999999966
56.060000000003164,[49.99353227 49.99360012 49.99383907 49.99385472],49.993706544173605,975.3122557760022,1767.0000000000016
56.08000000000317,[49.99359107 49.99365088 49.99389176 49.99390626],49.99375999421044,975.2675894988272,1767.0000000000014
56.10000000000317,[49.99364805 49.99369866 49.99394209 49.99395506],49.99381096393245,975.5132985908314,1766.999999999999
56.120000000003174,[49.99370391 49.99374473 49.99399025 49.99400147],49.99386008902511,975.4155751808129,1766.9999999999989
56.14000000000318,[49.99376368 49.99379559 49.99403866 49.99404861],49.99391163500513,975.3021009876621,1767.0000000000018
56.16000000000318,[49.99382873 49.99385312 49.99408804 49.99409744],49.993966835329445,975.1000843143787,1767.0000000000043
56.18000000000318,[49.99389918 49.99391755 49.99413866 49.99414824],49.99402590878819,974.9674242168512,1767.0000000000039
56.200000000003186,[49.99397418 49.9939879  49.99419028 49.99420067],49.99408825764761,974.8149849581549,1767.0000000000025
56.22000000000319,[49.99405489 49.9940657  49.99424357 49.99425558],49.99415493581994,974.5928536538509,1767.0000000000032
56.24000000000319,[49.99414298 49.99415308 49.99429951 49.99431416],49.994227431303464,974.3142152616401,1766.9999999999995
56.260000000003195,[49.99423354 49.99424367 49.99435622 49.99437384],49.99430181981936,974.421206259731,1767.0000000000023
56.2800000000032,[49.99432159 49.99433128 49.99441154 49.99443181],49.994374056108136,974.4826904039808,1767.000000000002
56.3000000000032,[49.99440657 49.99441528 49.99446538 49.99448794],49.994443794499674,974.6185669295835,1767.0000000000018
56.320000000003205,[49.99449121 49.99449923 49.99451905 49.9945439 ],49.994513345785954,974.4855356490737,1767.000000000002
56.34000000000321,[49.99457504 49.99458242 49.99457266 49.99459971],49.994582456234774,974.6421761575699,1766.9999999999984
56.36000000000321,[49.99465895 49.99466615 49.99462666 49.99465595],49.994651927058186,974.4416013527325,1766.9999999999975
56.380000000003214,[49.99474365 49.99475114 49.99468171 49.99471335],49.994722461400144,974.5382965842225,1766.9999999999993
56.40000000000322,[49.99482403 49.99483099 49.99473562 49.99476906],49.99478992534719,974.6853357677818,1766.9999999999977
56.42000000000322,[49.99489976 49.99490534 49.99478833 49.99482299],49.99485410441079,974.8000493145167,1766.9999999999945
56.440000000003224,[49.9949705  49.9949738  49.9948398  49.99487505],49.99491478698436,974.9648529171109,1767.0000000000027
56.46000000000323,[49.99503808 49.99503887 49.99489088 49.99492639],49.99497355531262,974.946474870921,1767.0000000000048
56.48000000000323,[49.99510655 49.99510566 49.99494354 49.99497949],49.99503380961755,974.8248139276604,1767.0000000000052
56.50000000000323,[49.99517353 49.99517107 49.99499689 49.99503313],49.99509365509802,974.9652814063276,1767.0000000000061
56.520000000003236,[49.99523381 49.9952286  49.99504859 49.99508435],49.99514883848551,975.2014869184372,1766.9999999999945
56.54000000000324,[49.99529098 49.99528298 49.99510016 49.99513514],49.995202313448154,975.0936644821237,1767.0000000000034
56.56000000000324,[49.99534491 49.99533394 49.99515169 49.9951856 ],49.99525403494407,975.3332990781286,1767.0000000000045
56.580000000003245,[49.99539153 49.99537652 49.99520125 49.99523331],49.99530064995454,975.5079277196705,1766.9999999999984
56.60000000000325,[49.99543918 49.99542148 49.99525242 49.99528297],49.99534901193433,975.1711025646904,1767.0000000000075
56.62000000000325,[49.99548856 49.99546946 49.99530578 49.99533523],49.995399756289906,975.291460546228,1766.9999999999989
56.640000000003255,[49.99553435 49.99551382 49.99535877 49.99538686],49.99544844787233,975.3278504488657,1767.0000000000011
56.66000000000326,[49.99558017 49.9955592  49.99541294 49.99543988],49.995498049349976,975.1988984823588,1766.9999999999982
56.68000000000326,[49.99562661 49.99560626 49.99546856 49.99549466],49.99554902284602,975.1960768936123,1767.0000000000025
56.700000000003264,[49.99567198 49.99565283 49.99552479 49.99555011],49.995599926178734,975.1884094803082,1767.000000000003
56.72000000000327,[49.9957196  49.99570312 49.99558301 49.99560805],49.99565344515413,974.9595427590931,1766.9999999999984
56.74000000000327,[49.99577281 49.99576117 49.99564473 49.99567038],49.99571227365093,974.7246914714318,1766.9999999999982
56.760000000003274,[49.995832   49.99582731 49.99571015 49.99573729],49.9957766884115,974.4719552207333,1766.9999999999952
56.78000000000328,[49.99589468 49.9958981  49.99577818 49.99580732],49.99584457096277,974.4148011731253,1767.0000000000011
56.80000000000328,[49.99595681 49.99596828 49.99584693 49.99587801],49.99591250775872,974.44922899687,1766.9999999999995
56.82000000000328,[49.99601476 49.9960331  49.9959147  49.99594712],49.995977419855095,974.6514456697051,1766.9999999999975
56.840000000003286,[49.99606999 49.99609444 49.99598191 49.99601529],49.99604040856211,974.5938974827334,1767.0000000000018
56.86000000000329,[49.99612623 49.99615686 49.99605025 49.99608462],49.99610448824311,974.5426814213827,1767.0000000000023
56.88000000000329,[49.99618199 49.99621831 49.99611901 49.99615419],49.9961683733036,974.5935014670217,1766.9999999999993
56.900000000003295,[49.99623802 49.99627968 49.99618839 49.99622428],49.996232592683484,974.4981481338762,1766.9999999999925
56.9200000000033,[49.99629368 49.99633998 49.99625811 49.99629449],49.99629656294741,974.5981843016998,1766.9999999999968
56.9400000000033,[49.99634768 49.99639758 49.99632744 49.9963639 ],49.99635914925014,974.598815335431,1766.999999999992
56.960000000003305,[49.99640074 49.99645332 49.99639662 49.99643284],49.99642087770367,974.6549199731985,1766.999999999992
56.98000000000331,[49.99645219 49.99650634 49.99646524 49.99650082],49.99648114578195,974.7066892303283,1766.9999999999905
57.00000000000331,[49.99650409 49.99655927 49.9965341  49.99656889],49.99654158824974,974.6256367452797,1766.9999999999964
57.020000000003314,[49.99655961 49.99661609 49.99660455 49.99663884],49.99660477026049,974.4616265732272,1766.9999999999964
57.04000000000332,[49.99662166 49.99668042 49.99667788 49.99671228],49.996673059184204,974.1811489631524,1766.999999999987
57.06000000000332,[49.99668988 49.99675165 49.99675397 49.99678905],49.996746138897336,974.0432323446358,1766.9999999999911
57.080000000003324,[49.99676417 49.99682963 49.99683273 49.99686899],49.99682388249165,973.7731409164929,1766.9999999999952
57.10000000000333,[49.99683768 49.99690541 49.99691121 49.99694823],49.996900632837594,974.1108707004321,1766.9999999999984
57.12000000000333,[49.99690911 49.99697768 49.99698849 49.99702572],49.99697524809724,973.937672699336,1766.9999999999964
57.14000000000333,[49.99698674 49.99705683 49.99706835 49.9971063 ],49.99705455683076,973.7006097942066,1766.9999999999936
57.160000000003336,[49.99706498 49.9971356  49.99714844 49.99718686],49.997133969837144,973.9132602634069,1766.9999999999977
57.18000000000334,[49.99714172 49.99721154 49.99722761 49.99726601],49.99721171955869,973.8254746532234,1766.9999999999961
57.20000000000334,[49.99722155 49.99729047 49.99730797 49.99734645],49.997291609014496,973.7180660593799,1767.0000000000002
57.220000000003346,[49.99730044 49.99736721 49.99738777 49.99742592],49.99737033626276,973.9080540822117,1767.0000000000018
57.24000000000335,[49.99737939 49.9974433  49.99746731 49.99750489],49.997448724012266,973.7318562616986,1766.9999999999966
57.26000000000335,[49.99746258 49.99752399 49.99754858 49.99758589],49.99753026047312,973.6280048430459,1766.999999999995
57.280000000003355,[49.99754678 49.99760521 49.9976302  49.99766712],49.99761232780705,973.6718736389544,1766.9999999999977
57.30000000000336,[49.99763473 49.99769061 49.9977133  49.99775011],49.99769718721965,973.3777224828822,1766.9999999999989
57.32000000000336,[49.99773073 49.99778557 49.99779999 49.99783751],49.99778845142991,973.1168152838496,1766.9999999999966
57.340000000003364,[49.99782971 49.99788358 49.99788816 49.99792653],49.997881994620826,973.1691450522627,1767.0000000000011
57.36000000000337,[49.99792421 49.99797525 49.99797445 49.99801286],49.99797169639274,973.423315430352,1766.9999999999986
57.38000000000337,[49.9980124  49.99805853 49.99805794 49.9980954 ],49.998056066091635,973.6016462895944,1766.9999999999964
57.400000000003374,[49.99809469 49.99813412 49.99813878 49.9981744 ],49.9981354991433,973.8230285176562,1767.0000000000016
57.42000000000338,[49.99817277 49.99820438 49.99821765 49.99825084],49.99821141285757,973.8826275201734,1766.9999999999973
57.44000000000338,[49.99824656 49.99826935 49.99829457 49.99832477],49.99828381534172,974.1035385731851,1766.9999999999957
57.46000000000338,[49.99831382 49.99832644 49.99836844 49.99839488],49.998350891692965,974.3163674712855,1766.9999999999977
57.480000000003386,[49.99837351 49.99837458 49.99843871 49.99846056],49.99841183841336,974.6054162588483,1766.9999999999984
57.50000000000339,[49.9984274  49.99841635 49.99850599 49.99852278],49.9984681289318,974.6948913331103,1767.000000000002
57.52000000000339,[49.99847654 49.99845327 49.99857073 49.99858218],49.99852067976489,974.907043196335,1767.0000000000011
57.540000000003396,[49.99852727 49.99849375 49.99863555 49.9986423 ],49.99857471998477,974.5567770066444,1767.0
57.5600000000034,[49.99858171 49.99854034 49.99870157 49.99870457],49.99863204774053,974.6167382712654,1766.9999999999995
57.5800000000034,[49.99863258 49.99858399 49.99876542 49.99876471],49.99868667396774,974.7703253979618,1767.0000000000018
57.600000000003405,[49.99867893 49.99862365 49.99882647 49.99882203],49.998737769561956,974.9002337252191,1766.999999999998
57.62000000000341,[49.99872623 49.99866648 49.998887   49.99887958],49.99878982304959,974.676211636328,1766.9999999999984
57.64000000000341,[49.99877528 49.99871331 49.99894748 49.99893792],49.99884349541102,974.749890247484,1767.000000000003
57.660000000003414,[49.99881783 49.99875371 49.99900409 49.99899218],49.99889195393695,975.1008637231414,1766.9999999999984
57.68000000000342,[49.9988565  49.99879122 49.99905769 49.99904361],49.99893725284468,975.0023041021753,1767.0000000000039
57.70000000000342,[49.99890081 49.99883782 49.99911255 49.9990977 ],49.99898721954811,974.6942732019626,1767.0000000000057
57.720000000003424,[49.99894858 49.9988904  49.99916783 49.99915327],49.99904001939665,974.7492537885737,1766.9999999999995
57.74000000000343,[49.99899421 49.99894178 49.99922091 49.99920694],49.99909095967112,974.8359912805499,1766.9999999999977
57.76000000000343,[49.99904215 49.99899755 49.99927364 49.99926112],49.99914361383644,974.5902210238166,1766.999999999998
57.78000000000343,[49.99909257 49.99905752 49.99932624 49.99931596],49.99919807437642,974.6684970359747,1767.0
57.800000000003436,[49.99914478 49.9991207  49.99937828 49.9993709 ],49.999253665447355,974.4794753384051,1767.0
57.82000000000344,[49.99919675 49.99918409 49.99942901 49.9994248 ],49.999308662598885,974.7023224331034,1767.0000000000027
57.84000000000344,[49.99924453 49.99924259 49.99947651 49.99947521],49.99935970626508,974.7962940863579,1767.0
57.860000000003446,[49.99929298 49.99930219 49.99952293 49.99952483],49.999410734222195,974.6878283236828,1767.0000000000011
57.88000000000345,[49.99934165 49.99936196 49.99956821 49.99957346],49.99946131858346,974.8174350757104,1767.0000000000045
57.90000000000345,[49.99938844 49.99941906 49.99961135 49.99961976],49.99950965240234,974.861078193227,1767.0
57.920000000003455,[49.99943511 49.99947553 49.99965318 49.99966474],49.99955713793987,974.8725727650033,1767.0000000000007
57.94000000000346,[49.99948272 49.99953252 49.99969423 49.99970898],49.999604615841704,974.8452406290586,1767.000000000003
57.96000000000346,[49.99952802 49.99958564 49.99973315 49.99975065],49.999649363174214,975.0855762215617,1767.0000000000011
57.980000000003464,[49.99957392 49.99963866 49.99977112 49.99979129],49.99969374679317,974.8592250495374,1767.000000000001
58.00000000000347,[49.99962843 49.99970142 49.99981192 49.99983563],49.999744350385924,974.5446662859903,1766.9999999999945
58.02000000000347,[49.99968804 49.99976917 49.99985425 49.99988184],49.999798326868756,974.5567354141835,1767.0000000000002
58.040000000003474,[49.99975122 49.99983993 49.99989745 49.99992898],49.99985439419208,974.3494918430288,1766.9999999999964
58.06000000000348,[49.99981792 49.99991336 49.9999417  49.99997717],49.99991253616774,974.3619909299144,1766.9999999999989
58.08000000000348,[49.9998862  49.99998699 49.99998621 50.00002532],49.99997117947963,974.2866305322531,1766.999999999996
58.10000000000348,[49.99995335 50.00005726 50.00002996 50.00007202],50.00002814866728,974.481617658901,1767.0
58.120000000003486,[50.00001728 50.00012164 50.00007203 50.00011606],50.0000817513462,974.5486611175505,1766.9999999999982
58.14000000000349,[50.00008241 50.00018582 50.00011448 50.0001601 ],50.0001357040881,974.4306195948554,1766.999999999999
58.16000000000349,[50.00014908 50.00025019 50.00015772 50.00020456],50.00019038549998,974.4651209201049,1766.9999999999973
58.180000000003496,[50.00021577 50.00031294 50.00020115 50.00024866],50.00024463119365,974.4446363644247,1766.9999999999977
58.2000000000035,[50.00028242 50.00037411 50.0002449  50.00029254],50.00029849239137,974.4743098946433,1767.0000000000011
58.2200000000035,[50.00034884 50.00043364 50.00028899 50.00033623],50.0003519251386,974.457094047481,1766.9999999999989
58.240000000003505,[50.00041312 50.00048925 50.00033272 50.00037882],50.00040347779927,974.6084512977881,1767.0000000000061
58.26000000000351,[50.00048056 50.00054803 50.0003784  50.00042337],50.00045759011199,974.2173742451556,1767.0000000000002
58.28000000000351,[50.00055465 50.00061435 50.00042798 50.00047229],50.000517316291685,974.1103613458707,1766.9999999999977
58.300000000003514,[50.00062503 50.00067518 50.00047698 50.0005198 ],50.00057424597993,974.426300854137,1766.999999999994
58.32000000000352,[50.0006923  50.00073179 50.00052551 50.00056616],50.000628939527736,974.2723028281066,1766.9999999999998
58.34000000000352,[50.0007633  50.00079297 50.00057683 50.00061558],50.00068716665128,974.1019711278044,1766.9999999999961
58.360000000003524,[50.00083385 50.00085351 50.00062926 50.00066587],50.00074562248692,974.225319648642,1767.0000000000025
58.38000000000353,[50.00090523 50.00091541 50.0006833  50.00071777],50.00080542876753,973.9603753423813,1766.9999999999984
58.40000000000353,[50.0009789  50.00098052 50.00073985 50.00077241],50.00086791939266,973.9705621774756,1767.0000000000007
58.42000000000353,[50.00105784 50.00105294 50.0008002  50.00083151],50.00093561800641,973.4927436562308,1767.0000000000048
58.440000000003536,[50.00114117 50.00113135 50.00086431 50.00089491],50.00100793530362,973.5511637038796,1766.9999999999995
58.46000000000354,[50.00122477 50.00121076 50.00093026 50.00096018],50.00108149347367,973.3572996046646,1767.0000000000032
58.48000000000354,[50.00130711 50.0012892  50.00099754 50.00102664],50.00115512229037,973.513600822463,1767.0000000000016
58.500000000003546,[50.00138242 50.00135953 50.0010635  50.00109093],50.00122409184405,973.7180182368751,1767.0
58.52000000000355,[50.00144965 50.00142062 50.0011276  50.00115243],50.00128757483975,973.9444392229904,1766.9999999999968
58.54000000000355,[50.00151749 50.00148377 50.00119356 50.00121608],50.00135272803214,973.5470337726871,1767.0000000000011
58.560000000003555,[50.00158821 50.0015516  50.00126271 50.00128346],50.00142149779619,973.6088755930072,1767.000000000002
58.58000000000356,[50.00165422 50.00161459 50.00133154 50.00135012],50.0014876173,973.7389895648465,1767.0000000000005
58.60000000000356,[50.00171631 50.00167386 50.00140028 50.00141644],50.00155172207463,973.7477177561162,1767.0
58.620000000003564,[50.001775   50.00173009 50.00146911 50.00148268],50.001614220174716,973.8436936948309,1767.0000000000034
58.64000000000357,[50.00182981 50.00178272 50.00153768 50.00154847],50.00167467132213,973.8898784601107,1767.0000000000025
58.66000000000357,[50.00188011 50.00183096 50.00160563 50.00161338],50.001732519643994,974.0330106816909,1766.9999999999952
58.680000000003574,[50.00192754 50.00187699 50.00167346 50.00167819],50.00178904309022,973.9722138324927,1767.0000000000002
58.70000000000358,[50.00197729 50.00192736 50.0017434  50.0017458 ],50.001848463527345,973.7601626382043,1767.0000000000036
58.72000000000358,[50.0020309  50.00198385 50.00181613 50.00181704],50.001911981035455,973.5981146896273,1767.0000000000002
58.74000000000358,[50.00208376 50.0020404  50.0018895  50.00188917],50.00197570477039,973.7134014662518,1766.9999999999977
58.760000000003586,[50.00213045 50.00209014 50.00196086 50.00195883],50.0020350710386,973.9360118193655,1767.0000000000023
58.78000000000359,[50.00217466 50.00213782 50.00203155 50.00202786],50.00209297348613,973.8086399700203,1766.9999999999984
58.80000000000359,[50.00222326 50.00219196 50.00210456 50.00210009],50.00215496824933,973.5637767645474,1766.9999999999989
58.820000000003596,[50.00226919 50.00224328 50.00217678 50.00217146],50.00221517541046,973.9311817145317,1767.000000000002
58.8400000000036,[50.00230633 50.00228411 50.00224503 50.00223801],50.00226837083988,974.1272099181439,1766.999999999993
58.8600000000036,[50.00234374 50.00232598 50.00231308 50.0023047 ],50.002321873577905,973.879588088537,1766.9999999999982
58.880000000003605,[50.00237974 50.00236641 50.00238026 50.00237057],50.00237424366141,974.1968600002317,1767.0000000000011
58.90000000000361,[50.00240912 50.00239885 50.00244383 50.00243224],50.00242101016245,974.3266469986352,1767.0000000000011
58.92000000000361,[50.00243616 50.00242873 50.0025055  50.00249196],50.0024655898359,974.3572116374519,1767.0000000000027
58.940000000003614,[50.00246552 50.00246186 50.00256715 50.00255221],50.002511684554236,974.1759788575752,1766.9999999999995
58.96000000000362,[50.0024955  50.00249584 50.002628   50.00261194],50.002557817737646,974.3308645196636,1766.9999999999961
58.98000000000362,[50.00252408 50.00252813 50.00268684 50.00266968],50.002602182857814,974.3023306539374,1767.000000000002
59.000000000003624,[50.00255504 50.00256342 50.00274522 50.00272746],50.00264778524789,974.2045991417448,1767.0000000000055
59.02000000000363,[50.00259073 50.00260454 50.00280408 50.00278646],50.00269645283126,974.0222863240735,1766.9999999999989
59.04000000000363,[50.00263063 50.00265064 50.00286316 50.00284631],50.00274768514213,973.9664993826289,1766.9999999999961
59.06000000000363,[50.00266991 50.00269541 50.00292021 50.00290409],50.00279740332187,974.1275533504371,1766.9999999999961
59.080000000003636,[50.00270787 50.00273801 50.00297469 50.00295916],50.00284493072182,974.1292754562694,1766.999999999998
59.10000000000364,[50.00274677 50.00278118 50.00302755 50.00301273],50.00289205713823,974.13996408878,1767.0000000000007
59.12000000000364,[50.00278993 50.0028291  50.0030802  50.0030666 ],50.002941454518975,973.9169731958332,1766.9999999999993
59.140000000003646,[50.00283603 50.00287984 50.00313216 50.00312008],50.00299202548074,974.0196615942027,1766.999999999994
59.16000000000365,[50.00288094 50.00292816 50.00318148 50.00317064],50.00304030261715,974.0887261902776,1766.9999999999955
59.18000000000365,[50.00292819 50.00297856 50.00322967 50.00322026],50.003089170332196,973.9488389240177,1766.9999999999977
59.200000000003655,[50.00297453 50.0030267  50.00327544 50.00326716],50.00313595780274,974.2424316511806,1767.000000000003
59.22000000000366,[50.0030205  50.0030735  50.00331882 50.00331148],50.00318107526062,974.068539462426,1766.9999999999973
59.24000000000366,[50.00306688 50.00311975 50.00336038 50.00335385],50.00322521579114,974.3034418366631,1766.9999999999975
59.260000000003664,[50.00310909 50.00315984 50.003398   50.00339157],50.003264624655635,974.4458967600855,1766.9999999999932
59.28000000000367,[50.00315068 50.00319834 50.00343324 50.00342669],50.00330223640296,974.4340225515394,1766.9999999999993
59.30000000000367,[50.00318858 50.00323138 50.00346488 50.0034576 ],50.00333561095252,974.7816810351463,1766.9999999999911
59.320000000003674,[50.00322469 50.00326172 50.00349363 50.00348531],50.003366335950616,974.6366606246048,1767.0000000000011
59.34000000000368,[50.00326532 50.00329731 50.00352249 50.00351366],50.00339969621087,974.5389987279574,1767.000000000001
59.36000000000368,[50.00330865 50.00333592 50.00355082 50.00354177],50.003434290416315,974.5112415873139,1767.0000000000016
59.38000000000368,[50.00335745 50.00338118 50.00357989 50.0035713 ],50.00347245711574,974.2161468439962,1767.0000000000064
59.400000000003686,[50.00340863 50.00342904 50.00360866 50.00360077],50.00351177390648,974.3910987726899,1766.999999999999
59.42000000000369,[50.00346134 50.00347869 50.00363667 50.00362965],50.00355158764085,974.1506743465803,1767.0000000000023
59.44000000000369,[50.00351785 50.00353293 50.00366525 50.00365956],50.003593895936184,974.1564696312179,1767.0000000000039
59.460000000003696,[50.00357455 50.00358727 50.0036929  50.00368853],50.00363580967198,974.1585627561459,1766.999999999994
59.4800000000037,[50.00363189 50.00364234 50.00371997 50.00371697],50.00367779283286,974.1247355793184,1766.999999999998
59.5000000000037,[50.00368925 50.00369737 50.00374638 50.00374474],50.00371943488124,974.1607445329439,1766.9999999999986
59.520000000003705,[50.00374247 50.00374714 50.00377045 50.0037696 ],50.003757413912496,974.4060359633083,1766.9999999999893
59.54000000000371,[50.00379314 50.00379393 50.0037929  50.00379254],50.00379312723261,974.3244449840031,1766.9999999999984
59.56000000000371,[50.00384895 50.0038475  50.0038174  50.00381823],50.0038330193806,974.0266740870319,1766.9999999999993
59.580000000003714,[50.00390984 50.00390763 50.00384428 50.00384696],50.00387718159556,973.9361268648792,1766.9999999999966
59.60000000000372,[50.0039726  50.00397025 50.00387229 50.00387705],50.0039230487232,973.8533137575148,1766.9999999999952
59.62000000000372,[50.00403484 50.00403231 50.00390057 50.00390731],50.003968757951014,973.9187322390428,1767.000000000001
59.640000000003724,[50.00409604 50.00409323 50.00392901 50.00393757],50.00401396175947,973.8647088565606,1766.9999999999945
59.66000000000373,[50.0041573  50.00415439 50.00395829 50.00396865],50.004059658634915,973.8454655505043,1767.0000000000027
59.68000000000373,[50.00421594 50.00421235 50.00398742 50.00399919],50.004103723496996,973.9697603191254,1766.9999999999995
59.70000000000373,[50.00427087 50.00426585 50.00401598 50.00402867],50.004145342975974,974.0187942718995,1766.9999999999993
59.720000000003736,[50.00431733 50.0043088  50.00404202 50.00405451],50.004180664803386,974.4671119504865,1766.9999999999816
59.74000000000374,[50.00435214 50.00433752 50.00406401 50.00407484],50.00420712581605,974.7325727002054,1766.9999999999995
59.76000000000374,[50.00437965 50.00435769 50.0040839  50.00409222],50.00422836317897,974.8752751731294,1767.0000000000036
59.780000000003746,[50.00440193 50.00437209 50.00410264 50.00410796],50.004246154403816,974.9913393037332,1767.0000000000025
59.80000000000375,[50.00442032 50.00438255 50.00412085 50.00412287],50.00426164675735,975.0375831847231,1767.0000000000011
59.82000000000375,[50.00443929 50.00439492 50.0041405  50.00413956],50.00427856765084,974.839854693632,1766.9999999999968
59.840000000003755,[50.0044564  50.00440601 50.00416065 50.0041568 ],50.004294966624954,975.049644222003,1767.0000000000018
59.86000000000376,[50.00447036 50.00441445 50.0041805  50.00417368],50.004309746405994,974.9444565691151,1767.000000000002
59.88000000000376,[50.00448466 50.00442465 50.00420166 50.00419226],50.00432580787915,974.9098199625396,1767.0000000000016
59.900000000003764,[50.00450178 50.00443985 50.00422515 50.00421391],50.0043451753225,974.6340399552116,1766.9999999999995
59.92000000000377,[50.00451865 50.00445594 50.0042497  50.00423696],50.00436531315853,974.812153307715,1767.0000000000011
59.94000000000377,[50.00453229 50.0044693  50.00427374 50.00425945],50.00438369334096,974.7494316240628,1767.0000000000011
59.960000000003774,[50.00454593 50.00448397 50.00429868 50.00428322],50.004402950081484,974.7058610913342,1767.0
59.98000000000378,[50.00455665 50.00449613 50.00432315 50.00430651],50.00442060864681,974.8514728354545,1766.9999999999977
60.00000000000378,[50.00456589 50.00450768 50.00434759 50.00432994],50.00443777615093,974.715232590614,1766.9999999999968
60.02000000000378,[50.00457058 50.0045145  50.00437068 50.00435177],50.00445188159878,975.0772849313591,1767.0000000000045
60.040000000003786,[50.00456617 50.00451093 50.00439002 50.00436904],50.00445904005534,975.2690978667698,1766.999999999997
60.06000000000379,[50.0045615  50.00450828 50.00440935 50.00438666],50.004466448340075,975.026394762203,1767.0000000000005
60.08000000000379,[50.00456036 50.00451105 50.00443042 50.00440682],50.00447716204475,974.9609975667471,1766.999999999996
60.100000000003796,[50.00456087 50.00451676 50.00445227 50.00442829],50.004489545133936,974.8561159215363,1766.999999999999
60.1200000000038,[50.0045623  50.00452427 50.00447448 50.00445051],50.00450288945153,974.8504318634366,1766.9999999999968
60.1400000000038,[50.00456227 50.00453044 50.00449585 50.00447193],50.00451511987508,974.9205401764448,1767.0
60.160000000003805,[50.0045578  50.00453136 50.00451488 50.00449065],50.00452367183203,975.1312916399027,1767.0000000000036
60.18000000000381,[50.00454565 50.00452287 50.0045299  50.00450456],50.00452574426709,975.43812880324,1766.9999999999995
60.20000000000381,[50.00452831 50.00450822 50.00454173 50.00451484],50.004523274344656,975.4871330788565,1766.9999999999995
60.220000000003814,[50.00451212 50.00449536 50.00455309 50.00452499],50.0045213927021,975.3629388461295,1767.000000000002
60.24000000000382,[50.0044962  50.00448295 50.00456355 50.00453446],50.004519289652265,975.480340771748,1767.0000000000023
60.26000000000382,[50.00448127 50.00447193 50.00457321 50.00454342],50.00451745859981,975.3152651170957,1766.9999999999993
60.280000000003824,[50.00446688 50.00446147 50.00458186 50.00455157],50.00451544519858,975.4710210988615,1767.0000000000043
60.30000000000383,[50.00445026 50.00444808 50.00458803 50.00455707],50.00451085816353,975.5078705091448,1767.0000000000045
60.32000000000383,[50.00443842 50.00444067 50.0045947  50.0045638 ],50.004509397633726,975.1844236254386,1767.0
60.34000000000383,[50.00443222 50.00443997 50.00460237 50.0045723 ],50.00451171526085,975.166094503879,1766.999999999997
60.360000000003836,[50.00442845 50.00444188 50.00460948 50.00458058],50.00451509810871,975.0710848874637,1766.9999999999968
60.38000000000384,[50.00442768 50.00444694 50.00461627 50.0045889 ],50.0045199462718,975.0191387137825,1766.9999999999995
60.40000000000384,[50.00442645 50.00445066 50.00462119 50.00459521],50.004523379064715,975.1666872899108,1767.0000000000036
60.420000000003846,[50.00441953 50.00444634 50.00462179 50.00459638],50.00452101011059,975.4844773019968,1766.9999999999989
60.44000000000385,[50.00441393 50.00444313 50.00462098 50.00459625],50.00451857160861,975.1506222171273,1766.999999999998
60.46000000000385,[50.00441338 50.00444539 50.0046207  50.00459719],50.00451916485333,975.2070641612866,1766.999999999998
60.480000000003855,[50.00441113 50.0044446  50.0046179  50.00459526],50.004517219993765,975.3421151685767,1767.0000000000045
60.50000000000386,[50.00440252 50.00443483 50.00461048 50.00458774],50.004508892559855,975.7225621232342,1767.0000000000027
60.52000000000386,[50.00439204 50.00442212 50.00460023 50.00457708],50.004497868741744,975.5484018790446,1766.999999999998
60.540000000003864,[50.00438992 50.00441933 50.00459191 50.00456934],50.0044926244273,975.2154042758983,1766.9999999999995
60.56000000000387,[50.00439637 50.00442658 50.00458584 50.00456483],50.00449340744191,975.0195654441724,1767.0000000000023
60.58000000000387,[50.00440793 50.0044394  50.00458062 50.00456167],50.00449740399828,974.9226782760603,1767.0000000000014
60.600000000003874,[50.00442172 50.00445413 50.00457507 50.00455828],50.004502302182004,974.9209536166137,1766.9999999999986
60.62000000000388,[50.00443838 50.00447164 50.00456954 50.0045551 ],50.004508663384506,974.7766064290682,1767.0000000000027
60.64000000000388,[50.00445766 50.00449154 50.00456414 50.00455215],50.004516374204286,974.7839470976722,1766.9999999999993
60.66000000000388,[50.00447683 50.00451042 50.00455777 50.00454799],50.00452325213948,974.8230592371078,1767.000000000004
60.680000000003886,[50.00449799 50.004531   50.00455146 50.00454393],50.00453109248738,974.6792083652267,1767.0000000000014
60.70000000000389,[50.00452136 50.00455354 50.00454559 50.00454034],50.00454020609184,974.6916678610713,1767.0000000000064
60.72000000000389,[50.00454081 50.00457028 50.00453759 50.00453386],50.00454563612911,974.9647401695723,1767.0
60.740000000003896,[50.00455706 50.0045824  50.00452777 50.00452494],50.00454804273018,974.9220310782601,1767.0000000000011
60.7600000000039,[50.00457343 50.00459414 50.00451786 50.00451574],50.004550293507364,974.9535944189121,1766.9999999999984
60.7800000000039,[50.00458949 50.0046051  50.00450781 50.00450619],50.00455214851064,974.9309067921878,1767.0000000000036
60.800000000003905,[50.00460687 50.00461743 50.00449852 50.00449742],50.00455506213089,974.8397794745757,1767.0000000000061
60.82000000000391,[50.00462631 50.00463217 50.00449054 50.00449008],50.004559774751044,974.7542960954875,1767.0000000000027
60.84000000000391,[50.00464826 50.00464995 50.00448423 50.00448462],50.00456676499463,974.6223637866625,1767.0000000000005
60.860000000003915,[50.00466912 50.0046662  50.00447823 50.0044792 ],50.00457318623768,974.7758377193953,1766.999999999999
60.88000000000392,[50.00468392 50.00467483 50.00447034 50.00447102],50.00457502524557,974.9816757566668,1767.0000000000011
60.90000000000392,[50.00469699 50.00468163 50.0044625  50.00446264],50.004575939774014,974.8276205896401,1767.000000000002
60.920000000003924,[50.00470518 50.00468252 50.00445362 50.00445256],50.00457346951662,975.2401191048285,1766.9999999999986
60.94000000000393,[50.00470956 50.00467931 50.00444394 50.00444128],50.00456852333893,975.0102601484276,1766.9999999999961
60.96000000000393,[50.00471545 50.00467869 50.00443615 50.00443217],50.004565617371924,975.042264036036,1767.0000000000011
60.98000000000393,[50.00471865 50.00467547 50.00442841 50.00442288],50.004561353316305,975.0982587670866,1767.0000000000023
61.000000000003936,[50.00472401 50.004676   50.00442287 50.00441623],50.00455978058237,974.7895000309779,1766.9999999999993
61.02000000000394,[50.00472925 50.00467722 50.00441877 50.00441118],50.00455910462181,974.9958119893535,1767.000000000001
61.04000000000394,[50.004726   50.00466873 50.00441226 50.00440282],50.004552454402116,975.26558991383,1767.0000000000016
61.060000000003946,[50.00472002 50.0046581  50.00440574 50.00439437],50.00454455863105,975.0746648383574,1766.9999999999977
61.08000000000395,[50.00471628 50.00465155 50.00440159 50.00438885],50.00453956628113,974.9950943921096,1767.0000000000007
61.10000000000395,[50.00471278 50.00464656 50.00439893 50.00438514],50.00453585245913,974.9407773722855,1767.000000000002
61.120000000003955,[50.00471005 50.00464377 50.00439797 50.00438351],50.0045338252402,974.8268439775325,1766.9999999999961
61.14000000000396,[50.0047078  50.00464274 50.0043986  50.00438381],50.00453323844813,974.7931494274779,1767.0000000000016
61.16000000000396,[50.00470638 50.00464389 50.00440092 50.00438618],50.00453434154973,974.6583134708062,1766.9999999999961
61.180000000003965,[50.00470692 50.00464853 50.00440546 50.00439125],50.004538038365226,974.5485083073019,1767.0000000000002
61.20000000000397,[50.00470695 50.00465337 50.0044111  50.00439758],50.00454225242001,974.5884363717797,1766.9999999999975
61.22000000000397,[50.00470832 50.00466072 50.00441854 50.00440607],50.00454841468511,974.3585841327481,1766.9999999999995
61.240000000003974,[50.00471121 50.00467054 50.00442795 50.00441687],50.00455664459598,974.3883781635152,1766.9999999999952
61.26000000000398,[50.00470808 50.0046731  50.00443589 50.00442551],50.00456064381857,974.6890002774948,1766.9999999999989
61.28000000000398,[50.00470064 50.00467069 50.00444283 50.00443271],50.00456171690974,974.6101697988673,1767.0000000000011
61.30000000000398,[50.00469393 50.00466951 50.00445105 50.00444134],50.004563957341986,974.5668120683043,1766.9999999999986
61.320000000003986,[50.00468535 50.00466609 50.00445934 50.00444985],50.00456515861261,974.6741220866552,1767.0000000000002
61.34000000000399,[50.0046745  50.00465989 50.00446733 50.00445781],50.004564884625104,974.6682494867608,1766.9999999999957
61.36000000000399,[50.00466665 50.00465752 50.00447729 50.00446814],50.0045674017945,974.417112698838,1767.0000000000011
61.380000000003996,[50.00466352 50.00466091 50.00449003 50.00448181],50.004574066878064,974.2970739538148,1766.9999999999995
61.400000000004,[50.00465998 50.00466333 50.00450319 50.00449576],50.00458056627802,974.4091424039789,1767.0000000000043
61.420000000004,[50.00465538 50.00466401 50.00451628 50.00450941],50.004586270584014,974.3428197490684,1767.0000000000016
61.440000000004005,[50.00465343 50.00466751 50.00453089 50.00452479],50.004594153418196,974.2051182558292,1767.0000000000077
61.46000000000401,[50.00465355 50.00467294 50.00454672 50.00454151],50.004603680157445,974.184049616424,1767.0000000000048
61.48000000000401,[50.00465375 50.00467768 50.0045628  50.00455828],50.00461312584474,974.1919925150328,1767.0000000000027
61.500000000004015,[50.00465069 50.00467743 50.00457754 50.00457308],50.00461968587396,974.4075611801958,1767.0000000000025
61.52000000000402,[50.00464553 50.00467378 50.00459122 50.00458636],50.00462422302236,974.3439710118815,1767.0000000000002
61.54000000000402,[50.00463909 50.00466768 50.00460421 50.00459858],50.004627388685094,974.5052989543822,1766.9999999999993
61.560000000004024,[50.00463036 50.00465795 50.00461585 50.00460898],50.004628286544936,974.5180665728386,1766.9999999999973
61.58000000000403,[50.00462387 50.00465038 50.00462808 50.00462009],50.00463060724371,974.3694689820697,1767.0000000000045
61.60000000000403,[50.00461799 50.00464283 50.00464019 50.004631  ],50.00463300333658,974.4958642621317,1767.000000000004
61.62000000000403,[50.00461301 50.00463584 50.0046521  50.00464169],50.004635656726876,974.3326583326891,1766.9999999999998
61.64000000000404,[50.00460917 50.00462964 50.00466396 50.00465234],50.004638779131696,974.4414159504046,1766.9999999999984
61.66000000000404,[50.0046051  50.00462265 50.00467497 50.00466201],50.004641182258226,974.3788251345294,1766.9999999999957
61.68000000000404,[50.00460149 50.00461578 50.00468543 50.0046711 ],50.004643448611915,974.4389067001894,1766.9999999999998
61.700000000004046,[50.00460144 50.00461311 50.00469656 50.00468127],50.00464809735708,974.1648087084626,1767.000000000001
61.72000000000405,[50.00460282 50.0046118  50.00470757 50.00469144],50.00465340676908,974.3696004403495,1766.9999999999964
61.74000000000405,[50.00460296 50.00460872 50.00471704 50.00469987],50.00465714943411,974.2836175337046,1767.000000000002
61.760000000004055,[50.00460475 50.00460753 50.00472628 50.00470828],50.00466171097643,974.28787531588,1766.9999999999945
61.78000000000406,[50.00461107 50.00461202 50.00473651 50.00471828],50.00466946759666,974.0021810503865,1766.9999999999961
61.80000000000406,[50.00462357 50.00462415 50.00474862 50.00473095],50.00468182381533,973.8878667522698,1766.9999999999977
61.820000000004065,[50.00463667 50.00463681 50.00476016 50.0047431 ],50.0046941859418,973.9886025498236,1767.0000000000016
61.84000000000407,[50.00464972 50.00464931 50.00477073 50.00475428],50.004706008902986,973.9205115124406,1766.999999999999
61.86000000000407,[50.00466478 50.00466423 50.00478133 50.00476573],50.004719018125634,973.8761203398547,1766.9999999999993
61.880000000004074,[50.00467914 50.00467813 50.00479081 50.00477596],50.00473100955822,973.9935702002064,1767.0000000000002
61.90000000000408,[50.00469059 50.00468828 50.00479814 50.00478368],50.00474017443509,974.1017957618333,1766.9999999999961
61.92000000000408,[50.00469903 50.00469464 50.00480331 50.00478886],50.00474645987761,974.2241360582817,1767.0000000000005
61.94000000000408,[50.00470613 50.00469942 50.00480702 50.00479245],50.00475125491699,974.2159142169126,1767.0000000000036
61.96000000000409,[50.00471182 50.00470254 50.00480935 50.00479454],50.004754563196585,974.338095662315,1767.000000000002
61.98000000000409,[50.004719   50.00470781 50.00481153 50.00479676],50.00475877522886,974.1290127740806,1766.999999999999
62.00000000000409,[50.00472741 50.00471476 50.00481368 50.00479917],50.004763754532846,974.2623059141338,1767.000000000002
62.020000000004096,[50.00473932 50.00472647 50.00481669 50.004803  ],50.004771371664155,973.8959523898159,1767.0000000000052
62.0400000000041,[50.00476322 50.00475351 50.00482463 50.00481336],50.00478867982122,973.4348221283667,1766.9999999999995
62.0600000000041,[50.00479112 50.00478542 50.00483426 50.00482591],50.00480917861481,973.6142332634229,1766.9999999999977
62.080000000004105,[50.00481837 50.00481646 50.00484336 50.00483782],50.00482900412251,973.478301659851,1766.9999999999993
62.10000000000411,[50.00485234 50.00485587 50.00485539 50.00485347],50.004854265930476,973.1431624784697,1767.0000000000018
62.12000000000411,[50.00489095 50.00490072 50.00486971 50.00487188],50.00488331316632,973.1452537083227,1766.9999999999936
62.140000000004115,[50.00492964 50.0049452  50.00488436 50.00489045],50.00491241194499,973.124077468344,1766.9999999999984
62.16000000000412,[50.00496621 50.00498642 50.0048985  50.00490804],50.0049397909727,973.2750872055552,1767.0000000000027
62.18000000000412,[50.0049964  50.00501894 50.00491027 50.00492221],50.00496195432549,973.5483868460744,1767.0000000000025
62.200000000004124,[50.00502118 50.00504417 50.0049201  50.00493353],50.00497974493344,973.6290817760479,1766.9999999999993
62.22000000000413,[50.00504394 50.00506639 50.0049296  50.00494406],50.00499599738384,973.664101725252,1767.000000000001
62.24000000000413,[50.0050659  50.00508718 50.00493945 50.00495464],50.005011792637205,973.6538985617677,1767.0000000000036
62.26000000000413,[50.00508937 50.00510949 50.00495074 50.00496667],50.00502906709806,973.5258641369443,1767.0000000000027
62.28000000000414,[50.00510991 50.00512762 50.00496171 50.00497779],50.0050442549328,973.8153889898151,1767.0000000000005
62.30000000000414,[50.00512374 50.005137   50.00497051 50.00498573],50.00505424493912,973.949674178054,1767.000000000002
62.32000000000414,[50.00513423 50.00514206 50.00497866 50.00499248],50.005061857580735,974.002192311967,1767.0000000000043
62.340000000004146,[50.00513853 50.00513927 50.00498494 50.00499648],50.005064807468095,974.328968902455,1767.0000000000014
62.36000000000415,[50.00513962 50.00513276 50.00499048 50.00499934],50.00506555081803,974.1754886553323,1766.9999999999989
62.38000000000415,[50.00514189 50.0051281  50.00499739 50.00500375],50.005067783142174,974.1910643829292,1767.0000000000039
62.400000000004155,[50.00514463 50.00512453 50.00500527 50.00500929],50.00507093318227,974.0855963542385,1767.0000000000011
62.42000000000416,[50.00514359 50.00511667 50.00501231 50.0050136 ],50.00507154329324,974.3919228748039,1766.9999999999986
62.44000000000416,[50.00513735 50.00510307 50.00501759 50.00501566],50.00506841780791,974.3877077817002,1766.999999999999
62.460000000004165,[50.00513143 50.00509084 50.00502355 50.00501868],50.005066125527094,974.3097187868212,1767.0000000000086
62.48000000000417,[50.00512679 50.00508124 50.00503059 50.00502321],50.0050654582469,974.2387752838804,1767.0000000000032
62.50000000000417,[50.00512464 50.00507588 50.00503922 50.00502992],50.00506741418894,974.0766575754861,1767.000000000001
62.520000000004174,[50.00512647 50.0050766  50.00505006 50.00503966],50.00507319700084,973.9041034437531,1766.9999999999957
62.54000000000418,[50.00513254 50.00508369 50.00506323 50.00505256],50.00508300618304,973.7248250781765,1766.999999999998
62.56000000000418,[50.00513832 50.00509125 50.00507673 50.005066  ],50.005093072315006,973.869151808225,1767.000000000001
62.58000000000418,[50.00514003 50.00509457 50.00508867 50.00507761],50.00510021967116,973.9575384165454,1766.9999999999982
62.60000000000419,[50.00513399 50.0050889  50.00509734 50.00508521],50.00510135840624,974.3624074674569,1767.0000000000011
62.62000000000419,[50.00512139 50.00507601 50.00510296 50.00508921],50.00509739403381,974.3758124707169,1767.0000000000032
62.64000000000419,[50.00510645 50.00506112 50.00510739 50.00509203],50.005091746809065,974.493396681129,1767.0000000000025
62.660000000004196,[50.0050907  50.00504624 50.00511118 50.00509442],50.0050856340051,974.404954293845,1766.9999999999998
62.6800000000042,[50.00507839 50.00503661 50.00511618 50.00509879],50.005082494824485,974.2332555616262,1766.9999999999961
62.7000000000042,[50.00506567 50.00502714 50.00512072 50.0051029 ],50.0050791099673,974.4155996521464,1767.0000000000027
62.720000000004205,[50.00504604 50.00500958 50.00512165 50.0051028 ],50.00507001479147,974.7043743740041,1767.0000000000039
62.74000000000421,[50.00502158 50.0049867  50.00511966 50.00509944],50.00505684461227,974.7500918594957,1766.9999999999984
62.76000000000421,[50.00499569 50.00496269 50.00511617 50.0050947 ],50.00504231175186,974.8111556070265,1767.000000000006
62.780000000004215,[50.00497241 50.00494268 50.00511287 50.00509076],50.00502967965374,974.5826764200815,1766.9999999999993
62.80000000000422,[50.00495531 50.00493096 50.00511137 50.00508969],50.00502183119542,974.400896454838,1767.000000000008
62.82000000000422,[50.00494273 50.00492523 50.00511093 50.00509045],50.00501733581819,974.2924909683309,1766.9999999999993
62.840000000004224,[50.00493522 50.00492599 50.00511172 50.00509325],50.00501654464862,974.0809790649732,1767.000000000003
62.86000000000423,[50.00493608 50.00493724 50.00511524 50.00509993],50.00502212109901,973.7480241037124,1767.0000000000007
62.88000000000423,[50.00494729 50.00496114 50.00512247 50.00511166],50.005035636619525,973.403513749018,1767.0
62.90000000000423,[50.0049664  50.00499421 50.00513246 50.00512703],50.005055027952785,973.2433522062362,1767.0000000000045
62.92000000000424,[50.004987   50.005028   50.00514242 50.00514233],50.0050749389263,973.3491790297675,1766.9999999999995
62.94000000000424,[50.00500217 50.00505359 50.00514923 50.00515346],50.005089611991835,973.6738432719461,1766.9999999999989
62.96000000000424,[50.00501224 50.00507142 50.00515289 50.00516047],50.0050992552581,973.7630546761352,1767.000000000008
62.980000000004246,[50.00502061 50.00508571 50.00515501 50.00516536],50.00510667203824,973.8523000355882,1767.000000000001
63.00000000000425,[50.00502456 50.00509287 50.00515444 50.00516659],50.00510961464255,974.1310682038072,1767.0000000000025
63.02000000000425,[50.00502231 50.00509077 50.00515033 50.00516311],50.005106629593854,974.3433953750475,1766.9999999999964
63.040000000004255,[50.00502407 50.00509253 50.00514717 50.00516073],50.00510612778412,973.9149398135664,1766.9999999999964
63.06000000000426,[50.00502839 50.00509595 50.00514473 50.00515899],50.00510701560143,974.2184692774705,1766.9999999999975
63.08000000000426,[50.00502955 50.00509407 50.00514025 50.00515444],50.00510457920017,974.1870979357801,1767.0000000000066
63.100000000004265,[50.00503383 50.00509493 50.00513662 50.0051508 ],50.00510404303632,974.0508692181338,1766.999999999998
63.12000000000427,[50.0050401  50.0050971  50.00513351 50.00514757],50.00510457080203,974.0894151898053,1766.9999999999993
63.14000000000427,[50.00504587 50.00509756 50.00512981 50.00514337],50.00510415250508,974.1221740679176,1767.000000000001
63.160000000004274,[50.00505414 50.00510031 50.00512686 50.00513996],50.00510531887485,973.9476041531032,1767.0
63.18000000000428,[50.00506686 50.00510788 50.00512573 50.00513866],50.005109782530454,973.8356314556039,1767.000000000001
63.20000000000428,[50.00508064 50.00511602 50.00512501 50.00513765],50.00511483044656,973.8888181513036,1767.0
63.22000000000428,[50.00509392 50.00512296 50.00512401 50.00513608],50.00511924166167,973.8794099101042,1766.9999999999995
63.24000000000429,[50.00510859 50.00513126 50.00512365 50.00513514],50.00512466133422,973.7938955000637,1767.0
63.26000000000429,[50.00512412 50.00514035 50.00512383 50.0051347 ],50.005130751448895,973.8125102105897,1766.9999999999961
63.28000000000429,[50.00514196 50.00515225 50.00512522 50.00513564],50.0051387695423,973.6209136035063,1766.9999999999973
63.300000000004296,[50.00516272 50.00516777 50.00512831 50.00513854],50.0051493346525,973.586772658093,1766.9999999999957
63.3200000000043,[50.00518197 50.00518139 50.00513119 50.00514096],50.00515887455159,973.6954212728751,1766.9999999999964
63.3400000000043,[50.00520115 50.00519515 50.00513448 50.00514374],50.005168630685255,973.5567845466887,1767.0000000000007
63.360000000004305,[50.00522648 50.00521704 50.00514112 50.00515064],50.005183821389224,973.225760158897,1767.0000000000064
63.38000000000431,[50.0052555  50.00524377 50.00515028 50.00516049],50.005202510742414,973.2490463429316,1767.0000000000011
63.40000000000431,[50.00528363 50.00526967 50.00515992 50.00517069],50.00522097793039,973.230849383835,1767.000000000001
63.420000000004315,[50.00531238 50.00529672 50.0051708  50.00518217],50.00524051808616,973.1448971244336,1766.999999999998
63.44000000000432,[50.0053386  50.0053209  50.00518165 50.00519329],50.005258610580924,973.338504462806,1766.9999999999957
63.46000000000432,[50.00536285 50.00534312 50.00519264 50.00520431],50.005275730787524,973.212802181596,1766.9999999999968
63.480000000004324,[50.00538934 50.00536864 50.0052058  50.00521782],50.005295400580074,973.1097044188194,1766.9999999999995
63.50000000000433,[50.00541376 50.00539197 50.00521937 50.00523146],50.0053141408993,973.2764600730604,1766.9999999999995
63.52000000000433,[50.00543422 50.00541082 50.00523238 50.00524409],50.0053303774214,973.3061185087408,1766.9999999999973
63.54000000000433,[50.00545261 50.00542763 50.00524575 50.00525685],50.005345707686374,973.3385284544013,1766.999999999998
63.56000000000434,[50.00546922 50.0054428  50.0052596  50.00526993],50.00536038913812,973.3466050720804,1766.999999999997
63.58000000000434,[50.00547918 50.00545009 50.00527181 50.00528059],50.00537042034219,973.7158635438324,1767.0
63.60000000000434,[50.00548724 50.00545587 50.00528421 50.00529134],50.00537966340413,973.3997416801761,1767.0000000000023
63.620000000004346,[50.00549636 50.00546363 50.00529837 50.00530412],50.005390620117296,973.5579949931662,1767.0000000000023
63.64000000000435,[50.00550233 50.00546818 50.00531224 50.00531636],50.00539977684185,973.5378767707314,1767.000000000004
63.66000000000435,[50.00550625 50.00547086 50.00532628 50.00532866],50.005408009754944,973.6225041651237,1767.000000000004
63.680000000004355,[50.00550589 50.00546891 50.00533938 50.00533967],50.00541345979436,973.7591616559379,1766.999999999998
63.70000000000436,[50.00550447 50.00546651 50.00535282 50.00535109],50.00541872473391,973.6256382354476,1766.9999999999977
63.72000000000436,[50.00550769 50.00547082 50.00536911 50.0053662 ],50.005428455966516,973.3707437626459,1766.9999999999995
63.740000000004365,[50.00552026 50.00548768 50.00539038 50.00538769],50.00544650268968,972.9127554586363,1766.9999999999934
63.76000000000437,[50.00553559 50.00550832 50.00541386 50.00541186],50.00546740723129,973.1162264496774,1766.9999999999932
63.78000000000437,[50.00554574 50.00552277 50.0054357  50.00543384],50.00548451291643,973.2189040725009,1767.0000000000064
63.800000000004374,[50.00555441 50.00553572 50.00545742 50.00545561],50.00550078830061,973.1730584527522,1766.9999999999961
63.82000000000438,[50.00556356 50.00554951 50.00547983 50.00547823],50.00551778324108,973.1455245800288,1766.9999999999975
63.84000000000438,[50.00557951 50.00557214 50.00550564 50.0055052 ],50.00554062351891,972.6684420626564,1767.0000000000027
63.86000000000438,[50.00560333 50.00560451 50.00553555 50.00553727],50.00557016399411,972.5681505935642,1767.0000000000007
63.88000000000439,[50.00562752 50.00563696 50.00556614 50.00556997],50.005600146691954,972.6175944347762,1767.0000000000014
63.90000000000439,[50.00565054 50.00566743 50.00559658 50.00560226],50.00562920057603,972.6330154589989,1766.9999999999977
63.92000000000439,[50.00567704 50.00570176 50.00562885 50.00563668],50.005661083780716,972.366468842592,1766.999999999997
63.940000000004396,[50.00570498 50.00573703 50.0056622  50.00567213],50.00569408466622,972.525684507742,1766.9999999999993
63.9600000000044,[50.00572752 50.00576455 50.0056934  50.00570449],50.00572249270367,972.7403316797222,1767.000000000004
63.9800000000044,[50.00574577 50.00578577 50.00572278 50.00573424],50.005747142138894,972.8301901318999,1767.0000000000014
64.0000000000044,[50.00576624 50.00580899 50.00575318 50.00576504],50.005773363549366,972.5967775272436,1766.9999999999993
64.0200000000044,[50.00579344 50.00583974 50.00578669 50.00579955],50.005804855922776,972.3750949889808,1766.9999999999993
64.0400000000044,[50.00582636 50.00587657 50.00582293 50.0058372 ],50.00584076601753,972.2131081207925,1767.0000000000011
64.0600000000044,[50.00586179 50.00591534 50.0058605  50.00587614],50.005878444393716,972.2141314273869,1766.9999999999982
64.08000000000439,[50.0058934  50.00594795 50.00589652 50.00591266],50.005912633949364,972.4947368101004,1766.9999999999957
64.10000000000439,[50.00592006 50.0059732  50.00593028 50.00594594],50.00594236999983,972.5777610879265,1767.000000000002
64.12000000000438,[50.00594773 50.00599874 50.00596437 50.00597936],50.005972550822776,972.4465771887982,1766.9999999999945
64.14000000000438,[50.00597577 50.00602372 50.00599862 50.00601268],50.00600269877025,972.5697451999362,1767.0000000000023
64.16000000000437,[50.00600343 50.00604737 50.00603255 50.00604534],50.00603217244496,972.4928991562749,1766.9999999999975
64.18000000000437,[50.00603427 50.00607427 50.00606778 50.00607945],50.00606394316093,972.3659518323323,1766.9999999999952
64.20000000000437,[50.00606672 50.00610243 50.00610364 50.00611416],50.006096738112525,972.3959977449281,1767.000000000006
64.22000000000436,[50.00609676 50.00612691 50.00613829 50.00614714],50.00612727612577,972.5452908674259,1766.9999999999982
64.24000000000436,[50.00612142 50.00614411 50.0061703  50.00617661],50.0061531086353,972.7818332255043,1766.9999999999973
64.26000000000435,[50.00614111 50.00615487 50.0061997  50.00620275],50.006174606830236,972.9005403487621,1766.9999999999961
64.28000000000435,[50.00615956 50.00616413 50.00622808 50.00622769],50.006194866448396,972.8769487777662,1767.0000000000025
64.30000000000435,[50.00617509 50.00616987 50.00625471 50.00625055],50.006212556936866,973.1077047337496,1766.999999999997
64.32000000000434,[50.00619246 50.0061785  50.00628149 50.00627392],50.00623159308623,972.7550972172577,1767.0000000000045
64.34000000000434,[50.00621304 50.00619163 50.00630925 50.00629883],50.00625318727511,972.8831075646642,1766.999999999999
64.36000000000433,[50.0062309  50.00620201 50.00633517 50.00632175],50.00627245704538,972.9415111686924,1766.999999999999
64.38000000000433,[50.00624732 50.0062114  50.00635975 50.00634339],50.00629046373864,972.9802934895365,1766.9999999999952
64.40000000000433,[50.00625947 50.00621632 50.00638167 50.00636213],50.00630489921662,973.2330305436403,1767.0000000000073
64.42000000000432,[50.0062684  50.00621839 50.00640121 50.00637843],50.00631660641357,973.2013831345214,1767.0000000000057
64.44000000000432,[50.00627622 50.00622029 50.00641931 50.00639357],50.00632734895366,973.305673859773,1767.0000000000032
64.46000000000431,[50.00628357 50.00622302 50.00643616 50.00640785],50.006337652265884,973.2299467666122,1767.0000000000027
64.48000000000431,[50.00628701 50.00622212 50.00645027 50.00641935],50.006344685648926,973.5722942227424,1767.0000000000036
64.5000000000043,[50.00628237 50.00621252 50.0064595  50.00642545],50.00634496156326,973.7907420893738,1766.9999999999984
64.5200000000043,[50.00627365 50.00619947 50.00646553 50.00642841],50.00634176522881,973.8571451136676,1766.9999999999998
64.5400000000043,[50.00626234 50.00618485 50.00646896 50.00642904],50.006336297713126,973.9746842883534,1767.0000000000057
64.5600000000043,[50.00625323 50.00617482 50.00647178 50.00643   ],50.00633245770464,973.7131267793991,1766.9999999999961
64.58000000000429,[50.00624233 50.00616403 50.00647242 50.00642914],50.006326977624646,974.1050291236861,1767.0000000000016
64.60000000000429,[50.00622867 50.0061515  50.00647005 50.00642557],50.00631894782292,973.9205951420814,1767.0000000000025
64.62000000000428,[50.00622129 50.00614846 50.00646883 50.00642457],50.00631578736009,973.6876484678883,1767.0000000000016
64.64000000000428,[50.00621777 50.00615159 50.00646776 50.00642478],50.006315475010894,973.672518970715,1766.9999999999986
64.66000000000427,[50.00621642 50.00615858 50.00646604 50.00642511],50.00631653629766,973.5632673993656,1766.999999999997
64.68000000000427,[50.00621382 50.0061648  50.0064622  50.00642361],50.00631610733839,973.7886782729598,1766.9999999999948
64.70000000000427,[50.00620715 50.00616662 50.00645486 50.00641846],50.00631177079133,973.8830934178065,1767.0000000000089
64.72000000000426,[50.00620553 50.00617551 50.00644803 50.00641484],50.00631097597281,973.4815963830243,1766.9999999999948
64.74000000000426,[50.00620891 50.00619086 50.00644202 50.00641292],50.00631367675976,973.5788120575764,1766.9999999999995
64.76000000000425,[50.00621102 50.00620456 50.00643399 50.00640897],50.00631463705565,973.6177508925796,1767.0000000000045
64.78000000000425,[50.00621285 50.00621763 50.00642443 50.00640353],50.00631460929925,973.6514557407886,1767.0000000000011
64.80000000000425,[50.00621465 50.0062302  50.00641351 50.00639675],50.00631377888885,973.6745809200287,1767.0000000000027
64.82000000000424,[50.00621586 50.00624131 50.00640108 50.00638832],50.00631164485872,973.7502042996412,1766.9999999999989
64.84000000000424,[50.00621576 50.00624991 50.0063869  50.00637785],50.00630760198792,973.8241160114417,1766.9999999999973
64.86000000000423,[50.00621608 50.00625806 50.0063718  50.00636633],50.00630306832984,973.780233799926,1767.0000000000025
64.88000000000423,[50.00621415 50.00626212 50.00635477 50.00635235],50.00629584896774,974.0384546366536,1766.999999999999
64.90000000000423,[50.00621051 50.0062629  50.006336   50.00633615],50.006286391110386,973.9570870098114,1766.9999999999964
64.92000000000422,[50.00620956 50.00626578 50.00631765 50.00632041],50.00627834920819,973.9072609719918,1766.9999999999993
64.94000000000422,[50.00621021 50.00626934 50.00629938 50.00630462],50.006270887106886,973.895678122324,1766.999999999995
64.96000000000421,[50.00621277 50.00627391 50.00628144 50.00628903],50.00626428734116,973.821540004917,1767.000000000002
64.98000000000421,[50.0062199  50.00628285 50.00626517 50.00627529],50.00626080141171,973.619780192157,1766.9999999999995
65.0000000000042,[50.00622973 50.00629367 50.00624998 50.00626255],50.00625897995569,973.666630301896,1767.0000000000016
65.0200000000042,[50.00623861 50.00630182 50.00623432 50.00624875],50.00625587658347,973.712338890289,1766.9999999999945
65.0400000000042,[50.00625101 50.00631308 50.00622025 50.00623656],50.00625522373232,973.4446436122574,1767.0000000000061
65.0600000000042,[50.00626772 50.00632836 50.00620846 50.00622671],50.00625781434079,973.4225416256814,1767.0000000000045
65.08000000000419,[50.00628658 50.00634503 50.00619809 50.00621808],50.00626194626785,973.2974194578243,1767.0000000000005
65.10000000000419,[50.00630859 50.00636439 50.00618978 50.00621142],50.00626854348412,973.1967508734381,1767.000000000001
65.12000000000418,[50.00632962 50.00638123 50.00618189 50.00620458],50.006274330045926,973.3465977622062,1766.9999999999975
65.14000000000418,[50.00634248 50.00638663 50.00617129 50.0061935 ],50.00627347693165,973.7363923350139,1766.9999999999964
65.16000000000417,[50.00635036 50.00638509 50.00615929 50.00618001],50.00626868731521,973.659267119862,1766.9999999999989
65.18000000000417,[50.00636421 50.00639065 50.00615098 50.00617066],50.006269122447875,973.2776504338714,1767.0000000000016
65.20000000000417,[50.00638178 50.00640037 50.00614572 50.00616452],50.006273094340365,973.3413673113192,1766.9999999999986
65.22000000000416,[50.00639871 50.006409   50.00614155 50.00615912],50.00627709467838,973.2546062842855,1767.0000000000045
65.24000000000416,[50.00641383 50.00641518 50.00613811 50.00615398],50.006280273467674,973.3893464252213,1767.000000000002
65.26000000000415,[50.00642537 50.00641696 50.00613458 50.00614813],50.00628125774077,973.4181038487036,1766.9999999999961
65.28000000000415,[50.00643097 50.00641152 50.00612999 50.00614036],50.006278209556925,973.7074348503808,1767.000000000004
65.30000000000415,[50.00642663 50.00639413 50.00612246 50.00612836],50.00626789494644,974.0088757312617,1766.9999999999995
65.32000000000414,[50.00641659 50.0063706  50.00611373 50.00611454],50.006253866101375,973.9999308545849,1766.9999999999995
65.34000000000414,[50.0064085  50.00635084 50.00610727 50.00610344],50.006242512337565,973.7636715152158,1766.9999999999995
65.36000000000413,[50.00640261 50.00633519 50.00610331 50.00609538],50.006234120467305,973.730002159477,1767.0000000000005
65.38000000000413,[50.00639536 50.0063193  50.00610021 50.0060883 ],50.00622579128352,973.7375024045854,1767.0
65.40000000000413,[50.00638174 50.00629694 50.00609567 50.00607933],50.006213422920375,974.0490500657904,1766.9999999999995
65.42000000000412,[50.00636284 50.00626984 50.00608989 50.00606888],50.00619786112374,973.9861071752913,1766.9999999999945
65.44000000000412,[50.00634907 50.00625131 50.00608747 50.00606297],50.006187704220565,973.5740874904277,1767.0000000000057
65.46000000000411,[50.00634126 50.00624219 50.00608893 50.00606222],50.00618365060963,973.4515621547529,1767.0000000000034
65.48000000000411,[50.00633899 50.00624195 50.00609396 50.00606624],50.00618528384813,973.0742354710763,1766.9999999999977
65.5000000000041,[50.00633802 50.00624489 50.00610078 50.00607268],50.006189094187285,973.2463866581817,1767.0000000000005
65.5200000000041,[50.00633172 50.00624267 50.00610617 50.00607744],50.006189498151336,973.3394379421006,1766.9999999999961
65.5400000000041,[50.00632087 50.00623619 50.00611033 50.00608084],50.00618705679897,973.4649689822771,1767.000000000001
65.5600000000041,[50.00630812 50.00622878 50.00611426 50.00608421],50.00618384426212,973.3841681804793,1767.0000000000036
65.58000000000409,[50.00629225 50.00621864 50.00611743 50.00608681],50.006178783341895,973.6006970009387,1767.0000000000025
65.60000000000409,[50.00627278 50.00620514 50.00611934 50.0060881 ],50.00617134343702,973.5654606311683,1766.999999999995
65.62000000000408,[50.00625451 50.00619419 50.00612207 50.00609074],50.006165379661375,973.4580186259592,1767.000000000002
65.64000000000408,[50.00623921 50.00618778 50.00612635 50.00609563],50.006162240541656,973.3095005981778,1767.0000000000007
65.66000000000408,[50.00622648 50.00618514 50.00613194 50.00610243],50.0061614966359,973.2382748516662,1767.0000000000005
65.68000000000407,[50.00621292 50.00618167 50.00613723 50.00610902],50.006160207505786,973.337463937113,1767.0000000000025
65.70000000000407,[50.00619805 50.00617666 50.00614181 50.00611488],50.006157849200896,973.3109770031768,1767.0000000000048
65.72000000000406,[50.00618179 50.00616975 50.00614557 50.00611983],50.006154235923965,973.4262740169753,1767.0000000000005
65.74000000000406,[50.00616013 50.00615569 50.00614656 50.00612137],50.006145939704965,973.6890501386744,1767.000000000002
65.76000000000406,[50.00613624 50.00613854 50.00614593 50.00612104],50.00613543611213,973.5971216858803,1766.999999999998
65.78000000000405,[50.00610902 50.00611657 50.0061432  50.00611818],50.0061217415449,973.9431173668174,1766.9999999999977
65.80000000000405,[50.00607665 50.00608762 50.00613724 50.00611142],50.00610323315256,973.9889809483327,1767.0000000000025
65.82000000000404,[50.00604254 50.0060559  50.00612949 50.00610265],50.006082645236646,974.1055771836575,1766.9999999999984
65.84000000000404,[50.00600366 50.00601752 50.00611845 50.00608995],50.00605739460441,974.369576257583,1767.000000000007
65.86000000000404,[50.00596036 50.00597303 50.00610401 50.00607328],50.00602766992743,974.4713363678082,1767.0000000000005
65.88000000000403,[50.00591426 50.00592453 50.00608678 50.0060535 ],50.00599476552861,974.6271375305334,1766.9999999999961
65.90000000000403,[50.0058658  50.00587266 50.00606675 50.00603067],50.00595897063326,974.7052965645898,1766.9999999999955
65.92000000000402,[50.00581651 50.00581943 50.00604447 50.00600556],50.005921490865234,974.7601819081111,1767.000000000001
65.94000000000402,[50.00577157 50.00577155 50.00602209 50.00598102],50.00588655911643,974.4825051810769,1767.0
65.96000000000402,[50.00573323 50.00573173 50.00600068 50.00595841],50.00585601253937,974.3823786341359,1766.9999999999968
65.98000000000401,[50.00569912 50.00569697 50.0059791  50.00593626],50.00582786118298,974.2719327483389,1767.0000000000027
66.00000000000401,[50.00566916 50.00566714 50.00595728 50.00591447],50.00580201253134,974.1793643038562,1767.0000000000011
66.020000000004,[50.00564459 50.00564384 50.00593574 50.00589371],50.00577947334368,973.9839687744937,1766.9999999999995
66.040000000004,[50.00562302 50.00562388 50.00591351 50.00587266],50.00575826442298,974.0575195553253,1767.0000000000023
66.060000000004,[50.00560022 50.00560194 50.00588861 50.0058488 ],50.00573489192035,974.1562397731665,1766.9999999999955
66.08000000000399,[50.00557774 50.00558006 50.00586171 50.00582297],50.00571062222831,974.1234556329591,1767.0000000000025
66.10000000000399,[50.0055589  50.00556242 50.00583435 50.00579715],50.00568820493161,973.9907257380027,1766.9999999999968
66.12000000000398,[50.00554453 50.00555    50.00580707 50.00577193],50.005668382149494,973.8951122545005,1767.0000000000023
66.14000000000398,[50.00553408 50.00554202 50.00577971 50.00574708],50.00565072233984,973.7982983526225,1767.0000000000045
66.16000000000398,[50.00552417 50.00553408 50.00575094 50.00572077],50.0056324899185,973.9324830779516,1767.0000000000048
66.18000000000397,[50.00551092 50.00552134 50.00571907 50.00569079],50.00561053014792,974.1012230190308,1766.9999999999993
66.20000000000397,[50.00549408 50.00550355 50.00568402 50.00565707],50.00558467990139,974.2493647064482,1767.0000000000032
66.22000000000396,[50.00547497 50.00548246 50.00564647 50.00562045],50.00555608741129,974.3216625980019,1766.9999999999995
66.24000000000396,[50.00545404 50.0054587  50.00560677 50.00558135],50.00552521536248,974.4308536221267,1766.9999999999986
66.26000000000396,[50.00543616 50.00543859 50.00556714 50.00554266],50.00549613750472,974.160288122402,1766.9999999999952
66.28000000000395,[50.00542159 50.0054223  50.00552807 50.00550486],50.005469204813444,974.2390556956581,1767.0000000000011
66.30000000000395,[50.00540897 50.00540822 50.00548898 50.00546721],50.00544334349059,974.0584826632708,1767.0000000000018
66.32000000000394,[50.00540168 50.0054006  50.00545165 50.0054319 ],50.00542145715481,973.8920729608059,1766.9999999999995
66.34000000000394,[50.00539852 50.00539786 50.00541578 50.00539847],50.0054026568541,973.7853837519388,1766.9999999999998
66.36000000000394,[50.00539844 50.00539867 50.00538109 50.00536648],50.005386169312686,973.6832387964629,1767.0000000000025
66.38000000000393,[50.00539929 50.00540023 50.00534684 50.00533489],50.00537031508467,973.7171250528198,1766.9999999999998
66.40000000000393,[50.00540023 50.00540154 50.00531281 50.00530336],50.00535448544487,973.6657608923663,1767.0000000000086
66.42000000000392,[50.00540373 50.00540576 50.00528032 50.00527351],50.00534083125473,973.51808001753,1766.9999999999995
66.44000000000392,[50.00541156 50.00541506 50.0052504  50.0052466 ],50.005330904536876,973.3353022161563,1766.9999999999993
66.46000000000392,[50.00542497 50.00543095 50.00522389 50.00522359],50.00532584931678,973.09040851967,1766.9999999999961
66.48000000000391,[50.00544622 50.00545622 50.00520208 50.00520602],50.005327637726296,972.7405525231993,1767.0000000000016
66.50000000000391,[50.00547026 50.0054842  50.00518313 50.00519132],50.005332225903096,972.8346611937623,1766.9999999999957
66.5200000000039,[50.00549069 50.00550686 50.00516425 50.00517587],50.00533441770864,972.9217450529404,1767.0000000000016
66.5400000000039,[50.00551068 50.00552829 50.00514699 50.00516162],50.005336895777596,972.7899517278188,1766.9999999999993
66.5600000000039,[50.00553262 50.00555148 50.00513271 50.00515023],50.005341761509655,972.6996369420311,1767.0000000000061
66.58000000000389,[50.00555963 50.00558038 50.00512299 50.00514364],50.005351663335034,972.3443970822594,1767.0000000000011
66.60000000000389,[50.00558983 50.00561239 50.00511738 50.00514114],50.00536518692961,972.3720334730676,1767.0000000000018
66.62000000000388,[50.00561478 50.00563686 50.00511222 50.00513795],50.00537545453967,972.5953226416278,1766.9999999999952
66.64000000000388,[50.00563726 50.00565755 50.00510872 50.00513569],50.005384806378466,972.4263246683864,1767.0000000000014
66.66000000000388,[50.00566088 50.00567901 50.00510877 50.0051367 ],50.00539634248669,972.3883456569089,1766.9999999999998
66.68000000000387,[50.00568474 50.00570016 50.00511206 50.00514057],50.005409381443215,972.2764833803251,1766.9999999999977
66.70000000000387,[50.00570496 50.00571609 50.00511702 50.00514524],50.00542082928127,972.4986376829046,1767.0000000000052
66.72000000000386,[50.00572139 50.00572691 50.00512347 50.00515057],50.00543058482599,972.3957675583407,1766.9999999999998
66.74000000000386,[50.00573866 50.00573856 50.00513361 50.00515938],50.00544255184022,972.2893478818872,1766.9999999999957
66.76000000000386,[50.00575467 50.00574845 50.00514654 50.00517055],50.00545505494258,972.3273713038091,1766.9999999999993
66.78000000000385,[50.00576797 50.00575492 50.00516157 50.00518324],50.00546692575614,972.3195280301313,1767.0000000000025
66.80000000000385,[50.00578137 50.00576173 50.0051799  50.00519905],50.00548051160372,972.1602495837908,1766.999999999999
66.82000000000384,[50.0057976  50.00577242 50.00520274 50.00521961],50.00549809128684,971.9605716255845,1767.0000000000066
66.84000000000384,[50.00582083 50.00579236 50.00523193 50.00524731],50.00552310615304,971.5114656208614,1767.000000000001
66.86000000000384,[50.00584519 50.00581389 50.00526504 50.00527892],50.00555075989378,971.7148049987757,1766.9999999999966
66.88000000000383,[50.00586425 50.00582917 50.00529884 50.00531047],50.00557568304879,971.7183338158412,1767.0000000000032
66.90000000000383,[50.00587904 50.00583956 50.00533368 50.00534247],50.00559868721032,971.854034104401,1766.9999999999961
66.92000000000382,[50.0058933  50.00585003 50.00537099 50.00537687],50.00562279631589,971.6040045008498,1766.9999999999989
66.94000000000382,[50.00591127 50.0058659  50.00541264 50.00541613],50.00565148499456,971.4474793712342,1767.0000000000032
66.96000000000382,[50.00592725 50.00587987 50.00545602 50.00545689],50.00568000513835,971.5973886887149,1767.000000000003
66.98000000000381,[50.00594521 50.00589722 50.0055025  50.0055011 ],50.005711504750934,971.1769096743103,1767.0000000000018
67.00000000000381,[50.00596684 50.0059198  50.00555294 50.00554981],50.00574734567333,971.2121604672768,1767.0000000000025
67.0200000000038,[50.00598447 50.00593795 50.00560363 50.00559832],50.00578108948929,971.3343461408537,1766.9999999999977
67.0400000000038,[50.00599928 50.00595323 50.00565477 50.00564703],50.005813577907126,971.2999286092428,1767.0
67.0600000000038,[50.00601396 50.00596905 50.00570737 50.00569731],50.005846921208835,971.2454276277655,1766.9999999999986
67.08000000000379,[50.00603007 50.00598733 50.00576192 50.00574985],50.005882295768465,971.1128334640364,1767.0000000000005
67.10000000000379,[50.00604878 50.00600945 50.00581876 50.00580514],50.00592053352405,970.9889614061044,1767.000000000002
67.12000000000378,[50.00606858 50.00603335 50.00587703 50.0058621 ],50.00596026501032,970.9722720062067,1767.0000000000002
67.14000000000378,[50.00608932 50.00605882 50.00593639 50.00592039],50.00600123156153,970.8710412960061,1766.9999999999984
67.16000000000378,[50.00610806 50.00608191 50.00599538 50.00597812],50.00604086866396,971.070966902024,1766.9999999999975
67.18000000000377,[50.00612221 50.00609943 50.00605245 50.00603344],50.006076882688525,971.1641834740102,1767.0000000000036
67.20000000000377,[50.00613696 50.00611794 50.00610963 50.00608907],50.00611340049012,971.0180366677936,1766.9999999999961
67.22000000000376,[50.00615937 50.00614627 50.00616994 50.00614891],50.00615612640979,970.6317900542633,1766.9999999999961
67.24000000000376,[50.00619074 50.00618574 50.00623394 50.00621363],50.00620601427251,970.4053275830036,1766.9999999999995
67.26000000000376,[50.00622428 50.00622749 50.00629848 50.00627915],50.00625735099463,970.5001190393368,1766.9999999999989
67.28000000000375,[50.00625283 50.00626234 50.00636009 50.00634104],50.0063040737415,970.7849006498798,1766.9999999999973
67.30000000000375,[50.00627869 50.00629333 50.00641941 50.00640027],50.00634792567631,970.7344494188447,1766.9999999999995
67.32000000000374,[50.0063085  50.00632876 50.00647933 50.00646055],50.00639428575297,970.5672985014526,1766.9999999999968
67.34000000000374,[50.00634815 50.00637595 50.00654238 50.00652516],50.006447910291065,970.1168250996981,1766.999999999998
67.36000000000374,[50.00639255 50.00642801 50.00660645 50.00659122],50.00650455698311,970.3063452114861,1766.9999999999977
67.38000000000373,[50.00643634 50.00647823 50.00666883 50.00665533],50.00655968216135,970.2390995135452,1767.0000000000093
67.40000000000373,[50.00647941 50.00652629 50.00672944 50.00671737],50.00661312860885,970.4423262085093,1767.0
67.42000000000372,[50.00652281 50.00657365 50.00678854 50.00677772],50.00666567965419,970.3100651627745,1767.0000000000034
67.44000000000372,[50.00657188 50.00662693 50.00684855 50.00683948],50.00672170888769,970.1453911143622,1767.0
67.46000000000372,[50.00662624 50.00668554 50.00690935 50.00690242],50.00678088938346,970.0405830661094,1767.0000000000011
67.48000000000371,[50.00668256 50.00674514 50.00696947 50.00696464],50.006840451567435,970.1090005840766,1767.0000000000016
67.50000000000371,[50.00673983 50.00680452 50.00702839 50.00702546],50.006899547383355,970.0758795013944,1767.0000000000045
67.5200000000037,[50.00679738 50.00686279 50.00708587 50.00708455],50.00695764935568,970.1888127389573,1766.9999999999973
67.5400000000037,[50.00685083 50.00691445 50.00713994 50.00713937],50.00701114460354,970.460158064067,1767.0000000000016
67.5600000000037,[50.00690539 50.00696641 50.00719276 50.00719282],50.007064341114045,970.2111692161958,1766.999999999993
67.5800000000037,[50.0069663  50.00702521 50.00724694 50.00724816],50.00712165034101,970.1107495200046,1767.000000000002
67.60000000000369,[50.00703157 50.00708837 50.00730167 50.00730434],50.00718148997444,969.9945026791667,1767.0000000000025
67.62000000000369,[50.00709791 50.00715173 50.00735564 50.00735959],50.00724121734595,970.1160335038351,1767.0000000000011
67.64000000000368,[50.0071655  50.00721573 50.00740887 50.00741402],50.00730102910739,969.9831947569937,1767.0000000000027
67.66000000000368,[50.00723439 50.00728045 50.00746162 50.00746788],50.00736108263901,970.0909625092572,1766.999999999996
67.68000000000367,[50.00729901 50.00733898 50.00751144 50.00751802],50.00741686342619,970.3380095044416,1766.9999999999961
67.70000000000367,[50.0073634  50.0073968  50.00756008 50.00756681],50.0074717709564,970.1598733792183,1767.0000000000025
67.72000000000367,[50.00743215 50.00745973 50.00760986 50.00761714],50.00752972031314,970.0767162704418,1766.9999999999952
67.74000000000366,[50.00749925 50.00752021 50.00765827 50.00766577],50.00758587411148,970.3050884471046,1767.000000000001
67.76000000000366,[50.00756017 50.00757277 50.00770328 50.00771013],50.00763658731042,970.5287651696373,1766.9999999999964
67.78000000000365,[50.00761565 50.00761864 50.00774524 50.00775072],50.00768256188904,970.6981970308358,1767.0000000000016
67.80000000000365,[50.00766926 50.00766262 50.00778578 50.00778973],50.00772684762396,970.6651898281569,1766.9999999999966
67.82000000000365,[50.00772325 50.00770766 50.00782606 50.00782865],50.00777140630886,970.6690221034738,1766.9999999999968
67.84000000000364,[50.00778137 50.00775878 50.00786785 50.00786977],50.00781944227326,970.365750664892,1766.9999999999995
67.86000000000364,[50.0078399  50.00781108 50.00790977 50.00791125],50.007867998872555,970.617232774904,1766.9999999999986
67.88000000000363,[50.00788932 50.0078528  50.00794752 50.00794758],50.007909305065084,970.9679377888435,1766.9999999999975
67.90000000000363,[50.00793601 50.0078924  50.00798378 50.00798238],50.00794864156456,970.7752701076419,1767.0000000000016
67.92000000000363,[50.0079856  50.00793696 50.00802133 50.00801918],50.007990767960706,970.7245850203742,1767.0000000000023
67.94000000000362,[50.00803834 50.00798687 50.00806035 50.00805818],50.008035931502945,970.5103788043865,1766.9999999999998
67.96000000000362,[50.00809028 50.008037   50.0080993  50.00809733],50.00808097667423,970.7242805234731,1766.9999999999975
67.98000000000361,[50.00813657 50.00808133 50.00813589 50.00813375],50.0081218881624,970.8479240284844,1766.9999999999964
68.00000000000361,[50.00818019 50.00812375 50.00817148 50.00816919],50.008161151345696,970.8525278486173,1766.9999999999977
68.0200000000036,[50.00822316 50.00816679 50.00820702 50.00820489],50.00820046616857,970.8327320460268,1766.9999999999964
68.0400000000036,[50.00826449 50.00820912 50.00824216 50.00824035],50.0082390303656,970.9044284558341,1766.9999999999934
68.0600000000036,[50.00830396 50.00825045 50.00827677 50.00827541],50.00827664848032,970.900849604748,1767.0000000000036
68.0800000000036,[50.00834298 50.00829248 50.00831153 50.00831092],50.00831447911079,970.8746844560513,1766.9999999999986
68.10000000000359,[50.00838086 50.00833423 50.00834619 50.0083465 ],50.00835194559373,970.9192499872946,1767.000000000002
68.12000000000359,[50.00842252 50.00838192 50.00838286 50.00838492],50.00839305544352,970.5554995937441,1767.000000000001
68.14000000000358,[50.00846205 50.00842757 50.00841924 50.008423  ],50.00843296775867,971.0064764393837,1767.0
68.16000000000358,[50.00849602 50.00846708 50.00845343 50.00845842],50.00846874077496,970.8909007727841,1767.0000000000064
68.18000000000357,[50.00852976 50.00850693 50.00848796 50.00849436],50.008504753427665,970.9730110188704,1767.0000000000014
68.20000000000357,[50.00856029 50.00854323 50.00852144 50.00852901],50.00853849230531,971.0689573188649,1767.000000000008
68.22000000000357,[50.00858937 50.00857816 50.00855461 50.00856331],50.008571365087235,971.032661162336,1767.0000000000005
68.24000000000356,[50.0086167  50.00861112 50.00858736 50.00859708],50.00860306660389,971.1541246744353,1767.0000000000025
68.26000000000356,[50.00864174 50.00864141 50.00861936 50.0086299 ],50.00863310077177,971.1597159580468,1767.000000000003
68.28000000000355,[50.00866718 50.00867229 50.00865177 50.00866325],50.00866362046989,971.0999202024038,1767.0000000000016
68.30000000000355,[50.00869625 50.00870775 50.00868604 50.00869895],50.00869724468279,970.884818480713,1766.9999999999968
68.32000000000355,[50.00872549 50.00874308 50.00872071 50.00873505],50.008731083116544,971.0677122634172,1767.000000000001
68.34000000000354,[50.00875636 50.00878026 50.00875624 50.00877216],50.00876625621887,970.7584865244717,1766.9999999999964
68.36000000000354,[50.00879535 50.00882718 50.00879566 50.00881411],50.00880807619991,970.4935124495292,1767.000000000002
68.38000000000353,[50.00884116 50.00888198 50.00883848 50.00886015],50.00885544141215,970.2761768805989,1767.0000000000011
68.40000000000353,[50.00889452 50.00894536 50.00888507 50.00891066],50.008908902543006,969.9641031620263,1767.0000000000023
68.42000000000353,[50.00895447 50.00901584 50.00893514 50.00896516],50.00896765130931,969.8138927695657,1766.999999999994
68.44000000000352,[50.00901399 50.00908424 50.00898562 50.00901957],50.00902585503822,969.9922627559963,1767.0000000000084
68.46000000000352,[50.0090711  50.00914813 50.00903551 50.00907263],50.00908184454907,969.9828578054104,1767.0000000000014
68.48000000000351,[50.00913182 50.00921507 50.00908753 50.00912778],50.009140550866874,969.7461898786806,1767.0
68.50000000000351,[50.00919615 50.00928483 50.00914187 50.00918516],50.00920200304958,969.733833653528,1766.9999999999998
68.5200000000035,[50.00926067 50.00935306 50.00919704 50.00924281],50.00926339612613,969.7331661489114,1767.000000000001
68.5400000000035,[50.00932405 50.00941802 50.00925247 50.00929997],50.009323627339654,969.8136430438929,1766.9999999999945
68.5600000000035,[50.00938316 50.00947582 50.0093068  50.00935487],50.00938016368041,970.0264219504489,1766.9999999999964
68.5800000000035,[50.00944152 50.00953117 50.00936146 50.00940945],50.0094359024946,969.8635323162671,1767.000000000001
68.60000000000349,[50.00950211 50.0095878  50.00941797 50.00946561],50.00949337471789,969.8630153838051,1766.9999999999964
68.62000000000349,[50.00955805 50.00963707 50.0094733  50.00951945],50.009546967325626,970.1725962629519,1766.9999999999986
68.64000000000348,[50.009609   50.00967896 50.00952708 50.00957066],50.0095964253548,970.1942398646202,1767.0000000000036
68.66000000000348,[50.00965895 50.00971871 50.00958113 50.00962163],50.0096451056027,970.2214498646138,1767.000000000001
68.68000000000347,[50.00970765 50.00975624 50.00963532 50.00967226],50.009692867331026,970.2550358259842,1767.0000000000002
68.70000000000347,[50.00975295 50.00978903 50.00968866 50.00972135],50.009737995953515,970.4266829136471,1767.0000000000011
68.72000000000347,[50.00979748 50.00982084 50.00974214 50.00977035],50.00978270200969,970.2745753710118,1767.0000000000011
68.74000000000346,[50.00984016 50.00985039 50.00979537 50.00981881],50.00982618288511,970.5135436740503,1766.9999999999989
68.76000000000346,[50.00987803 50.00987437 50.0098468  50.00986487],50.009866019145164,970.5655881916217,1767.0000000000045
68.78000000000345,[50.00991793 50.00990176 50.00989936 50.00991248],50.00990788146328,970.3274219948592,1766.9999999999986
68.80000000000345,[50.00996308 50.00993674 50.00995456 50.00996359],50.00995449314068,970.1497162059019,1767.0000000000002
68.82000000000345,[50.01001181 50.00997729 50.01001162 50.01001728],50.01000450009394,970.0250176276659,1766.9999999999993
68.84000000000344,[50.01006239 50.01002135 50.01006973 50.01007252],50.01005649736539,969.965203019372,1766.999999999994
68.86000000000344,[50.01011151 50.01006481 50.01012734 50.01012741],50.010107768532635,970.0690048846825,1766.9999999999977
68.88000000000343,[50.01015694 50.01010499 50.01018329 50.01018054],50.01015643949833,970.1672202716811,1767.000000000004
68.90000000000343,[50.01020173 50.01014593 50.01023882 50.01023357],50.01020501413561,970.0605921759608,1766.9999999999977
68.92000000000343,[50.01024986 50.01019264 50.01029568 50.01028882],50.01025675018665,969.8844677802797,1766.999999999993
68.94000000000342,[50.0102978  50.01024054 50.01035236 50.01034429],50.01030874965837,970.0214751110262,1767.0000000000057
68.96000000000342,[50.01034134 50.01028431 50.01040679 50.01039739],50.010357458676324,970.1448667799001,1766.9999999999975
68.98000000000341,[50.01038351 50.01032787 50.0104602  50.01044976],50.01040533459359,970.0754572870978,1766.9999999999948
69.00000000000341,[50.01042354 50.01037008 50.01051225 50.01050095],50.01045170559949,970.255453343496,1767.0000000000023
69.0200000000034,[50.01046462 50.01041505 50.01056414 50.01055259],50.01049910164608,969.9735499005075,1766.9999999999977
69.0400000000034,[50.01050872 50.01046494 50.01061692 50.01060592],50.010549123753414,970.0183245806414,1767.0
69.0600000000034,[50.01055505 50.01051868 50.01067007 50.0106603 ],50.01060102554095,969.7992941267792,1766.9999999999984
69.0800000000034,[50.01060413 50.01057664 50.01072394 50.01071607],50.01065519376991,969.8110869450448,1767.0000000000011
69.10000000000339,[50.01065207 50.01063369 50.0107767  50.01077085],50.010708327350514,969.8699358318585,1766.9999999999977
69.12000000000339,[50.0107043  50.01069663 50.01083066 50.01082762],50.010764802640495,969.5134514857667,1767.0000000000032
69.14000000000338,[50.01076103 50.01076524 50.01088614 50.01088661],50.010824755468725,969.5601194644796,1766.999999999999
69.16000000000338,[50.01081636 50.01083188 50.01094043 50.01094429],50.010883242107525,969.6197826179082,1766.9999999999961
69.18000000000337,[50.01087488 50.01090222 50.01099551 50.01100317],50.010943947539445,969.3563474330207,1766.9999999999975
69.20000000000337,[50.01093329 50.01097164 50.01105014 50.01106148],50.01100413873506,969.6455365897758,1766.9999999999984
69.22000000000337,[50.01098359 50.01102996 50.01110057 50.01111441],50.01105713235298,969.9452850421007,1767.0000000000005
69.24000000000336,[50.01103025 50.01108287 50.01114866 50.01116437],50.011106539066006,969.931291175283,1766.999999999994
69.26000000000336,[50.01107659 50.01113441 50.011196   50.01121336],50.01115508799559,970.0013858028009,1766.9999999999957
69.28000000000335,[50.01112194 50.01118367 50.01124229 50.01126094],50.01120220947925,970.0354560855085,1767.0000000000014
69.30000000000335,[50.01116493 50.0112288  50.01128692 50.01130633],50.01124674376466,970.2032022707184,1767.0000000000048
69.32000000000335,[50.01120314 50.0112668  50.01132877 50.01134808],50.01128669957762,970.4051828555565,1767.0
69.34000000000334,[50.0112376  50.01129909 50.01136821 50.01138672],50.011322903399346,970.503740057399,1766.9999999999993
69.36000000000334,[50.01127197 50.0113304  50.01140684 50.01142434],50.011358385961515,970.4507270957165,1767.0000000000036
69.38000000000334,[50.01130618 50.01136065 50.0114447  50.01146099],50.011393128704675,970.5505804613572,1767.000000000001
69.40000000000333,[50.01133172 50.01137909 50.01147796 50.01149175],50.01142013050562,971.0869444169373,1766.9999999999986
69.42000000000333,[50.0113513  50.01138969 50.01150748 50.01151794],50.011441599633,971.0019137148201,1767.0000000000002
69.44000000000332,[50.01137276 50.01140245 50.01153687 50.01154422],50.01146407618677,970.9875419024658,1766.9999999999961
69.46000000000332,[50.01139421 50.01141508 50.01156529 50.01156954],50.011486031204655,971.0309035164937,1766.9999999999968
69.48000000000332,[50.01141431 50.01142609 50.01159207 50.01159313],50.011506399276584,971.1060114931545,1767.0000000000043
69.50000000000331,[50.01143065 50.0114326  50.0116161  50.01161359],50.01152323504018,971.3130212623374,1766.9999999999995
69.52000000000331,[50.0114535  50.01144803 50.01164171 50.01163669],50.01154498057534,970.6776035654564,1766.9999999999977
69.5400000000033,[50.01148558 50.01147552 50.01167057 50.01166439],50.01157401430265,970.682718014657,1767.0000000000036
69.5600000000033,[50.0115163  50.01150177 50.01169783 50.01169049],50.011601598047115,970.7822471355007,1767.0000000000036
69.5800000000033,[50.01154585 50.01152719 50.0117235  50.01171506],50.01162790114432,970.7729409810123,1767.000000000005
69.60000000000329,[50.01157369 50.01155114 50.01174736 50.01173784],50.01165250620552,970.9073021207948,1766.9999999999998
69.62000000000329,[50.01159766 50.01157103 50.01176841 50.01175757],50.0116736665277,971.045039407281,1767.0000000000045
69.64000000000328,[50.0116171  50.0115861  50.01178631 50.01177385],50.01169084157081,971.2249975619268,1767.0
69.66000000000328,[50.01163223 50.01159676 50.01180112 50.01178681],50.01170423116865,971.346115520662,1766.999999999997
69.68000000000328,[50.01164543 50.01160612 50.01181387 50.01179783],50.011715811454614,971.3598056848333,1766.9999999999986
69.70000000000327,[50.01166359 50.01162301 50.01182765 50.01181089],50.01173128527686,971.000627196328,1766.9999999999993
69.72000000000327,[50.01168756 50.01164823 50.01184309 50.0118267 ],50.01175139715009,970.9505028504518,1766.9999999999995
69.74000000000326,[50.01171458 50.01167824 50.01185895 50.01184364],50.01177385069905,970.7839639509557,1767.000000000001
69.76000000000326,[50.01174639 50.01171511 50.01187612 50.0118628 ],50.01180010404669,970.6102741435526,1766.9999999999989
69.78000000000326,[50.01177937 50.01175403 50.01189314 50.01188216],50.01182717657176,970.6937950621708,1766.9999999999961
69.80000000000325,[50.01181045 50.01179106 50.01190862 50.01189992],50.0118525136309,970.7348958110784,1766.9999999999982
69.82000000000325,[50.01183605 50.01182149 50.01192105 50.01191408],50.0118731686784,971.0662690204301,1766.9999999999961
69.84000000000324,[50.01185605 50.01184526 50.01193026 50.01192445],50.01188900815172,971.1190805852904,1766.9999999999984
69.86000000000324,[50.01187592 50.01186921 50.01193879 50.01193425],50.01190454400618,971.0706154287221,1767.0000000000068
69.88000000000324,[50.01189854 50.01189688 50.01194805 50.01194525],50.011922179280106,970.9207544999927,1767.000000000003
69.90000000000323,[50.01192253 50.01192626 50.0119576  50.01195676],50.01194078877073,970.966324866452,1767.0000000000016
69.92000000000323,[50.01194671 50.01195578 50.01196693 50.0119681 ],50.011959378540276,970.8998084918609,1767.0000000000048
69.94000000000322,[50.01197583 50.01199138 50.01197827 50.01198205],50.011981880440274,970.6138711445792,1767.0000000000048
69.96000000000322,[50.01200968 50.01203248 50.01199176 50.01199869],50.01200815320624,970.5581957259101,1766.9999999999936
69.98000000000322,[50.01204505 50.01207491 50.01200607 50.01201618],50.01203555355646,970.494134150751,1767.0000000000045
70.00000000000321,[50.0120867  50.01212459 50.01202338 50.01203729],50.0120679902395,970.108824812851,1766.999999999997
70.02000000000321,[50.01212911 50.0121741  50.01204162 50.01205913],50.01210098895645,970.4201888810601,1767.0000000000025
70.0400000000032,[50.01216628 50.01221601 50.01205796 50.0120781 ],50.01212958853564,970.4527263814767,1766.9999999999968
70.0600000000032,[50.01220437 50.01225807 50.01207525 50.01209782],50.01215887762898,970.3356069027666,1767.0000000000045
70.0800000000032,[50.01224247 50.01229896 50.01209331 50.01211795],50.01218817495448,970.4249963008375,1767.0000000000005
70.10000000000319,[50.01228069 50.01233891 50.01211221 50.01213857],50.01221759548615,970.2980775230665,1767.000000000003
70.12000000000319,[50.01232439 50.01238465 50.01213451 50.01216289],50.012251609537394,970.0106011987941,1766.9999999999993
70.14000000000318,[50.01237343 50.01243585 50.0121604  50.01219106],50.01229018381018,969.885496723651,1766.9999999999986
70.16000000000318,[50.01242165 50.01248462 50.01218726 50.01221963],50.012328291149764,970.0205527637071,1766.9999999999961
70.18000000000318,[50.01246546 50.01252656 50.0122135  50.01224654],50.01236301570487,970.1409270497646,1767.000000000001
70.20000000000317,[50.01250639 50.01256377 50.0122398  50.01227272],50.01239567066225,970.1655707448962,1766.9999999999993
70.22000000000317,[50.01254544 50.01259762 50.01226671 50.01229886],50.01242715606962,970.2101446329398,1767.0000000000005
70.24000000000316,[50.0125874  50.01263438 50.01229635 50.01232775],50.01246146881404,969.8982745416827,1766.9999999999973
70.26000000000316,[50.01262783 50.0126683  50.01232705 50.01235713],50.01249507701139,970.2394054067136,1767.0000000000011
70.28000000000316,[50.01265914 50.01269015 50.0123552  50.01238248],50.01252174230228,970.4532666915674,1767.0000000000002
70.30000000000315,[50.01268439 50.01270411 50.0123821  50.01240559],50.01254404939373,970.5773939957863,1766.9999999999986
70.32000000000315,[50.01270551 50.01271288 50.01240855 50.0124276 ],50.01256363465026,970.6539003530431,1767.0
70.34000000000314,[50.01272324 50.01271769 50.01243485 50.01244897],50.01258118591353,970.7204011924166,1767.0000000000007
70.36000000000314,[50.01273994 50.01272178 50.01246194 50.01247104],50.01259867467286,970.6311768954823,1766.9999999999982
70.38000000000314,[50.01275813 50.01272858 50.01249094 50.01249533],50.01261824652044,970.5169418006476,1766.9999999999964
70.40000000000313,[50.01277322 50.01273233 50.01251979 50.01251924],50.012636146651396,970.7436096726498,1767.0000000000036
70.42000000000313,[50.01278599 50.01273446 50.01254854 50.01254301],50.01265300104226,970.5772363091636,1767.0000000000023
70.44000000000312,[50.01279821 50.01273722 50.01257802 50.01256774],50.01267029939484,970.6783858350875,1767.0000000000011
70.46000000000312,[50.0128085  50.01273914 50.01260736 50.01259249],50.01268686966346,970.6110328427237,1767.0000000000039
70.48000000000312,[50.01282259 50.0127476  50.01263902 50.01262047],50.01270742081265,970.3158634553664,1766.9999999999982
70.50000000000311,[50.01283743 50.01275858 50.01267169 50.01265   ],50.01272942500234,970.4608866576153,1766.9999999999982
70.52000000000311,[50.01285005 50.01276853 50.01270376 50.01267912],50.01275036549481,970.3780547094017,1767.0000000000036
70.5400000000031,[50.01285938 50.01277599 50.01273469 50.01270717],50.01276930427087,970.6022560629374,1767.0000000000005
70.5600000000031,[50.01285749 50.012771   50.01276069 50.01272936],50.012779633322765,971.0765904937454,1767.0000000000014
70.5800000000031,[50.01284372 50.01275297 50.01278104 50.01274498],50.012780679027124,971.359121874296,1767.0
70.60000000000309,[50.01282784 50.01273446 50.01279984 50.01275945],50.01278039796723,971.1649984832175,1767.0000000000027
70.62000000000309,[50.01281441 50.01272104 50.01281913 50.01277539],50.01278249122224,971.1361672354037,1766.999999999993
70.64000000000308,[50.01280449 50.01271399 50.01283916 50.0127932 ],50.01278771100751,970.8789997302023,1766.9999999999966
70.66000000000308,[50.01280068 50.01271636 50.01286106 50.01281429],50.01279809750658,970.6782062328062,1767.0000000000002
70.68000000000308,[50.01280133 50.0127258  50.012884   50.01283757],50.01281217467094,970.5450756550333,1767.000000000001
70.70000000000307,[50.01280155 50.01273582 50.0129057  50.01286005],50.012825781622794,970.6945196127269,1767.0000000000027
70.72000000000307,[50.01279867 50.01274291 50.01292469 50.0128799 ],50.01283654474643,970.7618526278585,1766.999999999998
70.74000000000306,[50.01279439 50.01274903 50.0129416  50.0128979 ],50.01284573013987,970.8053335232227,1766.999999999992
70.76000000000306,[50.01278967 50.01275518 50.01295672 50.01291444],50.01285400301493,970.8172122290495,1767.0000000000011
70.78000000000306,[50.01279387 50.01277306 50.01297408 50.01293467],50.01286892156668,970.2248252852146,1766.9999999999984
70.80000000000305,[50.01280911 50.01280469 50.01299494 50.01296   ],50.01289218348806,970.0927763556325,1766.9999999999989
70.82000000000305,[50.01282358 50.01283469 50.01301399 50.01298346],50.012913927813266,970.3302105684162,1766.9999999999973
70.84000000000304,[50.01283591 50.01286125 50.0130304  50.01300398],50.012932884770926,970.3057425117089,1766.9999999999961
70.86000000000304,[50.01285149 50.01289091 50.01304658 50.01302461],50.012953399442566,970.1776713521192,1766.999999999998
70.88000000000304,[50.01287189 50.01292534 50.01306334 50.01304624],50.01297670275741,970.0494880868794,1767.0000000000011
70.90000000000303,[50.0128994  50.01296715 50.01308177 50.01307016],50.013004616774765,969.7678108221011,1767.0000000000025
70.92000000000303,[50.01292491 50.01300429 50.01309807 50.01309127],50.01302963465059,970.2710028755038,1766.9999999999952
70.94000000000302,[50.01294157 50.01302826 50.01310891 50.01310534],50.013046018999326,970.4733876868598,1766.9999999999995
70.96000000000302,[50.01295527 50.01304649 50.01311693 50.01311576],50.013058613473206,970.5695661463789,1766.9999999999977
70.98000000000302,[50.01296643 50.01305944 50.01312241 50.01312284],50.01306778197893,970.7416841398988,1767.0000000000025
71.00000000000301,[50.0129791  50.01307237 50.01312715 50.0131289 ],50.01307687785462,970.5559783229954,1766.9999999999973
71.02000000000301,[50.01299726 50.01309023 50.01313315 50.01313644],50.01308927010543,970.4440464945775,1767.0000000000011
71.040000000003,[50.0130168  50.01310776 50.01313873 50.01314322],50.013101626319724,970.5383480294306,1766.9999999999998
71.060000000003,[50.01303736 50.0131247  50.01314373 50.01314905],50.01311370886775,970.4463198941514,1767.0000000000002
71.080000000003,[50.01305826 50.01314024 50.01314803 50.01315373],50.01312506380428,970.5783952872787,1767.0000000000011
71.10000000000299,[50.01307727 50.0131518  50.01315066 50.01315604],50.01313394332919,970.6334557970238,1767.0000000000011
71.12000000000299,[50.01309664 50.01316243 50.01315269 50.01315739],50.01314228706155,970.6021199904195,1766.9999999999977
71.14000000000298,[50.01311703 50.01317318 50.01315457 50.01315837],50.01315078633364,970.5986113481632,1767.000000000005
71.16000000000298,[50.01313703 50.01318246 50.01315579 50.0131583 ],50.01315839436383,970.6550209581357,1767.0
71.18000000000298,[50.0131588  50.01319335 50.01315738 50.01315858],50.01316702861514,970.4898428415605,1767.0000000000011
71.20000000000297,[50.01318678 50.01321161 50.0131615  50.01316198],50.01318046981406,970.2272401124052,1767.0000000000007
71.22000000000297,[50.01321763 50.01323309 50.01316696 50.01316689],50.013196140400936,970.2779645177005,1766.9999999999973
71.24000000000296,[50.01324703 50.01325259 50.01317185 50.0131709 ],50.013210592092605,970.3052059652824,1767.0000000000039
71.26000000000296,[50.01327681 50.01327268 50.01317709 50.01317522],50.01322545114573,970.218703587075,1766.9999999999966
71.28000000000296,[50.01331151 50.01329934 50.01318487 50.01318267],50.013244596727304,969.9188182567506,1767.0000000000016
71.30000000000295,[50.01334752 50.01332793 50.01319388 50.01319148],50.01326520304677,970.0691219109108,1766.9999999999986
71.32000000000295,[50.01338185 50.01335499 50.01320278 50.01319997],50.01328489721713,969.9688215507664,1767.0000000000048
71.34000000000295,[50.0134139  50.01337979 50.0132115  50.01320804],50.01330330988406,970.1497430526493,1767.0000000000011
71.36000000000294,[50.01344512 50.01340449 50.01322066 50.01321655],50.01332170374106,969.9432177581325,1766.999999999996
71.38000000000294,[50.01347619 50.0134299  50.01323085 50.01322617],50.01334077666167,970.0647672264092,1767.0000000000048
71.40000000000293,[50.0135072  50.01345636 50.01324208 50.013237  ],50.013360658589754,969.8472412306335,1766.9999999999993
71.42000000000293,[50.01353716 50.01348252 50.01325418 50.01324871],50.01338064185793,970.027730982528,1766.9999999999945
71.44000000000293,[50.0135576  50.01349778 50.01326333 50.01325645],50.01339379162167,970.3941433263757,1766.9999999999973
71.46000000000292,[50.01357043 50.01350487 50.01327023 50.01326123],50.01340169050609,970.4421987178176,1767.0000000000036
71.48000000000292,[50.01358449 50.01351508 50.01327888 50.01326824],50.01341167040419,970.1916327159674,1767.0000000000027
71.50000000000291,[50.01359733 50.01352514 50.01328841 50.01327628],50.013421789600336,970.4025946974916,1766.9999999999973
71.52000000000291,[50.0136058  50.01353124 50.01329725 50.01328342],50.01342943020621,970.3727342143324,1767.0000000000007
71.5400000000029,[50.01360681 50.01352934 50.01330409 50.01328796],50.01343205155122,970.7976291928762,1766.9999999999986
71.5600000000029,[50.01359581 50.01351395 50.01330662 50.01328708],50.01342586320906,971.087874574093,1766.9999999999966
71.5800000000029,[50.01357879 50.01349282 50.01330732 50.01328409],50.01341575706089,971.1019813396571,1767.0000000000018
71.6000000000029,[50.01355531 50.01346532 50.013306   50.01327878],50.01340135298266,971.424620176047,1766.9999999999961
71.62000000000289,[50.01352668 50.01343334 50.01330293 50.01327165],50.01338364768091,971.3557884797135,1767.0000000000032
71.64000000000289,[50.01349873 50.01340418 50.01330068 50.01326604],50.01336740631827,971.2775645358544,1767.0000000000002
71.66000000000288,[50.01347309 50.01337985 50.01329985 50.01326277],50.01335389170168,971.1024817919273,1766.9999999999939
71.68000000000288,[50.01344549 50.01335467 50.01329851 50.01325932],50.01333949927812,971.3275133031268,1766.9999999999973
71.70000000000287,[50.01340795 50.01331856 50.01329278 50.01325081],50.01331752686702,971.7173115319824,1767.0000000000025
71.72000000000287,[50.01336308 50.01327498 50.01328343 50.01323838],50.01328996888394,971.7758039166634,1766.9999999999966
71.74000000000287,[50.01331908 50.01323424 50.01327396 50.01322659],50.01326346535048,971.6074404728661,1766.9999999999993
71.76000000000286,[50.01328065 50.01320207 50.01326637 50.01321803],50.01324178147094,971.3491021647206,1767.0000000000005
71.78000000000286,[50.01324216 50.01317096 50.01325816 50.01320938],50.01322016550719,971.5804878684602,1766.9999999999973
71.80000000000285,[50.01320523 50.01314304 50.01324964 50.01320115],50.01319976567302,971.2262867874856,1766.9999999999995
71.82000000000285,[50.01317266 50.01312134 50.01324214 50.01319495],50.01318277320599,971.2729844061882,1766.9999999999948
71.84000000000285,[50.01314417 50.01310543 50.01323527 50.01319031],50.01316879673551,970.9520853182195,1766.9999999999945
71.86000000000284,[50.01312099 50.01309635 50.01322966 50.01318787],50.01315871610288,970.9244580450126,1767.0000000000034
71.88000000000284,[50.01309302 50.01308099 50.0132207  50.01318164],50.01314408686085,971.314603997748,1767.0000000000057
71.90000000000283,[50.01306039 50.01305953 50.01320805 50.01317127],50.013124808771025,971.2967201771644,1767.0000000000039
71.92000000000283,[50.01303135 50.0130422  50.0131954  50.01316144],50.01310759633543,971.1223081989932,1766.9999999999995
71.94000000000283,[50.01300556 50.01302818 50.01318265 50.01315191],50.01309207610911,971.1359365085369,1767.0000000000007
71.96000000000282,[50.01298232 50.01301638 50.01316939 50.01314211],50.01307755086037,971.0205598002266,1767.0000000000011
71.98000000000282,[50.01296137 50.01300622 50.01315555 50.01313185],50.01306374760806,971.0572727169441,1766.9999999999977
72.00000000000281,[50.01294238 50.01299712 50.01314092 50.01312081],50.01305030824231,970.972381647699,1767.0000000000032
72.02000000000281,[50.01292731 50.01299133 50.01312641 50.01311008],50.01303878239688,970.8787611105624,1766.9999999999977
72.0400000000028,[50.01291754 50.01299049 50.01311269 50.01310046],50.01303029453278,970.6991996375835,1767.000000000004
72.0600000000028,[50.0129144  50.01299602 50.01310048 50.01309272],50.0130259067827,970.5159007335299,1767.0000000000011
72.0800000000028,[50.01291296 50.01300146 50.01308774 50.01308413],50.013021572533,970.6765999686982,1766.9999999999989
72.1000000000028,[50.01291095 50.013004   50.01307339 50.01307329],50.01301540683002,970.6523235005792,1767.0000000000007
72.12000000000279,[50.01290848 50.01300368 50.01305762 50.01306036],50.01300753687343,970.8024181944968,1766.9999999999982
72.14000000000279,[50.01290493 50.01299985 50.01304017 50.01304501],50.012997488611006,970.8184268550363,1767.000000000004
72.16000000000278,[50.01290428 50.01299764 50.01302293 50.01302963],50.012988619728034,970.6860153383219,1766.999999999998
72.18000000000278,[50.01290637 50.0129968  50.01300604 50.01301434],50.01298088748246,970.70530832846,1766.999999999999
72.20000000000277,[50.01291372 50.01300075 50.01299071 50.01300069],50.012976465292766,970.3898214893974,1767.0000000000023
72.22000000000277,[50.01292377 50.01300611 50.01297614 50.01298752],50.012973382330486,970.5741738464733,1766.9999999999977
72.24000000000277,[50.01293085 50.01300602 50.01295978 50.01297161],50.012967063362694,970.6438786328252,1767.0000000000011
72.26000000000276,[50.01293494 50.01300065 50.01294176 50.01295311],50.01295761773203,970.8190805290228,1766.9999999999945
72.28000000000276,[50.01294054 50.0129961  50.01292411 50.01293473],50.01294887045219,970.5670518176107,1766.9999999999993
72.30000000000275,[50.01294343 50.01298699 50.01290533 50.01291444],50.012937547241805,971.0172047489286,1766.9999999999968
72.32000000000275,[50.01293813 50.01296695 50.01288278 50.01288901],50.01291921861957,971.1386856785559,1767.000000000001
72.34000000000275,[50.01293071 50.01294404 50.01285931 50.01286218],50.012899059085484,971.1535645526355,1766.9999999999982
72.36000000000274,[50.01292337 50.01292134 50.01283601 50.01283542],50.01287903768131,971.1092049896315,1767.0000000000039
72.38000000000274,[50.01291819 50.01290179 50.01281395 50.01281015],50.01286101784717,970.9669107173119,1767.0000000000032
72.40000000000273,[50.01291459 50.01288481 50.01279302 50.01278626],50.01284466951911,970.9497388567607,1766.9999999999995
72.42000000000273,[50.01290959 50.01286693 50.01277199 50.0127622 ],50.01282767845201,971.0018679270571,1767.0000000000036
72.44000000000273,[50.01289673 50.01284016 50.01274803 50.01273439],50.0128048263035,971.423810289706,1766.9999999999952
72.46000000000272,[50.01287371 50.01280211 50.01271993 50.01270146],50.012774303664216,971.6290224600139,1766.9999999999982
72.48000000000272,[50.01284805 50.01276265 50.01269101 50.01266781],50.01274237888287,971.5239047525997,1766.999999999999
72.50000000000271,[50.01282145 50.01272406 50.01266218 50.01263465],50.01271058506079,971.5998798363576,1766.9999999999968
72.52000000000271,[50.01278906 50.01268038 50.01263126 50.01259923],50.012674980262624,971.8265997739536,1766.9999999999964
72.5400000000027,[50.01274868 50.01262907 50.01259713 50.01256025],50.012633780933214,972.0531798015834,1767.000000000003
72.5600000000027,[50.01270224 50.01257285 50.01256054 50.0125188 ],50.01258860637323,972.1442191435791,1767.000000000001
72.5800000000027,[50.0126519  50.01251458 50.01252239 50.01247612],50.012541247084584,972.2204627273603,1767.0000000000027
72.6000000000027,[50.01259799 50.01245477 50.01248275 50.01243238],50.01249197444083,972.2889548039665,1767.0000000000023
72.62000000000269,[50.01253776 50.01238992 50.01244031 50.01238595],50.01243848503971,972.5593603712585,1767.0000000000011
72.64000000000269,[50.01247159 50.01232068 50.012395   50.01233687],50.012381032098375,972.6073080677165,1767.0
72.66000000000268,[50.01240431 50.01225316 50.01234887 50.01228784],50.01232354416789,972.5474916504285,1766.9999999999955
72.68000000000268,[50.01233877 50.01219082 50.01230311 50.01224041],50.01226827753208,972.4056408607378,1767.0
72.70000000000267,[50.01227346 50.0121315  50.01225705 50.01219366],50.0122139190466,972.4562151726263,1767.0000000000057
72.72000000000267,[50.01220813 50.01207474 50.01221038 50.01214722],50.012160119434064,972.3440208758917,1766.9999999999995
72.74000000000267,[50.01214219 50.01201944 50.0121628  50.01210066],50.01210627036372,972.4458315386883,1767.000000000001
72.76000000000266,[50.01207692 50.01196708 50.01211467 50.01205444],50.012053277843414,972.2578393048973,1766.9999999999995
72.78000000000266,[50.01201732 50.01192355 50.01206826 50.01201137],50.012005124353706,972.0244149865857,1767.000000000004
72.80000000000265,[50.01195967 50.01188362 50.01202194 50.01196922],50.01195861296817,972.1052109661849,1766.9999999999973
72.82000000000265,[50.01190572 50.01184927 50.0119763  50.0119287 ],50.01191499794922,971.7665917727835,1766.9999999999973
72.84000000000265,[50.01185204 50.01181543 50.01193003 50.01188788],50.01187134383468,972.0940955400258,1766.9999999999993
72.86000000000264,[50.01179096 50.01177219 50.01187941 50.01184196],50.01182112961045,972.3052343137243,1767.000000000001
72.88000000000264,[50.01172621 50.01172401 50.01182599 50.0117929 ],50.011767278595144,972.3877183845077,1767.0000000000002
72.90000000000263,[50.01165743 50.01167007 50.01176961 50.01174039],50.011709376474215,972.6344502953123,1767.0000000000007
72.92000000000263,[50.01158445 50.01160998 50.01171006 50.01168411],50.01164715087446,972.740859889257,1767.000000000002
72.94000000000263,[50.01150523 50.01154084 50.01164643 50.01162282],50.011578831653594,973.1373223609382,1766.9999999999968
72.96000000000262,[50.01141889 50.01146153 50.01157808 50.01155574],50.01150355844962,973.3174332127412,1767.000000000001
72.98000000000262,[50.01132442 50.01137063 50.01150453 50.01148223],50.0114204534202,973.788714430174,1767.0000000000036
73.00000000000261,[50.01121964 50.01126548 50.01142454 50.01140078],50.01132760951748,974.1307642560745,1767.0000000000005
73.02000000000261,[50.01110849 50.01115123 50.01133971 50.01131353],50.01122824100822,974.332828201726,1766.9999999999984
73.0400000000026,[50.01099836 50.01103736 50.01125318 50.01122463],50.011128380820864,974.168058908084,1766.9999999999995
73.0600000000026,[50.01089278 50.01092829 50.01116663 50.01113619],50.01103097072591,974.1224945715367,1767.000000000002
73.0800000000026,[50.01078331 50.01081326 50.01107627 50.01104332],50.010929041374595,974.5441363714463,1767.0
73.1000000000026,[50.01066737 50.01068938 50.01098059 50.01094427],50.010820403359574,974.6837562609155,1766.9999999999998
73.12000000000259,[50.01054905 50.01056201 50.01088134 50.01084135],50.01070843850188,974.8213890543717,1766.9999999999977
73.14000000000259,[50.01042759 50.01043039 50.01077809 50.0107341 ],50.01059254269061,975.0122804700376,1767.0000000000005
73.16000000000258,[50.01030522 50.01029764 50.01067169 50.01062372],50.0104745668723,974.9946719901375,1766.9999999999973
73.18000000000258,[50.01018743 50.01017087 50.01056455 50.0105134 ],50.01035906154184,974.8026987838001,1766.9999999999998
73.20000000000258,[50.01007852 50.0100556  50.01045866 50.0104057 ],50.01024962155021,974.482097577995,1767.0
73.22000000000257,[50.00997247 50.00994411 50.01035155 50.01029734],50.01014136598868,974.6999344910444,1766.9999999999995
73.24000000000257,[50.00986461 50.00983073 50.01024089 50.01018545],50.01003041881288,974.7056424464408,1766.9999999999989
73.26000000000256,[50.00976016 50.00972221 50.01012908 50.0100731 ],50.00992114161233,974.556425177995,1766.9999999999973
73.28000000000256,[50.00965771 50.0096167  50.01001564 50.00995965],50.00981242661108,974.6548965847387,1766.9999999999966
73.30000000000256,[50.00955396 50.00951011 50.0098991  50.00984319],50.009701590492796,974.7314525752311,1767.0000000000025
73.32000000000255,[50.00944653 50.00939945 50.00977847 50.00972244],50.00958672411144,974.9906228426339,1766.9999999999995
73.34000000000255,[50.00933668 50.00928655 50.00965427 50.00959813],50.00946890714759,974.9767627883924,1766.999999999999
73.36000000000254,[50.00922288 50.00916933 50.00952603 50.00946956],50.00934694995557,975.3359750564649,1767.0000000000007
73.38000000000254,[50.00910164 50.00904363 50.00939211 50.00933471],50.009218022708865,975.5608161086936,1766.9999999999945
73.40000000000254,[50.00897708 50.00891477 50.0092544  50.00919602],50.009085568722384,975.6307637174082,1767.0
73.42000000000253,[50.00885389 50.00878876 50.00911512 50.00905635],50.008953529511736,975.5240066265496,1766.9999999999993
73.44000000000253,[50.00873351 50.00866732 50.00897514 50.00891675],50.008823178653685,975.4863296352372,1766.9999999999989
73.46000000000252,[50.00861117 50.00854433 50.0088325  50.0087746 ],50.008690650495716,975.7043740037517,1766.9999999999993
73.48000000000252,[50.00849078 50.00842489 50.0086889  50.00863215],50.00855918048984,975.3945436960468,1767.0000000000011
73.50000000000252,[50.00837947 50.00831782 50.00854788 50.00849382],50.008434746870606,975.1086408740789,1766.9999999999995
73.52000000000251,[50.00827055 50.00821433 50.00840679 50.00835599],50.00831191408526,975.254997312412,1767.000000000001
73.54000000000251,[50.00816044 50.00810988 50.00826403 50.00821658],50.00818773238426,975.2170324284411,1767.0
73.5600000000025,[50.00805131 50.00800707 50.00812081 50.00807703],50.00806405627718,975.2069461295079,1767.0000000000018
73.5800000000025,[50.00793803 50.0078992  50.00797507 50.00793457],50.00793671805225,975.5192725326566,1767.0000000000027
73.6000000000025,[50.00782183 50.00778792 50.00782733 50.00778986],50.007806735748446,975.4238639609507,1767.0000000000011
73.62000000000249,[50.00770638 50.00767766 50.00767958 50.00764531],50.00767723262921,975.4730577770541,1767.0000000000027
73.64000000000249,[50.00759303 50.00757006 50.00753256 50.00750179],50.007549360374554,975.280506931128,1767.0000000000027
73.66000000000248,[50.00748131 50.00746426 50.0073864  50.00735933],50.00742282876982,975.3534228100291,1766.999999999999
73.68000000000248,[50.00736571 50.00735318 50.0072388  50.00721483],50.00729312993789,975.5399153005762,1766.9999999999993
73.70000000000248,[50.00724604 50.0072366  50.00708973 50.00706826],50.007160160622355,975.6216710496309,1767.0000000000018
73.72000000000247,[50.0071198  50.00711125 50.00693829 50.00691834],50.007021920106695,975.9765445450014,1767.0000000000016
73.74000000000247,[50.00699182 50.00698351 50.00678658 50.00676783],50.00688243640048,975.7199989490786,1766.9999999999961
73.76000000000246,[50.00686996 50.00686312 50.00663846 50.00662158],50.0067482773367,975.5217319995046,1767.0000000000018
73.78000000000246,[50.00675316 50.00674866 50.0064937  50.00647917],50.006618672321366,975.3292731378812,1767.0000000000011
73.80000000000246,[50.00663614 50.00663322 50.00635018 50.00633775],50.006489322188735,975.4920118709656,1766.999999999998
73.82000000000245,[50.00651638 50.00651376 50.00620675 50.00619585],50.00635818455302,975.4714716886351,1767.0000000000005
73.84000000000245,[50.00639624 50.00639328 50.00606462 50.00605496],50.006227273587385,975.4646798360876,1766.9999999999998
73.86000000000244,[50.00627238 50.00626752 50.00592245 50.00591329],50.00609390978309,975.6695402274632,1767.0000000000007
73.88000000000244,[50.00614213 50.00613323 50.00577899 50.00576929],50.0059559064495,975.8471951863052,1767.000000000002
73.90000000000244,[50.006004   50.00598868 50.00563362 50.00562217],50.00581211813599,976.1490151078139,1767.0000000000032
73.92000000000243,[50.00585872 50.00583506 50.00548658 50.00547231],50.00566316880678,976.2750791518749,1766.9999999999998
73.94000000000243,[50.00571113 50.00567872 50.00534001 50.00532258],50.005513109553775,976.236709962257,1766.9999999999952
73.96000000000242,[50.00556831 50.00552877 50.00519712 50.00517711],50.005367825554096,975.8678528745434,1766.9999999999989
73.98000000000242,[50.00542946 50.00538409 50.00505777 50.00503567],50.00522674601156,975.8769458204519,1767.0000000000027
74.00000000000242,[50.00528766 50.00523604 50.00491879 50.00489422],50.00508417994682,975.9869695871151,1766.9999999999986
74.02000000000241,[50.00514605 50.00508884 50.00478141 50.00475446],50.004942690098595,975.7809669194497,1767.0000000000032
74.04000000000241,[50.00500589 50.00494406 50.00464631 50.00461721],50.0048033667767,975.7992486004807,1767.0000000000011
74.0600000000024,[50.00486867 50.00480374 50.00451401 50.00448324],50.00466741542263,975.4921709846498,1767.0000000000011
74.0800000000024,[50.00473832 50.00467276 50.00438637 50.00435491],50.004538087677446,975.2366784826489,1766.9999999999968
74.1000000000024,[50.00461302 50.00454874 50.00426261 50.00423117],50.00441388425162,975.0555252572776,1767.0000000000016
74.12000000000239,[50.00449006 50.00442813 50.00414151 50.00411042],50.0042925270893,974.9917015510591,1767.0000000000002
74.14000000000239,[50.00436806 50.00430916 50.00402239 50.00399179],50.00417285083344,974.908946108336,1767.0000000000016
74.16000000000238,[50.00424861 50.00419378 50.00390592 50.00387612],50.004056105786375,974.7403564173203,1767.0000000000005
74.18000000000238,[50.00413547 50.00408664 50.00379377 50.00376556],50.00394536012948,974.3997307734571,1767.0000000000011
74.20000000000238,[50.00402601 50.00398411 50.00368493 50.00365867],50.00383842810741,974.4149582775228,1766.9999999999995
74.22000000000237,[50.00391326 50.00387724 50.00357617 50.00355128],50.00372948895993,974.564694091616,1767.0000000000016
74.24000000000237,[50.00379791 50.00376692 50.00346764 50.00344363],50.00361902661504,974.5403207935868,1766.9999999999984
74.26000000000236,[50.00367889 50.00365165 50.00335888 50.00333509],50.003506125111656,974.7680109292163,1766.999999999985
74.28000000000236,[50.00355701 50.00353256 50.00325003 50.00322592],50.00339138276334,974.6946569353527,1767.0000000000014
74.30000000000236,[50.00343503 50.00341299 50.00314235 50.00311773],50.00327702565656,974.735909720432,1766.9999999999875
74.32000000000235,[50.00331082 50.00329022 50.0030348  50.00300919],50.00316125495889,974.8148544046843,1766.9999999999864
74.34000000000235,[50.00318577 50.00316604 50.00292783 50.00290097],50.003045153093275,974.766100227578,1766.9999999999895
74.36000000000234,[50.00306325 50.0030447  50.00282292 50.00279497],50.00293146098512,974.6152343358543,1766.9999999999925
74.38000000000234,[50.00294325 50.00292608 50.00272002 50.00269114],50.002820121853226,974.5717617193609,1766.999999999997
74.40000000000234,[50.00282292 50.00280653 50.00261776 50.00258774],50.00270873659707,974.6234073206265,1766.999999999992
74.42000000000233,[50.00269823 50.00268094 50.00251419 50.00248231],50.002593917546925,974.8658801377713,1766.999999999993
74.44000000000233,[50.0025671  50.00254684 50.00240815 50.00237346],50.00247388850778,975.0683601067686,1766.9999999999977
74.46000000000232,[50.00243435 50.00241052 50.00230155 50.00226378],50.00235255043424,974.9840481558662,1766.9999999999968
74.48000000000232,[50.00230618 50.00227986 50.00219712 50.00215685],50.00223500258749,974.7582925185263,1766.9999999999993
74.50000000000232,[50.00217901 50.0021502  50.00209329 50.00205061],50.0021182788168,974.9238481770682,1766.999999999997
74.52000000000231,[50.00205004 50.00201817 50.00198851 50.00194321],50.001999980511656,974.9009089477174,1767.0000000000002
74.54000000000231,[50.00191666 50.00188044 50.00188156 50.0018331 ],50.0018779406012,975.2496016809512,1766.9999999999989
74.5600000000023,[50.00178244 50.00174189 50.00177362 50.00172203],50.00175499532479,974.9895394006402,1767.0000000000036
74.5800000000023,[50.00165433 50.00161124 50.00166792 50.0016141 ],50.001636898732116,974.8545185043926,1767.0000000000005
74.6000000000023,[50.00153282 50.00148911 50.00156455 50.00150952],50.001524002008296,974.5651994551217,1767.0
74.62000000000229,[50.0014202  50.0013783  50.00146457 50.00140959],50.00141816375825,974.2737538964876,1767.0000000000002
74.64000000000229,[50.0013108  50.00127143 50.00136551 50.00131106],50.00131470086968,974.3782853875334,1766.9999999999977
74.66000000000228,[50.00120196 50.00116522 50.00126593 50.00121218],50.00121132231101,974.2802420544396,1767.000000000002
74.68000000000228,[50.00109322 50.00105896 50.00116566 50.00111267],50.00110762557783,974.4190789670794,1766.9999999999975
74.70000000000228,[50.00098574 50.00095422 50.00106506 50.00101305],50.00100451820553,974.2455210310166,1767.0000000000005
74.72000000000227,[50.00088113 50.00085287 50.00096495 50.00091431],50.00090331446859,974.27407008579,1766.9999999999995
74.74000000000227,[50.00077308 50.00074683 50.00086249 50.00081278],50.00079879578642,974.5401102589435,1766.9999999999977
74.76000000000226,[50.00066213 50.00063693 50.00075773 50.00070858],50.00069134357209,974.5376670115185,1767.0000000000007
74.78000000000226,[50.00055147 50.00052715 50.00065216 50.00060361],50.00058359579222,974.5824063112776,1766.9999999999995
74.80000000000226,[50.00044428 50.00042158 50.00054716 50.00049967],50.00047817110541,974.360201803006,1767.0000000000002
74.82000000000225,[50.00033969 50.00031888 50.00044252 50.0003964 ],50.00037437343962,974.4634596903538,1767.0000000000016
74.84000000000225,[50.00023436 50.0002149  50.00033668 50.00029178],50.00026942776876,974.4751654598093,1767.0000000000002
74.86000000000224,[50.00013026 50.0001121  50.00023053 50.00018695],50.00016495905065,974.4420776848531,1767.0000000000034
74.88000000000224,[50.00002788 50.00001109 50.00012436 50.00008225],50.000061396075985,974.4179109196413,1767.0000000000032
74.90000000000224,[49.99992803 49.99991287 50.00001856 49.99997818],49.99995940680832,974.3287793954985,1767.0000000000002
74.92000000000223,[49.99983313 49.99982046 49.99991431 49.99987619],49.99986102288671,974.1336566442004,1767.000000000001
74.94000000000223,[49.99974742 49.99973915 49.99981365 49.99977882],49.99976976108232,973.748299263121,1767.0
74.96000000000222,[49.99966689 49.99966357 49.99971508 49.99968401],49.999682387621405,973.8244063448122,1766.9999999999995
74.98000000000222,[49.99959023 49.99959212 49.99961796 49.99959089],49.9995978015547,973.5316520793716,1766.9999999999995
75.00000000000222,[49.9995186  49.99952603 49.9995231  49.99950038],49.999517027356276,973.5209974710664,1766.999999999998
75.02000000000221,[49.99944751 49.99945959 49.99942858 49.99940992],49.99943640088442,973.5363700326797,1767.0000000000011
75.04000000000221,[49.99937565 49.99939108 49.99933395 49.99931886],49.99935488113262,973.6133369918874,1766.9999999999973
75.0600000000022,[49.99930499 49.99932306 49.99924014 49.99922839],49.99927414460198,973.4878399396556,1767.0
75.0800000000022,[49.9992412  49.99926265 49.99914992 49.99914196],49.999198931341795,973.1657641470897,1767.0000000000045
75.1000000000022,[49.99918622 49.99921215 49.99906447 49.99906097],49.99913095045464,972.8956701901957,1766.9999999999984
75.1200000000022,[49.99913421 49.99916395 49.99898146 49.99898226],49.999065469294194,972.9709569144725,1766.9999999999984
75.14000000000219,[49.99908466 49.99911752 49.99890069 49.99890556],49.999002107507565,972.7327562900706,1767.0000000000005
75.16000000000219,[49.99903863 49.99907406 49.99882296 49.99883175],49.99894185037659,972.7245716098511,1767.0
75.18000000000218,[49.99899102 49.99902714 49.99874613 49.99875802],49.99888057546677,972.8330080458205,1766.9999999999998
75.20000000000218,[49.99893851 49.99897262 49.99866881 49.99868256],49.9988156268655,973.0484512271174,1767.0000000000011
75.22000000000217,[49.9988823  49.99891225 49.99859157 49.99860613],49.99874806259273,973.0683501648685,1766.9999999999998
75.24000000000217,[49.99883259 49.99885918 49.99851907 49.99853478],49.99868640613151,972.566761771417,1767.0
75.26000000000217,[49.99879638 49.99882213 49.99845488 49.99847293],49.998636579602206,972.0872557808003,1767.0000000000011
75.28000000000216,[49.99876474 49.99878954 49.99839535 49.99841574],49.998591343973644,972.1933824251431,1767.0000000000018
75.30000000000216,[49.99872986 49.99875174 49.99833695 49.99835869],49.99854430933955,972.2513891903285,1767.0000000000016
75.32000000000215,[49.99869257 49.99870995 49.9982801  49.99830233],49.99849623677507,972.2935966820388,1766.9999999999975
75.34000000000215,[49.99865257 49.99866397 49.99822474 49.99824663],49.99844697751326,972.3642785050705,1767.0000000000027
75.36000000000215,[49.99861176 49.99861642 49.99817175 49.99819276],49.998398170891775,972.2688049809968,1766.9999999999966
75.38000000000214,[49.99857087 49.99856833 49.99812159 49.99814131],49.99835052472652,972.2798840207927,1766.999999999998
75.40000000000214,[49.99852407 49.99851244 49.99807169 49.99808902],49.998299303927496,972.5829642242954,1766.9999999999982
75.42000000000213,[49.99847025 49.99844774 49.99802136 49.99803514],49.99824362448646,972.6692649300426,1766.9999999999984
75.44000000000213,[49.99841616 49.99838308 49.99797359 49.99798364],49.99818911923248,972.4989677034347,1766.9999999999993
75.46000000000213,[49.99835991 49.99831611 49.99792764 49.99793358],49.998134310011125,972.7096203539237,1767.0000000000025
75.48000000000212,[49.99829637 49.99824064 49.99788098 49.99788188],49.99807497013753,972.8956303346774,1767.000000000001
75.50000000000212,[49.99823224 49.99816557 49.99783639 49.9978323 ],49.99801662490012,972.6422122389195,1767.0000000000016
75.52000000000211,[49.99817199 49.9980966  49.99779594 49.99778753],49.99796301387828,972.5135109617397,1767.0000000000005
75.54000000000211,[49.99810648 49.99802216 49.99775549 49.9977423 ],49.99790660539768,972.8938320650236,1767.0000000000039
75.5600000000021,[49.99803497 49.99794174 49.99771422 49.9976958 ],49.99784668523881,972.8263998861213,1766.9999999999968
75.5800000000021,[49.99796371 49.99786337 49.99767487 49.99765165],49.997788398404225,972.7743733686438,1767.000000000002
75.6000000000021,[49.99789075 49.99778464 49.99763639 49.9976086 ],49.997730096688244,972.8460497380121,1767.0000000000005
75.6200000000021,[49.99781669 49.99770643 49.99759877 49.99756677],49.99767216466769,972.762370864199,1766.9999999999995
75.64000000000209,[49.99774678 49.99763544 49.99756417 49.99752904],49.99761885546069,972.4766422050725,1767.0000000000045
75.66000000000209,[49.99768346 49.99757461 49.99753361 49.99749673],49.997572104980186,972.2300347674545,1766.9999999999984
75.68000000000208,[49.99762405 49.99752033 49.99750577 49.99746814],49.99752956967528,972.1414431678998,1767.000000000001
75.70000000000208,[49.99756606 49.99746932 49.9974793  49.99744158],49.997489064633626,972.0789957875011,1767.0000000000007
75.72000000000207,[49.99750856 49.99742023 49.9974536  49.99741629],49.997449669421144,972.0683464169772,1766.9999999999995
75.74000000000207,[49.99745154 49.99737287 49.99742846 49.99739201],49.997411219375024,972.0204144345856,1766.9999999999995
75.76000000000207,[49.99739402 49.99732574 49.99740325 49.99736794],49.99737273871703,972.0925128116702,1766.9999999999984
75.78000000000206,[49.99733711 49.99728013 49.99737826 49.99734446],49.997334988235,971.9814477863024,1767.000000000002
75.80000000000206,[49.99728705 49.99724365 49.99735613 49.99732496],49.99730294909778,971.6349368568598,1766.9999999999989
75.82000000000205,[49.99724291 49.99721465 49.9973365  49.99730886],49.997275728052145,971.598951814286,1766.9999999999986
75.84000000000205,[49.99720224 49.99718976 49.99731808 49.99729444],49.997251131071245,971.4374582519044,1767.0000000000002
75.86000000000205,[49.99716629 49.9971702  49.99730137 49.99728229],49.99723003861257,971.3276398685609,1766.9999999999916
75.88000000000204,[49.99713261 49.9971525  49.99728522 49.99727081],49.99721028638835,971.3485579398196,1766.9999999999986
75.90000000000204,[49.99709698 49.99713105 49.99726763 49.99725738],49.997188260960584,971.5433831920236,1767.000000000001
75.92000000000203,[49.9970583  49.99710431 49.99724791 49.99724111],49.997162906171205,971.6541756704873,1766.9999999999964
75.94000000000203,[49.99701772 49.99707356 49.99722649 49.99722252],49.99713507168398,971.7783987920672,1766.9999999999995
75.96000000000203,[49.99697906 49.99704358 49.99720493 49.99720363],49.99710780033454,971.6339781493967,1766.9999999999961
75.98000000000202,[49.99694049 49.99701174 49.99718252 49.99718344],49.997079546967825,971.8884324743668,1767.0000000000011
76.00000000000202,[49.99690096 49.99697681 49.99715855 49.99716108],49.99704934800768,971.825930662732,1766.999999999998
76.02000000000201,[49.99686315 49.99694207 49.99713426 49.99713812],49.99701940050734,971.8958047396621,1767.0000000000014
76.04000000000201,[49.9968238  49.99690336 49.99710812 49.9971126 ],49.99698696985052,972.0637761864015,1766.9999999999995
76.060000000002,[49.99678514 49.99686366 49.99708099 49.99708568],49.996953867525036,971.9817800306928,1766.999999999994
76.080000000002,[49.99675437 49.99683218 49.99705612 49.99706156],49.99692605957905,971.647729985482,1766.9999999999948
76.100000000002,[49.99673243 49.99680995 49.99703411 49.99704092],49.99690435329581,971.4970560989073,1766.9999999999961
76.120000000002,[49.99671823 49.99679565 49.9970145  49.99702316],49.99688788712878,971.2349064073127,1766.9999999999934
76.14000000000199,[49.99670769 49.996784   49.99699562 49.99700606],49.99687333937217,971.3629578102534,1766.9999999999911
76.16000000000199,[49.99669425 49.99676687 49.99697447 49.99698577],49.99685534092582,971.5525791812867,1766.9999999999966
76.18000000000198,[49.99667654 49.99674276 49.9969504  49.99696151],49.99683280093831,971.7727172859468,1766.9999999999975
76.20000000000198,[49.99665531 49.99671289 49.99692371 49.99693374],49.99680641392832,971.9042966349762,1766.9999999999932
76.22000000000197,[49.99663452 49.99668258 49.99689621 49.99690486],49.99677954190369,971.8417280608245,1766.9999999999916
76.24000000000197,[49.99661559 49.99665373 49.99686866 49.99687586],49.99675346011527,971.8656875203294,1766.9999999999943
76.26000000000197,[49.99660003 49.99662856 49.99684179 49.99684773],49.99672952597715,971.6885873482564,1766.9999999999864
76.28000000000196,[49.99658678 49.99660579 49.99681533 49.99682009],49.99670699567859,971.7743842866086,1766.9999999999952
76.30000000000196,[49.99657421 49.99658365 49.99678854 49.99679205],49.99668461408736,971.702556360029,1766.9999999999911
76.32000000000195,[49.99656198 49.99656185 49.9967614  49.99676361],49.99666221213115,971.8020074881996,1766.9999999999925
76.34000000000195,[49.99655234 49.99654356 49.99673492 49.99673613],49.99664173718578,971.5659980586112,1766.9999999999911
76.36000000000195,[49.99654453 49.99652781 49.99670904 49.99670947],49.99662271244699,971.7046223744115,1767.0000000000005
76.38000000000194,[49.99653374 49.99650876 49.99668157 49.99668089],49.99660124046013,971.7962520959916,1766.9999999999905
76.40000000000194,[49.99651875 49.99648507 49.99665206 49.99664982],49.996576425255974,972.0100313500473,1767.000000000003
76.42000000000193,[49.99650302 49.9964614  49.996622   49.99661828],49.996551174682075,971.8569776605447,1766.9999999999907
76.44000000000193,[49.99648713 49.9964385  49.9965919  49.99658689],49.996526104753706,972.0182169103359,1767.0000000000002
76.46000000000193,[49.99647195 49.99641773 49.99656208 49.99655613],49.996501975143445,971.8009926260326,1766.9999999999864
76.48000000000192,[49.99645678 49.99639807 49.99653252 49.99652589],49.996478312883355,972.0011306802779,1767.0000000000018
76.50000000000192,[49.99644243 49.99638083 49.99650344 49.99649658],49.99645582021255,971.7245971741776,1766.9999999999873
76.52000000000191,[49.99643094 49.99636843 49.99647607 49.99646963],49.99643626869542,971.7746376269234,1767.0000000000025
76.54000000000191,[49.99642009 49.99635809 49.99644939 49.99644376],49.9964178322315,971.6512150455266,1766.9999999999898
76.5600000000019,[49.99640834 49.99634775 49.99642288 49.99641824],49.99639930085508,971.8023267655384,1767.0000000000005
76.5800000000019,[49.99639651 49.99633853 49.99639684 49.99639348],49.996381339445094,971.6227288235641,1766.9999999999877
76.6000000000019,[49.99638765 49.99633411 49.99637284 49.9963714 ],49.99636650130159,971.5582042860523,1767.0000000000018
76.6200000000019,[49.99637975 49.99633178 49.99635006 49.99635089],49.99635312053736,971.5181243705847,1767.000000000002
76.64000000000189,[49.99637322 49.99633197 49.99632876 49.99633223],49.99634154521623,971.4237532606271,1766.9999999999982
76.66000000000189,[49.99636487 49.99633039 49.99630765 49.99631365],49.99632914080348,971.6047590732547,1767.0000000000007
76.68000000000188,[49.99635709 49.9963301  49.99628769 49.99629641],49.99631782333975,971.3491069349421,1766.999999999984
76.70000000000188,[49.99635324 49.99633501 49.99627064 49.99628263],49.99631037853159,971.2948755510039,1767.0000000000032
76.72000000000187,[49.99634656 49.99633634 49.99625355 49.99626843],49.996301217504765,971.508991281953,1767.0000000000011
76.74000000000187,[49.99633631 49.99633315 49.99623599 49.99625324],49.996289674403414,971.510923393414,1766.9999999999984
76.76000000000187,[49.99632499 49.99632844 49.99621915 49.99623855],49.996277782298286,971.5538012018736,1767.0000000000027
76.78000000000186,[49.99631116 49.99632024 49.9962024  49.99622351],49.99626432805839,971.6577015024714,1767.0000000000027
76.80000000000186,[49.99629722 49.9963116  49.99618678 49.99620943],49.99625125717612,971.5368884464165,1767.0000000000007
76.82000000000185,[49.99628476 49.99630432 49.9961731  49.99619731],49.99623986955378,971.5309882926892,1767.0000000000011
76.84000000000185,[49.99627584 49.99630098 49.99616224 49.99618825],49.99623182724207,971.2700200937719,1766.9999999999845
76.86000000000185,[49.99627285 49.99630436 49.99615541 49.99618373],49.99622908792087,971.0985837796412,1767.0000000000027
76.88000000000184,[49.99627455 49.99631274 49.9961521  49.996183  ],49.99623059588998,970.9257390339673,1766.9999999999995
76.90000000000184,[49.99627995 49.99632471 49.99615193 49.99618551],49.9962355243739,970.8232125476954,1766.9999999999989
76.92000000000183,[49.99628587 49.99633611 49.9961535  49.9961894 ],49.99624121824095,970.8733448711375,1767.0000000000011
76.94000000000183,[49.99629159 49.99634602 49.99615643 49.99619416],49.99624705037565,970.8235256880719,1767.000000000001
76.96000000000183,[49.99629567 49.99635252 49.9961601  49.99619899],49.996251818615896,970.9746787176994,1766.9999999999973
76.98000000000182,[49.99629864 49.99635642 49.99616464 49.99620406],49.9962559397906,970.8900443529857,1767.0
77.00000000000182,[49.99630251 49.9963602  49.996171   49.9962106 ],49.99626107650801,970.9011499836192,1766.999999999996
77.02000000000182,[49.9963092  49.99636638 49.99617998 49.99621964],49.99626880059243,970.6841972690139,1766.9999999999882
77.04000000000181,[49.99631722 49.99637298 49.99619103 49.99623045],49.9962779216587,970.7950133713518,1766.9999999999966
77.0600000000018,[49.99632321 49.99637587 49.99620251 49.99624095],49.99628563517943,970.8142225299018,1767.0
77.0800000000018,[49.99632806 49.99637632 49.99621476 49.99625166],49.9962927000485,970.8612749461223,1767.0000000000027
77.1000000000018,[49.99633535 49.99637905 49.99622929 49.99626456],49.99630206295298,970.6326198239269,1766.9999999999884
77.1200000000018,[49.9963452  49.99638416 49.99624624 49.99627983],49.99631385828568,970.667922736913,1767.000000000002
77.14000000000179,[49.99635052 49.99638278 49.99626234 49.99629333],49.99632224212643,970.931121601346,1767.0000000000007
77.16000000000179,[49.99635167 49.99637573 49.9962775  49.99630509],49.99632749732577,970.9432628789042,1767.0000000000011
77.18000000000178,[49.99635103 49.99636618 49.99629275 49.99631649],49.9963316130289,971.0393011726488,1766.9999999999998
77.20000000000178,[49.99635175 49.99635839 49.99630932 49.99632927],49.99633718092875,970.8336311923326,1766.9999999999902
77.22000000000178,[49.99635653 49.9963558  49.99632845 49.99634504],49.99634645431403,970.7397043888219,1767.0000000000011
77.24000000000177,[49.99636354 49.99635625 49.99634924 49.99636272],49.996357938628336,970.65957286257,1766.9999999999957
77.26000000000177,[49.99636896 49.99635493 49.99636992 49.99638008],49.996368473418606,970.8314783719575,1767.0000000000075
77.28000000000176,[49.99637001 49.99634858 49.99638901 49.99639534],49.99637573257954,970.9475350296095,1766.9999999999989
77.30000000000176,[49.9963641  49.99633407 49.99640522 49.99640694],49.99637758235009,971.2994857839424,1766.9999999999955
77.32000000000176,[49.99635398 49.99631526 49.99641944 49.99641624],49.99637623038305,971.2307103098022,1767.0000000000005
77.34000000000175,[49.99634109 49.99629397 49.99643231 49.99642411],49.996372870406006,971.4823846488035,1767.0000000000005
77.36000000000175,[49.99632552 49.99627064 49.99644356 49.99643039],49.99636752767607,971.412148375041,1767.0000000000002
77.38000000000174,[49.99631102 49.99625004 49.99645481 49.99643722],49.99636327318767,971.4054483607027,1767.0000000000032
77.40000000000174,[49.99629286 49.99622619 49.99646382 49.99644179],49.99635616393214,971.6671278329861,1766.9999999999964
77.42000000000174,[49.99627188 49.99620041 49.99647063 49.99644433],49.996346813943305,971.6093940490563,1766.9999999999982
77.44000000000173,[49.99625062 49.99617588 49.9964763  49.99644626],49.99633726712176,971.699138440877,1767.0
77.46000000000173,[49.99623083 49.99615491 49.9964814  49.99644839],49.996328883303235,971.5271852854407,1766.9999999999964
77.48000000000172,[49.99621568 49.99614138 49.9964873  49.99645252],49.996324220513586,971.4013314793085,1767.0
77.50000000000172,[49.99619928 49.99612764 49.99649133 49.99645518],49.9963183612586,971.6428957330364,1766.9999999999995
77.52000000000172,[49.99618053 49.99611237 49.99649268 49.99645543],49.996310250442285,971.6062845972173,1766.9999999999995
77.54000000000171,[49.99616435 49.99610166 49.99649348 49.99645602],49.99630387910295,971.5119687925097,1767.0000000000045
77.56000000000171,[49.99615516 49.99610096 49.99649565 49.9964594 ],49.9963027923689,971.1767147710448,1766.9999999999889
77.5800000000017,[49.99615805 49.99611636 49.99650154 49.99646851],49.996311114403966,970.7343861314044,1766.9999999999895
77.6000000000017,[49.99616526 49.99613746 49.99650792 49.99647895],49.99632239645926,970.9405960928949,1766.9999999999995
77.6200000000017,[49.99617147 49.99615744 49.99651214 49.99648734],49.99633209577362,970.8806384628924,1766.999999999998
77.64000000000169,[49.99617682 49.99617612 49.99651436 49.99649376],49.99634026156776,971.082486934402,1766.9999999999968
77.66000000000169,[49.99617772 49.9961888  49.99651288 49.99649599],49.99634384779908,971.2791531978742,1767.0000000000027
77.68000000000168,[49.9961764  49.99619815 49.99650866 49.9964952 ],49.99634460083766,971.3343685484882,1767.0000000000011
77.70000000000168,[49.99617812 49.99621066 49.99650409 49.99649443],49.99634682416959,971.16883705645,1766.9999999999977
77.72000000000168,[49.99618575 49.99622965 49.99650063 49.99649542],49.99635286345211,971.0260107258539,1766.9999999999905
77.74000000000167,[49.99619461 49.99624884 49.99649638 49.99649554],49.996358841823394,971.1860206575186,1767.0000000000005
77.76000000000167,[49.99620162 49.99626425 49.99648991 49.99649293],49.99636217708591,971.2603781549096,1766.9999999999977
77.78000000000166,[49.996216   49.99628758 49.99648538 49.99649289],49.99637046064918,970.7812072042558,1766.999999999988
77.80000000000166,[49.99623773 49.99631827 49.99648323 49.99649574],49.99638374361605,970.8497404022324,1767.0000000000011
77.82000000000166,[49.99626324 49.99635182 49.99648186 49.99649936],49.99639907081776,970.6186112696727,1766.9999999999914
77.84000000000165,[49.99629388 49.9963897  49.99648217 49.99650474],49.99641762564178,970.5864247345207,1767.0000000000011
77.86000000000165,[49.99632095 49.99642071 49.99648045 49.99650699],49.99643227180583,970.9551237127141,1766.999999999997
77.88000000000164,[49.99634223 49.99644229 49.99647564 49.99650477],49.99644123245756,971.0726420572857,1767.0000000000007
77.90000000000164,[49.99636334 49.99646165 49.9964704  49.99650147],49.99644921549523,971.044901277505,1767.0000000000032
77.92000000000164,[49.99638749 49.99648292 49.9964664  49.99649917],49.99645899611743,970.928198199533,1766.9999999999936
77.94000000000163,[49.99641935 49.99651209 49.9964659  49.99650075],49.99647452195081,970.5672112609518,1766.999999999991
77.96000000000163,[49.99645638 49.99654582 49.99646821 49.99650513],49.99649388490428,970.6094948603726,1767.000000000003
77.98000000000162,[49.99649243 49.99657649 49.99647064 49.99650884],49.996512101200295,970.6671027224037,1767.0000000000018
78.00000000000162,[49.99652836 49.99660542 49.9964737  49.99651256],49.996530009037514,970.6381868761455,1766.9999999999995
78.02000000000162,[49.99656437 49.99663306 49.9964777  49.99651663],49.99654793846108,970.6672229982752,1766.9999999999984
78.04000000000161,[49.99660435 49.99666459 49.99648446 49.99652344],49.99656921089924,970.3580356445268,1766.9999999999936
78.06000000000161,[49.9966504  49.99670273 49.9964953  49.99653459],49.996595755467766,970.2232745263937,1766.9999999999934
78.0800000000016,[49.99669898 49.99674315 49.99650882 49.99654825],49.99662480102799,970.1461259256139,1766.999999999995
78.1000000000016,[49.99674715 49.9967823  49.99652388 49.99656293],49.99665406602662,970.2024263804566,1766.9999999999961
78.1200000000016,[49.99679626 49.99682221 49.99654116 49.99657956],49.996684797160256,970.0197194756038,1766.9999999999973
78.14000000000159,[49.99684662 49.99686335 49.99656105 49.99659859],49.996717399192804,970.0409235028322,1766.9999999999957
78.16000000000159,[49.99689815 49.99690593 49.99658359 49.99662012],49.99675194999774,969.8509984089239,1766.9999999999934
78.18000000000158,[49.99694858 49.9969471  49.99660803 49.99664313],49.996786708924134,970.0177400010995,1767.0000000000007
78.20000000000158,[49.9969924  49.99698019 49.99663188 49.99666449],49.99681723780948,970.2011564107512,1767.0000000000039
78.22000000000158,[49.99703167 49.99700817 49.99665604 49.99668547],49.996845338282846,970.2162824089712,1766.999999999998
78.24000000000157,[49.99706596 49.99703064 49.99668042 49.996706  ],49.99687075630515,970.4208370496581,1766.9999999999998
78.26000000000157,[49.99709715 49.99705037 49.99670577 49.99672716],49.99689511466454,970.2994996110094,1766.999999999999
78.28000000000156,[49.99712356 49.99706526 49.99673147 49.99674819],49.996917120847534,970.6124083412025,1766.9999999999968
78.30000000000156,[49.99714603 49.99707685 49.99675765 49.99676943],49.9969374912515,970.4311609812665,1766.9999999999952
78.32000000000156,[49.99717161 49.99709412 49.99678754 49.9967951 ],49.99696209337959,970.249732471625,1766.9999999999993
78.34000000000155,[49.99719887 49.99711526 49.99682053 49.99682442],49.99698977103878,970.1651509519522,1767.0000000000023
78.36000000000155,[49.99722408 49.99713561 49.99685489 49.99685522],49.997017448130094,970.2422385994325,1766.9999999999984
78.38000000000154,[49.99724524 49.99715276 49.99688954 49.99688622],49.997043442583184,970.2993030753584,1767.000000000001
78.40000000000154,[49.99726175 49.99716599 49.99692408 49.99691698],49.99706719807774,970.4234030870169,1767.0000000000007
78.42000000000154,[49.99727704 49.9971798  49.9969598  49.99694929],49.99709148586251,970.2475960469002,1767.0000000000007
78.44000000000153,[49.99729459 49.99719844 49.99699824 49.99698513],49.99711910109205,970.1362386384393,1766.9999999999989
78.46000000000153,[49.99731159 49.99721822 49.99703803 49.99702277],49.99714765422364,970.1614283498344,1767.0000000000018
78.48000000000152,[49.99732779 49.99723878 49.99707883 49.99706184],49.99717680957988,970.0785450587582,1766.9999999999998
78.50000000000152,[49.99734522 49.99726251 49.99712142 49.99710334],49.997208123261586,969.9728446226276,1766.9999999999977
78.52000000000152,[49.99736102 49.99728555 49.99716439 49.99714548],49.9972391102493,970.0991881196594,1767.0000000000057
78.54000000000151,[49.99736767 49.9972982  49.99720414 49.99718364],49.99726341297411,970.5292448422719,1766.9999999999977
78.56000000000151,[49.99736505 49.99730042 49.99724018 49.99721735],49.9972807489642,970.6808133601482,1766.9999999999989
78.5800000000015,[49.997361   49.99730207 49.99727575 49.99725088],49.99729742596648,970.5809603715098,1767.0000000000011
78.6000000000015,[49.99735934 49.99730774 49.99731246 49.99728628],49.9973164568606,970.4792867250935,1767.0000000000011
78.6200000000015,[49.99735883 49.99731556 49.99734958 49.99732262],49.997336648957734,970.4800235009093,1766.9999999999982
78.64000000000149,[49.99735699 49.99732223 49.99738579 49.9973582 ],49.99735580462082,970.5637254195623,1766.9999999999961
78.66000000000149,[49.99735617 49.99733058 49.99742182 49.99739404],49.997375653195874,970.419509767007,1767.0
78.68000000000148,[49.99735836 49.99734287 49.99745847 49.99743113],49.997397706448204,970.3761136576329,1767.000000000002
78.70000000000148,[49.99736487 49.99736052 49.99749609 49.99746993],49.99742285245138,970.1573826146088,1767.0000000000011
78.72000000000148,[49.99737062 49.9973767  49.9975324  49.9975074 ],49.99744678085891,970.4766991421187,1767.0000000000043
78.74000000000147,[49.99736836 49.9973822  49.99756377 49.99753896],49.997463323262565,970.7781781054888,1767.0000000000016
78.76000000000147,[49.99736815 49.99738986 49.99759434 49.99757003],49.9974805952471,970.4155795240374,1766.9999999999964
78.78000000000146,[49.99737346 49.9974036  49.9976258  49.99760269],49.99750138934048,970.4817382863417,1767.000000000001
78.80000000000146,[49.99737924 49.99741694 49.99765569 49.99763375],49.99752140468396,970.4814366637361,1766.9999999999989
78.82000000000146,[49.99738569 49.99742998 49.99768397 49.99766318],49.99754070467783,970.5425314943283,1767.0000000000002
78.84000000000145,[49.99739526 49.99744579 49.99771159 49.99769218],49.99756120534541,970.3812891190631,1766.9999999999986
78.86000000000145,[49.99740937 49.99746595 49.99773921 49.99772156],49.99758402296666,970.3482509814754,1766.9999999999977
78.88000000000144,[49.9974291  49.99749178 49.99776722 49.9977518 ],49.997609977592866,970.1179099063623,1767.000000000001
78.90000000000144,[49.99745673 49.99752594 49.99779673 49.99778424],49.997640909625204,969.9294387840532,1767.0000000000016
78.92000000000144,[49.99748907 49.99756422 49.99782637 49.99781703],49.99767417228926,969.9213053330469,1766.999999999999
78.94000000000143,[49.99752258 49.99760209 49.99785456 49.99784809],49.99770683003009,969.9797154896513,1767.0000000000016
78.96000000000143,[49.99755805 49.99764058 49.99788165 49.99787784],49.99773952870751,969.9171968906462,1766.999999999996
78.98000000000143,[49.99759845 49.99768341 49.99790904 49.99790805],49.99777473641353,969.7675635717559,1766.9999999999952
79.00000000000142,[49.9976452  49.99773235 49.99793755 49.99793968],49.997813694127274,969.5999798471628,1766.999999999998
79.02000000000142,[49.99769392 49.99778171 49.99796542 49.99797036],49.9978528524921,969.7483663685728,1767.0000000000016
79.04000000000141,[49.99774151 49.99782773 49.99799127 49.99799833],49.997889710480464,969.7911911117392,1767.0000000000007
79.06000000000141,[49.99778705 49.99786933 49.99801484 49.9980232 ],49.997923605409454,969.9951366109942,1767.0000000000005
79.0800000000014,[49.99783272 49.99790953 49.99803713 49.99804631],49.99795642202808,969.8793641569306,1766.9999999999977
79.1000000000014,[49.99787743 49.99794698 49.99805796 49.99806733],49.997987424170454,970.1446647315311,1767.0000000000043
79.1200000000014,[49.99791553 49.99797481 49.9980748  49.99808308],49.99801205618405,970.4123899628379,1767.0000000000025
79.1400000000014,[49.99794717 49.99799356 49.99808775 49.99809378],49.99803056502244,970.6570875966586,1766.9999999999995
79.16000000000139,[49.99797551 49.99800762 49.99809829 49.99810138],49.99804570027277,970.6934959496655,1767.0000000000039
79.18000000000139,[49.99800549 49.99802357 49.99810877 49.998109  ],49.998061707304004,970.5804641301638,1767.0000000000036
79.20000000000138,[49.99803184 49.99803482 49.99811709 49.99811389],49.99807441201142,970.9673461071278,1767.0000000000032
79.22000000000138,[49.99805647 49.9980444  49.99812394 49.99811712],49.99808548295515,970.7139742811,1767.000000000002
79.24000000000137,[49.99808913 49.99806481 49.99813396 49.99812468],49.998103145605185,970.4074260859542,1766.999999999999
79.26000000000137,[49.9981224  49.99808664 49.99814417 49.99813262],49.99812145895562,970.6525873996395,1767.000000000002
79.28000000000137,[49.99815275 49.99810584 49.99815285 49.99813889],49.998137582351276,970.5847674202897,1766.9999999999964
79.30000000000136,[49.99818256 49.99812558 49.99816126 49.9981451 ],49.99815362572016,970.6515808391086,1766.9999999999993
79.32000000000136,[49.99821004 49.9981438  49.99816865 49.99815033],49.99816820780251,970.6994651307202,1767.0000000000045
79.34000000000135,[49.99823912 49.99816571 49.99817685 49.99815698],49.99818466820566,970.4846626057586,1766.999999999998
79.36000000000135,[49.9982713  49.99819317 49.99818676 49.99816617],49.99820434973022,970.4184423330822,1767.0000000000027
79.38000000000135,[49.99830837 49.99822854 49.99819925 49.99817901],49.99822879065363,970.0732707570195,1766.9999999999973
79.40000000000134,[49.99834747 49.99826796 49.99821339 49.99819415],49.99825574216978,970.1949339738767,1767.0000000000018
79.42000000000134,[49.99838547 49.9983076  49.9982277  49.99820975],49.99828263013524,970.0659508587469,1766.9999999999977
79.44000000000133,[49.99842616 49.99835213 49.99824408 49.99822815],49.99831263017983,969.9195543767634,1767.000000000001
79.46000000000133,[49.99846861 49.99840017 49.99826227 49.99824893],49.99834499383707,969.8527139597687,1767.0
79.48000000000133,[49.99851313 49.99845203 49.99828252 49.99827235],49.99838000670731,969.6816133631173,1766.9999999999968
79.50000000000132,[49.99855834 49.99850568 49.99830442 49.99829774],49.99841654475693,969.7085805054479,1766.999999999999
79.52000000000132,[49.99860532 49.99856238 49.99832849 49.99832571],49.998455473753474,969.4642171571401,1767.0000000000007
79.54000000000131,[49.99865513 49.99862314 49.99835545 49.99835706],49.998497694737395,969.4144974954207,1767.0000000000048
79.56000000000131,[49.998703   49.99868164 49.99838327 49.99838903],49.99853923623025,969.5039390534349,1767.0000000000025
79.5800000000013,[49.99874906 49.99873795 49.99841203 49.99842168],49.99858018184725,969.4471275653004,1766.9999999999975
79.6000000000013,[49.99879195 49.99879007 49.99844126 49.99845431],49.998619398388676,969.6317197733482,1766.9999999999998
79.6200000000013,[49.99882925 49.99883486 49.99846984 49.99848543],49.99865484571911,969.7469176593514,1767.0000000000048
79.6400000000013,[49.9988676  49.9988807  49.99850071 49.99851883],49.99869196160246,969.4740595470838,1766.9999999999995
79.66000000000129,[49.99890868 49.99892939 49.99853488 49.99855565],49.99873214918313,969.4705699531943,1767.000000000001
79.68000000000129,[49.99894856 49.99897582 49.99857056 49.99859355],49.99877212096174,969.4742695437754,1767.0000000000048
79.70000000000128,[49.9989856  49.99901781 49.99860704 49.99863157],49.998810504733285,969.5862879368033,1766.9999999999984
79.72000000000128,[49.99901773 49.99905271 49.99864331 49.99866843],49.998845546217524,969.7379590531192,1766.9999999999989
79.74000000000127,[49.99904666 49.99908275 49.99868003 49.99870501],49.99887861122343,969.7355065062637,1766.9999999999977
79.76000000000127,[49.99907324 49.99910899 49.99871758 49.99874179],49.99891040060274,969.8284107229091,1766.999999999995
79.78000000000127,[49.99909653 49.99913028 49.99875541 49.99877813],49.99894008725818,969.8959732451457,1767.0000000000016
79.80000000000126,[49.99911405 49.99914356 49.99879233 49.99881254],49.998965622906596,970.1617097487155,1767.0000000000011
79.82000000000126,[49.99912554 49.99914873 49.99882797 49.99884466],49.998986725666796,970.2538823311164,1767.0000000000011
79.84000000000125,[49.99913371 49.9991494  49.9988634  49.99887599],49.99900562404338,970.332676840237,1766.999999999997
79.86000000000125,[49.99913956 49.999147   49.99889889 49.99890697],49.99902310656661,970.3590314859925,1766.9999999999993
79.88000000000125,[49.99914803 49.99914801 49.99893644 49.99894033],49.999043201443996,970.0991898436472,1767.0000000000027
79.90000000000124,[49.99916003 49.99915357 49.99897647 49.99897659],49.999066666024426,970.0615748663516,1767.0000000000016
79.92000000000124,[49.99917011 49.99915686 49.99901633 49.99901247],49.99908894344871,970.1854303979462,1767.000000000001
79.94000000000123,[49.99917433 49.9991531  49.999054   49.99904547],49.99910672667029,970.4268074232316,1766.9999999999993
79.96000000000123,[49.99917694 49.99914801 49.99909102 49.99907779],49.999123440146654,970.2634339926117,1767.0000000000016
79.98000000000123,[49.99918108 49.99914559 49.99912875 49.99911122],49.99914166038033,970.2881733985554,1767.000000000004
80.00000000000122,[49.99918487 49.99914356 49.99916609 49.99914448],49.99915975118699,970.262973002632,1767.0000000000027
80.02000000000122,[49.99919277 49.99914773 49.99920484 49.99917996],49.9991813220442,969.9843059321361,1766.9999999999948
80.04000000000121,[49.99920449 49.99915761 49.99924484 49.99921749],49.99920610945445,969.9811220750727,1766.999999999998
80.06000000000121,[49.99921552 49.99916749 49.99928386 49.99925424],49.99923027692769,970.0256940850286,1766.9999999999989
80.0800000000012,[49.99922726 49.99917926 49.99932229 49.99929085],49.99925491534685,969.9312376498291,1767.0000000000045
80.1000000000012,[49.99923887 49.99919172 49.99935968 49.99932671],49.99927924415681,970.0418067020596,1767.000000000002
80.1200000000012,[49.99925158 49.9992065  49.99939631 49.9993623 ],49.99930417298957,969.8714537272247,1767.0000000000014
80.1400000000012,[49.99926293 49.99922027 49.99943113 49.99939621],49.99932763725005,970.1559599653849,1767.000000000004
80.16000000000119,[49.99927192 49.99923189 49.99946332 49.99942753],49.99934866361457,970.0685318477672,1767.0000000000036
80.18000000000119,[49.99928122 49.99924458 49.99949409 49.99945779],49.99936941824809,970.1710947445389,1766.9999999999984
80.20000000000118,[49.99928764 49.99925424 49.99952185 49.99948498],49.99938717662867,970.3136012903441,1767.0000000000027
80.22000000000118,[49.99929801 49.99926957 49.99954944 49.99951283],49.99940746449708,969.9517803922242,1767.000000000003
80.24000000000117,[49.99931456 49.99929303 49.99957805 49.99954276],49.99943209897622,969.9409362809185,1767.0000000000023
80.26000000000117,[49.99933731 49.99932455 49.99960754 49.99957458],49.99946099621137,969.5862014433238,1767.0000000000011
80.28000000000117,[49.99936726 49.99936503 49.99963853 49.99960897],49.99949494597197,969.50826031945,1767.0000000000016
80.30000000000116,[49.99939724 49.99940515 49.99966782 49.99964172],49.99952798312903,969.6554155093235,1767.0000000000025
80.32000000000116,[49.99942431 49.99944106 49.99969399 49.99967098],49.999557585495296,969.7901673534467,1766.9999999999977
80.34000000000115,[49.9994522  49.99947747 49.99971866 49.99969884],49.99958679206313,969.6819945853549,1766.999999999999
80.36000000000115,[49.99948301 49.99951678 49.99974291 49.99972657],49.99961731831013,969.6722643670103,1766.9999999999957
80.38000000000115,[49.99951596 49.99955783 49.99976644 49.99975375],49.99964849471968,969.6203964486308,1767.0000000000011
80.40000000000114,[49.99955157 49.99960114 49.99978962 49.99978071],49.99968075951172,969.5736172567896,1767.0000000000011
80.42000000000114,[49.99959212 49.99964947 49.99981354 49.99980883],49.99971599055297,969.3634479719047,1766.9999999999995
80.44000000000113,[49.99963729 49.99970218 49.9998383  49.99983808],49.99975396421096,969.3348446839448,1767.0000000000005
80.46000000000113,[49.99968184 49.99975247 49.99986169 49.99986551],49.999790377071015,969.486532916369,1766.9999999999961
80.48000000000113,[49.99972495 49.99979937 49.99988338 49.99989068],49.99982459446117,969.5114276080631,1767.0000000000032
80.50000000000112,[49.99976635 49.99984249 49.99990341 49.99991356],49.99985645472681,969.6766020909164,1766.9999999999975
80.52000000000112,[49.99980865 49.99988526 49.999923   49.99993572],49.99988816051484,969.5161916325508,1767.0000000000027
80.54000000000111,[49.99985271 49.99992866 49.99994283 49.99995792],49.999920528700805,969.6120242882137,1767.000000000001
80.56000000000111,[49.99989506 49.9999684  49.99996144 49.99997825],49.99995078744405,969.6847029720517,1766.999999999999
80.5800000000011,[49.99993282 50.00000093 49.99997769 49.99999523],49.99997666678866,969.9714260953284,1766.9999999999998
80.6000000000011,[49.99996729 50.00002823 49.99999215 50.00000964],49.99999932999021,969.9464676647245,1767.0000000000007
80.6200000000011,[50.00000055 50.00005301 50.00000597 50.00002293],50.000020614386386,970.0782339427177,1766.9999999999993
80.6400000000011,[50.00002899 50.00007096 50.0000176  50.00003316],50.00003768033156,970.292163762897,1767.0000000000011
80.66000000000109,[50.00005142 50.00008088 50.00002656 50.00003975],50.000049654415605,970.4975600809752,1766.999999999995
80.68000000000109,[50.00007155 50.00008783 50.00003449 50.00004492],50.000059700447835,970.44533590229,1767.000000000002
80.70000000000108,[50.00009391 50.00009779 50.00004359 50.00005152],50.00007170133735,970.3234798427886,1767.0
80.72000000000108,[50.00011946 50.00011216 50.00005443 50.0000603 ],50.000086589119434,970.1920674523583,1767.0000000000011
80.74000000000107,[50.00015135 50.00013512 50.00006851 50.00007321],50.00010704855354,969.843400127314,1766.9999999999993
80.76000000000107,[50.00018956 50.00016664 50.00008609 50.00009052],50.00013320172716,969.7003897275988,1766.9999999999995
80.78000000000107,[50.00022772 50.00019874 50.00010443 50.00010868],50.00015989341392,969.7846876861048,1767.0
80.80000000000106,[50.00026226 50.00022709 50.00012194 50.00012565],50.000184238895216,969.8841858484536,1767.0000000000016
80.82000000000106,[50.00029117 50.0002493  50.00013775 50.00014037],50.00020464919021,970.1021641406023,1767.000000000003
80.84000000000106,[50.00032015 50.0002729  50.00015431 50.00015608],50.0002258605348,969.8032761659862,1767.000000000001
80.86000000000105,[50.00035475 50.00030482 50.00017439 50.00017627],50.00025255562073,969.6263388259264,1767.000000000001
80.88000000000105,[50.00038555 50.00033298 50.00019396 50.00019565],50.00027703386714,969.9748894462324,1766.9999999999973
80.90000000000104,[50.00041177 50.00035674 50.00021242 50.0002136 ],50.00029863175425,969.8542936816322,1767.0000000000016
80.92000000000104,[50.00043592 50.00037915 50.00023109 50.00023176],50.000319480116495,970.0232825389072,1767.0000000000045
80.94000000000104,[50.00045798 50.00040032 50.00024984 50.00025002],50.00033954164992,969.9060763834783,1766.9999999999964
80.96000000000103,[50.00048361 50.00042736 50.0002713  50.00027174],50.00036350334214,969.6803315489142,1766.9999999999982
80.98000000000103,[50.00051099 50.00045776 50.00029479 50.00029598],50.00038987981307,969.6875742709174,1767.0000000000007
81.00000000000102,[50.00053506 50.00048503 50.00031802 50.00031975],50.00041446445674,969.8158047677522,1767.0000000000002
81.02000000000102,[50.00055777 50.00051168 50.00034175 50.00034408],50.00043882042043,969.6917891362233,1766.9999999999995
81.04000000000102,[50.00058425 50.00054407 50.00036833 50.00037196],50.000467152923754,969.4659269249008,1766.9999999999973
81.06000000000101,[50.00060941 50.0005754  50.0003956  50.0004005 ],50.0004952286019,969.6978127001252,1766.9999999999998
81.08000000000101,[50.00063324 50.00060579 50.00042333 50.00042948],50.00052295910397,969.4799196232497,1767.0000000000027
81.100000000001,[50.00065964 50.00063984 50.00045338 50.0004612 ],50.00055351617745,969.4446438337225,1767.0000000000048
81.120000000001,[50.00068374 50.00067123 50.00048356 50.00049279],50.0005828291409,969.5694325208325,1767.000000000001
81.140000000001,[50.00070561 50.00069998 50.00051374 50.00052413],50.0006108651357,969.5374207310834,1766.999999999995
81.16000000000099,[50.00073113 50.00073344 50.00054652 50.00055853],50.00064240610904,969.2599567025205,1766.9999999999995
81.18000000000099,[50.0007599  50.00077074 50.00058184 50.00059582],50.000677076116375,969.2592578617424,1767.0000000000023
81.20000000000098,[50.00078996 50.00080932 50.00061872 50.00063472],50.000713179029155,969.1247097198813,1766.9999999999993
81.22000000000098,[50.0008169  50.00084328 50.00065522 50.00067268],50.00074702049129,969.434999889631,1767.0000000000005
81.24000000000098,[50.00083623 50.00086702 50.00068909 50.00070683],50.00077479178273,969.6220246178001,1767.0000000000018
81.26000000000097,[50.00085429 50.00088863 50.00072298 50.0007407 ],50.000801648819134,969.4992783425225,1767.0000000000027
81.28000000000097,[50.00087397 50.00091159 50.00075824 50.00077595],50.00082993920295,969.4889460136291,1767.000000000005
81.30000000000096,[50.00089649 50.00093744 50.00079531 50.00081319],50.000860608032994,969.2869578125637,1767.000000000003
81.32000000000096,[50.00092497 50.00097001 50.0008356  50.0008542 ],50.000896194344506,969.062807518054,1767.0000000000011
81.34000000000096,[50.00095807 50.0010074  50.00087852 50.00089818],50.00093554381138,968.9577246499375,1766.9999999999993
81.36000000000095,[50.00098722 50.00103863 50.00092023 50.00094015],50.000971558761684,969.3310263954634,1767.0000000000039
81.38000000000095,[50.00101135 50.00106263 50.00095991 50.00097917],50.001003263029816,969.309245763436,1767.0000000000048
81.40000000000094,[50.00104038 50.001092   50.00100193 50.00102093],50.001038806253206,968.9970720086794,1767.0000000000018
81.42000000000094,[50.00107502 50.00112747 50.00104675 50.00106594],50.00107879337996,968.9240682852943,1766.9999999999989
81.44000000000094,[50.00111233 50.00116532 50.00109296 50.00111243],50.00112075954215,968.8194069787991,1766.9999999999955
81.46000000000093,[50.0011526  50.00120592 50.00114069 50.00116051],50.00116493186992,968.7273333679246,1766.9999999999957
81.48000000000093,[50.00119589 50.00124937 50.00118991 50.0012102 ],50.00121134069897,968.6201790841598,1766.9999999999995
81.50000000000092,[50.00123905 50.00129162 50.00123923 50.00125968],50.00125739669384,968.7461104616311,1767.000000000002
81.52000000000092,[50.00128075 50.00133117 50.00128792 50.00130805],50.001301972916465,968.734366894448,1766.9999999999982
81.54000000000092,[50.00132309 50.00137074 50.0013369  50.00135654],50.0013468166094,968.7135811009587,1766.9999999999995
81.56000000000091,[50.00136874 50.00141382 50.0013873  50.00140667],50.00139413316253,968.5164537068323,1767.000000000004
81.58000000000091,[50.00141715 50.00145968 50.00143901 50.00145821],50.001443512088926,968.5300642633583,1766.9999999999998
81.6000000000009,[50.00146841 50.00150858 50.00149196 50.00151115],50.001495023564026,968.3272072446316,1766.9999999999961
81.6200000000009,[50.00151994 50.00155714 50.00154512 50.00156411],50.00154658089321,968.5162669030443,1767.0000000000005
81.6400000000009,[50.0015667  50.00159922 50.0015961  50.00161409],50.00159402535518,968.6640389895203,1767.0000000000005
81.66000000000089,[50.0016121  50.00163935 50.00164631 50.00166301],50.001640192638796,968.6150389223708,1767.0000000000014
81.68000000000089,[50.0016587  50.00168084 50.00169695 50.0017124 ],50.00168722477203,968.582694887828,1767.0000000000027
81.70000000000088,[50.00170136 50.00171721 50.00174575 50.00175937],50.00173092471903,968.8871188744141,1767.0000000000011
81.72000000000088,[50.00173633 50.00174402 50.00179084 50.00180163],50.001768207264405,969.1153350320105,1767.0000000000002
81.74000000000088,[50.00176663 50.00176535 50.00183343 50.00184088],50.00180157166034,969.2102247193131,1767.0
81.76000000000087,[50.00179503 50.00178491 50.00187472 50.00187873],50.001833348361316,969.2427865210778,1767.0
81.78000000000087,[50.00182227 50.00180376 50.001915   50.00191561],50.001864159828,969.2855589535609,1766.9999999999993
81.80000000000086,[50.00184741 50.00182087 50.00195378 50.00195099],50.00189326072092,969.3810916657625,1767.0000000000014
81.82000000000086,[50.00187151 50.00183776 50.00199142 50.00198541],50.00192152427464,969.3506778601055,1767.0000000000027
81.84000000000086,[50.00189317 50.00185272 50.00202728 50.00201809],50.00194781727561,969.5416568056366,1766.9999999999993
81.86000000000085,[50.00190857 50.00186108 50.00205947 50.00204672],50.001968960705405,969.7793165215113,1767.0
81.88000000000085,[50.00191909 50.00186481 50.00208843 50.00207198],50.00198607603545,969.8765855408451,1766.9999999999993
81.90000000000084,[50.00192762 50.0018677  50.00211535 50.00209549],50.002001539336455,969.9146540509206,1767.0000000000018
81.92000000000084,[50.00193696 50.00187335 50.00214138 50.0021188 ],50.002017622799926,969.8208571231944,1766.9999999999993
81.94000000000084,[50.00194874 50.00188381 50.00216725 50.00214287],50.0020356682317,969.7458160398334,1767.0000000000016
81.96000000000083,[50.00196015 50.00189538 50.00219167 50.00216602],50.00205330582842,969.8512768761362,1766.9999999999966
81.98000000000083,[50.0019695  50.00190598 50.00221373 50.00218715],50.0020690879297,969.8982616757824,1766.9999999999966
82.00000000000082,[50.00197787 50.00191692 50.00223384 50.0022068 ],50.002083857497624,969.9329026111319,1767.0000000000007
82.02000000000082,[50.00198554 50.00192845 50.00225206 50.00222506],50.00209777326232,969.9666122251737,1766.9999999999989
82.04000000000082,[50.00199695 50.00194613 50.00227029 50.00224437],50.002114436300744,969.698190998558,1767.0000000000018
82.06000000000081,[50.00201015 50.00196712 50.00228784 50.00226372],50.00213220865884,969.8691483770319,1767.000000000002
82.08000000000081,[50.00202314 50.00198883 50.00230362 50.00228174],50.002149331630264,969.7489210960443,1767.000000000006
82.1000000000008,[50.00203709 50.00201244 50.00231827 50.00229912],50.00216673141493,969.8416386342552,1767.0000000000027
82.1200000000008,[50.0020456  50.00202964 50.00232889 50.00231211],50.002179062056655,970.1714589315037,1767.0000000000005
82.1400000000008,[50.00205096 50.00204333 50.00233632 50.00232181],50.00218810630311,970.1147895107194,1766.9999999999973
82.16000000000079,[50.00205875 50.00206034 50.00234317 50.00233148],50.00219843500955,970.0598061419881,1766.9999999999977
82.18000000000079,[50.00207095 50.00208296 50.00235039 50.00234228],50.002211645881815,969.8683611516151,1767.0000000000027
82.20000000000078,[50.00208286 50.00210481 50.00235607 50.00235157],50.002223829675586,970.1417878607017,1767.000000000002
82.22000000000078,[50.00209061 50.00212098 50.00235834 50.00235696],50.00223172224679,970.2253725389946,1766.9999999999998
82.24000000000078,[50.00209606 50.00213368 50.00235809 50.00235952],50.00223683773156,970.3714346678531,1767.0000000000011
82.26000000000077,[50.00209856 50.00214198 50.00235504 50.00235887],50.00223861242693,970.5026017632568,1767.0000000000011
82.28000000000077,[50.00209794 50.0021456  50.00234917 50.0023549 ],50.00223690396072,970.6607568674556,1767.0000000000066
82.30000000000076,[50.00209954 50.00215133 50.00234281 50.00235065],50.00223608370052,970.4241065644268,1766.9999999999998
82.32000000000076,[50.00210545 50.00216155 50.00233718 50.00234753],50.0022379294433,970.4318536116269,1767.0000000000018
82.34000000000076,[50.00210879 50.00216746 50.00232929 50.00234162],50.0022367920123,970.6702256107288,1767.0
82.36000000000075,[50.00210755 50.0021666  50.00231817 50.0023317 ],50.002231003707315,970.8184695209061,1767.0000000000018
82.38000000000075,[50.00210187 50.00215919 50.00230393 50.00231788],50.002220717387665,971.0440347635587,1767.0000000000036
82.40000000000074,[50.00208943 50.00214241 50.00228554 50.00229888],50.002204065861484,971.3496397438059,1767.0000000000036
82.42000000000074,[50.00207208 50.00211885 50.00226377 50.00227573],50.0021826071867,971.4444773184388,1766.9999999999984
82.44000000000074,[50.00205809 50.00209917 50.00224234 50.00225328],50.00216322140079,971.1709748298869,1766.9999999999986
82.46000000000073,[50.00204295 50.00207747 50.00221957 50.00222924],50.002142307381845,971.5679436228809,1766.9999999999986
82.48000000000073,[50.00201885 50.00204422 50.00219175 50.00219896],50.00211344574756,971.8350214803065,1766.999999999998
82.50000000000072,[50.00199519 50.00201173 50.002163   50.00216785],50.00208444434388,971.5751559694532,1766.9999999999975
82.52000000000072,[50.00197756 50.00198701 50.00213607 50.00213941],50.00206001067774,971.4451484460654,1766.9999999999995
82.54000000000072,[50.00196238 50.00196559 50.00210946 50.00211168],50.002037278766736,971.4256089844338,1767.0000000000027
82.56000000000071,[50.00194461 50.00194116 50.00208099 50.00208185],50.0020121538902,971.6396336015017,1766.9999999999964
82.58000000000071,[50.0019249  50.00191485 50.00205086 50.00205025],50.001985213551194,971.5714721395757,1766.999999999998
82.6000000000007,[50.00189987 50.00188234 50.00201771 50.00201512],50.00195375965041,972.0121239988837,1767.0000000000011
82.6200000000007,[50.00186946 50.00184399 50.0019813  50.00197627],50.001917754277045,971.9477038318025,1767.000000000002
82.6400000000007,[50.00184178 50.00181013 50.00194539 50.00193856],50.00188396598273,971.8184002932734,1766.9999999999973
82.6600000000007,[50.00181661 50.00178047 50.00191002 50.00190201],50.001852277992896,971.763141304021,1767.0000000000016
82.68000000000069,[50.00179416 50.00175533 50.00187535 50.00186681],50.00182291105892,971.6146852739046,1766.9999999999977
82.70000000000068,[50.00177168 50.00173114 50.00184029 50.0018315 ],50.001793650448185,971.7450980198914,1767.0000000000036
82.72000000000068,[50.00174418 50.00170165 50.00180257 50.00179321],50.001760402138615,971.9410788413031,1766.9999999999973
82.74000000000068,[50.00171758 50.00167453 50.00176476 50.00175526],50.001728031368344,971.6621847571768,1767.0000000000057
82.76000000000067,[50.00169378 50.00165197 50.00172799 50.00171902],50.001698189531915,971.7183931940482,1766.9999999999977
82.78000000000067,[50.00166899 50.00162915 50.00169055 50.00168227],50.001667741247886,971.7031052810892,1766.9999999999984
82.80000000000067,[50.00164423 50.00160727 50.00165297 50.00164566],50.0016375329291,971.6878076827337,1767.0000000000023
82.82000000000066,[50.00161541 50.00158102 50.00161353 50.00160688],50.00160421025265,971.9545790885145,1767.0000000000039
82.84000000000066,[50.00158114 50.00154873 50.00157149 50.00156507],50.001566605386216,972.0379638082935,1766.999999999998
82.86000000000065,[50.00154582 50.00151593 50.00152886 50.00152277],50.001528343810776,971.9997669783717,1767.0000000000025
82.88000000000065,[50.00151007 50.00148325 50.00148602 50.00148042],50.00148994032087,972.0396623392945,1767.000000000002
82.90000000000065,[50.0014736  50.00145027 50.00144285 50.00143786],50.00145114713973,972.0222608458236,1766.999999999999
82.92000000000064,[50.00143612 50.00141649 50.0013993  50.00139496],50.00141171871451,972.0826821313276,1766.9999999999973
82.94000000000064,[50.00139753 50.0013817  50.00135531 50.00135163],50.001371541571466,972.0748453883105,1767.0000000000016
82.96000000000063,[50.00135711 50.00134491 50.00131061 50.00130749],50.001330030282794,972.1844634826859,1766.999999999998
82.98000000000063,[50.00131069 50.00130071 50.00126333 50.00126009],50.00128370159152,972.4699667113304,1766.9999999999982
83.00000000000063,[50.00126089 50.00125257 50.00121446 50.00121081],50.00123468414619,972.4010795966168,1766.9999999999973
83.02000000000062,[50.0012072  50.00119965 50.00116393 50.00115947],50.001182562371284,972.7215612130175,1766.999999999998
83.04000000000062,[50.00114988 50.00114245 50.00111163 50.00110602],50.001127495384516,972.6399702032038,1767.0000000000011
83.06000000000061,[50.00108885 50.00108069 50.00105764 50.00105054],50.00106943094106,972.9648670140662,1767.0000000000061
83.08000000000061,[50.00102258 50.00101264 50.00100105 50.00099193],50.00100704945455,972.9950523942852,1766.9999999999993
83.1000000000006,[50.0009596  50.00094912 50.00094564 50.0009351 ],50.00094736559423,972.7298736239269,1767.0000000000005
83.1200000000006,[50.00090182 50.00089237 50.0008924  50.00088126],50.000891961231034,972.6264158729495,1767.0000000000064
83.1400000000006,[50.00084929 50.00084242 50.00084132 50.00083038],50.00084085507782,972.3593064590087,1767.0000000000032
83.1600000000006,[50.00080213 50.00079921 50.00079255 50.00078258],50.00079411809748,972.24923367332,1767.000000000002
83.18000000000059,[50.00075413 50.00075474 50.00074334 50.00073426],50.000746615850176,972.4138896428148,1766.9999999999993
83.20000000000059,[50.00070585 50.00070981 50.00069375 50.00068556],50.00069874382209,972.2708836622842,1767.0
83.22000000000058,[50.00065888 50.00066628 50.00064464 50.00063748],50.0006518195525,972.3245287473693,1766.9999999999973
83.24000000000058,[50.00061032 50.00062041 50.00059463 50.00058827],50.000603405289645,972.3868712224375,1766.9999999999984
83.26000000000057,[50.00056181 50.00057429 50.00054443 50.00053882],50.0005548378856,972.3283147644819,1766.9999999999993
83.28000000000057,[50.00051897 50.00053504 50.0004966  50.0004924 ],50.00051075289066,972.0005757155883,1766.9999999999952
83.30000000000057,[50.00048031 50.00050043 50.00045068 50.0004483 ],50.00046993104716,972.0440345591679,1766.9999999999964
83.32000000000056,[50.00043963 50.00046261 50.00040386 50.00040286],50.00042724158411,972.148168223706,1767.0000000000048
83.34000000000056,[50.00039751 50.00042236 50.00035636 50.00035637],50.00038315175273,972.1526839360442,1766.9999999999945
83.36000000000055,[50.00036028 50.00038772 50.000311   50.00031249],50.00034287297531,971.8184272138814,1767.000000000003
83.38000000000055,[50.00032614 50.00035613 50.00026727 50.00027037],50.000304978846884,971.9424249281761,1766.9999999999966
83.40000000000055,[50.00029365 50.00032588 50.0002244  50.00022908],50.000268253098504,971.7107581850047,1767.000000000003
83.42000000000054,[50.00026236 50.0002962  50.00018242 50.00018853],50.00023237512994,971.8614210157994,1767.0000000000027
83.44000000000054,[50.00022902 50.00026312 50.00013978 50.00014676],50.00019466759956,971.8554390287728,1767.0
83.46000000000053,[50.00019739 50.00023141 50.00009822 50.00010601],50.00015825630805,971.7432283658702,1767.0000000000023
83.48000000000053,[50.00016801 50.00020171 50.00005811 50.00006668],50.00012362729317,971.696244614197,1766.9999999999998
83.50000000000053,[50.00013724 50.00016939 50.0000179  50.00002676],50.000087824600705,971.8328002414084,1766.9999999999982
83.52000000000052,[50.00011198 50.00014346 49.99998056 49.99999014],50.000056536813155,971.3074344055312,1767.000000000001
83.54000000000052,[50.0000942  50.00012608 49.9999474  49.99995832],50.000031499649886,971.2969457809586,1767.000000000002
83.56000000000051,[50.00007228 50.00010254 49.99991322 49.9999246 ],50.00000316042119,971.5753926963065,1766.9999999999968
83.58000000000051,[50.0000502  50.00007823 49.99987963 49.99989115],49.99997480182563,971.2893142611695,1766.9999999999995
83.6000000000005,[50.00002984 50.00005536 49.99984776 49.99985932],49.999948069106736,971.4289576790032,1767.0000000000032
83.6200000000005,[50.00000515 50.00002641 49.99981483 49.99982559],49.99991799177718,971.5615456620216,1767.000000000004
83.6400000000005,[49.99997981 49.99999627 49.99978245 49.99979208],49.99988765421887,971.4421163787878,1767.0000000000027
83.6600000000005,[49.99995411 49.99996532 49.9997509  49.99975915],49.99985737141044,971.5481925516543,1766.9999999999995
83.68000000000049,[49.99992734 49.99993283 49.99971979 49.99972633],49.99982657499999,971.4769548851432,1767.0000000000014
83.70000000000049,[49.99990139 49.9999013  49.99969005 49.99969485],49.99979689802494,971.4456670646609,1766.9999999999995
83.72000000000048,[49.99987683 49.99987156 49.99966192 49.99966507],49.999768845891566,971.3319707051782,1766.9999999999977
83.74000000000048,[49.99985352 49.99984348 49.99963541 49.999637  ],49.99974235473582,971.305974161934,1766.9999999999984
83.76000000000047,[49.99983109 49.9998167  49.99961034 49.99961042],49.999717137925124,971.2164721692574,1767.0
83.78000000000047,[49.9998076  49.99978881 49.99958589 49.99958431],49.99969165350979,971.3202483399002,1766.9999999999977
83.80000000000047,[49.99978712 49.99976517 49.99956373 49.99956091],49.99966923544731,970.9505385794536,1767.0000000000002
83.82000000000046,[49.99976436 49.99973884 49.9995418  49.99953744],49.999645609440776,971.4135594408203,1766.9999999999986
83.84000000000046,[49.99973518 49.99970498 49.99951782 49.99951119],49.999617292747246,971.3380687293837,1767.000000000002
83.86000000000045,[49.99970489 49.99967033 49.99949428 49.99948534],49.999588709099854,971.4291440259699,1767.000000000001
83.88000000000045,[49.99966907 49.99962935 49.9994691  49.99945729],49.9995562040408,971.6617454962861,1767.0000000000011
83.90000000000045,[49.99962666 49.99958088 49.99944164 49.99942633],49.99951887655505,971.8295688064653,1767.0000000000011
83.92000000000044,[49.99958235 49.9995311  49.99941384 49.99939506],49.99948058757894,971.738093762269,1766.999999999998
83.94000000000044,[49.99954094 49.99948608 49.99938785 49.99936628],49.99944528870692,971.5736185374606,1767.000000000004
83.96000000000043,[49.99950115 49.99944413 49.99936309 49.99933927],49.99941190957345,971.5721892711387,1766.9999999999998
83.98000000000043,[49.99946398 49.99940657 49.99933985 49.99931445],49.999381210361,971.3439810701697,1767.0000000000023
84.00000000000043,[49.99942946 49.9993733  49.9993182  49.99929187],49.99935320628939,971.3411105871278,1766.9999999999973
84.02000000000042,[49.99939519 49.99934125 49.99929691 49.99927001],49.999325838657136,971.2863947731776,1766.9999999999986
84.04000000000042,[49.99935968 49.99930846 49.99927526 49.99924792],49.999297829621405,971.3913215880613,1767.0000000000011
84.06000000000041,[49.99931796 49.99926854 49.99925088 49.9992226 ],49.999264996348266,971.6892578509971,1766.9999999999964
84.08000000000041,[49.99927611 49.99922942 49.9992262  49.99919727],49.999232250838055,971.3819175793723,1766.9999999999982
84.1000000000004,[49.99923855 49.99919637 49.99920334 49.99917461],49.99920321862888,971.3746631676032,1766.9999999999945
84.1200000000004,[49.99920679 49.99917126 49.99918283 49.99915528],49.99917904234469,970.9713977660664,1766.999999999999
84.1400000000004,[49.99918315 49.99915666 49.99916586 49.99914073],49.99916159929997,970.8056269290671,1767.000000000001
84.1600000000004,[49.99916464 49.99914858 49.99915106 49.9991291 ],49.99914834562671,970.616230721186,1766.999999999998
84.18000000000039,[49.99914696 49.99914125 49.99913655 49.99911788],49.999135659352746,970.7551339474948,1766.9999999999977
84.20000000000039,[49.99912468 49.99912768 49.99911976 49.99910374],49.99911896619998,970.9512936832377,1767.0000000000007
84.22000000000038,[49.99909756 49.9991075  49.99910046 49.9990864 ],49.99909797711813,971.115413847931,1766.9999999999995
84.24000000000038,[49.99907098 49.99908756 49.99908095 49.99906884],49.999077081229395,970.9430430558702,1766.999999999998
84.26000000000037,[49.9990498  49.99907374 49.99906352 49.9990539 ],49.99906023975635,970.7738764987427,1767.0000000000018
84.28000000000037,[49.99903381 49.99906557 49.99904814 49.99904149],49.999047253711296,970.618125623986,1766.9999999999995
84.30000000000037,[49.99902157 49.99906102 49.99903423 49.99903077],49.99903689925343,970.5517984876186,1767.0000000000023
84.32000000000036,[49.99900943 49.99905531 49.9990202  49.99901959],49.99902612928689,970.652512122738,1767.0000000000002
84.34000000000036,[49.99899216 49.99904176 49.99900366 49.99900489],49.99901061587816,970.9508563624164,1766.999999999999
84.36000000000035,[49.99896867 49.9990191  49.99898398 49.99898589],49.998989411722135,971.1322400287205,1767.0000000000032
84.38000000000035,[49.99894489 49.99899498 49.99896375 49.99896598],49.99896739989888,971.0204055543721,1766.9999999999993
84.40000000000035,[49.99892817 49.99897869 49.99894634 49.99894948],49.99895067211829,970.6891593936813,1767.0
84.42000000000034,[49.99891713 49.99896827 49.99893137 49.99893577],49.99893813480858,970.6687292681524,1766.9999999999957
84.44000000000034,[49.99890566 49.99895603 49.9989161  49.99892132],49.99892477720921,970.7590638971741,1767.000000000001
84.46000000000033,[49.99889456 49.99894309 49.99890081 49.99890653],49.998911247096906,970.6843435752949,1766.9999999999998
84.48000000000033,[49.99888566 49.99893184 49.99888641 49.99889256],49.99889911564943,970.642377696785,1766.9999999999982
84.50000000000033,[49.99888017 49.9989239  49.99887347 49.99888014],49.99888942000187,970.4802762788439,1767.0000000000016
84.52000000000032,[49.99887401 49.99891403 49.99886033 49.99886708],49.99887886233587,970.7155167667266,1766.9999999999984
84.54000000000032,[49.99886298 49.99889719 49.99884498 49.99885088],49.998864007716406,970.84295677959,1767.0000000000018
84.56000000000031,[49.99885396 49.99888234 49.99883046 49.99883551],49.9988505667087,970.5979886676964,1767.0000000000039
84.58000000000031,[49.99885302 49.9988772  49.99881968 49.9988247 ],49.99884365035231,970.2948056231315,1766.9999999999984
84.6000000000003,[49.99885528 49.99887549 49.99881067 49.99881584],49.99883931982589,970.3805255654214,1766.9999999999986
84.6200000000003,[49.99885819 49.99887418 49.99880222 49.9988074 ],49.998835496074946,970.2522768340567,1767.0000000000048
84.6400000000003,[49.99886554 49.99887818 49.99879614 49.99880171],49.998835394437,970.0670627727101,1766.9999999999995
84.6600000000003,[49.99887461 49.99888401 49.99879137 49.99879737],49.998836841770036,970.1211895664686,1766.9999999999984
84.68000000000029,[49.99887737 49.99888157 49.99878435 49.99878979],49.99883327013559,970.4887436066134,1767.0000000000055
84.70000000000029,[49.99887364 49.99887101 49.99877483 49.99877877],49.99882456283538,970.5535005795823,1766.9999999999993
84.72000000000028,[49.99886979 49.99886055 49.9987657  49.99876809],49.99881603479085,970.4740786341928,1767.0000000000061
84.74000000000028,[49.99886623 49.99885079 49.99875728 49.99875816],49.99880811486421,970.502635017833,1767.0000000000023
84.76000000000028,[49.99886553 49.99884513 49.99875068 49.99875047],49.998802950677515,970.2424717557304,1766.9999999999984
84.78000000000027,[49.99886621 49.99884161 49.99874547 49.99874439],49.998799420009114,970.3649010945783,1767.0000000000011
84.80000000000027,[49.99886492 49.99883619 49.99874004 49.99873791],49.998794767857916,970.336708519121,1767.0000000000002
84.82000000000026,[49.99886442 49.99883245 49.99873566 49.99873271],49.99879131171279,970.2640612123655,1767.0000000000014
84.84000000000026,[49.99886387 49.99882928 49.99873201 49.99872836],49.99878837964156,970.2922538390401,1766.9999999999984
84.86000000000026,[49.99885974 49.99882231 49.9987275  49.99872284],49.99878309719842,970.4615787519288,1766.9999999999973
84.88000000000025,[49.99885275 49.99881258 49.99872235 49.99871649],49.99877604101175,970.4416663505046,1767.0000000000016
84.90000000000025,[49.99884391 49.99880138 49.99871705 49.99870997],49.998768077312505,970.5382072008891,1767.0000000000011
84.92000000000024,[49.99883358 49.99878923 49.99871166 49.99870341],49.9987594715096,970.4962523819605,1766.9999999999995
84.94000000000024,[49.99882292 49.99877761 49.99870674 49.99869753],49.998751201651494,970.5105359801146,1766.9999999999982
84.96000000000024,[49.99881167 49.99876617 49.99870213 49.99869214],49.998743026958465,970.4889638309202,1766.9999999999989
84.98000000000023,[49.9988007  49.998756   49.99869817 49.9986877 ],49.99873564280191,970.444793976216,1767.0000000000036
85.00000000000023,[49.9987898  49.99874677 49.99869475 49.99868407],49.99872884636727,970.440307590681,1767.0000000000005
85.02000000000022,[49.99877399 49.99873206 49.99868963 49.99867836],49.998718511957044,970.7434843518848,1766.9999999999975
85.04000000000022,[49.99875491 49.99871413 49.99868327 49.99867125],49.99870589102747,970.6344947139407,1766.9999999999998
85.06000000000022,[49.99873642 49.99869773 49.99867746 49.99866504],49.99869416193057,970.6702897858625,1767.000000000002
85.08000000000021,[49.99871793 49.99868206 49.99867183 49.99865926],49.998682772566525,970.607997142129,1767.0000000000093
85.10000000000021,[49.99870231 49.99867067 49.99866763 49.99865552],49.99867403010955,970.449683736377,1766.9999999999993
85.1200000000002,[49.99868985 49.99866375 49.998665   49.99865397],49.998668139484906,970.369951139935,1767.000000000003
85.1400000000002,[49.99867738 49.9986571  49.9986625  49.99865269],49.99866241528402,970.4375770545106,1767.0000000000011
85.1600000000002,[49.99866537 49.99865129 49.99866019 49.9986518 ],49.998657161131874,970.3325797180199,1766.9999999999995
85.18000000000019,[49.99865356 49.99864576 49.998658   49.99865112],49.99865210933258,970.4227512047223,1767.0
85.20000000000019,[49.99863987 49.99863783 49.99865486 49.99864932],49.99864547198504,970.4685979236134,1767.0
85.22000000000018,[49.99862772 49.99863175 49.99865223 49.99864824],49.99863998620499,970.3287738336802,1766.9999999999977
85.24000000000018,[49.99861818 49.99862869 49.99865064 49.99864853],49.99863650899923,970.3024400335162,1767.0000000000023
85.26000000000018,[49.99861012 49.99862708 49.99864953 49.99864942],49.998634038424754,970.2470229564661,1767.0000000000014
85.28000000000017,[49.99860665 49.99863075 49.99865027 49.99865265],49.99863508153854,970.0097286383641,1766.9999999999998
85.30000000000017,[49.99860663 49.99863799 49.99865248 49.99865761],49.998638676460146,970.034894632617,1767.0000000000011
85.32000000000016,[49.99860342 49.99864028 49.99865312 49.99866038],49.99863930044821,970.2625196338511,1766.9999999999989
85.34000000000016,[49.99859785 49.99863873 49.99865241 49.99866126],49.99863756061191,970.2372588908187,1766.9999999999973
85.36000000000016,[49.9985926  49.99863667 49.99865159 49.99866182],49.99863566899295,970.2789528891424,1766.9999999999986
85.38000000000015,[49.99858493 49.99863054 49.99864942 49.99866046],49.99863133815892,970.4464740893256,1766.999999999996
85.40000000000015,[49.9985802  49.99862732 49.99864817 49.99866013],49.99862895555428,970.1194278681706,1766.9999999999995
85.42000000000014,[49.99858089 49.99862989 49.99864918 49.99866247],49.998630609476464,970.1106788455788,1767.0000000000007
85.44000000000014,[49.99858001 49.99862937 49.99864929 49.99866341],49.99863051978023,970.2700099726125,1767.0000000000011
85.46000000000014,[49.99857629 49.9986243  49.99864785 49.99866211],49.99862763881065,970.3498262028158,1767.000000000008
85.48000000000013,[49.99857105 49.99861643 49.99864543 49.99865936],49.99862306663722,970.4168871646038,1767.0000000000005
85.50000000000013,[49.99856601 49.99860805 49.99864275 49.99865613],49.99861823283859,970.3766320600599,1766.9999999999995
85.52000000000012,[49.99856498 49.99860409 49.99864156 49.99865467],49.998616326089326,970.1752967782437,1766.9999999999986
85.54000000000012,[49.99856453 49.99860008 49.99864046 49.99865315],49.9986145537606,970.3696280916117,1767.0000000000027
85.56000000000012,[49.99855676 49.99858622 49.99863583 49.99864693],49.998606437413635,970.7138511292991,1767.0000000000005
85.58000000000011,[49.99853991 49.99856057 49.99862668 49.9986349 ],49.99859051761277,971.0318551242841,1767.0000000000002
85.60000000000011,[49.99851766 49.99852813 49.99861454 49.99861914],49.99856986534863,971.118514057335,1767.0000000000002
85.6200000000001,[49.99849268 49.99849246 49.99860058 49.99860125],49.9985467416973,971.2466130982565,1766.9999999999945
85.6400000000001,[49.99846515 49.99845403 49.99858483 49.99858135],49.998521339126434,971.3174050051302,1767.0000000000052
85.6600000000001,[49.9984347  49.99841255 49.99856707 49.99855925],49.998493391988525,971.4680494276494,1767.0000000000025
85.68000000000009,[49.99840003 49.99836663 49.9985466  49.99853417],49.998461856362766,971.6270086018549,1766.999999999998
85.70000000000009,[49.99836431 49.99832057 49.9985247  49.99850787],49.99842936064158,971.5568030737115,1767.0000000000016
85.72000000000008,[49.99832856 49.99827574 49.99850185 49.99848103],49.998396794928965,971.640707635136,1766.9999999999964
85.74000000000008,[49.9982895  49.99822814 49.99847647 49.9984517 ],49.998361450966954,971.7984835740551,1767.0000000000005
85.76000000000008,[49.99825407 49.99818687 49.99845147 49.99842376],49.998329043899346,971.4016804505085,1767.0000000000027
85.78000000000007,[49.99822411 49.99815405 49.99842791 49.9983985 ],49.99830114402776,971.426412603093,1767.000000000001
85.80000000000007,[49.99819175 49.99811972 49.99840216 49.99837128],49.99827122830948,971.5783016748516,1766.999999999998
85.82000000000006,[49.998162   49.9980904  49.99837626 49.99834482],49.99824337314038,971.2601584000458,1766.9999999999982
85.84000000000006,[49.99813972 49.99807203 49.99835259 49.9983221 ],49.99822161131269,971.071911297091,1767.0000000000005
85.86000000000006,[49.99812223 49.99806098 49.99832999 49.99830155],49.998203687751186,970.9428426696022,1766.9999999999998
85.88000000000005,[49.99810633 49.99805301 49.9983071  49.99828134],49.9981869458924,970.9776401599594,1767.0000000000016
85.90000000000005,[49.9980917  49.9980476  49.99828374 49.9982612 ],49.99817105999239,970.8758501291887,1766.9999999999977
85.92000000000004,[49.99807602 49.99804147 49.998259   49.99823985],49.998154084364174,971.074081041195,1766.9999999999995
85.94000000000004,[49.99806127 49.99803715 49.99823367 49.99821829],49.99813759608465,970.8398322858477,1766.9999999999964
85.96000000000004,[49.99805087 49.99803855 49.99820952 49.99819865],49.99812439633314,970.8017949361641,1766.9999999999993
85.98000000000003,[49.99804157 49.99804128 49.99818517 49.99817904],49.99811176572501,970.7960863959162,1766.9999999999986
86.00000000000003,[49.99803195 49.99804333 49.9981601  49.99815868],49.998098515513334,970.8579101655419,1766.9999999999989
86.02000000000002,[49.99802394 49.99804697 49.99813522 49.99813865],49.99808619271687,970.721969459215,1766.9999999999995
86.04000000000002,[49.99801647 49.99805048 49.99811026 49.99811846],49.99807391890541,970.8572943586812,1766.9999999999973
86.06000000000002,[49.99800674 49.99805022 49.99808399 49.99809646],49.99805935163001,970.9185442197271,1766.9999999999989
86.08000000000001,[49.99799908 49.99805156 49.99805843 49.99807518],49.998046062935785,970.7532393821574,1767.0000000000032
86.10000000000001,[49.99799634 49.99805784 49.99803508 49.99805641],49.99803641551401,970.615096993785,1767.0000000000034
86.12,[49.99799293 49.99806171 49.99801166 49.99803705],49.99802583889519,970.8338318207159,1767.0000000000066
86.14,[49.99798365 49.99805663 49.99798583 49.99801407],49.99801004570131,971.056677804575,1767.0000000000007
86.16,[49.99796646 49.99804    49.99795669 49.99798632],49.997987365407084,971.4163733478484,1767.0000000000016
86.17999999999999,[49.99794983 49.99802287 49.99792792 49.99795859],49.99796480130158,971.0505007267609,1767.0000000000025
86.19999999999999,[49.99793662 49.99800857 49.99790121 49.99793291],49.99794482824565,971.2010921432754,1766.999999999998
86.21999999999998,[49.99791978 49.99798831 49.99787338 49.99790519],49.997921666466354,971.3215455231829,1767.0000000000018
86.23999999999998,[49.99790453 49.99796892 49.99784674 49.99787846],49.9978996626397,971.1063644358559,1766.999999999997
86.25999999999998,[49.99789386 49.99795417 49.99782286 49.99785466],49.997881387808675,971.0097538484276,1767.000000000001
86.27999999999997,[49.99788164 49.99793633 49.99779911 49.9978304 ],49.99786187089248,971.2123507765095,1766.9999999999993
86.29999999999997,[49.99786887 49.99791697 49.99777582 49.99780616],49.99784195402117,971.0449723940029,1767.0000000000027
86.31999999999996,[49.99785801 49.99789926 49.99775427 49.9977836 ],49.99782378498293,971.0662998053953,1766.9999999999995
86.33999999999996,[49.99785093 49.99788582 49.99773528 49.99776379],49.99780895352756,970.7648500515162,1767.0000000000025
86.35999999999996,[49.99785274 49.99788314 49.99772134 49.99774991],49.99780178373399,970.4213555576972,1767.0000000000005
86.37999999999995,[49.99785974 49.99788646 49.99771102 49.99774002],49.9977993103431,970.3683335120751,1766.9999999999986
86.39999999999995,[49.99786482 49.99788688 49.99770116 49.99773006],49.99779572906844,970.5128486588028,1767.0000000000027
86.41999999999994,[49.99787114 49.99788869 49.99769307 49.99772181],49.997793676667214,970.238013012032,1766.9999999999989
86.43999999999994,[49.99787767 49.9978905  49.99768657 49.99771493],49.9977924143434,970.4440890224622,1766.9999999999982
86.45999999999994,[49.99787904 49.99788575 49.99767914 49.99770626],49.99778754563458,970.5395494366219,1767.0000000000025
86.47999999999993,[49.99787561 49.99787506 49.99767094 49.99769607],49.997779419031446,970.7165995930997,1767.0000000000061
86.49999999999993,[49.99786366 49.99785392 49.99766029 49.99768224],49.9977650297126,971.0654573394153,1767.000000000006
86.51999999999992,[49.9978467  49.99782714 49.99764855 49.9976667 ],49.9977472693506,971.0000753964796,1767.0000000000014
86.53999999999992,[49.99782787 49.99779879 49.99763721 49.99765141],49.99772882115461,971.1232632840245,1766.9999999999995
86.55999999999992,[49.9978095  49.99777209 49.99762719 49.99763765],49.99771160891504,970.8963206604022,1766.9999999999993
86.57999999999991,[49.99779178 49.99774721 49.99761868 49.99762567],49.997695835883796,971.0020774816722,1767.0000000000016
86.59999999999991,[49.99777314 49.99772242 49.99761081 49.99761446],49.99768020560874,970.8844695607756,1767.0000000000016
86.6199999999999,[49.99775115 49.99769458 49.99760249 49.99760264],49.99766271742742,971.1585392969266,1766.999999999998
86.6399999999999,[49.99772739 49.99766603 49.99759413 49.9975909 ],49.99764461236356,970.9371859187037,1766.9999999999975
86.6599999999999,[49.9977093  49.99764612 49.99758911 49.99758361],49.997632034457645,970.6939936549498,1767.000000000002
86.6799999999999,[49.99769443 49.99763163 49.99758635 49.99757935],49.997622938880475,970.6443116534263,1767.0000000000016
86.69999999999989,[49.99767957 49.99761841 49.99758428 49.99757614],49.99761459849587,970.630625760829,1766.9999999999995
86.71999999999989,[49.99766535 49.99760727 49.99758307 49.99757422],49.99760747887153,970.5419400563557,1766.9999999999995
86.73999999999988,[49.99765096 49.99759701 49.99758231 49.99757307],49.99760083627897,970.5909368976351,1767.0000000000016
86.75999999999988,[49.99763106 49.99758077 49.9975795  49.99756947],49.997590199948974,970.8789326722293,1767.0000000000014
86.77999999999987,[49.99760625 49.99755937 49.9975746  49.99756349],49.99757592769469,970.8988324406321,1766.9999999999927
86.79999999999987,[49.9975768  49.997533   49.99756771 49.99755524],49.99755818848391,971.1732061393964,1766.9999999999973
86.81999999999987,[49.99754609 49.99750605 49.99756004 49.99754639],49.99753964500262,970.9700299484876,1766.9999999999911
86.83999999999986,[49.997522   49.99748826 49.99755514 49.99754149],49.99752672208261,970.7037456998456,1766.9999999999977
86.85999999999986,[49.99749983 49.99747332 49.99755097 49.99753782],49.99751548498138,970.8314170027523,1767.0000000000048
86.87999999999985,[49.99747257 49.99745226 49.99754418 49.99753108],49.99750001956226,971.0633673804584,1766.9999999999995
86.89999999999985,[49.99744145 49.99742664 49.99753506 49.99752173],49.9974812176793,971.1168792670359,1766.9999999999966
86.91999999999985,[49.9974072  49.99739724 49.99752386 49.99751008],49.997459592631515,971.3062316740267,1766.9999999999995
86.93999999999984,[49.99737326 49.99736844 49.99751188 49.99749788],49.99743786432675,971.1316268337271,1767.0000000000007
86.95999999999984,[49.99734266 49.99734381 49.99750052 49.99748689],49.99741847057163,971.1158501893811,1766.999999999996
86.97999999999983,[49.99731109 49.99731772 49.99748777 49.99747446],49.997397759442705,971.2487753400057,1766.9999999999945
86.99999999999983,[49.99728032 49.99729243 49.9974742  49.99746142],49.99737709213101,971.1189612074357,1766.999999999998
87.01999999999983,[49.9972546  49.99727312 49.99746173 49.99745017],49.99735990622571,970.9625708867273,1766.9999999999945
87.03999999999982,[49.99723232 49.99725755 49.99744965 49.99743974],49.99734481731382,970.9490577026467,1766.9999999999995
87.05999999999982,[49.99721006 49.99724126 49.99743637 49.99742805],49.99732893571678,971.0359158915265,1767.0000000000011
87.07999999999981,[49.99718709 49.99722324 49.99742145 49.99741453],49.99731157801387,971.080234443061,1766.9999999999989
87.09999999999981,[49.99716599 49.99720677 49.997406   49.99740061],49.997294843971474,970.9906249743306,1766.9999999999977
87.1199999999998,[49.99714482 49.99718917 49.99738922 49.99738518],49.99727709846339,971.1724917046838,1767.0000000000005
87.1399999999998,[49.99712324 49.9971701  49.9973708  49.9973679 ],49.997258009836536,971.1112075516094,1766.9999999999957
87.1599999999998,[49.99710792 49.99715799 49.9973538  49.99735265],49.997243090740795,970.8290768567084,1766.9999999999952
87.1799999999998,[49.99709865 49.99715233 49.9973383  49.99733944],49.99723218013268,970.7806679767749,1766.9999999999936
87.19999999999979,[49.99709881 49.99715745 49.99732579 49.99733016],49.99722805473706,970.2644530832536,1766.9999999999945
87.21999999999979,[49.99710629 49.99717029 49.99731572 49.99732389],49.99722904686202,970.3550842979373,1766.9999999999986
87.23999999999978,[49.99711172 49.99717898 49.99730385 49.99731513],49.99722742049683,970.4897204970744,1766.9999999999973
87.25999999999978,[49.99711616 49.99718499 49.99729065 49.99730451],49.997224075177,970.5047666706728,1767.0000000000002
87.27999999999977,[49.99712322 49.99719291 49.99727785 49.99729419],49.99722204278401,970.384126601167,1766.9999999999964
87.29999999999977,[49.99713265 49.99720235 49.99726555 49.99728422],49.99722119409503,970.4095825587033,1767.000000000006
87.31999999999977,[49.99714413 49.99721301 49.99725371 49.99727451],49.99722133829382,970.3047374391803,1766.9999999999995
87.33999999999976,[49.99715579 49.99722246 49.9972417  49.99726419],49.99722103159815,970.4512036079964,1767.0000000000018
87.35999999999976,[49.99717051 49.99723461 49.99723081 49.99725493],49.99722271508347,970.1408346414338,1766.9999999999948
87.37999999999975,[49.99719012 49.99725165 49.99722224 49.99724815],49.99722804065699,970.1473019165786,1766.9999999999995
87.39999999999975,[49.9972155  49.9972749  49.99721643 49.99724443],49.99723781722169,969.7682976908497,1767.000000000002
87.41999999999975,[49.99724939 49.99730769 49.997215   49.99724569],49.99725444303024,969.5716272400637,1767.000000000001
87.43999999999974,[49.99728642 49.99734323 49.99721576 49.99724905],49.99727361412046,969.5538012634916,1766.9999999999975
87.45999999999974,[49.99732345 49.99737763 49.99721746 49.99725284],49.997292845205365,969.5657119987111,1766.9999999999982
87.47999999999973,[49.99735966 49.99740999 49.99721989 49.99725677],49.99731157860029,969.5944086463255,1767.0000000000014
87.49999999999973,[49.99739353 49.99743851 49.99722254 49.99726016],49.997328683811745,969.701148733817,1767.0
87.51999999999973,[49.99742685 49.99746568 49.99722629 49.99726416],49.997345744515215,969.5964181890017,1766.9999999999975
87.53999999999972,[49.9974611  49.99749349 49.99723206 49.99726992],49.99736414436843,969.5861559065789,1767.0000000000011
87.55999999999972,[49.99749549 49.99752107 49.99723961 49.99727714],49.99738332853875,969.5276905285946,1766.9999999999964
87.57999999999971,[49.9975261  49.99754354 49.9972474  49.9972838 ],49.99740021282694,969.7765495663681,1767.000000000005
87.59999999999971,[49.99755467 49.99756349 49.99725612 49.9972909 ],49.997416294667985,969.5922282786155,1766.9999999999977
87.6199999999997,[49.99758251 49.99758262 49.99726663 49.99729951],49.997432813557495,969.7361853733437,1767.0000000000032
87.6399999999997,[49.99761178 49.997604   49.9972798  49.99731087],49.99745161396377,969.3965550708602,1766.9999999999932
87.6599999999997,[49.99764473 49.99763042 49.99729696 49.99732659],49.99747467337969,969.3731215891805,1766.999999999998
87.6799999999997,[49.99767593 49.99765514 49.99731568 49.99734359],49.99749758584882,969.4038952121688,1767.0000000000032
87.69999999999969,[49.99770601 49.99767913 49.99733622 49.99736228],49.99752091222956,969.3330995169896,1767.000000000001
87.71999999999969,[49.99773437 49.99770173 49.99735839 49.99738242],49.99754422791352,969.399338940059,1766.9999999999998
87.73999999999968,[49.99775791 49.99771914 49.99738076 49.99740222],49.99756500547208,969.5413289729939,1766.9999999999993
87.75999999999968,[49.99777516 49.99772966 49.99740258 49.99742081],49.99758205333706,969.7082091887563,1767.000000000007
87.77999999999967,[49.99778671 49.99773426 49.99742399 49.99743848],49.99759586076633,969.8095224111279,1767.0000000000039
87.79999999999967,[49.99779723 49.997739   49.99744696 49.99745787],49.997610266038194,969.6537472653415,1767.0000000000025
87.81999999999967,[49.99780761 49.99774499 49.99747193 49.99747954],49.99762601959173,969.691758448509,1767.0
87.83999999999966,[49.99781678 49.99775095 49.99749825 49.99750277],49.99764218733744,969.614785593076,1767.0
87.85999999999966,[49.99782583 49.99775827 49.99752632 49.99752811],49.99765963533732,969.5799450424086,1767.0000000000018
87.87999999999965,[49.99783561 49.99776803 49.9975564  49.99755594],49.99767899646021,969.4498246065372,1767.0000000000014
87.89999999999965,[49.99783844 49.9977703  49.997585   49.99758178],49.99769388042584,969.9528774310988,1767.0000000000027
87.91999999999965,[49.99783316 49.99776393 49.99761109 49.99760451],49.99770317471441,969.9178014109514,1767.000000000001
87.93999999999964,[49.99782725 49.99775834 49.99763793 49.99762838],49.99771297460138,969.9083933702082,1767.0000000000061
87.95999999999964,[49.99781913 49.99775141 49.99766465 49.99765231],49.997721874444224,969.9920756828515,1767.0000000000005
87.97999999999963,[49.9978066  49.99774033 49.99769001 49.99767479],49.997727935071424,970.1465525576662,1767.0000000000023
87.99999999999963,[49.99779157 49.99772752 49.99771457 49.99769663],49.99773257303996,970.1118787407243,1766.999999999999
88.01999999999963,[49.99777582 49.99771512 49.99773894 49.99771868],49.99773714062243,970.153055183413,1767.0000000000025
88.03999999999962,[49.99775634 49.99769915 49.99776155 49.99773896],49.99773899771688,970.3412128189806,1767.0000000000027
88.05999999999962,[49.99773586 49.99768314 49.99778325 49.99775868],49.99774023097728,970.2077176512845,1767.0000000000036
88.07999999999961,[49.99771768 49.99767102 49.9978054  49.99777959],49.99774342267193,970.1788621805247,1767.000000000003
88.09999999999961,[49.99769933 49.99765946 49.99782667 49.9978    ],49.99774636334674,970.2317395633954,1767.0000000000002
88.1199999999996,[49.99768141 49.99764913 49.99784706 49.99781997],49.99774939408377,970.1747807189124,1766.999999999998
88.1399999999996,[49.99766784 49.99764479 49.99786814 49.99784152],49.997755574326874,969.9705308792038,1766.9999999999977
88.1599999999996,[49.99766155 49.99764986 49.99789111 49.99786616],49.99776716837218,969.7229632208968,1766.9999999999975
88.1799999999996,[49.99765999 49.99766074 49.99791479 49.99789227],49.99778194835662,969.7060122551543,1767.0000000000018
88.19999999999959,[49.99765975 49.99767289 49.99793747 49.99791764],49.99779693773544,969.7092138949926,1766.9999999999975
88.21999999999959,[49.99766088 49.99768613 49.99795902 49.99794206],49.997812023191244,969.7021710376133,1767.0000000000018
88.23999999999958,[49.99766841 49.9977067  49.99798157 49.99796824],49.997831230292746,969.3668587911118,1766.9999999999998
88.25999999999958,[49.99768306 49.99773502 49.99800555 49.99799661],49.99785506095473,969.31713553805,1767.0000000000007
88.27999999999957,[49.99770333 49.99776901 49.99803022 49.99802614],49.997882177350945,969.0943905639638,1766.999999999999
88.29999999999957,[49.99773021 49.99780957 49.99805612 49.99805736],49.99791331549373,968.9823671971774,1767.0000000000011
88.31999999999957,[49.99776042 49.99785226 49.99808181 49.99808835],49.99794571024486,968.9921494162129,1766.9999999999977
88.33999999999956,[49.99779374 49.99789667 49.9981072  49.9981189 ],49.9979791286698,968.899772191164,1767.0000000000002
88.35999999999956,[49.99783439 49.997948   49.99813428 49.99815146],49.998017033096524,968.6179255896642,1766.9999999999998
88.37999999999955,[49.99788024 49.99800319 49.99816233 49.99818496],49.99805768291832,968.6713654679378,1767.0000000000036
88.39999999999955,[49.99792555 49.99805492 49.99818886 49.9982161 ],49.99809635549042,968.7869358483372,1767.0000000000014
88.41999999999955,[49.99797462 49.99810872 49.9982158  49.99824735],49.99813662213232,968.5398647452887,1767.0000000000011
88.43999999999954,[49.99802809 49.99816519 49.99824377 49.99827935],49.99817910069896,968.6027357845543,1767.0000000000014
88.45999999999954,[49.99808044 49.9982174  49.99827042 49.99830902],49.99821931847334,968.7319220012963,1766.9999999999995
88.47999999999954,[49.99813716 49.99827255 49.99829824 49.9983396 ],49.998261887901194,968.4064980981474,1767.0000000000027
88.49999999999953,[49.99820147 49.99833459 49.99832909 49.99837331],49.99830961360871,968.2985489805304,1767.000000000001
88.51999999999953,[49.99826755 49.99839625 49.99836058 49.99840703],49.9983578530537,968.3630726714523,1766.9999999999982
88.53999999999952,[49.99833277 49.99845441 49.99839166 49.9984394 ],49.99840456018441,968.4269339638039,1766.999999999999
88.55999999999952,[49.99839653 49.99850856 49.99842225 49.99847031],49.99844941216432,968.5182827973802,1766.9999999999966
88.57999999999952,[49.99845629 49.99855579 49.99845138 49.99849852],49.99849049604742,968.7428847454005,1767.0000000000016
88.59999999999951,[49.99851103 49.9985952  49.99847867 49.99852363],49.998527134224624,968.8912847659159,1767.0
88.61999999999951,[49.99856347 49.99863067 49.99850545 49.99854743],49.9985617546756,968.9114024379602,1767.0000000000007
88.6399999999995,[49.99861353 49.99866243 49.99853187 49.99857017],49.99859449970435,969.0473914356674,1767.000000000001
88.6599999999995,[49.99865866 49.9986877  49.9985569  49.9985906 ],49.99862346673005,969.2274046122544,1767.0000000000057
88.6799999999995,[49.9987006  49.99870919 49.99858132 49.99860988],49.99865024920177,969.2291461703205,1767.0
88.69999999999949,[49.99874835 49.99873876 49.99860923 49.99863341],49.99868243965474,968.7695379911709,1767.0
88.71999999999949,[49.99880551 49.99878109 49.99864263 49.9986637 ],49.99872323214893,968.5007748488586,1767.0000000000032
88.73999999999948,[49.99886141 49.99882276 49.99867696 49.99869486],49.99876399730069,968.766124115179,1767.0000000000027
88.75999999999948,[49.99890812 49.99885417 49.99870853 49.99872229],49.99879827687089,969.0408661128889,1767.0
88.77999999999948,[49.99894974 49.99888103 49.99873907 49.9987484 ],49.99882956068359,969.0126808702614,1766.999999999998
88.79999999999947,[49.99898853 49.99890636 49.99876973 49.99877469],49.998859825280896,969.1207169563166,1767.0000000000016
88.81999999999947,[49.99902711 49.9989338  49.9988016  49.9988027 ],49.998891303667506,968.9044252326477,1767.0000000000018
88.83999999999946,[49.99906745 49.99896591 49.99883576 49.99883381],49.99892573021652,968.8657003614634,1767.0000000000002
88.85999999999946,[49.99910548 49.99899757 49.99887036 49.99886568],49.998959773047744,968.9293797032788,1767.000000000001
88.87999999999946,[49.99913626 49.99902262 49.99890317 49.99889548],49.99898938459878,969.2312358561621,1766.9999999999961
88.89999999999945,[49.99916319 49.99904566 49.99893547 49.99892501],49.99901733072605,969.0625987597888,1767.0000000000011
88.91999999999945,[49.99919313 49.99907527 49.99897041 49.99895833],49.999049284000435,968.8865989077367,1766.9999999999977
88.93999999999944,[49.99922227 49.99910641 49.99900635 49.99899325],49.99908207036691,968.9845959659934,1767.000000000004
88.95999999999944,[49.99924786 49.9991356  49.99904189 49.99902805],49.99911335015946,969.0056152283998,1767.0000000000016
88.97999999999944,[49.99927381 49.99916767 49.99907867 49.99906485],49.999146251453425,968.8403757768698,1766.9999999999961
88.99999999999943,[49.99930365 49.99920686 49.99911829 49.99910564],49.999183610488984,968.6223237506783,1767.0000000000014
89.01999999999943,[49.9993381  49.99925374 49.99916107 49.99915076],49.999225918522626,968.415222431471,1766.9999999999989
89.03999999999942,[49.99937362 49.99930342 49.99920544 49.9991981 ],49.999270146346355,968.4516911747826,1767.0
89.05999999999942,[49.99940359 49.9993472  49.99924831 49.99924363],49.99931068174137,968.7171537582275,1766.9999999999968
89.07999999999942,[49.99942711 49.9993838  49.99928904 49.99928653],49.999346619965664,968.8306022346654,1766.9999999999968
89.09999999999941,[49.99944483 49.99941377 49.99932782 49.99932701],49.999378357036704,969.0634014984798,1767.0000000000032
89.11999999999941,[49.9994587  49.99943942 49.99936528 49.99936593],49.999407333712654,969.0564759584068,1767.0000000000027
89.1399999999994,[49.9994717  49.99946425 49.99940272 49.99940489],49.99943589128985,969.0926319828407,1767.0
89.1599999999994,[49.99948544 49.99949002 49.99944069 49.9994446 ],49.99946518406994,968.9889469176276,1767.0000000000011
89.1799999999994,[49.99950436 49.9995221  49.99948111 49.99948746],49.999498756533455,968.726811338175,1766.9999999999986
89.19999999999939,[49.99952756 49.99955891 49.9995236  49.99953288],49.999535736824704,968.6961578243815,1766.9999999999984
89.21999999999939,[49.99955502 49.99960022 49.999568   49.9995806 ],49.99957595911962,968.4480178657003,1766.9999999999961
89.23999999999938,[49.99958493 49.99964332 49.99961352 49.99962951],49.999617821825005,968.551863139723,1766.9999999999986
89.25999999999938,[49.99961264 49.99968217 49.9996579  49.99967667],49.99965734116306,968.6394474162103,1767.0000000000057
89.27999999999938,[49.99963767 49.99971602 49.99970079 49.99972162],49.99969402216012,968.7854793958442,1767.0000000000014
89.29999999999937,[49.99965655 49.99974037 49.99974051 49.99976219],49.99972490486245,969.1229117748916,1766.9999999999993
89.31999999999937,[49.99967166 49.99975834 49.99977783 49.9997995 ],49.99975183199596,969.1149534468439,1767.000000000001
89.33999999999936,[49.99969034 49.99977922 49.99981602 49.99983771],49.99978082454627,968.9459796786143,1767.0000000000016
89.35999999999936,[49.99970969 49.99979914 49.99985383 49.9998752 ],49.999809464323796,969.1414603177874,1767.0000000000005
89.37999999999936,[49.99972155 49.99980784 49.99988742 49.99990706],49.99983096512753,969.5442933146977,1766.999999999998
89.39999999999935,[49.9997268  49.99980679 49.99991686 49.99993356],49.99984600312597,969.6840164973687,1766.9999999999955
89.41999999999935,[49.99972864 49.99980019 49.99994348 49.99995651],49.99985720480598,969.8664468239705,1766.999999999998
89.43999999999934,[49.99972647 49.99978752 49.99996687 49.99997547],49.99986408237291,970.0478637627004,1766.9999999999968
89.45999999999934,[49.99972413 49.99977397 49.99998855 49.99999256],49.999869801799974,969.9643874126175,1767.0000000000025
89.47999999999934,[49.9997246  49.99976346 50.00000982 50.00000951],49.99987684575255,969.9367773628201,1766.9999999999964
89.49999999999933,[49.99972744 49.99975563 50.00003039 50.00002605],49.99988487670195,969.881592034272,1767.0000000000027
89.51999999999933,[49.9997262  49.99974243 50.00004737 50.00003849],49.999888621539974,970.2976526574582,1767.0000000000045
89.53999999999932,[49.99971996 49.99972322 50.00005997 50.00004604],49.999887300137374,970.3089446435285,1767.000000000002
89.55999999999932,[49.99971192 49.99970221 50.00006961 50.00005063],49.99988359019155,970.4997652784057,1766.9999999999998
89.57999999999932,[49.9997043  49.99968259 50.00007708 50.00005341],49.999879345925095,970.3553167564115,1767.0
89.59999999999931,[49.99970244 49.99967126 50.00008482 50.00005759],49.99987902833879,970.1702676466924,1767.0
89.61999999999931,[49.99969925 49.99965917 50.00008975 50.00005917],49.99987683291092,970.513740077598,1766.9999999999945
89.6399999999993,[49.99968834 49.9996386  50.00008873 50.00005428],49.99986748982819,970.7727064795389,1766.9999999999989
89.6599999999993,[49.99967465 49.99961611 50.00008383 50.00004571],49.99985507348035,970.7737434214163,1766.999999999998
89.6799999999993,[49.99965779 49.99959122 50.00007493 50.00003334],49.99983931954934,971.0548835103343,1767.0
89.69999999999929,[49.9996387  49.9995654  50.00006226 50.00001759],49.999820986354564,970.9924694769468,1767.0000000000034
89.71999999999929,[49.99962183 49.9995443  50.0000479  50.00000113],49.99980378993649,970.9605451500719,1767.0000000000011
89.73999999999928,[49.99960612 49.99952652 50.0000314  49.99998339],49.99978685856301,970.9710720935822,1766.9999999999995
89.75999999999928,[49.99959191 49.99951251 50.00001292 49.99996458],49.999770483288486,970.914266753526,1767.0000000000018
89.77999999999928,[49.99958084 49.99950426 49.99999326 49.99994569],49.99975601393111,970.810633131704,1767.0000000000025
89.79999999999927,[49.9995754  49.99950476 49.99997363 49.99992821],49.99974550236646,970.5803997473562,1766.9999999999995
89.81999999999927,[49.99957564 49.99951379 49.99995424 49.9999123 ],49.99973898918798,970.4722896442828,1767.0000000000043
89.83999999999926,[49.99957968 49.99952873 49.99993439 49.99989692],49.99973493085928,970.3710891550847,1766.9999999999968
89.85999999999926,[49.99958647 49.99954796 49.99991378 49.99988155],49.99973244335774,970.3365607880152,1767.0000000000043
89.87999999999926,[49.99959935 49.99957547 49.99989403 49.99986815],49.999734248168735,970.0055936728959,1767.000000000003
89.89999999999925,[49.99962194 49.9996154  49.99987711 49.99985904],49.99974337232456,969.7149353029058,1766.9999999999964
89.91999999999925,[49.99964946 49.99966117 49.99986124 49.99985165],49.99975588068733,969.7137815124253,1767.0
89.93999999999924,[49.99967874 49.99970846 49.99984519 49.99984421],49.999769150488255,969.6431052263065,1766.9999999999995
89.95999999999924,[49.99970839 49.99975514 49.99982863 49.99983611],49.99978206428396,969.7352308913015,1767.0000000000064
89.97999999999924,[49.99974111 49.99980443 49.99981294 49.99982896],49.999796858797225,969.4758294720282,1767.0000000000005
89.99999999999923,[49.99977622 49.99985496 49.99979831 49.99982272],49.99981305212544,969.6073787108862,1767.000000000002
90.01999999999923,[49.9998087  49.99990022 49.99978268 49.99981459],49.9998265479674,969.6923200970144,1767.0000000000027
90.03999999999922,[49.99983773 49.99993894 49.99976595 49.99980428],49.99983672604713,969.8757038194351,1766.9999999999986
90.05999999999922,[49.99986567 49.99997415 49.99974936 49.9997933 ],49.9998456191265,969.7893689389026,1767.0000000000032
90.07999999999922,[49.99989644 50.00001061 49.99973501 49.9997842 ],49.999856565263535,969.691048772277,1766.9999999999995
90.09999999999921,[49.99992997 50.00004817 49.99972321 49.9997772 ],49.99986963661536,969.5977303315118,1766.9999999999989
90.11999999999921,[49.99996335 50.00008301 49.99971295 49.99977089],49.99988255124276,969.6905682432161,1767.0000000000025
90.1399999999992,[49.99999667 50.00011542 49.99970443 49.99976548],49.99989550058183,969.5806254810008,1767.0000000000018
90.1599999999992,[50.00003572 50.00015279 49.99970052 49.99976455],49.999913396167564,969.2591759838456,1767.0000000000016
90.1799999999992,[50.00007761 50.00019136 49.99970035 49.99976686],49.99993404440606,969.3324896445635,1767.0000000000057
90.19999999999919,[50.00011722 50.00022486 49.99970174 49.99976955],49.99995334231801,969.3558103955028,1766.9999999999957
90.21999999999919,[50.00015369 50.00025243 49.99970447 49.99977236],49.999970738025716,969.4751168013837,1767.000000000001
90.23999999999918,[50.00018686 50.00027418 49.99970859 49.99977536],49.99998624866852,969.4968024327835,1766.9999999999982
90.25999999999918,[50.00021782 50.00029179 49.99971471 49.9997794 ],50.00000092748364,969.5271568059862,1767.0000000000011
90.27999999999918,[50.00024794 50.00030734 49.99972355 49.99978544],50.00001606928553,969.4395803387388,1767.0000000000016
90.29999999999917,[50.00027821 50.00032236 49.9997357  49.99979427],50.00003263507139,969.3885619538434,1767.000000000004
90.31999999999917,[50.00030402 50.0003313  49.99974921 49.99980342],50.00004698720803,969.606798009451,1767.000000000003
90.33999999999916,[50.000329   50.00033935 49.99976552 49.99981498],50.000062210902875,969.2963430931902,1766.9999999999984
90.35999999999916,[50.00035808 50.0003529  49.99978707 49.99983206],50.00008252953551,969.1583705841462,1767.0
90.37999999999916,[50.00038788 50.00036794 49.99981237 49.99985282],50.00010525174398,969.0739560279599,1767.0000000000011
90.39999999999915,[50.0004193  50.00038596 49.99984177 49.99987782],50.000131212631956,968.8654193267429,1767.0000000000034
90.41999999999915,[50.00044812 50.00040169 49.99987345 49.99990476],50.00015700403009,969.0674955660862,1767.0000000000011
90.43999999999915,[50.00046939 50.00040929 49.99990497 49.99993067],50.00017858038114,969.2000577873685,1766.9999999999975
90.45999999999914,[50.00048796 50.00041528 49.9999383  49.99995825],50.00019994891827,969.0654982943498,1766.9999999999968
90.47999999999914,[50.00050599 50.00042251 49.99997438 49.99998881],50.000222923508645,969.0455450010122,1767.0000000000032
90.49999999999913,[50.00052235 50.00042973 50.00001255 50.00002161],50.00024656013781,968.9908106261763,1767.0000000000045
90.51999999999913,[50.00054034 50.00044128 50.0000541  50.00005843],50.000273536236804,968.7458475510025,1767.0
90.53999999999913,[50.00055719 50.00045355 50.00009777 50.00009768],50.000301544924184,968.8853227024334,1766.999999999999
90.55999999999912,[50.0005696  50.00046256 50.00014173 50.00013717],50.00032776556713,968.8786358217228,1766.9999999999964
90.57999999999912,[50.00057848 50.00046944 50.0001862  50.00017726],50.000352844283654,968.9644927907559,1766.9999999999995
90.59999999999911,[50.00058768 50.00047917 50.00023257 50.0002199 ],50.00037983071581,968.7020576656535,1766.9999999999989
90.61999999999911,[50.00059558 50.00048939 50.00028006 50.00026408],50.00040727854477,968.9099759506327,1766.9999999999973
90.6399999999991,[50.00059657 50.00049306 50.00032577 50.00030619],50.000430396617695,969.0520866372227,1766.9999999999984
90.6599999999991,[50.00058934 50.0004884  50.00036876 50.00034515],50.00044791537126,969.3682317554473,1767.0000000000052
90.6799999999991,[50.00057423 50.00047593 50.00040877 50.00038078],50.000459926040286,969.5044382341642,1766.9999999999957
90.6999999999991,[50.00055677 50.00046256 50.0004479  50.00041594],50.00047079179766,969.4547877638821,1767.0000000000005
90.71999999999909,[50.00054367 50.00045666 50.0004889  50.0004542 ],50.000485855645316,969.1422088082016,1766.9999999999993
90.73999999999909,[50.00053618 50.00045938 50.00053218 50.0004961 ],50.00050596179836,969.0217583436946,1766.999999999998
90.75999999999908,[50.00052434 50.00045774 50.00057307 50.00053561],50.00052268909762,969.4186015962705,1767.0000000000018
90.77999999999908,[50.00050634 50.00044949 50.00061016 50.00057108],50.00053426752039,969.4489118564746,1767.0000000000007
90.79999999999907,[50.0004885  50.00044237 50.000646   50.00060586],50.00054568420318,969.4271766093507,1767.0000000000039
90.81999999999907,[50.00046946 50.00043437 50.00067976 50.00063886],50.00055561374029,969.5700080101863,1766.9999999999936
90.83999999999907,[50.0004502  50.00042656 50.00071148 50.00067025],50.00056462243353,969.5018391056592,1766.9999999999952
90.85999999999906,[50.00043109 50.00041905 50.00074115 50.00069997],50.00057281618599,969.636567008633,1767.0000000000036
90.87999999999906,[50.00040389 50.00040115 50.00076482 50.00072295],50.00057320218015,970.1581532082073,1766.9999999999998
90.89999999999905,[50.00037204 50.00037738 50.00078344 50.00074062],50.00056837068727,970.0768710967232,1767.0
90.91999999999905,[50.00034492 50.0003593  50.0008011  50.00075823],50.00056589000991,969.962246895878,1766.9999999999989
90.93999999999905,[50.0003175  50.00034021 50.00081549 50.00077273],50.00056148422456,970.2412992765533,1767.0000000000064
90.95999999999904,[50.00028867 50.00031871 50.0008257  50.00078306],50.00055403303344,970.2221162416453,1766.999999999998
90.97999999999904,[50.00026707 50.0003056  50.00083545 50.00079402],50.00055053438633,969.9127128288263,1766.9999999999993
90.99999999999903,[50.00025051 50.00029771 50.00084386 50.00080434],50.000549105822245,970.0517107290729,1767.0000000000002
91.01999999999903,[50.00023762 50.00029329 50.00085005 50.00081291],50.000548464710796,969.8507166162069,1766.999999999999
91.03999999999903,[50.00023305 50.00029796 50.00085614 50.0008224 ],50.000552388599715,969.6715664605616,1766.9999999999968
91.05999999999902,[50.00023246 50.00030597 50.00086026 50.00083029],50.000557245367375,969.7759364243284,1767.0000000000027
91.07999999999902,[50.00023355 50.00031434 50.00086129 50.00083508],50.0005610636889,969.7628963609576,1766.9999999999995
91.09999999999901,[50.00023477 50.00032096 50.00085862 50.00083592],50.00056256617273,969.9747876567845,1766.9999999999995
91.11999999999901,[50.00023176 50.00032033 50.00085026 50.00083023],50.00055814588254,970.2657388890482,1767.000000000002
91.139999999999,[50.00022817 50.00031723 50.0008378  50.00082005],50.00055081138009,970.2249886847994,1767.0000000000032
91.159999999999,[50.0002267  50.00031501 50.00082265 50.00080715],50.00054287818468,970.3208733406169,1767.0000000000023
91.179999999999,[50.0002263  50.00031243 50.00080443 50.00079099],50.00053353878811,970.3479554179372,1767.0000000000014
91.199999999999,[50.00022916 50.00031236 50.00078429 50.00077301],50.000524705246775,970.2825601396403,1767.0000000000039
91.21999999999899,[50.00023759 50.00031778 50.00076348 50.00075473],50.000518397077485,970.138976312164,1766.9999999999977
91.23999999999899,[50.00025242 50.00032975 50.00074265 50.00073689],50.00051542772118,970.0041076132337,1767.0000000000005
91.25999999999898,[50.00027505 50.00035013 50.00072268 50.00072056],50.00051710313256,969.7494706775644,1766.9999999999995
91.27999999999898,[50.00030585 50.00037935 50.00070413 50.00070629],50.00052390420351,969.5726535078958,1766.9999999999995
91.29999999999897,[50.0003416  50.00041332 50.00068589 50.00069253],50.00053333333889,969.5268259051047,1766.999999999999
91.31999999999897,[50.00038067 50.00045012 50.00066753 50.00067863],50.00054423739787,969.4459365872063,1767.000000000003
91.33999999999897,[50.00042114 50.00048734 50.00064858 50.00066384],50.000555224599225,969.5161007524218,1766.9999999999986
91.35999999999896,[50.00045714 50.00051765 50.00062673 50.0006451 ],50.00056165695458,969.8247654560348,1766.9999999999968
91.37999999999896,[50.00048906 50.00054192 50.0006023  50.00062286],50.00056403652062,969.85242865407,1767.0000000000032
91.39999999999895,[50.0005154  50.00055835 50.00057508 50.00059671],50.00056138400756,970.2427974548283,1767.0000000000025
91.41999999999895,[50.00053637 50.00056765 50.00054523 50.00056696],50.0005540504678,970.2408440494651,1767.0000000000043
91.43999999999895,[50.00055516 50.00057402 50.00051461 50.00053591],50.000544926072834,970.3871800042366,1766.999999999998
91.45999999999894,[50.0005698  50.00057529 50.00048258 50.00050275],50.000532604694264,970.5029370754055,1767.000000000004
91.47999999999894,[50.00058343 50.00057575 50.00045076 50.0004696 ],50.000519883466275,970.4131763070291,1767.0000000000011
91.49999999999893,[50.00060049 50.00058123 50.00042146 50.00043941],50.000510647732476,970.2007696166878,1766.9999999999975
91.51999999999893,[50.00061931 50.00058972 50.00039433 50.00041162],50.0005037458141,970.2064363505566,1766.9999999999995
91.53999999999893,[50.00063973 50.00060125 50.00036945 50.00038637],50.00049919984396,969.9910750739994,1767.0000000000014
91.55999999999892,[50.00066234 50.00061662 50.00034744 50.00036437],50.000497692901426,969.9378241056355,1766.9999999999977
91.57999999999892,[50.00068132 50.00062856 50.00032592 50.00034252],50.00049458296094,970.1120874417091,1767.000000000003
91.59999999999891,[50.00069486 50.00063502 50.00030415 50.00031991],50.000488485912484,970.1749012444675,1766.9999999999984
91.61999999999891,[50.00070708 50.00064141 50.00028412 50.0002991 ],50.000482927280856,970.0519485561457,1767.000000000001
91.6399999999989,[50.00071981 50.00065004 50.00026687 50.00028141],50.00047953174405,969.9771687159748,1766.9999999999977
91.6599999999989,[50.00072966 50.00065659 50.00025107 50.00026506],50.00047559259431,970.0812824762231,1767.0000000000045
91.6799999999989,[50.00073777 50.00066268 50.00023724 50.00025077],50.00047211518434,969.9215996426624,1766.9999999999998
91.6999999999989,[50.00074757 50.00067256 50.0002271  50.0002407 ],50.00047198185049,969.7824145519473,1766.9999999999998
91.71999999999889,[50.00075792 50.00068471 50.00022027 50.00023429],50.00047429830376,969.6973124334343,1766.9999999999968
91.73999999999889,[50.00076557 50.00069486 50.00021536 50.00022974],50.0004763834224,969.783320557395,1767.0
91.75999999999888,[50.00076626 50.0006976  50.00021047 50.00022457],50.000474722345636,969.994100491418,1767.0000000000005
91.77999999999888,[50.00075964 50.00069255 50.0002053  50.00021846],50.00046898788183,970.1081525824679,1767.0000000000005
91.79999999999887,[50.00075212 50.00068784 50.00020263 50.00021504],50.000464406877725,969.8794336338964,1767.0000000000057
91.81999999999887,[50.0007472  50.00068766 50.00020413 50.0002164 ],50.00046384853328,969.7517124338664,1767.0000000000011
91.83999999999887,[50.00073876 50.00068404 50.00020707 50.00021895],50.00046220649476,969.9526539505543,1767.0000000000007
91.85999999999886,[50.00072561 50.00067549 50.00021064 50.00022177],50.000458376871144,969.918524055657,1766.9999999999973
91.87999999999886,[50.00071378 50.00066957 50.00021746 50.0002282 ],50.00045725272469,969.7080056658558,1766.9999999999995
91.89999999999885,[50.00069957 50.00066126 50.00022588 50.00023609],50.00045570039513,969.9376434866338,1766.999999999999
91.91999999999885,[50.0006793  50.00064591 50.00023392 50.00024295],50.00045051850406,969.997530658634,1767.0000000000011
91.93999999999885,[50.00065143 50.00062144 50.00024074 50.00024775],50.00044034041717,970.343068183311,1767.0000000000039
91.95999999999884,[50.0006221  50.00059582 50.00024863 50.0002536 ],50.000430037645295,969.9943952425909,1766.9999999999995
91.97999999999884,[50.00059397 50.00057202 50.00025886 50.00026207],50.00042173233875,970.1614717989389,1767.0000000000023
91.99999999999883,[50.00056483 50.0005473  50.00027005 50.00027148],50.00041341576633,969.9828431635988,1766.9999999999939
92.01999999999883,[50.00053872 50.00052655 50.00028387 50.000284  ],50.0004082840892,969.8813593706323,1766.9999999999984
92.03999999999883,[50.0005135  50.00050694 50.00029916 50.00029816],50.000404441112224,969.8628438478069,1767.0000000000023
92.05999999999882,[50.00048693 50.00048548 50.00031465 50.00031236],50.00039985521239,969.9331162718806,1767.0000000000045
92.07999999999882,[50.0004595  50.00046277 50.00033026 50.00032656],50.00039477140756,969.8949969693085,1767.0000000000011
92.09999999999881,[50.0004365  50.00044545 50.00034808 50.00034357],50.00039340064892,969.6116666758189,1766.9999999999993
92.11999999999881,[50.00041992 50.00043576 50.00036894 50.00036436],50.000397244748946,969.4473920833638,1767.0000000000011
92.1399999999988,[50.00040523 50.00042777 50.00039063 50.00038612],50.00040243742156,969.4898877376448,1767.0000000000011
92.1599999999988,[50.00038947 50.00041768 50.00041155 50.00040683],50.00040638097984,969.5451638537592,1767.0000000000011
92.1799999999988,[50.00037224 50.00040489 50.00043127 50.00042598],50.00040859400455,969.629224065236,1767.0000000000032
92.1999999999988,[50.00035587 50.00039238 50.00045058 50.00044467],50.00041087576216,969.534166288952,1767.0000000000057
92.21999999999879,[50.00033688 50.00037553 50.00046784 50.00046077],50.00041025371141,969.8691737691813,1766.9999999999995
92.23999999999879,[50.00030922 50.00034684 50.00047997 50.00047045],50.000401619961494,970.2056352160521,1767.0000000000025
92.25999999999878,[50.00027764 50.00031254 50.00048872 50.00047614],50.00038876005632,970.2237640087646,1767.0000000000011
92.27999999999878,[50.00024471 50.00027587 50.00049516 50.00047926],50.00037374787956,970.3867099557905,1766.999999999997
92.29999999999878,[50.0002086  50.00023464 50.0004982  50.00047852],50.000354993024416,970.5398441968739,1767.0000000000036
92.31999999999877,[50.00016875 50.00018828 50.00049738 50.00047345],50.00033196256207,970.7487577009854,1766.999999999999
92.33999999999877,[50.00013261 50.00014653 50.0004957  50.00046809],50.00031072954522,970.3918793112169,1766.9999999999995
92.35999999999876,[50.00010249 50.00011213 50.00049431 50.00046389],50.000293204731996,970.4398333333502,1767.000000000002
92.37999999999876,[50.00007514 50.00008113 50.00049153 50.00045876],50.00027663794545,970.314797926091,1767.0000000000027
92.39999999999876,[50.0000536  50.00005739 50.00048863 50.00045441],50.00026350795491,970.1542090558354,1766.9999999999975
92.41999999999875,[50.00003285 50.00003447 50.0004834  50.00044794],50.000249666015826,970.3782632989102,1766.9999999999993
92.43999999999875,[50.00001208 50.00001159 50.0004752  50.00043867],50.00023438685673,970.2793779359689,1766.9999999999975
92.45999999999874,[49.9999957  49.99999429 50.00046604 50.00042918],50.000221303218495,970.1977698768231,1766.999999999996
92.47999999999874,[49.9999827  49.99998126 50.00045547 50.00041889],50.00020958157738,970.1689743582132,1767.000000000002
92.49999999999874,[49.99997641 49.99997677 50.00044499 50.00040972],50.00020197004778,969.8560232609362,1767.0000000000011
92.51999999999873,[49.99997714 49.99998099 50.00043495 50.00040201],50.000198772030615,969.800989077998,1767.000000000002
92.53999999999873,[49.99997937 49.99998682 50.00042294 50.00039261],50.000195437868726,969.8706351895323,1766.999999999998
92.55999999999872,[49.99997767 49.99998735 50.00040661 50.00037843],50.00018751670875,970.1902363918713,1767.0
92.57999999999872,[49.99997547 49.99998711 50.00038737 50.00036137],50.00017783080834,970.022922213131,1767.0000000000007
92.59999999999872,[49.99997714 49.99999147 50.00036751 50.00034422],50.00017008197945,970.030559310366,1766.9999999999998
92.61999999999871,[49.99998638 50.00000513 50.00034875 50.00032918],50.00016735905098,969.6029234857474,1767.0000000000057
92.63999999999871,[49.99999766 50.00002065 50.00032913 50.00031349],50.000165233440576,969.9820338618797,1767.0000000000011
92.6599999999987,[50.00000771 50.00003415 50.00030704 50.0002951 ],50.000160999504295,969.7823230626738,1766.9999999999989
92.6799999999987,[50.0000182  50.00004748 50.00028365 50.00027536],50.00015617272365,970.0331697379297,1767.0000000000007
92.6999999999987,[50.00003018 50.00006217 50.00025944 50.00025488],50.00015166855876,969.7563723158257,1766.9999999999989
92.71999999999869,[50.00004388 50.00007822 50.00023498 50.00023421],50.00014781980575,969.9782010112876,1766.999999999998
92.73999999999869,[50.00005197 50.00008643 50.00020707 50.00020919],50.00013866659887,970.2028318983537,1767.0000000000007
92.75999999999868,[50.00005457 50.00008707 50.00017592 50.00018006],50.000124405427655,970.4081387662925,1766.999999999998
92.77999999999868,[50.00005444 50.0000838  50.00014292 50.00014858],50.00010743647176,970.4307355842875,1767.0000000000025
92.79999999999868,[50.0000572  50.0000838  50.00011079 50.00011823],50.00009250643135,970.2360711288142,1767.0000000000005
92.81999999999867,[50.00006252 50.00008657 50.00007978 50.00008918],50.000079513520404,970.2661710458851,1767.0000000000034
92.83999999999867,[50.00006452 50.00008471 50.00004743 50.00005822],50.00006372063174,970.4694948674406,1766.9999999999993
92.85999999999866,[50.00006097 50.00007559 50.00001285 50.00002419],50.00004339984095,970.6447957517495,1767.0000000000011
92.87999999999866,[50.00005646 50.00006528 49.99997818 49.99998988],50.00002245026397,970.5197651294294,1766.9999999999964
92.89999999999866,[50.00005236 50.00005548 49.99994435 49.9999564 ],50.00000214552408,970.5870487155388,1767.0000000000011
92.91999999999865,[50.00004262 50.00003866 49.99990881 49.99992043],49.99997762920908,970.8702223886835,1767.0000000000011
92.93999999999865,[50.00003325 50.00002279 49.99987416 49.99988544],49.99995390776529,970.5161617584902,1767.000000000003
92.95999999999864,[50.00002907 50.00001389 49.99984299 49.99985462],49.99993514263007,970.4478660319263,1767.0000000000027
92.97999999999864,[50.00002512 50.0000057  49.99981321 49.99982524],49.99991731471921,970.4311719949948,1766.9999999999975
92.99999999999864,[50.00001681 49.99999247 49.99978291 49.9997948 ],49.99989674619095,970.6718047619137,1766.9999999999989
93.01999999999863,[50.00000442 49.99997482 49.99975214 49.99976345],49.99987370819751,970.6323237959069,1766.9999999999998
93.03999999999863,[49.99999206 49.99995802 49.9997229  49.99973373],49.99985167655467,970.5800376455211,1766.999999999998
93.05999999999862,[49.9999788  49.99994092 49.99969489 49.99970524],49.99982996064011,970.5982039119355,1766.9999999999961
93.07999999999862,[49.99996312 49.99992167 49.99966748 49.99967716],49.99980735924843,970.6467243224129,1766.9999999999995
93.09999999999862,[49.99994392 49.99989892 49.9996402  49.99964891],49.999782989318646,970.7390786954294,1767.0000000000005
93.11999999999861,[49.99991673 49.99986708 49.99961109 49.99961796],49.99975321366583,971.0937778501192,1766.9999999999989
93.13999999999861,[49.99988471 49.99983043 49.99958131 49.99958594],49.99972059739852,970.9709534368002,1766.999999999998
93.1599999999986,[49.99985159 49.99979364 49.99955269 49.9995552 ],49.999688278963724,971.0613822025931,1767.0000000000002
93.1799999999986,[49.9998145  49.99975314 49.99952384 49.99952398],49.999653863484276,971.1402709927169,1766.999999999997
93.1999999999986,[49.99977305 49.99970849 49.99949451 49.99949202],49.999617015992655,971.259155085357,1766.9999999999968
93.21999999999859,[49.99972848 49.99966133 49.99946511 49.99945991],49.999578708277156,971.2566563367377,1766.9999999999973
93.23999999999859,[49.99968511 49.99961718 49.99943747 49.99943009],49.99954246454482,971.0791315073388,1767.000000000002
93.25999999999858,[49.99964526 49.99957884 49.99941265 49.99940387],49.9995101531377,970.9191768475789,1766.9999999999995
93.27999999999858,[49.99960217 49.99953755 49.9993876  49.99937732],49.99947615754439,971.2141436600501,1766.9999999999977
93.29999999999858,[49.99955571 49.99949331 49.99936189 49.99935002],49.99944023208751,971.0756857323337,1767.0000000000014
93.31999999999857,[49.99951246 49.99945429 49.99933845 49.99932573],49.99940773267392,970.9200440859461,1767.0000000000052
93.33999999999857,[49.99947105 49.99941858 49.99931662 49.99930357],49.99937745655815,970.8827814157617,1767.000000000002
93.35999999999856,[49.99943153 49.99938608 49.99929626 49.99928338],49.999349312029544,970.7350821989772,1766.9999999999957
93.37999999999856,[49.99939143 49.9993534  49.99927622 49.99926364],49.99932117345518,970.8768079484553,1766.9999999999948
93.39999999999856,[49.99935037 49.99932002 49.99925609 49.99924386],49.99929258552577,970.7681247139474,1767.0000000000014
93.41999999999855,[49.99931319 49.9992919  49.99923796 49.99922673],49.999267443309854,970.5823428801716,1766.9999999999968
93.43999999999855,[49.99928116 49.99927033 49.99922236 49.99921286],49.999246676652575,970.3954433657897,1766.999999999997
93.45999999999854,[49.99925314 49.99925358 49.99920875 49.9992015 ],49.99922924156105,970.2975239446504,1767.0000000000023
93.47999999999854,[49.99922796 49.99923995 49.99919652 49.99919181],49.999214058847045,970.2016402145503,1766.9999999999975
93.49999999999854,[49.99920188 49.9992244  49.99918397 49.99918154],49.99919794558393,970.3718745587556,1766.9999999999993
93.51999999999853,[49.99917096 49.99920183 49.99916913 49.99916816],49.99917752050739,970.561446663059,1767.0000000000023
93.53999999999853,[49.99913863 49.9991766  49.99915335 49.99915348],49.99915551549569,970.5028044604785,1766.9999999999993
93.55999999999852,[49.99910893 49.99915364 49.99913844 49.99913976],49.99913519294531,970.418323876124,1766.9999999999968
93.57999999999852,[49.99908442 49.99913605 49.9991255  49.9991284 ],49.99911859259326,970.1883099555073,1767.0000000000025
93.59999999999852,[49.9990611  49.99911848 49.99911284 49.99911714],49.99910239015324,970.3835567131872,1766.9999999999998
93.61999999999851,[49.99903689 49.99909837 49.99909929 49.99910453],49.99908477253719,970.3068885434553,1766.9999999999993
93.63999999999851,[49.99901613 49.99908116 49.99908682 49.99909308],49.999069297558734,970.2030238264359,1767.0000000000032
93.6599999999985,[49.99899659 49.99906388 49.99907444 49.99908148],49.9990540970554,970.2837306557611,1767.000000000005
93.6799999999985,[49.99897517 49.99904267 49.99906069 49.99906786],49.99903659557795,970.3971249985694,1766.999999999998
93.6999999999985,[49.99895317 49.99901928 49.99904604 49.99905289],49.99901784519789,970.3899128591815,1767.0000000000027
93.71999999999849,[49.99893242 49.99899607 49.99903132 49.99903766],49.99899936780311,970.3755820239132,1766.999999999998
93.73999999999849,[49.99891311 49.99897337 49.9990166  49.99902225],49.998981333582,970.35430082868,1767.0000000000007
93.75999999999848,[49.9988913  49.9989462  49.99900014 49.99900446],49.99896052447922,970.6110244645974,1766.9999999999993
93.77999999999848,[49.99887086 49.99891986 49.99898347 49.99898636],49.998940137570266,970.3214163849522,1767.0000000000036
93.79999999999848,[49.99885262 49.99889528 49.9989672  49.99896869],49.9989209476181,970.5126219834436,1767.000000000002
93.81999999999847,[49.99882672 49.9988602  49.99894679 49.99894567],49.998894845478226,970.9059693108477,1766.9999999999998
93.83999999999847,[49.99879474 49.99881705 49.99892271 49.99891808],49.99886314628941,970.9875778548732,1766.9999999999936
93.85999999999846,[49.99876364 49.99877492 49.99889807 49.99889002],49.99883166508491,970.892028811977,1767.0000000000045
93.87999999999846,[49.99873376 49.99873433 49.99887311 49.99886181],49.99880075321353,970.9440203796611,1766.9999999999998
93.89999999999846,[49.9987005  49.99868968 49.99884574 49.99883083],49.99876668824128,971.1618932391548,1767.0000000000002
93.91999999999845,[49.99866449 49.99864211 49.99881608 49.99879738],49.99873001696396,971.1683885639774,1767.0000000000014
93.93999999999845,[49.99862736 49.99859386 49.99878489 49.99876249],49.9986921534882,971.2673875881726,1767.000000000002
93.95999999999844,[49.99859144 49.99854817 49.99875312 49.99872749],49.99865505701351,971.1092052446487,1766.9999999999968
93.97999999999844,[49.99856196 49.99851175 49.99872319 49.9986955 ],49.998623100776776,970.8397964443901,1767.0000000000011
93.99999999999844,[49.99853862 49.9984842  49.99869509 49.9986665 ],49.99859610438176,970.6960373385558,1766.9999999999995
94.01999999999843,[49.9985177  49.99846079 49.99866722 49.99863839],49.998571026567326,970.6820119614152,1767.0000000000018
94.03999999999843,[49.99850108 49.99844401 49.99864038 49.99861223],49.99854942504351,970.4068949440947,1766.9999999999952
94.05999999999842,[49.99848584 49.99842994 49.99861349 49.99858652],49.99852894692621,970.5901694304088,1767.000000000003
94.07999999999842,[49.99846969 49.99841581 49.99858539 49.99855981],49.998507676231604,970.4764538503096,1767.0000000000005
94.09999999999842,[49.99845614 49.99840594 49.99855783 49.99853427],49.99848854278174,970.4128762942504,1767.0000000000045
94.11999999999841,[49.99843961 49.99839308 49.99852842 49.99850677],49.99846697070783,970.6840119504643,1767.0000000000045
94.13999999999841,[49.99841922 49.9983762  49.99849667 49.99847669],49.99844219710046,970.6851137717689,1766.9999999999961
94.1599999999984,[49.998401   49.99836286 49.99846539 49.99844759],49.99841920881324,970.5365862942482,1767.000000000001
94.1799999999984,[49.99838484 49.99835266 49.99843473 49.99841955],49.99839794498183,970.5423970437444,1767.0000000000034
94.1999999999984,[49.99836971 49.99834421 49.99840428 49.99839201],49.998377553123404,970.4654219516988,1766.9999999999943
94.2199999999984,[49.99836372 49.99834768 49.99837774 49.99836967],49.998364702985796,969.9095192093095,1767.0000000000016
94.23999999999839,[49.99837038 49.99836701 49.99835713 49.99835486],49.99836234304811,969.5829075863119,1766.999999999994
94.25999999999839,[49.99837959 49.998389   49.99833817 49.99834189],49.99836216188311,969.7253120795401,1767.0000000000036
94.27999999999838,[49.99838932 49.99841102 49.99831989 49.99832946],49.99836242266775,969.5447688514157,1767.0000000000025
94.29999999999838,[49.99840166 49.99843541 49.99830351 49.99831896],49.998364886939505,969.5383733772964,1766.9999999999995
94.31999999999837,[49.99841634 49.99846166 49.99828901 49.99831028],49.99836932330861,969.3770258003963,1767.0000000000005
94.33999999999837,[49.99843417 49.99849053 49.99827701 49.99830404],49.99837643729858,969.3107188240897,1767.0000000000011
94.35999999999837,[49.99844683 49.99851118 49.99826401 49.99829558],49.99837940147329,969.7236648092644,1766.9999999999993
94.37999999999836,[49.99845414 49.9985236  49.99824978 49.99828467],49.99837804953077,969.6720929622301,1767.0000000000007
94.39999999999836,[49.99845991 49.99853246 49.99823629 49.99827373],49.998375598382516,969.8142730223283,1766.9999999999986
94.41999999999835,[49.99845886 49.99853105 49.99822124 49.99825977],49.9983677313861,970.126245963827,1766.9999999999989
94.43999999999835,[49.99844818 49.99851601 49.99820334 49.99824118],49.99835217642162,970.4603480304061,1767.000000000003
94.45999999999835,[49.99843104 49.99849164 49.99818394 49.99821977],49.998331600017984,970.5487263794124,1766.9999999999995
94.47999999999834,[49.99840859 49.99845951 49.99816362 49.99819634],49.99830701168838,970.7981975883358,1767.0000000000027
94.49999999999834,[49.99837713 49.99841523 49.99814064 49.99816876],49.99827543909139,971.137308730961,1767.0000000000061
94.51999999999833,[49.99834109 49.99836487 49.99811679 49.99813949],49.998240557949394,971.0782527477339,1766.999999999998
94.53999999999833,[49.99830879 49.99831922 49.99809581 49.99811347],49.99820932142953,970.8321784657818,1766.9999999999982
94.55999999999833,[49.99828531 49.99828487 49.99808002 49.99809371],49.998185978337624,970.4148979919996,1766.9999999999989
94.57999999999832,[49.99826742 49.99825769 49.99806813 49.99807854],49.99816794443401,970.3852002096861,1767.0000000000025
94.59999999999832,[49.99824982 49.99823124 49.99805762 49.9980648 ],49.99815086838512,970.3337881982344,1767.000000000001
94.61999999999831,[49.99823286 49.99820613 49.99804855 49.99805264],49.998135045068906,970.2791122702961,1767.0000000000023
94.63999999999831,[49.9982187  49.99818529 49.9980418  49.99804329],49.99812226793258,970.0766519190632,1766.9999999999916
94.6599999999983,[49.99820209 49.99816202 49.99803509 49.99803378],49.99810824699046,970.3827077377231,1766.9999999999995
94.6799999999983,[49.99818698 49.99814179 49.99802981 49.99802612],49.99809617459163,969.9122775982075,1766.9999999999998
94.6999999999983,[49.99817567 49.99812721 49.99802726 49.99802189],49.998088006505455,970.0530679005037,1767.000000000004
94.7199999999983,[49.99815986 49.99810797 49.99802351 49.99801609],49.99807685812886,970.1624295623403,1766.9999999999977
94.73999999999829,[49.99814655 49.99809311 49.99802149 49.99801263],49.998068445231304,969.8227040839935,1766.9999999999995
94.75999999999829,[49.99813611 49.99808284 49.99802155 49.99801186],49.99806308780364,969.9047681150838,1767.0000000000005
94.77999999999828,[49.99811853 49.99806451 49.99801904 49.99800785],49.998052481135545,970.2643911407565,1767.0000000000064
94.79999999999828,[49.99808996 49.99803339 49.99801196 49.99799814],49.998033365311436,970.6220343693848,1767.0000000000011
94.81999999999827,[49.99805991 49.99800181 49.99800425 49.99798798],49.99801348549559,970.3311578703849,1766.999999999998
94.83999999999827,[49.99803088 49.99797264 49.9979972  49.99797896],49.99799491859352,970.5140047557121,1767.0000000000048
94.85999999999827,[49.99799467 49.99793552 49.99798691 49.99796612],49.997970807302,970.8009719211693,1767.0000000000027
94.87999999999826,[49.99795508 49.99789544 49.99797477 49.99795141],49.99794417649035,970.7303511982848,1767.0000000000025
94.89999999999826,[49.99791694 49.99785841 49.9979629  49.99793756],49.99791895575099,970.6869951527898,1767.0
94.91999999999825,[49.99788069 49.99782489 49.99795138 49.99792471],49.997895419323804,970.5935608353254,1766.999999999996
94.93999999999825,[49.99784462 49.99779255 49.99793936 49.99791176],49.99787207002933,970.6763526989416,1767.0000000000007
94.95999999999825,[49.99780852 49.99776108 49.99792654 49.99789836],49.997848624118504,970.6072768714765,1766.999999999999
94.97999999999824,[49.99777621 49.99773521 49.99791453 49.99788662],49.99782814033607,970.4328511419029,1767.0
94.99999999999824,[49.997748   49.99771504 49.99790344 49.99787661],49.99781076995824,970.3509491071429,1766.9999999999989
95.01999999999823,[49.99771846 49.99769347 49.9978908  49.9978651 ],49.997791957221324,970.5600025965268,1767.000000000005
95.03999999999823,[49.99768629 49.99766881 49.99787577 49.99785107],49.99777048558403,970.5812024937698,1767.0000000000027
95.05999999999823,[49.99765085 49.99764004 49.99785802 49.99783407],49.997745744829686,970.8420799901062,1767.0000000000027
95.07999999999822,[49.99761376 49.99760927 49.99783805 49.99781479],49.9977189671341,970.7604660815107,1766.999999999996
95.09999999999822,[49.99757858 49.99758075 49.99781748 49.99779527],49.997693022887916,970.7799983508335,1767.0000000000014
95.11999999999821,[49.99754372 49.99755232 49.99779554 49.99777449],49.99766651446558,970.8162604454789,1767.0000000000027
95.13999999999821,[49.99750475 49.99751821 49.9977702  49.99774982],49.997635747740446,971.1469892935905,1767.0000000000039
95.1599999999982,[49.99746733 49.99748573 49.99774372 49.99772426],49.99760525900717,970.8023507836597,1766.9999999999977
95.1799999999982,[49.9974349  49.9974589  49.9977179  49.99769999],49.99757792213535,970.8907469562595,1767.0
95.1999999999982,[49.99740529 49.99743493 49.99769162 49.99767557],49.99755185513812,970.7045752635019,1767.0000000000018
95.2199999999982,[49.99738176 49.99741777 49.99766647 49.99765296],49.99752974021304,970.5668465174448,1767.0000000000016
95.23999999999819,[49.99736596 49.99740937 49.99764321 49.99763309],49.997512906488865,970.2683427650924,1766.9999999999984
95.25999999999819,[49.99735689 49.9974082  49.99762161 49.99761552],49.99750055506722,970.1970088996615,1766.9999999999993
95.27999999999818,[49.99735079 49.99740935 49.99760003 49.99759804],49.99748955245107,970.1617691707144,1766.999999999999
95.29999999999818,[49.99734741 49.99741242 49.99757846 49.99758057],49.99747971619867,970.105492173695,1766.9999999999973
95.31999999999817,[49.99734605 49.99741642 49.99755671 49.99756277],49.997470487686,970.116940046664,1767.0000000000048
95.33999999999817,[49.99734835 49.99742343 49.9975356  49.99754566],49.99746326233143,969.9429970030875,1766.9999999999995
95.35999999999817,[49.99735558 49.99743488 49.99751596 49.99753016],49.99745914590079,969.8607551671716,1767.0000000000016
95.37999999999816,[49.99736811 49.99745123 49.99749812 49.9975166 ],49.997458514693264,969.6545762946199,1766.9999999999986
95.39999999999816,[49.99738698 49.9974737  49.99748281 49.99750582],49.99746232680144,969.4908553999303,1766.9999999999936
95.41999999999815,[49.99740537 49.99749347 49.99746727 49.9974941 ],49.99746505145844,969.7493684004119,1767.0000000000027
95.43999999999815,[49.99742225 49.99750952 49.99745103 49.99748087],49.99746591470998,969.6508869368345,1767.000000000002
95.45999999999815,[49.99744395 49.99752991 49.99743718 49.99747003],49.997470266873776,969.4585934150009,1767.000000000004
95.47999999999814,[49.99746393 49.99754623 49.99742318 49.99745815],49.99747287235574,969.7999366640728,1767.0000000000023
95.49999999999814,[49.9974814  49.9975579  49.99740858 49.99744475],49.997473158056174,969.65611209598,1766.9999999999995
95.51999999999813,[49.99749997 49.9975695  49.99739535 49.99743228],49.99747427502798,969.7316740225943,1766.9999999999984
95.53999999999813,[49.99751771 49.99757886 49.99738275 49.9974198 ],49.997474778060344,969.7091697903688,1767.0000000000027
95.55999999999813,[49.99753606 49.99758799 49.99737161 49.99740837],49.99747600981795,969.6712702287414,1766.9999999999977
95.57999999999812,[49.99755477 49.99759677 49.99736201 49.99739808],49.99747791071226,969.65324896087,1767.0000000000045
95.59999999999812,[49.99757186 49.99760291 49.99735323 49.997388  ],49.997478999577766,969.7395262488121,1767.0000000000011
95.61999999999811,[49.99758634 49.99760545 49.99734488 49.99737771],49.99747859411348,969.7786975056795,1766.999999999999
95.63999999999811,[49.99760397 49.99761202 49.99733962 49.99737067],49.99748157008212,969.4543098580356,1766.999999999996
95.6599999999981,[49.99762476 49.99762267 49.99733779 49.99736727],49.99748811957985,969.4762474725906,1766.999999999999
95.6799999999981,[49.99763987 49.99762641 49.99733548 49.99736251],49.99749106550116,969.7554938228408,1767.0000000000005
95.6999999999981,[49.99764903 49.99762331 49.99733245 49.99735622],49.997490252504114,969.7908185254288,1767.0000000000052
95.7199999999981,[49.99765173 49.99761292 49.99732858 49.99734829],49.997485378100514,970.095524131676,1767.0000000000014
95.73999999999809,[49.99764653 49.99759383 49.99732308 49.99733785],49.99747532219614,970.225665645434,1767.0000000000032
95.75999999999809,[49.99763794 49.99757205 49.99731793 49.99732759],49.99746387586561,970.2116193347166,1766.999999999999
95.77999999999808,[49.99762664 49.99754864 49.99731345 49.99731799],49.99745168132786,970.2876890961016,1766.999999999999
95.79999999999808,[49.99761218 49.99752322 49.99730935 49.99730877],49.99743837990751,970.3039593188669,1767.0000000000011
95.81999999999807,[49.99759627 49.99749816 49.9973063  49.99730093],49.99742541476462,970.2586318710233,1767.0000000000018
95.83999999999807,[49.99758197 49.99747748 49.9973056  49.99729619],49.99741530766925,970.0625900794442,1766.9999999999968
95.85999999999807,[49.99756372 49.99745398 49.99730478 49.9972914 ],49.997403472338114,970.4029187495069,1767.000000000002
95.87999999999806,[49.99754009 49.9974262  49.99730282 49.99728543],49.997388632637666,970.3150664042115,1766.9999999999948
95.89999999999806,[49.99751804 49.9974029  49.99730276 49.99728224],49.997376485868465,970.1760415025605,1767.000000000004
95.91999999999805,[49.99750022 49.99738735 49.99730571 49.99728329],49.99736914044048,969.9106302364515,1766.999999999998
95.93999999999805,[49.99748706 49.99737988 49.99731182 49.99728876],49.99736688027513,969.7473177838461,1766.999999999994
95.95999999999805,[49.99747591 49.99737689 49.99731981 49.99729696],49.99736739501102,969.676164113706,1767.0000000000011
95.97999999999804,[49.9974652  49.99737617 49.99732883 49.99730679],49.99736924560092,969.6340683791617,1766.9999999999943
95.99999999999804,[49.99744995 49.99737112 49.99733653 49.99731522],49.997368204036526,969.9190659041047,1767.0000000000039
96.01999999999803,[49.9974296  49.99736099 49.99734233 49.99732156],49.99736361682991,969.9330456696936,1766.9999999999984
96.03999999999803,[49.99741166 49.99735508 49.99734945 49.99732995],49.997361531296974,969.7097245580632,1767.0000000000039
96.05999999999803,[49.99740339 49.99736223 49.9973611  49.99734446],49.99736779483926,969.2315506640942,1767.0000000000011
96.07999999999802,[49.99740049 49.99737633 49.99737551 49.99736263],49.997378738820906,969.3163492258155,1766.9999999999977
96.09999999999802,[49.99739841 49.99739144 49.99739038 49.99738147],49.997390423181685,969.1702110019385,1767.0000000000027
96.11999999999802,[49.99739607 49.99740569 49.99740521 49.99740023],49.99740180138961,969.343286406163,1767.0000000000002
96.13999999999801,[49.9973955  49.99742157 49.99742066 49.99741976],49.99741437031537,969.0719472081072,1766.9999999999948
96.159999999998,[49.99739843 49.99744072 49.9974376  49.99744105],49.9974294500892,969.1338899145547,1767.000000000003
96.179999999998,[49.9974026  49.99746008 49.99745487 49.99746254],49.99744502232719,969.0329231335285,1767.000000000001
96.199999999998,[49.99740732 49.99747841 49.99747217 49.99748375],49.997460408763686,969.1522179699297,1766.9999999999961
96.219999999998,[49.99740813 49.99748989 49.99748738 49.99750193],49.99747183328109,969.3697590212427,1767.0000000000018
96.23999999999799,[49.99741057 49.99750154 49.99750277 49.99752002],49.997483724637945,969.117219410216,1766.9999999999986
96.25999999999799,[49.99741815 49.99751748 49.99752007 49.99754014],49.99749895989453,969.0925313258739,1767.0000000000016
96.27999999999798,[49.9974273  49.99753308 49.99753762 49.9975601 ],49.997514523357744,969.0939821368485,1767.0000000000027
96.29999999999798,[49.99743784 49.99754804 49.9975553  49.99757975],49.9975302302161,969.0851030986884,1767.0000000000016
96.31999999999798,[49.99745553 49.99756971 49.99757561 49.9976023 ],49.997550787922165,968.6904954644732,1766.9999999999995
96.33999999999797,[49.99747517 49.99759116 49.99759653 49.99762498],49.997571962071426,969.0373609387433,1767.000000000008
96.35999999999797,[49.9974931  49.99760811 49.9976161  49.9976454 ],49.9975906792462,968.9021538323332,1766.999999999998
96.37999999999796,[49.99751522 49.997628   49.99763708 49.99766708],49.99761184631371,968.8359556005756,1766.9999999999973
96.39999999999796,[49.99754508 49.99765551 49.99766108 49.99769209],49.99763843828231,968.4501753646232,1766.9999999999961
96.41999999999796,[49.99757734 49.99768366 49.99768599 49.99771761],49.997666149440064,968.745552562529,1767.0
96.43999999999795,[49.99760532 49.99770438 49.99770861 49.99773963],49.997689483858025,968.8228347785465,1766.9999999999993
96.45999999999795,[49.99763576 49.9977265  49.99773197 49.99776211],49.997714086611396,968.6432981567812,1766.999999999994
96.47999999999794,[49.99767242 49.99775491 49.9977579  49.99778741],49.99774315836898,968.450748002449,1766.999999999994
96.49999999999794,[49.9977167  49.99779154 49.99778716 49.99781649],49.99777797241308,968.1633903883242,1766.9999999999995
96.51999999999794,[49.9977709  49.99783942 49.99782096 49.99785088],49.997820541344105,967.8004884248423,1767.0000000000045
96.53999999999793,[49.99782928 49.99789123 49.99785701 49.99788753],49.99786626256265,967.8993999397957,1767.0000000000002
96.55999999999793,[49.99788357 49.99793678 49.99789157 49.9979217 ],49.997908403789566,968.1030250428724,1766.9999999999993
96.57999999999792,[49.99793841 49.99798239 49.99792666 49.99795609],49.99795088834357,967.8719451040303,1766.999999999995
96.59999999999792,[49.99799201 49.99802577 49.9979618  49.99799002],49.99799240326769,968.185512369889,1767.0000000000005
96.61999999999792,[49.99804134 49.99806357 49.99799551 49.99802171],49.998030531859094,968.1582703087786,1767.000000000001
96.63999999999791,[49.99808741 49.99809721 49.9980284  49.99805197],49.99806624812726,968.3897552379237,1767.0000000000036
96.65999999999791,[49.99812867 49.99812514 49.99805973 49.99807996],49.99809837393717,968.462011886297,1766.9999999999968
96.6799999999979,[49.99816945 49.99815314 49.99809148 49.99810833],49.99813060319692,968.3826259094238,1766.9999999999995
96.6999999999979,[49.99821052 49.99818236 49.99812412 49.99813772],49.99816367905552,968.3919807238583,1766.9999999999977
96.7199999999979,[49.99824923 49.99820964 49.99815651 49.99816669],49.99819551670216,968.487845760009,1766.9999999999984
96.73999999999789,[49.99828267 49.99823155 49.99818732 49.99819365],49.998223798836605,968.6922561145831,1766.9999999999993
96.75999999999789,[49.99830607 49.99824228 49.99821436 49.99821587],49.998244647138804,969.1148946509934,1767.0000000000014
96.77999999999788,[49.99832652 49.99825137 49.99824051 49.9982373 ],49.998263924242515,968.8266680708505,1766.9999999999998
96.79999999999788,[49.99834709 49.99826256 49.9982674  49.99825999],49.998284259531935,969.0274129970192,1767.000000000002
96.81999999999788,[49.99836832 49.99827689 49.99829503 49.99828409],49.9983060834933,968.7030885105463,1767.0000000000045
96.83999999999787,[49.99839261 49.99829724 49.99832467 49.99831121],49.998331432483965,968.731625530335,1766.9999999999973
96.85999999999787,[49.99841522 49.99831768 49.99835408 49.99833851],49.99835637446033,968.738030819566,1767.0000000000045
96.87999999999786,[49.99843434 49.99833588 49.99838239 49.9983649 ],49.99837937832637,968.8953411893984,1767.0000000000061
96.89999999999786,[49.99844829 49.99834976 49.99840867 49.99838928],49.9983990017221,969.0234329920006,1766.999999999996
96.91999999999786,[49.99845771 49.99836013 49.99843311 49.99841191],49.99841571504046,969.1414816194998,1767.0000000000002
96.93999999999785,[49.99846302 49.99836749 49.99845576 49.99843293],49.998429801452474,969.2460799239207,1766.9999999999989
96.95999999999785,[49.9984665  49.99837465 49.9984775  49.99845352],49.99844304054686,969.2146569053132,1767.000000000002
96.97999999999784,[49.99846752 49.99838062 49.99849802 49.99847324],49.99845484972017,969.3683332406205,1766.9999999999984
96.99999999999784,[49.99846744 49.99838707 49.99851771 49.99849267],49.99846622401092,969.2535261441443,1766.9999999999989
97.01999999999784,[49.99846853 49.99839658 49.99853758 49.99851304],49.998478933348075,969.2580945840919,1766.9999999999993
97.03999999999783,[49.99847441 49.9984136  49.99855909 49.99853624],49.998495833698605,968.9028730500137,1767.0000000000014
97.05999999999783,[49.9984854  49.99843802 49.99858251 49.99856248],49.998517103635756,968.8916565565536,1767.0000000000025
97.07999999999782,[49.99849601 49.99846262 49.99860527 49.99858838],49.99853806980029,968.9296484840762,1767.000000000004
97.09999999999782,[49.9985044  49.99848477 49.99862642 49.99861267],49.99855706524098,969.0588673805711,1766.9999999999977
97.11999999999782,[49.99851051 49.9985042  49.99864582 49.99863514],49.99857391731397,969.1117734751284,1767.0000000000023
97.13999999999781,[49.99851468 49.99852104 49.99866354 49.99865582],49.99858876949776,969.2291983993993,1766.9999999999993
97.15999999999781,[49.99851674 49.99853487 49.9986794  49.99867446],49.99860136825744,969.30383910032,1766.9999999999964
97.1799999999978,[49.99852177 49.99855198 49.99869559 49.99869382],49.9986157885149,969.0785543781973,1766.9999999999961
97.1999999999978,[49.99852824 49.99856994 49.99871156 49.99871305],49.99863069511534,969.2651855464545,1767.000000000001
97.2199999999978,[49.9985323  49.99858382 49.99872541 49.9987297 ],49.99864280987081,969.3161682734602,1767.0000000000061
97.23999999999779,[49.99853534 49.99859518 49.99873773 49.99874449],49.99865318611657,969.4143344666389,1767.0000000000036
97.25999999999779,[49.99853763 49.99860428 49.99874858 49.99875746],49.99866198846311,969.4516950449835,1766.9999999999984
97.27999999999778,[49.9985374  49.99860872 49.99875717 49.99876754],49.99866770701058,969.6770604962325,1767.0000000000027
97.29999999999778,[49.9985382  49.99861311 49.9987649  49.9987766 ],49.998673202382165,969.4740766322748,1766.999999999998
97.31999999999778,[49.99854178 49.99861943 49.99877275 49.99878578],49.99867993556525,969.5760322878134,1766.9999999999943
97.33999999999777,[49.99854714 49.99862648 49.99878014 49.99879437],49.99868703032758,969.4467825256676,1767.0000000000018
97.35999999999777,[49.99855881 49.99863996 49.99878919 49.99880504],49.99869824912438,969.2315890403958,1767.0000000000011
97.37999999999776,[49.99857479 49.99865719 49.99879915 49.99881674],49.99871196760913,969.2382939069402,1766.9999999999995
97.39999999999776,[49.99859214 49.99867451 49.99880869 49.99882775],49.99872577099777,969.2259980658089,1767.0
97.41999999999776,[49.99860501 49.99868449 49.99881529 49.99883477],49.99873488988122,969.633874462523,1767.0000000000007
97.43999999999775,[49.99861228 49.99868606 49.99881822 49.99883699],49.99873838992316,969.7008570107718,1767.0000000000007
97.45999999999775,[49.99861759 49.99868397 49.99881921 49.99883666],49.99873935956044,969.8488600617198,1767.0000000000023
97.47999999999774,[49.99862309 49.9986812  49.99881921 49.99883505],49.998739636769876,969.7612282121673,1767.0000000000016
97.49999999999774,[49.99863096 49.9986806  49.99881932 49.99883357],49.99874111138227,969.7497218256232,1767.000000000004
97.51999999999774,[49.99864117 49.99868234 49.99881958 49.99883232],49.998743852631016,969.6558265092258,1767.000000000005
97.53999999999773,[49.99865131 49.99868344 49.99881905 49.99883007],49.99874596594617,969.8031788461132,1767.0000000000005
97.55999999999773,[49.9986604  49.99868301 49.99881723 49.99882626],49.99874672377143,969.7703805759568,1767.0
97.57999999999772,[49.99867787 49.99869322 49.99881839 49.99882644],49.99875397762344,969.2563773617717,1766.9999999999989
97.59999999999772,[49.99870498 49.99871551 49.99882349 49.9988317 ],49.998768921213994,969.1214766817171,1766.9999999999948
97.61999999999772,[49.99873501 49.99874144 49.9988296  49.99883828],49.998786083238315,969.0669624425557,1767.000000000001
97.63999999999771,[49.99876877 49.9987722  49.99883719 49.99884674],49.99880622687522,968.8671020720271,1767.0000000000014
97.65999999999771,[49.99880471 49.99880576 49.99884577 49.9988564 ],49.99882816170523,968.9118408760486,1767.0000000000018
97.6799999999977,[49.99884106 49.99884001 49.9988546  49.99886632],49.99885049749271,968.8285480764171,1766.9999999999984
97.6999999999977,[49.99887977 49.99887746 49.99886475 49.99887781],49.998874946466366,968.728550458219,1766.9999999999975
97.7199999999977,[49.99892166 49.99891915 49.99887676 49.99889151],49.998902273740626,968.5801646724561,1766.9999999999977
97.73999999999769,[49.99896757 49.99896609 49.99889121 49.9989081 ],49.99893324313064,968.4150639219649,1767.000000000001
97.75999999999769,[49.99901222 49.99901146 49.99890598 49.99892477],49.99896360833855,968.6232860372129,1767.0000000000027
97.77999999999768,[49.99904811 49.99904584 49.99891776 49.99893723],49.99898723418981,968.9746510865095,1767.0000000000014
97.79999999999768,[49.9990797  49.99907519 49.99892845 49.99894802],49.99900783991538,968.8703334472955,1767.0000000000027
97.81999999999768,[49.99910996 49.99910316 49.99893966 49.99895915],49.99902798198574,969.0061574561491,1767.0000000000011
97.83999999999767,[49.99913867 49.99912959 49.99895129 49.9989705 ],49.999047512418464,968.9142665190531,1767.000000000001
97.85999999999767,[49.9991703  49.99916015 49.99896551 49.99898485],49.99907020270329,968.7321675060571,1767.000000000002
97.87999999999766,[49.99920578 49.99919592 49.9989829  49.99900288],49.999096869596514,968.5707626129788,1766.9999999999986
97.89999999999766,[49.99924144 49.99923216 49.99900197 49.9990226 ],49.99912454441753,968.6378126302168,1767.0000000000052
97.91999999999766,[49.99927216 49.99926242 49.99902045 49.9990411 ],49.99914903141062,968.8294042150561,1767.0
97.93999999999765,[49.99929879 49.9992879  49.99903863 49.9990588 ],49.99917102867476,968.837926616006,1767.0000000000016
97.95999999999765,[49.99932309 49.99931084 49.99905738 49.99907681],49.99919202925793,968.9037962011394,1767.000000000001
97.97999999999764,[49.99934474 49.99933087 49.99907652 49.99909493],49.99921176694274,968.9347745749334,1767.0000000000014
97.99999999999764,[49.99936255 49.99934649 49.99909556 49.99911253],49.999229281696415,969.0814885013731,1767.0000000000032
98.01999999999764,[49.99938078 49.99936328 49.99911625 49.99913195],49.99924806770724,968.8186141828876,1766.9999999999973
98.03999999999763,[49.99940411 49.99938702 49.99914084 49.99915603],49.99927200365036,968.6382773864534,1767.0000000000043
98.05999999999763,[49.99942589 49.99940912 49.99916642 49.99918097],49.99929559933059,968.837037798589,1767.0000000000034
98.07999999999763,[49.9994429  49.99942564 49.99919132 49.99920471],49.99931613879173,968.8857022559247,1767.0000000000032
98.09999999999762,[49.99946438 49.99944842 49.99921956 49.99923248],49.99934121045544,968.4459206398711,1767.0000000000025
98.11999999999762,[49.9994908  49.9994777  49.99925158 49.99926474],49.99937120372553,968.4609691152217,1766.9999999999995
98.13999999999761,[49.99951928 49.99950988 49.99928592 49.99929963],49.999403676758426,968.2266759902863,1766.999999999999
98.15999999999761,[49.99954524 49.99953887 49.99932063 49.99933456],49.99943482552419,968.5616034470762,1767.0000000000016
98.1799999999976,[49.99956336 49.99955813 49.99935302 49.99936617],49.99946016942398,968.705356553543,1767.0000000000014
98.1999999999976,[49.99958092 49.99957696 49.99938618 49.99939852],49.99948564367995,968.5414014605674,1767.0000000000039
98.2199999999976,[49.99959999 49.99959781 49.99942107 49.99943282],49.99951292458487,968.5440832109506,1767.0000000000005
98.2399999999976,[49.99961783 49.99961717 49.99945637 49.99946735],49.99953967823484,968.5768632649372,1766.9999999999993
98.25999999999759,[49.99963275 49.99963289 49.99949119 49.99950104],49.9995644685215,968.7008522477649,1766.9999999999955
98.27999999999759,[49.99964589 49.99964646 49.99952583 49.99953433],49.999588128611364,968.6641432200638,1767.0
98.29999999999758,[49.99965684 49.9996573  49.99956006 49.99956693],49.99961028286415,968.8201172987084,1767.0000000000011
98.31999999999758,[49.99966648 49.99966663 49.99959401 49.99959913],49.99963156199397,968.7310303052789,1767.0000000000016
98.33999999999757,[49.99967751 49.99967779 49.99962885 49.9996324 ],49.999654135963326,968.7045982918969,1767.0000000000007
98.35999999999757,[49.99968946 49.99969019 49.99966421 49.99966636],49.9996775528003,968.6538387921793,1767.0000000000032
98.37999999999757,[49.99970537 49.99970769 49.99970132 49.9997026 ],49.99970424436376,968.4229145751428,1767.0000000000032
98.39999999999756,[49.99972273 49.99972687 49.99973907 49.99973966],49.99973208297489,968.5510871704033,1766.9999999999973
98.41999999999756,[49.99973815 49.99974354 49.99977569 49.99977534],49.99975817782481,968.5640393730671,1767.000000000001
98.43999999999755,[49.99975643 49.9997638  49.99981318 49.99981227],49.999786421614964,968.3649451983867,1767.0000000000007
98.45999999999755,[49.99977263 49.99978116 49.99984939 49.99984762],49.99981269859223,968.7243101217938,1767.0000000000002
98.47999999999755,[49.99978751 49.99979687 49.99988426 49.99988147],49.99983752473007,968.4828260834711,1767.0000000000032
98.49999999999754,[49.99980965 49.99982162 49.99992169 49.99991881],49.9998679401818,968.2494918589808,1767.000000000002
98.51999999999754,[49.99983249 49.99984688 49.99995881 49.99995588],49.999898513818316,968.4648991470627,1767.0000000000005
98.53999999999753,[49.99985579 49.99987251 49.99999521 49.99999226],49.99992894295309,968.2576638763164,1766.9999999999989
98.55999999999753,[49.99988188 49.99990127 50.00003203 50.00002936],49.999961135788034,968.3123206163849,1766.9999999999961
98.57999999999753,[49.99990523 49.99992613 50.00006669 50.00006387],49.9999904823928,968.4934291474558,1767.0
98.59999999999752,[49.99992586 49.9999472  50.00009904 50.00009567],50.00001694101283,968.5522428539224,1766.9999999999995
98.61999999999752,[49.99994313 49.99996366 50.00012875 50.00012435],50.000039971827235,968.7792271614658,1766.9999999999989
98.63999999999751,[49.9999546  49.99997253 50.00015459 50.0001484 ],50.00005753174247,969.010764332634,1766.9999999999968
98.65999999999751,[49.99995877 49.999972   50.00017575 50.00016687],50.00006835010326,969.3455120704489,1767.0000000000005
98.6799999999975,[49.99996227 49.99997079 50.00019497 50.00018341],50.00007785914666,969.1207554022145,1767.0
98.6999999999975,[49.99996784 49.99997222 50.00021363 50.00019978],50.00008836825001,969.260861474038,1767.000000000005
98.7199999999975,[49.99996946 49.99996879 50.00022891 50.0002124 ],50.00009489095835,969.4560891734325,1767.000000000001
98.7399999999975,[49.99996697 49.99996045 50.00024059 50.0002211 ],50.00009727568778,969.6094209425227,1766.9999999999993
98.75999999999749,[49.99996128 49.99994851 50.00024897 50.00022634],50.00009627572773,969.741624415397,1767.0000000000045
98.77999999999749,[49.9999559  49.9999376  50.00025551 50.00023009],50.00009477680702,969.6523302684029,1767.0
98.79999999999748,[49.99995085 49.99992771 50.00026029 50.00023245],50.000092822802095,969.7805897680196,1766.9999999999952
98.81999999999748,[49.99994182 49.99991348 50.00026126 50.00023085],50.00008685062781,969.991303653763,1766.999999999997
98.83999999999747,[49.99993373 49.99990141 50.00026045 50.00022802],50.000080901323294,969.7797281954614,1767.000000000002
98.85999999999747,[49.99992758 49.99989258 50.00025848 50.00022469],50.0000758316779,969.9177419082959,1766.999999999999
98.87999999999747,[49.99991805 49.99988035 50.00025286 50.00021771],50.0000672417368,970.0764864184188,1767.000000000004
98.89999999999746,[49.99990832 49.99986889 50.00024492 50.00020884],50.00005774276323,969.9948271919716,1767.0000000000032
98.91999999999746,[49.99990266 49.99986355 50.00023665 50.00020063],50.000050874205826,969.8552370026048,1766.9999999999993
98.93999999999745,[49.99990261 49.99986617 50.00022883 50.00019401],50.00004790477526,969.6660913684951,1767.0000000000027
98.95999999999745,[49.99990456 49.99987195 50.00022    50.00018702],50.00004588185863,969.7741672020907,1767.000000000002
98.97999999999745,[49.99990774 49.99987996 50.00020976 50.00017914],50.00004415113487,969.6398262694894,1767.0000000000061
98.99999999999744,[49.99991652 49.99989555 50.00020024 50.00017299],50.00004632601157,969.443063763412,1766.9999999999986
99.01999999999744,[49.99992226 49.99990741 50.00018782 50.00016376],50.00004531273651,969.9049275334689,1767.0000000000011
99.03999999999743,[49.9999242  49.99991481 50.00017194 50.00015081],50.000040442558735,969.764942454849,1767.0000000000002
99.05999999999743,[49.99992807 49.99992474 50.00015546 50.00013765],50.00003647840646,969.8253750684349,1767.0000000000027
99.07999999999743,[49.99993147 49.99993405 50.0001374  50.00012296],50.000031466956955,969.8494475202044,1767.0000000000016
99.09999999999742,[49.99993621 49.99994493 50.00011871 50.00010787],50.0000269268803,969.7816519901156,1766.9999999999977
99.11999999999742,[49.9999407  49.99995514 50.00009889 50.00009162],50.00002158493997,969.9122678534452,1767.0000000000023
99.13999999999741,[49.99994996 49.99997112 50.00008022 50.0000771 ],50.000019599908924,969.4941247820741,1767.0000000000068
99.15999999999741,[49.99996286 49.99999095 50.00006267 50.00006403],50.00002012732306,969.6944184906021,1766.999999999999
99.1799999999974,[49.9999765  50.00001104 50.0000449  50.00005066],50.00002077583883,969.4772202867728,1767.000000000001
99.1999999999974,[49.99999456 50.00003583 50.00002891 50.0000394 ],50.00002467169313,969.4133828337078,1767.0000000000018
99.2199999999974,[50.00001241 50.00005929 50.00001283 50.0000277 ],50.00002805879772,969.5115330746968,1766.9999999999977
99.2399999999974,[50.00002577 50.00007593 49.99999488 50.00001321],50.00002744851778,969.7409711424175,1767.0000000000027
99.25999999999739,[50.00003636 50.00008808 49.99997589 49.99999697],50.00002432728214,969.7140146209593,1766.9999999999995
99.27999999999739,[50.00005072 50.000104   49.999959   49.99998294],50.0000241661238,969.4824572288297,1767.0000000000048
99.29999999999738,[50.00007039 50.00012551 49.99994523 49.99997229],50.000028354195166,969.3375119013101,1766.9999999999957
99.31999999999738,[50.00008841 50.00014365 49.99993172 49.99996124],50.00003125688424,969.5792761421318,1766.9999999999961
99.33999999999737,[50.00010172 50.00015475 49.99991709 49.99994802],50.00003039438447,969.642999170407,1766.999999999998
99.35999999999737,[50.00011507 50.00016497 49.99990362 49.99993553],50.00002979677999,969.5452951872936,1766.9999999999961
99.37999999999737,[50.00012652 50.00017183 49.99989067 49.9999229 ],50.00002798044162,969.7332833978144,1767.0000000000052
99.39999999999736,[50.00013729 50.00017716 49.99987878 49.99991086],50.000026023754856,969.5447434121562,1767.0000000000036
99.41999999999736,[50.00015063 50.00018506 49.99986966 49.99990156],50.00002672633394,969.4963416996438,1766.9999999999995
99.43999999999735,[50.00016381 50.00019221 49.9998622  49.99989355],50.00002794368451,969.4877372233897,1766.999999999997
99.45999999999735,[50.00017604 50.00019775 49.99985613 49.99988651],50.000029109901725,969.4865712537097,1766.999999999998
99.47999999999735,[50.00018647 50.00020075 49.99985115 49.99988006],50.00002960725567,969.5296550721478,1766.9999999999977
99.49999999999734,[50.00019565 50.00020213 49.99984754 49.99987459],50.00002997683771,969.4827871053984,1766.9999999999986
99.51999999999734,[50.00020226 50.00020033 49.99984479 49.99986948],50.000029214753695,969.6101046281071,1767.0000000000023
99.53999999999733,[50.00020933 50.0001995  49.99984417 49.99986646],50.00002986651572,969.3490742347346,1767.0000000000036
99.55999999999733,[50.00021838 50.00020151 49.99984656 49.99986663],50.00003327129314,969.3630550080836,1767.0000000000011
99.57999999999733,[50.0002223  50.00019753 49.99984877 49.99986591],50.00003362815601,969.5901892380787,1767.000000000002
99.59999999999732,[50.00021544 50.00018062 49.99984811 49.99986098],50.00002628833269,969.9960177872522,1766.9999999999995
99.61999999999732,[50.00019694 50.00015009 49.99984397 49.99985122],50.00001055474726,970.2829583911423,1766.9999999999975
99.63999999999731,[50.00017636 50.00011844 49.9998404  49.99984204],49.99999431070204,970.0262507383774,1766.9999999999995
99.65999999999731,[50.00015171 50.00008303 49.99983668 49.99983249],49.99997597718896,970.4459496401986,1766.9999999999977
99.6799999999973,[50.00011735 50.00003715 49.99982987 49.99981903],49.999950851366165,970.5861750699188,1766.9999999999982
99.6999999999973,[50.00007741 49.99998623 49.99982165 49.99980396],49.999922310850465,970.7223988499244,1766.9999999999966
99.7199999999973,[50.00003344 49.99993243 49.99981246 49.99978802],49.99989158591358,970.759819709501,1766.9999999999984
99.7399999999973,[49.99998666 49.99987743 49.99980268 49.9997718 ],49.99985964281267,970.8152691730338,1766.999999999998
99.75999999999729,[49.99993556 49.99981938 49.99979139 49.99975425],49.999825146071416,970.9656754934025,1767.0000000000005
99.77999999999729,[49.99987651 49.99975381 49.99977667 49.99973306],49.999785013312035,971.2814027149306,1766.9999999999982
99.79999999999728,[49.99981107 49.99968288 49.99975879 49.99970877],49.999740377474595,971.3377424150767,1766.9999999999995
99.81999999999728,[49.99974244 49.99961068 49.99973895 49.99968305],49.999693780038484,971.4404152846558,1766.9999999999952
99.83999999999727,[49.99967329 49.99954063 49.99971802 49.99965714],49.99964726964126,971.3251782056939,1766.9999999999993
99.85999999999727,[49.99960548 49.99947489 49.99969663 49.99963192],49.99960223048874,971.3117415888622,1767.0000000000027
99.87999999999727,[49.99953451 49.9994076  49.99967255 49.99960455],49.999554801730355,971.5219754029367,1766.9999999999995
99.89999999999726,[49.99946449 49.99934401 49.99964715 49.99957695],49.999508152382376,971.2428592278784,1766.9999999999973
99.91999999999726,[49.99940025 49.99928982 49.99962255 49.9995518 ],49.99946610587917,971.1313890286137,1767.0000000000027
99.93999999999726,[49.99933712 49.99923879 49.99959648 49.99952613],49.9994246313115,971.1917590323097,1766.9999999999945
99.95999999999725,[49.99927208 49.99918683 49.99956732 49.99949788],49.999381029188626,971.3081535577132,1767.0000000000045
99.97999999999725,[49.99920705 49.99913613 49.99953565 49.99946781],49.999336661029474,971.2548020985512,1766.9999999999998
99.99999999999724,[49.99914009 49.99908378 49.99950054 49.99943463],49.99928975981605,971.5204616546147,1766.9999999999977
100.01999999999724,[49.99906723 49.99902456 49.99945989 49.99939567],49.99923683740441,971.761830689237,1766.9999999999995
