time,freq,avg_freq,p_bus_7,p_bus_9
0.02,[50. 50. 50. 50.],49.99999999999961,967.0000000000001,1766.9999999999998
0.04,[49.99999985 49.9999998  49.99999993 49.99999991],49.999999872859505,967.0107040341389,1767.0000000000005
0.06,[50.00000737 50.00000944 50.00000323 50.00000419],50.000006056299284,966.4687219477531,1767.0000000000027
0.08,[50.00002176 50.00002746 50.00000991 50.00001267],50.00001794870883,966.528842359546,1767.0000000000023
0.1,[50.00003184 50.00003971 50.00001488 50.0000188 ],50.00002630654141,966.7648838841096,1767.0000000000005
0.12000000000000001,[50.00003832 50.00004723 50.00001832 50.00002285],50.000031679895116,966.7792082729745,1767.000000000001
0.14,[50.00004065 50.00004926 50.00002007 50.0000246 ],50.00003364481892,967.0511186202424,1767.0
0.16,[50.00003919 50.00004645 50.00002012 50.00002412],50.00003246774962,967.0436799526564,1767.000000000002
0.18,[50.00003857 50.00004463 50.00002059 50.00002414],50.000031982462815,966.9930023692428,1767.0000000000005
0.19999999999999998,[50.00003829 50.00004317 50.00002134 50.00002444],50.00003180802398,967.0175572506087,1766.999999999999
0.21999999999999997,[50.00003765 50.0000412  50.00002202 50.0000246 ],50.00003136785761,967.015456596944,1766.9999999999977
0.23999999999999996,[50.00003944 50.00004231 50.00002384 50.00002621],50.00003295008554,966.8473727759031,1766.9999999999995
0.25999999999999995,[50.00004725 50.00005099 50.00002851 50.00003142],50.0000395422088,966.5933520240817,1767.000000000001
0.27999999999999997,[50.00005892 50.00006436 50.0000352  50.00003908],50.000049388939544,966.5723465051299,1767.000000000001
0.3,[50.00006813 50.00007436 50.00004105 50.00004551],50.00005726374399,966.7581207994581,1766.999999999998
0.32,[50.00007151 50.00007685 50.00004448 50.00004871],50.00006038727066,966.9714884880557,1767.0
0.34,[50.00006888 50.0000717  50.0000453  50.00004849],50.00005859581843,967.1716427202402,1766.9999999999984
0.36000000000000004,[50.00006126 50.00006033 50.0000439  50.00004541],50.00005272283377,967.3154671328069,1767.0000000000018
0.38000000000000006,[50.00005087 50.00004568 50.00004121 50.00004074],50.00004462645782,967.3596901511343,1766.9999999999977
0.4000000000000001,[50.00003751 50.00002754 50.00003714 50.00003439],50.00003414218597,967.5176055720951,1766.9999999999977
0.4200000000000001,[50.00001973 50.00000419 50.00003093 50.00002545],50.00002007320145,967.6630115478135,1767.0
0.4400000000000001,[49.99999936 49.99997813 50.0000233  50.00001492],50.00000392896385,967.6942969752074,1767.0000000000005
0.46000000000000013,[49.9999765  49.99994953 50.00001426 50.00000287],49.999985789642444,967.833139062326,1766.9999999999995
0.48000000000000015,[49.99995265 49.99992048 50.00000433 49.99999006],49.99996688158302,967.7615396116184,1766.9999999999977
0.5000000000000001,[49.99993022 49.99989404 49.99999459 49.9999779 ],49.999949188107585,967.7333464099177,1767.0000000000007
0.5200000000000001,[49.99990489 49.99986472 49.99998306 49.99996388],49.99992913674832,967.962410764102,1767.0
0.5400000000000001,[49.99987917 49.99983596 49.99997061 49.99994924],49.99990874742075,967.7646722500248,1766.999999999999
0.5600000000000002,[49.99985955 49.99981589 49.99996023 49.9999378 ],49.999893368281,967.5431919123696,1767.0000000000005
0.5800000000000002,[49.99984303 49.99980053 49.99995061 49.99992784],49.99988050115996,967.5551727716434,1767.0000000000023
0.6000000000000002,[49.99982492 49.99978393 49.99993958 49.99991657],49.9998662514864,967.6614565122209,1767.000000000001
0.6200000000000002,[49.99980763 49.9997692  49.99992808 49.99990524],49.99985253646962,967.5122749303981,1767.0000000000002
0.6400000000000002,[49.99979274 49.99975816 49.99991687 49.99989481],49.99984064256107,967.5100051456002,1767.0
0.6600000000000003,[49.99977576 49.99974499 49.99990394 49.99988262],49.999826827878884,967.675786592462,1767.0000000000036
0.6800000000000003,[49.9997525  49.99972437 49.99988732 49.99986615],49.999807583557654,967.9693128450299,1767.0000000000027
0.7000000000000003,[49.99972893 49.99970399 49.99986944 49.99984865],49.99978775191799,967.7282339788,1767.0000000000027
0.7200000000000003,[49.9997091  49.99968871 49.99985236 49.99983263],49.99977069949236,967.7380231558342,1767.000000000001
0.7400000000000003,[49.99968788 49.99967188 49.99983373 49.99981505],49.999752134066604,967.8582037334676,1766.9999999999995
0.7600000000000003,[49.99966368 49.99965146 49.99981278 49.99979492],49.99973070898956,967.9816168654686,1767.0
0.7800000000000004,[49.99963771 49.99962896 49.99979    49.99977286],49.9997073807272,968.0216022178349,1767.0000000000005
0.8000000000000004,[49.99961253 49.99960755 49.99976653 49.99975034],49.9996842393316,967.9692035084591,1766.9999999999984
0.8200000000000004,[49.99958841 49.99958741 49.99974256 49.99972752],49.99966147218586,967.9932802681799,1767.0000000000025
0.8400000000000004,[49.99956741 49.99957113 49.99971897 49.99970555],49.99964076449939,967.7989651625156,1767.000000000004
0.8600000000000004,[49.99955119 49.9995606  49.99969666 49.99968548],49.99962348176672,967.7075614132642,1767.0000000000007
0.8800000000000004,[49.99953631 49.99955127 49.99967415 49.99966534],49.9996067669367,967.7533251523365,1767.000000000002
0.9000000000000005,[49.9995254  49.99954651 49.99965258 49.99964658],49.999592767045804,967.4810656032722,1766.9999999999968
0.9200000000000005,[49.99951654 49.99954352 49.99963137 49.99962827],49.99957992501031,967.6571703473921,1766.9999999999989
0.9400000000000005,[49.99950446 49.99953569 49.99960806 49.99960728],49.99956387182952,967.7528008142917,1767.0000000000025
0.9600000000000005,[49.99949441 49.9995297  49.99958503 49.99958664],49.99954894558683,967.5638412235584,1767.0000000000014
0.9800000000000005,[49.99948695 49.99952601 49.99956275 49.99956685],49.99953563848493,967.6175109100748,1767.0000000000045
1.0000000000000004,[49.99948244 49.99952514 49.9995414  49.9995481 ],49.999524270850515,967.401419075784,1766.9999999999977
1.0200000000000005,[49.99948787 49.99953582 49.99952429 49.99953457],49.99952064088373,966.9662792558419,1766.9999999999995
1.0400000000000005,[49.99950446 49.99955932 49.99951231 49.99952722],49.99952582957415,966.6578296771021,1767.0000000000007
1.0600000000000005,[49.9995257  49.99958714 49.9995028  49.99952247],49.99953452667406,966.6685243124396,1766.9999999999995
1.0800000000000005,[49.99954805 49.9996148  49.99949424 49.99951829],49.999543845016,966.6026906028732,1767.0000000000007
1.1000000000000005,[49.99956924 49.99963933 49.99948581 49.99951353],49.99955197882578,966.7649977448037,1766.999999999999
1.1200000000000006,[49.99959126 49.99966341 49.99947843 49.99950937],49.99956061436599,966.5572947667256,1766.9999999999984
1.1400000000000006,[49.99961199 49.99968416 49.9994715  49.99950489],49.999568133692605,966.8552287444469,1767.0000000000011
1.1600000000000006,[49.99963106 49.9997014  49.99946476 49.99949984],49.99957426536367,966.670735452323,1767.0000000000016
1.1800000000000006,[49.99964876 49.99971541 49.99945871 49.99949471],49.999579396596985,966.9356128766008,1767.0000000000018
1.2000000000000006,[49.999664   49.99972511 49.99945278 49.99948887],49.99958269006143,966.8219218042165,1767.000000000002
1.2200000000000006,[49.99968119 49.99973617 49.99944917 49.99948511],49.99958790883174,966.769675047965,1767.0000000000025
1.2400000000000007,[49.99970021 49.99974856 49.99944796 49.99948351],49.99959506018965,966.6549995697264,1766.9999999999995
1.2600000000000007,[49.99971939 49.99976028 49.99944857 49.9994833 ],49.99960288462723,966.7082982541725,1767.0000000000025
1.2800000000000007,[49.9997368  49.99976911 49.99945016 49.99948347],49.99960988436116,966.7195846171755,1767.0000000000025
1.3000000000000007,[49.99975334 49.9997764  49.99945319 49.99948465],49.99961689424144,966.7024838629114,1766.999999999999
1.3200000000000007,[49.99976505 49.99977729 49.999456   49.9994847 ],49.99962076176768,966.9790254269305,1767.0000000000027
1.3400000000000007,[49.9997739  49.99977475 49.9994593  49.99948471],49.99962316463427,966.8212066335376,1766.9999999999993
1.3600000000000008,[49.99978366 49.99977362 49.99946494 49.99948705],49.99962731815401,966.826803458744,1766.9999999999995
1.3800000000000008,[49.99978917 49.99976758 49.99947061 49.99948884],49.99962904916377,967.0202462476025,1767.0000000000025
1.4000000000000008,[49.99979335 49.99976073 49.99947744 49.99949167],49.99963079900582,966.820754134343,1766.999999999998
1.4200000000000008,[49.99979531 49.99975195 49.99948518 49.99949523],49.99963191691154,967.0687041155696,1766.999999999999
1.4400000000000008,[49.99979382 49.99974008 49.99949302 49.99949866],49.99963139576591,966.9545550542142,1766.9999999999984
1.4600000000000009,[49.99979475 49.99973268 49.9995036  49.9995054 ],49.99963410799756,966.7923080188496,1767.0000000000011
1.4800000000000009,[49.99979083 49.99972051 49.99951372 49.99951135],49.999634103058796,967.1788998340073,1766.9999999999989
1.5000000000000009,[49.99978463 49.99970728 49.9995241  49.99951767],49.99963342235398,966.8457820444166,1767.0000000000005
1.520000000000001,[49.99977851 49.99969581 49.99953598 49.99952591],49.999634053422774,967.0647756664788,1766.9999999999998
1.540000000000001,[49.99976765 49.99968022 49.99954688 49.99953304],49.9996319466317,967.0732328937281,1766.9999999999998
1.560000000000001,[49.99975677 49.99966655 49.99955877 49.99954168],49.99963094459465,966.9691973063235,1766.9999999999984
1.580000000000001,[49.99974789 49.99965733 49.99957249 49.99955293],49.99963266059969,966.8419995776301,1766.9999999999977
1.600000000000001,[49.99973743 49.99964784 49.99958634 49.99956464],49.99963406115833,966.9934267158711,1767.0000000000011
1.620000000000001,[49.99971968 49.99963089 49.99959753 49.99957327],49.9996303435217,967.271281537263,1767.0000000000027
1.640000000000001,[49.99969662 49.99960908 49.99960661 49.99957968],49.99962299785966,967.2984417224451,1766.9999999999995
1.660000000000001,[49.99967386 49.99958943 49.99961592 49.99958695],49.999616543183116,967.1965965287478,1766.9999999999989
1.680000000000001,[49.99965037 49.99957044 49.99962493 49.99959438],49.99961003041715,967.3040021378846,1767.0000000000014
1.700000000000001,[49.9996276  49.99955388 49.99963399 49.99960249],49.999604488405446,967.116262867416,1767.0000000000002
1.720000000000001,[49.99960906 49.99954394 49.99964462 49.99961321],49.99960270731525,966.9889299169656,1767.0000000000016
1.740000000000001,[49.99959126 49.99953588 49.99965513 49.99962436],49.999601658467554,967.0563051549608,1767.0000000000002
1.7600000000000011,[49.99956921 49.99952319 49.9996631  49.99963278],49.999597069681855,967.2892310198031,1766.9999999999982
1.7800000000000011,[49.99954328 49.99950626 49.99966837 49.99963837],49.999589067551405,967.3470268036147,1766.9999999999968
1.8000000000000012,[49.99951477 49.99948653 49.99967139 49.9996417 ],49.9995785975821,967.5011496680885,1767.0000000000018
1.8200000000000012,[49.99948511 49.99946568 49.99967257 49.99964332],49.99956666976715,967.4748344654154,1767.0000000000025
1.8400000000000012,[49.99945479 49.99944406 49.99967203 49.99964337],49.99955356459728,967.605876601377,1767.0000000000032
1.8600000000000012,[49.99942656 49.99942508 49.99967078 49.99964317],49.999541398136884,967.4021642792197,1766.999999999998
1.8800000000000012,[49.99940185 49.99941018 49.99966948 49.9996435 ],49.99953125374326,967.442034263434,1767.0000000000027
1.9000000000000012,[49.99937904 49.99939719 49.99966724 49.9996432 ],49.99952166603928,967.362030617146,1766.9999999999989
1.9200000000000013,[49.99935566 49.99938264 49.99966292 49.99964073],49.99951048772025,967.5828277186711,1767.0000000000032
1.9400000000000013,[49.99932832 49.99936223 49.9996548  49.99963392],49.99949481685521,967.7478618551496,1767.0000000000023
1.9600000000000013,[49.99929836 49.99933759 49.99964334 49.99962336],49.99947566196883,967.8845003597633,1767.0000000000002
1.9800000000000013,[49.99926577 49.99930864 49.99962844 49.99960894],49.999452946294504,968.0566290824908,1766.9999999999984
2.0000000000000013,[49.99922902 49.99927339 49.99960932 49.99958966],49.99942534901318,968.3051072353488,1767.0000000000005
2.0200000000000014,[49.99919214 49.9992371  49.99958759 49.99956769],49.99939612887799,968.2036879452951,1767.0000000000014
2.0400000000000014,[49.99915773 49.99920292 49.99956452 49.99954459],49.9993674381022,968.270971586622,1766.999999999997
2.0600000000000014,[49.99912289 49.99916721 49.99953875 49.99951863],49.99933687085978,968.3721744830115,1766.9999999999984
2.0800000000000014,[49.999091   49.99913434 49.9995117  49.99949168],49.99930718137452,968.2077802989974,1766.9999999999986
2.1000000000000014,[49.99906251 49.99910479 49.99948371 49.99946412],49.99927878309093,968.2737295203967,1766.9999999999977
2.1200000000000014,[49.99903269 49.99907262 49.99945265 49.99943319],49.999247788089654,968.4364863667728,1767.0000000000011
2.1400000000000015,[49.9990057  49.99904332 49.99942029 49.99940123],49.999217636584085,968.212977375905,1766.9999999999989
2.1600000000000015,[49.99898075 49.99901573 49.99938653 49.99936803],49.999187762088454,968.422728746318,1766.9999999999989
2.1800000000000015,[49.99895401 49.9989852  49.99934957 49.99933131],49.99915502221254,968.4637649850152,1766.9999999999993
2.2000000000000015,[49.99893046 49.99895818 49.99931172 49.99929403],49.99912359656582,968.321497859488,1767.0000000000027
2.2200000000000015,[49.99890493 49.99892802 49.99927091 49.99925345],49.99908933050111,968.7115770219683,1766.9999999999989
2.2400000000000015,[49.99887393 49.99889063 49.99922545 49.99920749],49.99904937481793,968.8095004148387,1767.0000000000005
2.2600000000000016,[49.99884277 49.99885291 49.99917782 49.99915934],49.9990082104797,968.8223336764203,1767.0000000000002
2.2800000000000016,[49.99881728 49.99882237 49.99913075 49.99911253],49.99897073181164,968.5078553723343,1767.0000000000007
2.3000000000000016,[49.99879482 49.99879554 49.99908344 49.99906589],49.99893492252434,968.689176487453,1767.0000000000032
2.3200000000000016,[49.99877137 49.99876755 49.99903409 49.99901712],49.998897533552125,968.6478213420864,1767.000000000001
2.3400000000000016,[49.99874998 49.9987423  49.99898424 49.99896818],49.99886117419558,968.6088584340598,1766.9999999999995
2.3600000000000017,[49.99873197 49.99872157 49.99893468 49.99892002],49.99882705867015,968.4645437711324,1767.0000000000025
2.3800000000000017,[49.99871658 49.99870433 49.99888533 49.99887247],49.998794680491415,968.4672117264693,1767.000000000002
2.4000000000000017,[49.99870001 49.9986858  49.99883468 49.99882351],49.99876099977204,968.578043487133,1767.0000000000007
2.4200000000000017,[49.9986807  49.9986641  49.99878216 49.99877237],49.99872483443478,968.6797910739384,1766.9999999999968
2.4400000000000017,[49.99866544 49.99864799 49.9987309  49.99872311],49.998691860250105,968.3124723340196,1767.0000000000005
2.4600000000000017,[49.99865548 49.99863881 49.99868196 49.99867687],49.998663278732685,968.311666904549,1766.9999999999995
2.4800000000000018,[49.99864447 49.99862849 49.99863264 49.99863012],49.998633929467786,968.3778784554427,1767.0000000000027
2.5000000000000018,[49.99863694 49.9986229  49.9985851  49.9985856 ],49.998607634183315,968.0548259936305,1767.0000000000016
2.520000000000002,[49.99863248 49.99862123 49.99853959 49.99854347],49.99858419427608,968.1364296815009,1767.0000000000018
2.540000000000002,[49.99862343 49.99861377 49.99849283 49.9984994 ],49.99855735862292,968.3389812394827,1767.0000000000014
2.560000000000002,[49.99861244 49.99860402 49.99844606 49.99845502],49.99852938222634,968.2306543074861,1767.0000000000002
2.580000000000002,[49.99860104 49.99859379 49.99840029 49.99841149],49.99850165379555,968.3156375751548,1767.0000000000011
2.600000000000002,[49.99859051 49.99858476 49.99835619 49.99836965],49.998475278755045,968.1138813403043,1766.9999999999975
2.620000000000002,[49.99858654 49.99858402 49.9983166  49.99833303],49.99845504582066,967.7948439907294,1766.9999999999995
2.640000000000002,[49.99858702 49.99858867 49.99828092 49.99830072],49.99843933137205,967.7284615251625,1767.0000000000007
2.660000000000002,[49.99858842 49.99859419 49.99824772 49.99827078],49.998425277094206,967.649246559179,1766.9999999999968
2.680000000000002,[49.9985863  49.99859481 49.99821523 49.99824083],49.99840929159416,967.8845613037695,1766.9999999999986
2.700000000000002,[49.99857606 49.99858481 49.99818138 49.99820822],49.9983876166771,968.1218641856403,1767.0000000000007
2.720000000000002,[49.99856178 49.99856951 49.998148   49.99817533],49.998363655615634,968.0710904075661,1766.9999999999977
2.740000000000002,[49.99854961 49.99855673 49.99811802 49.99814588],49.998342559827776,967.8745827889571,1767.0000000000014
2.760000000000002,[49.99853907 49.99854573 49.99809141 49.99811978],49.99832400038121,967.8508960108144,1767.0000000000002
2.780000000000002,[49.99852966 49.99853592 49.99806799 49.99809678],49.99830759064617,967.68664617852,1767.0000000000005
2.800000000000002,[49.99851897 49.99852416 49.99804685 49.99807563],49.99829140237206,967.8248167983527,1767.0000000000018
2.820000000000002,[49.99850178 49.99850394 49.99802556 49.99805327],49.998271136493805,968.0226728761512,1767.0000000000002
2.840000000000002,[49.99847924 49.99847695 49.99800453 49.9980303 ],49.998247753258866,968.0805795279474,1767.0000000000014
2.860000000000002,[49.99845254 49.99844476 49.99798429 49.99800743],49.99822225680079,968.1942933908567,1767.0000000000036
2.880000000000002,[49.99842099 49.99840665 49.99796441 49.99798421],49.99819406297716,968.3018799458965,1766.9999999999984
2.900000000000002,[49.99838866 49.998368   49.99794658 49.9979629 ],49.99816653779403,968.1328080059974,1766.9999999999986
2.920000000000002,[49.99835763 49.99833142 49.99793175 49.99794475],49.99814138753591,968.0967546927064,1767.0000000000023
2.940000000000002,[49.99832886 49.99829828 49.9979202  49.99793021],49.99811938777477,967.8625638701923,1766.9999999999989
2.960000000000002,[49.99830506 49.99827198 49.99791312 49.99792083],49.99810274755482,967.6403731781223,1767.000000000001
2.980000000000002,[49.99828193 49.998247   49.99790855 49.99791409],49.99808789190826,967.7069288201187,1767.0000000000032
3.000000000000002,[49.99825461 49.99821726 49.99790408 49.99790696],49.99807072753922,967.8298232356809,1767.0000000000014
3.0200000000000022,[49.99822429 49.99818443 49.9979     49.99789994],49.9980521654319,967.8205450596724,1767.0000000000011
3.0400000000000023,[49.99819272 49.99815075 49.99789693 49.99789389],49.99803357253825,967.8290437075583,1767.0000000000005
3.0600000000000023,[49.99815746 49.99811312 49.9978936  49.99788728],49.99801286495911,967.9958986770132,1766.9999999999995
3.0800000000000023,[49.99811939 49.9980728  49.99789012 49.99788033],49.99799066122425,967.953426317136,1767.0000000000027
3.1000000000000023,[49.99808118 49.99803317 49.99788751 49.99787447],49.99796908153181,967.9425487714,1766.9999999999993
3.1200000000000023,[49.99804087 49.99799171 49.99788471 49.99786837],49.99794641295021,968.0450091195677,1767.0000000000052
3.1400000000000023,[49.99800182 49.99795279 49.9978829  49.99786369],49.99792530084781,967.8124394674396,1767.0000000000002
3.1600000000000024,[49.99796677 49.99791968 49.99788324 49.99786192],49.99790790322553,967.7335584169106,1767.000000000001
3.1800000000000024,[49.99793435 49.99789061 49.9978849  49.99786206],49.997892981228986,967.6057571704496,1766.9999999999968
3.2000000000000024,[49.99790388 49.99786454 49.99788742 49.99786352],49.99787984218757,967.5856235621154,1767.0000000000027
3.2200000000000024,[49.99787553 49.99784164 49.99789064 49.99786616],49.99786849079922,967.4580793611793,1766.9999999999984
3.2400000000000024,[49.99784777 49.99781975 49.99789377 49.99786895],49.997857561911886,967.5533456492153,1767.0000000000007
3.2600000000000025,[49.9978194  49.99779732 49.99789599 49.99787091],49.99784590523466,967.52355233485,1767.0000000000011
3.2800000000000025,[49.9977924  49.99777671 49.99789806 49.99787301],49.99783504516521,967.4912363256302,1766.9999999999975
3.3000000000000025,[49.99777049 49.99776253 49.99790145 49.99787718],49.99782791068859,967.2155260224587,1766.9999999999975
3.3200000000000025,[49.99775591 49.99775733 49.99790719 49.99788469],49.997826279643746,967.0336099748753,1767.0000000000025
3.3400000000000025,[49.99774463 49.99775569 49.99791343 49.99789306],49.99782670174915,967.0484522230042,1767.0000000000011
3.3600000000000025,[49.99773372 49.99775381 49.99791871 49.99790044],49.997826671491275,967.0779924343881,1766.9999999999993
3.3800000000000026,[49.99772602 49.99775516 49.99792416 49.99790828],49.99782840245533,966.9071222100515,1766.9999999999995
3.4000000000000026,[49.99771817 49.99775516 49.99792836 49.99791465],49.997829084331826,967.1734323804195,1767.0000000000023
3.4200000000000026,[49.99770653 49.99774926 49.99792945 49.9979172 ],49.99782561135511,967.2650300563462,1767.0000000000011
3.4400000000000026,[49.99769523 49.99774266 49.99792922 49.99791825],49.997821338323384,967.2497242689785,1767.0000000000011
3.4600000000000026,[49.99768217 49.99773253 49.99792675 49.9979166 ],49.997814513919714,967.4892005236867,1767.0000000000002
3.4800000000000026,[49.99766655 49.99771797 49.99792152 49.9979116 ],49.997804412923855,967.5358321955872,1767.0000000000043
3.5000000000000027,[49.99765007 49.99770111 49.99791431 49.99790427],49.997792442653946,967.6573632305882,1767.0000000000011
3.5200000000000027,[49.99763089 49.99767968 49.99790423 49.99789351],49.997777077110186,967.8329929222392,1767.0000000000005
3.5400000000000027,[49.99761137 49.99765685 49.99789223 49.9978806 ],49.99776026403097,967.7911827684874,1767.000000000002
3.5600000000000027,[49.99759697 49.99763958 49.99788081 49.99786877],49.997746534606264,967.5854710443342,1767.0000000000039
3.5800000000000027,[49.99758898 49.99762947 49.99787067 49.99785886],49.9977369927166,967.4502738001332,1767.0000000000018
3.6000000000000028,[49.99758347 49.99762152 49.99786013 49.99784871],49.99772845632453,967.5119526935083,1766.9999999999995
3.6200000000000028,[49.99757552 49.9976096  49.99784699 49.99783547],49.99771689472669,967.7160050390372,1767.0000000000014
3.640000000000003,[49.99756846 49.9975982  49.99783262 49.997821  ],49.9977050717537,967.5453517295016,1766.999999999999
3.660000000000003,[49.99756571 49.99759165 49.99781878 49.9978075 ],49.99769590931519,967.5029939906038,1767.0000000000007
3.680000000000003,[49.99756463 49.99758667 49.99780435 49.99779353],49.99768729735529,967.5095738443371,1766.9999999999989
3.700000000000003,[49.99756561 49.99758385 49.99778958 49.9977794 ],49.997679612088305,967.4352684421328,1767.000000000001
3.720000000000003,[49.99757397 49.99759008 49.99777696 49.9977683 ],49.997677326440666,967.064834602277,1766.9999999999986
3.740000000000003,[49.99759168 49.9976077  49.9977677  49.99776165],49.997682181658874,966.8427272479336,1766.9999999999975
3.760000000000003,[49.99761423 49.99763092 49.99775998 49.99775703],49.997690537868095,966.7776117308786,1766.9999999999995
3.780000000000003,[49.99763978 49.99765745 49.99775312 49.99775349],49.997700959085364,966.6756838786877,1766.9999999999989
3.800000000000003,[49.99766548 49.99768362 49.99774608 49.9977496 ],49.99771119351104,966.7994388514948,1766.999999999997
3.820000000000003,[49.99768632 49.99770317 49.99773672 49.99774257],49.997717194791804,967.0379579371101,1767.0000000000016
3.840000000000003,[49.99770469 49.99771936 49.99772617 49.99773386],49.99772102080527,966.9886658032414,1766.9999999999977
3.860000000000003,[49.99772235 49.99773435 49.99771546 49.99772474],49.9977242235269,967.0961656713457,1766.9999999999984
3.880000000000003,[49.99774129 49.99775087 49.99770559 49.99771649],49.99772855949957,966.8988127226986,1766.9999999999989
3.900000000000003,[49.99776527 49.99777359 49.99769854 49.99771155],49.99773723597826,966.7354894894056,1767.0000000000005
3.920000000000003,[49.99779497 49.99780335 49.99769483 49.99771052],49.99775091758471,966.4812396945961,1766.9999999999975
3.940000000000003,[49.99782627 49.99783482 49.99769296 49.99771131],49.99776633927393,966.5916327155284,1766.9999999999995
3.960000000000003,[49.99785495 49.99786277 49.99769107 49.99771156],49.997780088024335,966.6243290051437,1766.9999999999961
3.980000000000003,[49.9978819  49.99788837 49.99768973 49.99771192],49.99779297905751,966.6657631153352,1767.0000000000002
4.000000000000003,[49.99790673 49.99791118 49.99768888 49.9977123 ],49.997804772158894,966.7183862955324,1766.9999999999993
4.020000000000002,[49.99793165 49.99793413 49.99768963 49.99771413],49.99781738344153,966.5982697938017,1766.9999999999995
4.040000000000002,[49.99795754 49.99795829 49.99769259 49.99771811],49.997831633433684,966.581217907491,1766.9999999999989
4.060000000000001,[49.99798165 49.99798021 49.99769663 49.99772279],49.997845319374136,966.6461024907137,1767.0000000000016
4.080000000000001,[49.99800177 49.99799715 49.99770084 49.99772696],49.99785667859258,966.7772645174672,1767.0000000000014
4.1000000000000005,[49.99801707 49.99800823 49.99770487 49.99773021],49.997865091962524,966.8943322220639,1767.0000000000005
4.12,[49.99802753 49.99801353 49.99770871 49.99773259],49.99787059225662,967.0228550823498,1766.9999999999995
4.14,[49.99803494 49.99801548 49.99771315 49.99773514],49.997874675589834,967.014157310102,1767.0000000000011
4.159999999999999,[49.99804111 49.99801647 49.99771905 49.997739  ],49.99787890740494,967.0108159527248,1766.9999999999984
4.179999999999999,[49.99805095 49.99802283 49.99772853 49.99774698],49.99788732330479,966.6622575959921,1767.0000000000002
4.199999999999998,[49.99806337 49.99803303 49.99774135 49.99775867],49.997899101916346,966.7272011981559,1766.9999999999995
4.219999999999998,[49.99807492 49.99804282 49.99775579 49.99777193],49.99791136512756,966.6208380663046,1766.9999999999977
4.2399999999999975,[49.99808798 49.99805521 49.99777293 49.99778817],49.99792607092726,966.5207180105285,1767.0
4.259999999999997,[49.99809812 49.99806451 49.99779079 49.99780482],49.99793956131296,966.7220925196652,1767.0000000000036
4.279999999999997,[49.99810132 49.99806576 49.99780737 49.9978194 ],49.997948459609304,966.9067647152804,1767.0000000000016
4.299999999999996,[49.99810147 49.99806405 49.9978242  49.997834  ],49.997955929741,966.8424888955209,1767.0000000000011
4.319999999999996,[49.99809808 49.99805865 49.99784108 49.99784834],49.99796153850034,967.0638570024123,1767.0000000000034
4.339999999999995,[49.99808864 49.99804652 49.99785662 49.99786077],49.99796313615679,967.181331080423,1767.0000000000016
4.359999999999995,[49.99807627 49.99803171 49.99787202 49.99787295],49.997963239087674,967.1915744367349,1766.9999999999993
4.379999999999995,[49.99806246 49.99801611 49.99788784 49.99788562],49.99796300599388,967.2119699316073,1767.000000000003
4.399999999999994,[49.99805009 49.9980034  49.99790515 49.99790028],49.997964729342655,967.0296624696134,1767.0000000000005
4.419999999999994,[49.99803885 49.99799302 49.99792375 49.99791666],49.997968072086564,967.0784377932828,1766.9999999999977
4.439999999999993,[49.99802218 49.99797661 49.99794051 49.99793079],49.99796752195821,967.3606163689994,1767.000000000003
4.459999999999993,[49.99800115 49.99795572 49.99795551 49.99794293],49.997963827250786,967.3474926919082,1767.0000000000016
4.479999999999992,[49.99797927 49.9979347  49.99797019 49.99795498],49.997959783078656,967.3949750345786,1767.0000000000023
4.499999999999992,[49.99795758 49.99791484 49.99798476 49.9979673 ],49.99795612142827,967.3208433863472,1766.9999999999984
4.519999999999992,[49.9979388  49.99789951 49.9980003  49.99798131],49.9979549795274,967.1887624679365,1766.9999999999977
4.539999999999991,[49.9979244  49.99789041 49.99801731 49.99799766],49.997957446768204,967.0230701298026,1766.9999999999984
4.559999999999991,[49.99790999 49.99788171 49.99803374 49.99801371],49.99795978787034,967.2054801305413,1767.0000000000039
4.57999999999999,[49.99789397 49.99787141 49.99804855 49.99802817],49.99796052468696,967.1650102884572,1767.0000000000016
4.59999999999999,[49.99787581 49.99785864 49.99806139 49.99804061],49.99795911206118,967.3937984853561,1767.0000000000005
4.6199999999999894,[49.9978536  49.99784101 49.99807111 49.99804963],49.99795384093407,967.4981894557884,1767.0000000000036
4.639999999999989,[49.99783531 49.99782857 49.99808106 49.9980596 ],49.9979511344317,967.1870719178844,1766.9999999999961
4.659999999999989,[49.99782102 49.99782107 49.99809138 49.9980706 ],49.99795101525336,967.2893669107933,1767.0000000000036
4.679999999999988,[49.99780582 49.99781221 49.99809963 49.99807952],49.99794929318344,967.3314560362438,1767.000000000002
4.699999999999988,[49.9977901  49.99780237 49.99810586 49.99808644],49.99794619153827,967.4154351615063,1767.0000000000002
4.719999999999987,[49.99777213 49.99778926 49.99810918 49.99809022],49.997940195865276,967.5855520317168,1767.0000000000018
4.739999999999987,[49.99775344 49.99777482 49.99811009 49.99809152],49.997932467615364,967.5724697282727,1767.0000000000002
4.7599999999999865,[49.99773864 49.9977648  49.99811059 49.99809295],49.997926742987815,967.4283665721711,1767.000000000001
4.779999999999986,[49.99772879 49.99776035 49.99811119 49.9980951 ],49.997923856501004,967.3448890069462,1767.0
4.799999999999986,[49.99772418 49.99776172 49.99811202 49.99809807],49.997923995317095,967.1848676511158,1767.0000000000018
4.819999999999985,[49.99772418 49.99776793 49.99811284 49.9981015 ],49.99792660939079,967.1473243794128,1767.0000000000005
4.839999999999985,[49.99772335 49.99777193 49.99811125 49.99810224],49.997927189704605,967.3667088737718,1766.9999999999964
4.859999999999984,[49.99772059 49.99777242 49.99810664 49.99809952],49.99792479170563,967.4090948437758,1766.9999999999993
4.879999999999984,[49.99771487 49.997768   49.99809863 49.9980928 ],49.9979185763553,967.6992475965939,1767.0
4.8999999999999835,[49.99770683 49.99775966 49.99808738 49.99808237],49.99790905789777,967.6989099928769,1766.9999999999993
4.919999999999983,[49.99770523 49.99775854 49.99807689 49.99807334],49.99790350124088,967.377467278706,1766.9999999999995
4.939999999999983,[49.99771173 49.99776653 49.99806821 49.99806694],49.99790335399744,967.2543129866546,1766.999999999997
4.959999999999982,[49.99771609 49.99777053 49.99805693 49.99805737],49.99790023083267,967.638008987451,1767.0000000000016
4.979999999999982,[49.99771628 49.99776826 49.99804196 49.99804336],49.99789246418854,967.6556347383569,1767.0000000000027
4.999999999999981,[49.99771609 49.99776461 49.99802519 49.99802726],49.99788328834471,967.7669015535755,1767.0000000000027
5.019999999999981,[49.99771348 49.99775706 49.99800578 49.99800802],49.997871083278014,967.9207599310042,1766.9999999999961
5.0399999999999805,[49.99770713 49.99774412 49.99798321 49.99798497],49.99785485531387,968.1156267037522,1766.9999999999989
5.05999999999998,[49.99770298 49.99773361 49.99796016 49.99796161],49.997839591470765,967.8496949364733,1767.0000000000005
5.07999999999998,[49.9977042  49.99772946 49.99793838 49.99794011],49.99782803768637,967.8123850880401,1767.0000000000011
5.099999999999979,[49.99770604 49.99772575 49.99791589 49.99791788],49.99781639338215,967.8655799220344,1766.9999999999982
5.119999999999979,[49.99770983 49.99772436 49.99789336 49.9978958 ],49.997805840110715,967.7282590231168,1766.999999999998
5.139999999999978,[49.99771848 49.99772902 49.99787233 49.99787579],49.997798904539,967.5678216349215,1766.9999999999984
5.159999999999978,[49.99773422 49.9977426  49.99785399 49.99785934],49.99779753852754,967.2650817358309,1766.9999999999966
5.1799999999999775,[49.9977522  49.9977588  49.99783655 49.99784398],49.99779788274072,967.4280909224091,1767.0
5.199999999999977,[49.99776982 49.99777457 49.99781885 49.99782824],49.997797868467075,967.2990155004038,1766.999999999999
5.219999999999977,[49.99778679 49.99778946 49.99780107 49.99781224],49.99779739123055,967.4699554017201,1767.0
5.239999999999976,[49.99780608 49.99780748 49.99778454 49.99779775],49.997798959373284,967.1293996237669,1767.0
5.259999999999976,[49.99782882 49.99782983 49.99777023 49.99778583],49.9978036800237,967.2058517581972,1766.999999999996
5.279999999999975,[49.99784842 49.99784823 49.9977553  49.99777278],49.99780618311277,967.316765822808,1766.9999999999989
5.299999999999975,[49.99786546 49.99786355 49.99774014 49.99775908],49.99780705750082,967.3433382651901,1766.9999999999984
5.3199999999999745,[49.99788073 49.9978768  49.99772528 49.99774538],49.997807047695225,967.3911508142905,1767.0000000000039
5.339999999999974,[49.99788864 49.99788089 49.9977084  49.99772864],49.99780164097995,967.7972423741641,1766.9999999999995
5.359999999999974,[49.99788661 49.99787286 49.99768827 49.99770736],49.99778877439109,968.0191860844906,1767.0000000000005
5.379999999999973,[49.99788188 49.9978621  49.99766818 49.99768581],49.997774489227,967.9169875874247,1766.9999999999995
5.399999999999973,[49.99787618 49.99785077 49.9976491  49.99766523],49.997760318598075,968.0093819120805,1767.000000000001
5.419999999999972,[49.99786782 49.99783686 49.99763031 49.99764471],49.99774492537468,968.019518780913,1767.0000000000027
5.439999999999972,[49.99785627 49.99781976 49.99761164 49.99762402],49.99772792531898,968.143959778559,1767.0000000000005
5.4599999999999715,[49.9978432  49.99780177 49.99759377 49.99760414],49.99771071794451,968.0362330984125,1766.9999999999961
5.479999999999971,[49.99782725 49.99778112 49.99757623 49.99758441],49.99769225027372,968.2488588310649,1767.0000000000036
5.499999999999971,[49.99780419 49.99775262 49.99755697 49.99756229],49.99766901889915,968.4362437026799,1767.0000000000002
5.51999999999997,[49.99777935 49.99772323 49.99753825 49.99754079],49.9976454063007,968.2802968657483,1766.9999999999995
5.53999999999997,[49.9977542  49.99769473 49.99752081 49.99752085],49.99762264735804,968.3633756225893,1767.0000000000016
5.559999999999969,[49.99772552 49.99766311 49.99750309 49.99750052],49.997598061788004,968.4330965377285,1767.0000000000018
5.579999999999969,[49.9976975  49.99763377 49.99748683 49.99748211],49.99757505165894,968.2299476358033,1767.000000000001
5.599999999999969,[49.99767537 49.99761323 49.99747438 49.99746863],49.99755790318368,967.9384437721659,1766.9999999999977
5.619999999999968,[49.9976592  49.99760139 49.99746583 49.99746015],49.9975466403004,967.732559352103,1767.0000000000005
5.639999999999968,[49.99764307 49.9975905  49.99745853 49.99745319],49.997536323060366,967.8563709925666,1767.0000000000039
5.659999999999967,[49.99762272 49.99757515 49.99745035 49.99744506],49.99752332119321,967.956386056209,1767.0000000000002
5.679999999999967,[49.99760214 49.99756037 49.99744293 49.9974379 ],49.99751083397356,967.8113573936029,1767.0000000000011
5.699999999999966,[49.99758026 49.99754454 49.99743581 49.99743106],49.997497914543196,967.9910947102071,1767.000000000002
5.719999999999966,[49.99755133 49.9975203  49.99742622 49.99742102],49.99747971652371,968.2547019705124,1767.0000000000027
5.739999999999966,[49.9975209  49.99749478 49.99741637 49.99741071],49.99746069027334,968.0608291035201,1766.9999999999984
5.759999999999965,[49.99749146 49.99747082 49.99740744 49.99740159],49.997442826374,968.1569692119145,1767.0000000000007
5.779999999999965,[49.99745828 49.99744234 49.99739714 49.99739072],49.99742211853077,968.3008729903235,1767.0000000000027
5.799999999999964,[49.99742236 49.99741058 49.99738571 49.99737848],49.997399283232326,968.337460093509,1767.0000000000005
5.819999999999964,[49.99738524 49.99737737 49.99737371 49.99736561],49.99737548506095,968.3838980215381,1767.0000000000011
5.839999999999963,[49.99734648 49.99734208 49.99736081 49.99735168],49.99735026350727,968.4597944529019,1766.9999999999998
5.859999999999963,[49.99730604 49.99730461 49.99734681 49.99733651],49.997323493034656,968.5174061848697,1767.000000000004
5.879999999999963,[49.99726489 49.99726614 49.99733199 49.99732049],49.99729587500974,968.5348361158027,1767.000000000001
5.899999999999962,[49.99722493 49.997229   49.99731704 49.99730454],49.9972688783657,968.469257906119,1766.9999999999993
5.919999999999962,[49.99718509 49.99719174 49.99730143 49.99728797],49.99724155890761,968.5664172198104,1767.0000000000016
5.939999999999961,[49.99714981 49.99716004 49.99728689 49.99727308],49.99721745207844,968.2037533418267,1766.9999999999995
5.959999999999961,[49.99712318 49.99713879 49.99727535 49.99726228],49.997199900644425,968.0190804493426,1767.0000000000032
5.9799999999999605,[49.99710216 49.99712398 49.99726541 49.99725373],49.997186319077,967.8737512810735,1767.0000000000007
5.99999999999996,[49.99708326 49.99711101 49.99725548 49.99724533],49.99717376919311,967.9362472737231,1767.000000000001
6.01999999999996,[49.99705929 49.99709068 49.99724225 49.9972328 ],49.99715625468227,968.2960203679825,1766.9999999999975
6.039999999999959,[49.99702746 49.99705961 49.99722422 49.99721431],49.997131398326644,968.5597395985208,1767.0000000000007
6.059999999999959,[49.9969931  49.99702469 49.9972036  49.99719279],49.9971035466081,968.5546889673584,1767.0000000000016
6.079999999999958,[49.99696157 49.99699269 49.99718281 49.99717135],49.99707710626783,968.44786061405,1766.999999999999
6.099999999999958,[49.99692832 49.99695771 49.9971599  49.99714745],49.99704834667003,968.7568453539723,1767.0000000000011
6.1199999999999575,[49.99689333 49.99691998 49.99713459 49.99712084],49.99701718483885,968.6577850363915,1767.000000000002
6.139999999999957,[49.99685549 49.996878   49.99710653 49.99709102],49.99698276068728,969.0392260639375,1767.0000000000005
6.159999999999957,[49.99681262 49.99682932 49.99707446 49.99705653],49.996943230446035,969.0962550866383,1767.0000000000032
6.179999999999956,[49.99677246 49.99678389 49.99704183 49.99702186],49.99690500797422,968.9381592389091,1766.999999999998
6.199999999999956,[49.9967379  49.99674534 49.99701001 49.99698876],49.99687050326714,968.79200459619,1766.999999999997
6.219999999999955,[49.99670547 49.99670927 49.99697756 49.99695534],49.99683690809758,968.8698191120136,1767.0000000000014
6.239999999999955,[49.99667124 49.9966708  49.99694263 49.99691927],49.996800984918465,968.9961594325711,1767.0
6.2599999999999545,[49.9966335  49.99662791 49.99690444 49.99687957],49.99676135594126,969.1901264793474,1767.0000000000007
6.279999999999954,[49.99659093 49.99657909 49.99686232 49.99683546],49.99671695024847,969.4069670801434,1767.0000000000027
6.299999999999954,[49.99654676 49.99652865 49.99681764 49.99678878],49.9966704570979,969.3749974002341,1766.9999999999989
6.319999999999953,[49.99650047 49.99647593 49.99677029 49.99673938],49.996621516680804,969.6220028849797,1767.0
6.339999999999953,[49.99645626 49.9964266  49.99672201 49.99668959],49.99657361478086,969.2969371421826,1766.9999999999984
6.359999999999952,[49.99642349 49.99639237 49.99667722 49.99664505],49.99653453067962,968.8882607228777,1766.999999999999
6.379999999999952,[49.99639475 49.99636358 49.99663292 49.99660174],49.996498244630054,969.0685104502915,1767.0000000000011
6.3999999999999515,[49.99636155 49.99632962 49.99658522 49.99655466],49.99645776485948,969.2481720747857,1766.9999999999995
6.419999999999951,[49.99632594 49.99629318 49.99653502 49.99650501],49.996414790298076,969.2855307099485,1767.0000000000016
6.439999999999951,[49.99629188 49.99625932 49.99648417 49.99645516],49.996372633347974,969.1862166248148,1766.999999999998
6.45999999999995,[49.99626374 49.9962335  49.99643479 49.99640777],49.99633494996157,968.9152913699254,1767.000000000002
6.47999999999995,[49.99623893 49.99621221 49.99638603 49.99636158],49.99629968836664,968.9876562294888,1767.0000000000007
6.499999999999949,[49.99621579 49.99619333 49.99633716 49.99631563],49.99626547517444,968.8319348316937,1766.999999999997
6.519999999999949,[49.99619381 49.99617602 49.99628821 49.99626984],49.996231967399446,968.9324393289178,1767.0000000000025
6.5399999999999485,[49.99616969 49.99615609 49.99623778 49.99622234],49.99619647521577,969.0028661864094,1767.0000000000002
6.559999999999948,[49.99614926 49.9961409  49.99618855 49.99617655],49.996163816331524,968.6976296041994,1767.0000000000002
6.579999999999948,[49.99613221 49.99612975 49.9961408  49.99613262],49.996133846475374,968.7791602992477,1766.9999999999982
6.599999999999947,[49.99611221 49.99611456 49.99609177 49.99608695],49.996101373121625,968.9106122013014,1766.9999999999977
6.619999999999947,[49.99609197 49.99609876 49.99604275 49.99604114],49.996068654611065,968.8019525886566,1767.0000000000014
6.639999999999946,[49.99607702 49.99608925 49.99599645 49.99599858],49.99604032500888,968.5427509705281,1766.999999999998
6.659999999999946,[49.99606463 49.99608229 49.99595199 49.99595796],49.9960142178996,968.6154174169799,1767.0000000000014
6.6799999999999455,[49.99604914 49.99607067 49.99590693 49.99591608],49.9959857056378,968.7453628561049,1767.0000000000016
6.699999999999945,[49.99603201 49.99605629 49.99586201 49.99587384],49.99595603810523,968.7127436035616,1767.0000000000016
6.719999999999945,[49.99601405 49.99604008 49.99581779 49.9958319 ],49.9959259541686,968.7801362038815,1766.9999999999989
6.739999999999944,[49.99599384 49.99602027 49.99577376 49.99578953],49.995894348365624,968.8403737194627,1767.0
6.759999999999944,[49.99597207 49.99599777 49.99573033 49.99574724],49.99586185073703,968.8545862333739,1767.000000000002
6.779999999999943,[49.9959461  49.99596922 49.99568647 49.99570368],49.9958263658176,969.0909893815842,1767.0000000000011
6.799999999999943,[49.99591264 49.99593065 49.99564069 49.99565694],49.995785229921765,969.3296936596421,1766.9999999999975
6.8199999999999426,[49.99587401 49.99588522 49.99559401 49.99560841],49.99574041193472,969.4008042921872,1767.0000000000011
6.839999999999942,[49.99583528 49.9958395  49.99554872 49.99556108],49.995696143203254,969.2834518632081,1766.9999999999986
6.859999999999942,[49.99579589 49.99579283 49.99550474 49.99551482],49.99565206824985,969.3841117617518,1766.999999999998
6.879999999999941,[49.99575661 49.99574642 49.99546232 49.99547004],49.99560884853416,969.211089000961,1767.0000000000005
6.899999999999941,[49.99571834 49.99570144 49.99542199 49.99542741],49.99556729621356,969.2429277588253,1767.0000000000011
6.91999999999994,[49.99567912 49.99565555 49.99538281 49.99538577],49.995525814486086,969.2042005870965,1767.0000000000032
6.93999999999994,[49.99563781 49.99560743 49.99534426 49.99534451],49.99548350247725,969.3117517244675,1767.0000000000011
6.95999999999994,[49.99559482 49.99555781 49.99530642 49.9953038 ],49.99544071008786,969.243801286702,1766.9999999999995
6.979999999999939,[49.99555554 49.99551363 49.99527165 49.99526674],49.99540189129308,968.9764117288009,1766.9999999999998
6.999999999999939,[49.99552303 49.99547873 49.99524142 49.9952352 ],49.99536959571526,968.6933186690377,1766.9999999999993
7.019999999999938,[49.9954972  49.99545294 49.99521573 49.99520916],49.99534375560907,968.4309708142661,1766.9999999999993
7.039999999999938,[49.99547162 49.99542794 49.99519177 49.99518495],49.99531907297425,968.5932571513246,1766.999999999999
7.059999999999937,[49.99544519 49.99540252 49.99516882 49.99516172],49.99529456104834,968.4143854960635,1767.000000000001
7.079999999999937,[49.99541704 49.9953754  49.99514658 49.99513903],49.99526951389371,968.6360652070931,1767.0000000000011
7.099999999999937,[49.99538754 49.99534723 49.99512496 49.99511689],49.9952441539175,968.4392185459491,1767.0
7.119999999999936,[49.99535903 49.99532077 49.99510511 49.9950967 ],49.995220404015896,968.4991105547747,1767.0000000000007
7.139999999999936,[49.9953299  49.99529401 49.99508617 49.9950774 ],49.995196869911595,968.4200882933834,1767.0000000000002
7.159999999999935,[49.99530274 49.99527015 49.99506926 49.99506046],49.995175653901114,968.3033073704439,1766.9999999999995
7.179999999999935,[49.99527347 49.99524381 49.99505257 49.99504347],49.99515333048936,968.5128003412171,1766.9999999999995
7.1999999999999345,[49.99523994 49.99521239 49.9950349  49.99502499],49.995128056955934,968.5520165601162,1767.0000000000032
7.219999999999934,[49.99520539 49.99517994 49.99501761 49.9950068 ],49.99510243713602,968.5430330376986,1767.000000000002
7.239999999999934,[49.99517076 49.99514758 49.99500102 49.99498934],49.99507717833727,968.5232495252951,1766.9999999999995
7.259999999999933,[49.99513715 49.99511666 49.99498554 49.99497316],49.99505312850033,968.4433715384613,1766.9999999999995
7.279999999999933,[49.99510609 49.99508903 49.99497178 49.99495903],49.995031484746654,968.3231504918177,1767.0000000000025
7.299999999999932,[49.99507477 49.99506096 49.99495845 49.99494529],49.99500986731802,968.4438002590248,1767.0000000000023
7.319999999999932,[49.99504135 49.99503015 49.99494451 49.99493066],49.99498666781356,968.4596839613822,1767.0000000000011
7.3399999999999315,[49.99500575 49.99499643 49.99492983 49.99491499],49.994961749160744,968.5924959387462,1766.999999999998
7.359999999999931,[49.99496995 49.99496239 49.99491508 49.99489925],49.99493666521025,968.4784234294341,1767.0000000000011
7.379999999999931,[49.99493287 49.99492649 49.9948998  49.99488279],49.99491048767503,968.6897326019135,1767.0000000000045
7.39999999999993,[49.99489379 49.99488794 49.99488338 49.99486495],49.9948825151131,968.635637136864,1766.9999999999961
7.41999999999993,[49.99485498 49.99484954 49.9948668  49.99484699],49.994854576311745,968.6935099476457,1766.9999999999964
7.439999999999929,[49.99481552 49.99481015 49.99484949 49.99482824],49.99482584959027,968.7091807205848,1767.0000000000025
7.459999999999929,[49.99477869 49.99477397 49.99483278 49.99481047],49.99479897863337,968.5450537680603,1767.0
7.4799999999999285,[49.99474132 49.99473679 49.99481529 49.99479186],49.99477131553104,968.7837092602313,1767.000000000002
7.499999999999928,[49.99469731 49.99469101 49.99479403 49.99476865],49.994737751959654,969.0504382936953,1767.0000000000011
7.519999999999928,[49.99465035 49.99464152 49.99477039 49.99474279],49.994701262281666,969.039860599012,1767.0000000000005
7.539999999999927,[49.99460568 49.99459496 49.99474667 49.99471725],49.994666139805005,968.945750716826,1766.9999999999993
7.559999999999927,[49.99456469 49.99455307 49.99472346 49.9946928 ],49.994633503779404,968.8411331200673,1767.0000000000007
7.579999999999926,[49.99452657 49.99451476 49.99470035 49.99466894],49.99460265461691,968.805946461089,1767.0000000000027
7.599999999999926,[49.99449019 49.99447859 49.99467676 49.99464492],49.99457261579734,968.7836598511359,1767.000000000001
7.6199999999999255,[49.994455   49.99444386 49.99465238 49.99462036],49.994542900964525,968.7895814091115,1767.000000000001
7.639999999999925,[49.99442369 49.99441403 49.99462833 49.99459674],49.994515699994004,968.5831794589907,1766.9999999999989
7.659999999999925,[49.99439449 49.99438665 49.99460394 49.99457311],49.99448955048457,968.7119366425937,1766.9999999999984
7.679999999999924,[49.99436632 49.99436046 49.99457856 49.9945487 ],49.99446351233465,968.5849946336847,1767.0000000000014
7.699999999999924,[49.99433831 49.99433419 49.99455193 49.99452308],49.99443687864755,968.7731723929501,1766.9999999999995
7.719999999999923,[49.99430943 49.99430666 49.99452344 49.99449553],49.994408764805264,968.7211519174197,1767.0000000000043
7.739999999999923,[49.9942798  49.99427791 49.99449326 49.99446621],49.99437929489946,968.8989560295257,1767.0000000000018
7.7599999999999225,[49.9942462  49.99424392 49.99445987 49.99443318],49.994345791529234,969.0727293086705,1767.0000000000011
7.779999999999922,[49.99420936 49.9942057  49.99442356 49.99439687],49.99430887397207,969.1989175635827,1767.0000000000016
7.799999999999922,[49.99417112 49.99416566 49.99438517 49.99435834],49.99427007191039,969.2443185491295,1767.0000000000011
7.819999999999921,[49.99413317 49.99412594 49.99434547 49.99431861],49.99423079675768,969.2518466786976,1766.9999999999977
7.839999999999921,[49.99409745 49.99408905 49.99430539 49.99427885],49.99419268279576,969.1596476697863,1766.999999999999
7.85999999999992,[49.99406288 49.99405355 49.99426457 49.99423857],49.994154890568026,969.2374972489573,1766.9999999999982
7.87999999999992,[49.99402611 49.99401523 49.99422151 49.99419581],49.99411466584199,969.3770614293785,1767.0000000000023
7.8999999999999195,[49.99398807 49.99397539 49.99417661 49.99415113],49.99407280146642,969.3883183230416,1766.9999999999995
7.919999999999919,[49.99395082 49.99393664 49.99413087 49.9941058 ],49.99403103083861,969.3818692736561,1767.0000000000016
7.939999999999919,[49.99391727 49.99390274 49.99408567 49.99406156],49.99399180803183,969.1863212929932,1766.999999999999
7.959999999999918,[49.99388559 49.99387119 49.99404039 49.99401754],49.99395367814449,969.301623552209,1767.0000000000011
7.979999999999918,[49.9938535  49.99383921 49.993994   49.99397242],49.993914782823154,969.2623326244951,1767.0000000000005
7.999999999999917,[49.99382242 49.99380856 49.99394725 49.99392711],49.99387633540551,969.2751660673329,1766.9999999999998
8.019999999999918,[49.99379197 49.99377875 49.99390008 49.9938815 ],49.99383807609791,969.2574348557054,1767.0000000000032
8.039999999999917,[49.99376185 49.99374939 49.99385247 49.99383551],49.99379980501538,969.2867362587015,1767.0
8.059999999999917,[49.99372902 49.99371657 49.99380316 49.99378748],49.99375905801327,969.4761377414783,1767.0000000000043
8.079999999999917,[49.99369716 49.99368513 49.99375378 49.99373952],49.99371889409667,969.2480705063042,1767.0000000000005
8.099999999999916,[49.99366981 49.99365938 49.99370619 49.99369393],49.993682324841664,969.1832687512792,1767.0000000000025
8.119999999999916,[49.99364223 49.99363322 49.99365841 49.99364809],49.99364548926466,969.2795690255525,1767.0000000000025
8.139999999999915,[49.9936149  49.99360734 49.99361069 49.99360231],49.99360881076399,969.1789430970867,1766.9999999999989
8.159999999999915,[49.99358967 49.993584   49.99356406 49.99355781],49.99357388334462,969.1405619372473,1767.000000000002
8.179999999999914,[49.99356635 49.99356291 49.99351854 49.99351459],49.993540597767435,969.0486543271378,1767.0000000000027
8.199999999999914,[49.9935436  49.99354228 49.99347371 49.99347202],49.99350790251923,969.0982190208177,1767.0
8.219999999999914,[49.99352732 49.9935297  49.99343225 49.99343354],49.993480704135706,968.5930497533238,1767.0000000000002
8.239999999999913,[49.99351926 49.99352699 49.99339538 49.99340051],49.99346053310219,968.5123803860071,1766.9999999999986
8.259999999999913,[49.99351101 49.99352342 49.99335946 49.99336815],49.9934405130753,968.5852150038004,1766.999999999999
8.279999999999912,[49.99349983 49.99351549 49.99332333 49.99333492],49.99341839534954,968.6936173795765,1767.0000000000014
8.299999999999912,[49.99348469 49.99350193 49.99328661 49.99330031],49.993393384308845,968.8334467872829,1766.999999999999
8.319999999999911,[49.99346514 49.99348222 49.99324917 49.99326412],49.993365160769095,968.9688916613837,1766.999999999999
8.339999999999911,[49.99344018 49.99345514 49.99321062 49.99322587],49.993332954343025,969.1737912234191,1766.9999999999984
8.35999999999991,[49.99341386 49.99342603 49.99317277 49.9931879 ],49.9933001390267,969.0256512829925,1766.9999999999977
8.37999999999991,[49.99338531 49.99339365 49.99313545 49.99314994],49.99326608882382,969.2829266260447,1767.0
8.39999999999991,[49.99335429 49.993358   49.99309842 49.99311178],49.99323062343866,969.1503497101774,1766.9999999999989
8.41999999999991,[49.99332475 49.99332408 49.99306362 49.99307588],49.993197082699375,969.1262729797738,1767.000000000002
8.439999999999909,[49.99328987 49.99328325 49.99302804 49.99303836],49.99315988201315,969.463563338288,1766.9999999999984
8.459999999999908,[49.99325089 49.99323746 49.99299199 49.99299979],49.993120032742894,969.3550471938389,1767.0000000000002
8.479999999999908,[49.99321437 49.99319508 49.99295852 49.99296407],49.993083011300406,969.2313507590841,1766.9999999999993
8.499999999999908,[49.99317739 49.99315241 49.99292635 49.9929296 ],49.99304643730417,969.3229087593596,1766.9999999999977
8.519999999999907,[49.99313866 49.99310802 49.99289479 49.99289556],49.99300925689131,969.2881047358612,1766.9999999999995
8.539999999999907,[49.99309983 49.99306409 49.99286455 49.99286289],49.99297283813723,969.2645829174213,1766.9999999999989
8.559999999999906,[49.9930558  49.99301415 49.9928333  49.99282865],49.992932975751515,969.5838142840468,1767.0000000000011
8.579999999999906,[49.99300703 49.99295916 49.99280097 49.9927929 ],49.9928900169454,969.5319527804385,1766.9999999999995
8.599999999999905,[49.99295551 49.99290161 49.99276844 49.99275681],49.992845594021965,969.7141137392549,1766.9999999999995
8.619999999999905,[49.99290114 49.99284159 49.99273544 49.99272016],49.99279958438495,969.6732486583139,1767.0000000000002
8.639999999999905,[49.99284666 49.99278261 49.99270313 49.99268449],49.99275422235524,969.6676867368896,1766.9999999999977
8.659999999999904,[49.99278819 49.99271978 49.99266966 49.9926475 ],49.99270628380775,969.8985050797722,1767.000000000002
8.679999999999904,[49.99272369 49.99265065 49.99263385 49.99260777],49.99265398884248,970.0436243691411,1767.0
8.699999999999903,[49.99266061 49.99258487 49.99259877 49.99256942],49.992603419572916,969.7633849624481,1767.0000000000025
8.719999999999903,[49.99260042 49.99252407 49.99256515 49.99253333],49.99255574560472,969.8099685475269,1767.000000000001
8.739999999999903,[49.99253839 49.99246228 49.99253066 49.99249657],49.99250697527443,969.8660677639338,1767.0000000000005
8.759999999999902,[49.99247525 49.9924004  49.9924954  49.99245937],49.99245760646115,969.8713181338157,1767.0000000000011
8.779999999999902,[49.99241145 49.99233895 49.99245944 49.99242182],49.99240791490046,969.904710244631,1766.9999999999977
8.799999999999901,[49.99234687 49.99227769 49.99242254 49.99238368],49.99235769565777,969.927761183649,1766.999999999999
8.8199999999999,[49.99227768 49.99221163 49.99238286 49.99234259],49.99230369132661,970.235868327793,1766.9999999999986
8.8399999999999,[49.99220229 49.99213881 49.99233936 49.99229731],49.99224444239147,970.3829422819879,1767.0000000000027
8.8599999999999,[49.99212643 49.99206647 49.99229439 49.99225096],49.992184563541635,970.3036606302802,1766.9999999999995
8.8799999999999,[49.99205535 49.99200113 49.99225024 49.99220646],49.99212829755609,970.0940641585906,1767.0000000000005
8.899999999999899,[49.99198374 49.99193567 49.99220455 49.99216072],49.99207117034989,970.3912996755355,1767.000000000003
8.919999999999899,[49.99190911 49.99186702 49.99215585 49.99211192],49.99201097548819,970.3683501440252,1766.9999999999995
8.939999999999898,[49.99183157 49.99179507 49.99210414 49.99206005],49.99194770836942,970.6664839489866,1766.9999999999977
8.959999999999898,[49.99175677 49.99172709 49.99205161 49.99200805],49.991885883041576,970.264660251644,1766.999999999998
8.979999999999897,[49.99169055 49.99167005 49.9920011  49.99195939],49.991830272259996,970.1607561320927,1767.0
8.999999999999897,[49.99162775 49.99161716 49.99195021 49.99191097],49.991776523314265,970.1251152431552,1767.000000000001
9.019999999999897,[49.99156756 49.99156719 49.99189852 49.99186218],49.99172386363941,970.0863158751196,1766.9999999999936
9.039999999999896,[49.99150687 49.99151596 49.99184465 49.99181116],49.991669658912855,970.2724838966125,1767.0000000000027
9.059999999999896,[49.99144838 49.99146688 49.99178962 49.99175927],49.99161604014031,970.0548978426907,1767.0000000000005
9.079999999999895,[49.99139162 49.99141897 49.99173344 49.99170634],49.99156259309677,970.2757142112075,1767.0000000000011
9.099999999999895,[49.99133403 49.99136899 49.99167481 49.99165072],49.991507137195214,970.2421318144303,1766.9999999999968
9.119999999999894,[49.9912758  49.99131695 49.99161394 49.99159257],49.991449815785295,970.4509972032121,1767.0000000000032
9.139999999999894,[49.99122022 49.99126711 49.99155218 49.99153368],49.99139329837806,970.1932147952092,1767.0000000000007
9.159999999999894,[49.99117346 49.99122703 49.99149257 49.9914778 ],49.99134271531752,969.9698227181632,1767.0000000000023
9.179999999999893,[49.9911312  49.99119099 49.99143338 49.99142257],49.9912945335948,970.0086526244854,1767.0000000000025
9.199999999999893,[49.99108652 49.99115014 49.99137159 49.99136402],49.99124306928361,970.2634092968863,1767.0000000000032
9.219999999999892,[49.9910415  49.99110729 49.99130806 49.9913033 ],49.991190035608035,970.1584105801938,1767.0000000000025
9.239999999999892,[49.9909993  49.99106633 49.99124447 49.99124244],49.99113813349768,970.1855408019389,1767.000000000001
9.259999999999891,[49.99096193 49.99102987 49.99118181 49.9911827 ],49.991089076983144,969.936025294789,1766.9999999999995
9.279999999999891,[49.99092718 49.99099496 49.99111944 49.9911231 ],49.99104117349725,970.1047530101829,1766.9999999999995
9.29999999999989,[49.99089116 49.99095683 49.99105565 49.99106144],49.99099126834319,970.1206034088982,1767.000000000003
9.31999999999989,[49.99085779 49.99092058 49.99099237 49.99100016],49.99094272310461,970.0061365179613,1766.9999999999995
9.33999999999989,[49.99082943 49.99088922 49.9909309  49.99094086],49.99089760026211,969.84774890868,1767.000000000002
9.35999999999989,[49.99080116 49.9908565  49.99086934 49.99088101],49.99085200226051,970.0604523344814,1767.000000000004
9.379999999999889,[49.99077322 49.99082304 49.99080782 49.99082079],49.990806216295375,969.8777890229247,1767.0000000000005
9.399999999999888,[49.99074552 49.99078872 49.99074665 49.99076051],49.99076034986348,970.0806838001802,1766.9999999999989
9.419999999999888,[49.99071549 49.9907506  49.99068472 49.99069879],49.990712402492406,970.0662551711752,1767.0000000000025
9.439999999999888,[49.99068114 49.99070625 49.99062141 49.99063477],49.9906608914427,970.3935441750662,1766.9999999999995
9.459999999999887,[49.9906379  49.99065027 49.99055467 49.9905659 ],49.99060218357874,970.6851419340759,1766.9999999999977
9.479999999999887,[49.99059478 49.99059456 49.99048851 49.99049748],49.990543831684775,970.3771677487957,1767.0000000000005
9.499999999999886,[49.99055681 49.9905455  49.9904256  49.99043285],49.99049019097671,970.3013092543023,1767.0000000000002
9.519999999999886,[49.99051728 49.99049474 49.99036308 49.99036834],49.99043585949733,970.4471927693291,1766.9999999999977
9.539999999999885,[49.99047615 49.99044256 49.99030093 49.990304  ],49.99038091084479,970.3649526959413,1767.0000000000018
9.559999999999885,[49.99043849 49.99039561 49.99024158 49.99024297],49.99032966088146,970.1470844814183,1767.0000000000032
9.579999999999885,[49.99040832 49.99035908 49.990187   49.99018778],49.99028554643711,969.7746766660003,1767.0000000000027
9.599999999999884,[49.99038158 49.99032769 49.9901357  49.9901364 ],49.99024534290153,969.8268844099017,1766.9999999999989
9.619999999999884,[49.99035524 49.99029783 49.99008628 49.99008706],49.99020660301777,969.659992810867,1766.9999999999995
9.639999999999883,[49.99032657 49.99026596 49.99003774 49.99003842],49.990167171841364,969.8929408260375,1766.9999999999982
9.659999999999883,[49.99029773 49.99023511 49.98999088 49.98999161],49.99012883301007,969.5761396448606,1767.0000000000048
9.679999999999882,[49.99026907 49.99020547 49.98994622 49.98994715],49.990091979270204,969.7753342907209,1766.9999999999977
9.699999999999882,[49.99023371 49.99016849 49.98990057 49.98990101],49.99005094499046,969.9355667392826,1766.9999999999993
9.719999999999882,[49.99019524 49.99012881 49.98985549 49.98985523],49.9900086917158,969.8859396286315,1767.0000000000011
9.739999999999881,[49.99015392 49.99008669 49.9898112  49.98981007],49.98996546991016,970.0251302709607,1766.9999999999995
9.75999999999988,[49.99010804 49.99004001 49.98976685 49.9897645 ],49.98991985012902,970.0961893265302,1766.9999999999986
9.77999999999988,[49.99005809 49.98998939 49.98972265 49.98971877],49.98987222602902,970.20262008685,1767.0000000000011
9.79999999999988,[49.99000295 49.98993344 49.98967801 49.9896722 ],49.98982164961638,970.3539287619614,1767.0000000000045
9.81999999999988,[49.98994333 49.98987307 49.9896331  49.98962507],49.9897686422789,970.4171030689413,1767.0000000000011
9.839999999999879,[49.98988555 49.98981636 49.98959064 49.98958094],49.98971837325939,970.133854016911,1766.9999999999986
9.859999999999879,[49.98982858 49.98976172 49.98955029 49.98953929],49.989669969949006,970.2701944572806,1766.9999999999986
9.879999999999878,[49.98976675 49.98970196 49.98950925 49.9894966 ],49.98961863876479,970.3908458676061,1766.9999999999934
9.899999999999878,[49.98970546 49.98964399 49.98946973 49.98945581],49.98956875066934,970.1600036675007,1767.0000000000055
9.919999999999877,[49.98964165 49.98958359 49.98943043 49.98941516],49.98951770644191,970.4993952544758,1766.9999999999995
9.939999999999877,[49.98956969 49.98951375 49.98938843 49.98937102],49.989460722094876,970.6722518986095,1766.9999999999984
9.959999999999877,[49.9894951  49.98944149 49.98934597 49.98932638],49.989402235771806,970.6391844689822,1767.0000000000036
9.979999999999876,[49.98941754 49.98936621 49.98930281 49.98928093],49.989341872421726,970.8441933652784,1766.9999999999993
9.999999999999876,[49.98934013 49.98929194 49.98925999 49.98923614],49.98928204960227,970.6086627816791,1766.9999999999968
10.019999999999875,[49.98926434 49.98922027 49.98921819 49.98919284],49.98922390812059,970.7178356834629,1767.0000000000005
10.039999999999875,[49.9891864  49.98914636 49.98917542 49.98914854],49.98916417923438,970.7580839109945,1766.999999999998
10.059999999999874,[49.9891032  49.98906614 49.98913011 49.98910124],49.989100170694584,971.0945528786808,1766.9999999999984
10.079999999999874,[49.98901293 49.98897742 49.98908105 49.98904955],49.98903023784593,971.2745714021476,1766.9999999999968
10.099999999999874,[49.98892454 49.98889162 49.98903196 49.98899833],49.988961613198235,971.0035668752969,1767.0000000000032
10.119999999999873,[49.98883744 49.98880765 49.98898262 49.98894727],49.988893745735325,971.2301042483414,1766.9999999999993
10.139999999999873,[49.98874549 49.98871775 49.9889299  49.98889244],49.98882139205163,971.4013031789353,1766.9999999999984
10.159999999999872,[49.98865386 49.98862855 49.98887584 49.98883655],49.988748699130106,971.2798928821642,1766.9999999999977
10.179999999999872,[49.9885628  49.98854014 49.98882048 49.98877967],49.988675773513776,971.4425188406616,1767.0000000000068
10.199999999999871,[49.98846677 49.9884455  49.98876108 49.98871831],49.988597913659135,971.717586212552,1767.000000000001
10.219999999999871,[49.98836811 49.9883477  49.98869835 49.98865352],49.98851692308891,971.7296162669851,1767.0000000000043
10.23999999999987,[49.98827138 49.98825245 49.98863422 49.98858781],49.98843646573875,971.6970098929404,1766.9999999999993
10.25999999999987,[49.98817768 49.98816106 49.98856905 49.98852168],49.98835736722008,971.6399397500577,1767.0000000000005
10.27999999999987,[49.98808452 49.98807024 49.98850164 49.98845358],49.988277494200446,971.7870920167251,1767.000000000001
10.29999999999987,[49.9879928  49.98798118 49.98843217 49.98838378],49.988197483029914,971.6770687113318,1767.0000000000011
10.319999999999869,[49.98790693 49.98789937 49.98836259 49.9883148 ],49.98812092307863,971.5222695596949,1767.0000000000011
10.339999999999868,[49.98782931 49.98782768 49.98829396 49.98824795],49.9880497264689,971.2511427365681,1766.999999999999
10.359999999999868,[49.98775868 49.98776424 49.98822583 49.98818255],49.98798282375993,971.1857952682188,1767.0000000000039
10.379999999999868,[49.98769129 49.98770417 49.98815649 49.98811634],49.987917071822665,971.1789448747377,1766.9999999999984
10.399999999999867,[49.98762545 49.9876452  49.98808521 49.98804831],49.987851039457745,971.2340014989721,1767.0000000000005
10.419999999999867,[49.98756465 49.98759172 49.98801353 49.98798042],49.987787581960546,970.9869604399095,1766.999999999999
10.439999999999866,[49.98751355 49.98754939 49.98794377 49.98791552],49.98773055518939,970.7169543161411,1767.0000000000018
10.459999999999866,[49.98746638 49.98751055 49.98787361 49.98785044],49.987675245478606,970.8657419960606,1767.0000000000011
10.479999999999865,[49.98742164 49.98747335 49.98780238 49.98778427],49.98762041099638,970.70020091388,1767.000000000001
10.499999999999865,[49.98737873 49.98743677 49.98773012 49.9877169 ],49.987565629026534,970.8840304467171,1767.0000000000032
10.519999999999865,[49.98733835 49.98740178 49.98765715 49.98764872],49.98751150084996,970.6679051025378,1767.0
10.539999999999864,[49.98730137 49.98736923 49.98758428 49.98758058],49.987458866284626,970.7803474664485,1767.0000000000036
10.559999999999864,[49.98726567 49.98733652 49.98751068 49.98751135],49.987406056333,970.7044074392353,1766.9999999999968
10.579999999999863,[49.9872322  49.98730475 49.98743708 49.98744184],49.98735396749553,970.7408401687856,1767.0000000000005
10.599999999999863,[49.98720347 49.9872772  49.98736478 49.98737368],49.987304781385916,970.4808339528629,1767.000000000002
10.619999999999862,[49.98718036 49.98725484 49.98729464 49.98730778],49.98725940518739,970.439815518695,1767.000000000002
10.639999999999862,[49.98715928 49.98723315 49.98722529 49.9872423 ],49.9872150038041,970.417557468139,1766.9999999999973
10.659999999999862,[49.98713975 49.98721163 49.98715679 49.98717724],49.98717134949781,970.3949793353381,1767.0000000000007
10.679999999999861,[49.98711914 49.98718698 49.98708827 49.98711137],49.987126438413036,970.5406428916579,1766.9999999999977
10.69999999999986,[49.98709474 49.987156   49.98701872 49.98704336],49.987078205171144,970.6915295023115,1766.9999999999957
10.71999999999986,[49.98706907 49.98712214 49.98694944 49.9869749 ],49.98702888837801,970.6485580392108,1767.0
10.73999999999986,[49.98703885 49.98708133 49.98687933 49.98690449],49.98697599963868,971.0082189602153,1767.0000000000011
10.75999999999986,[49.98700336 49.98703315 49.98680807 49.98683182],49.986919099457936,971.0023635268864,1766.9999999999955
10.779999999999859,[49.9869687  49.98698556 49.98673865 49.98676076],49.98686341736828,970.9214961652303,1767.000000000005
10.799999999999859,[49.98693684 49.98694132 49.98667221 49.98669275],49.98681077879302,970.7612379598919,1767.0000000000011
10.819999999999858,[49.98690415 49.98689593 49.98660741 49.98662603],49.986758380915354,970.915236000393,1767.0000000000007
10.839999999999858,[49.98686733 49.9868456  49.98654281 49.98655883],49.98670364578824,970.9715707559774,1766.9999999999993
10.859999999999857,[49.98682965 49.98679479 49.98647998 49.98649322],49.986649407143844,970.8867467736435,1766.9999999999966
10.879999999999857,[49.98679068 49.98674314 49.98641891 49.98642922],49.986595486200656,970.9574943165915,1767.0000000000055
10.899999999999856,[49.98674763 49.98668739 49.98635841 49.98636535],49.9865396931637,971.0566327818874,1766.9999999999993
10.919999999999856,[49.98669906 49.98662599 49.98629785 49.98630088],49.986480943872415,971.2185058027464,1766.9999999999993
10.939999999999856,[49.98664676 49.98656154 49.98623801 49.9862369 ],49.98642080483295,971.1859340846289,1766.9999999999957
10.959999999999855,[49.98659416 49.98649856 49.98618046 49.98617552],49.98636217394655,971.1037407893119,1766.9999999999977
10.979999999999855,[49.98654441 49.9864412  49.98612665 49.98611865],49.986307726032955,970.8457127687723,1767.0000000000011
10.999999999999854,[49.98650395 49.98639766 49.98607954 49.9860701 ],49.98626281013305,970.3126197160736,1766.9999999999995
11.019999999999854,[49.98646883 49.98636263 49.98603763 49.98602782],49.98622422523202,970.3225907728255,1766.9999999999982
11.039999999999853,[49.98643158 49.9863267  49.98599743 49.98598736],49.986185767847516,970.3112580058095,1766.9999999999955
11.059999999999853,[49.98639077 49.98628801 49.98595826 49.98594784],49.98614621849911,970.4238937473945,1767.0000000000032
11.079999999999853,[49.98634796 49.98624857 49.98592065 49.98591001],49.986106796845434,970.3103410959842,1766.9999999999975
11.099999999999852,[49.98630519 49.9862108  49.98588556 49.98587504],49.986069148000105,970.2846286044341,1766.9999999999973
11.119999999999852,[49.98626271 49.98617488 49.985853   49.98584298],49.986033394923126,970.1609665223498,1766.9999999999984
11.139999999999851,[49.98621389 49.98613208 49.98582003 49.98580996],49.98599398808284,970.6024327931283,1766.9999999999998
11.159999999999851,[49.98616012 49.98608439 49.98578683 49.98577637],49.985951928577606,970.3958847394671,1767.0
11.17999999999985,[49.98611263 49.98604575 49.98575848 49.98574869],49.98591638828,970.0657776407686,1766.9999999999968
11.19999999999985,[49.98606876 49.98601235 49.98573385 49.98572537],49.985885080973524,970.0513851840719,1767.0000000000011
11.21999999999985,[49.98602569 49.98598047 49.98571147 49.98570452],49.98585553855899,969.9293395425917,1766.9999999999982
11.23999999999985,[49.98598802 49.98595569 49.98569327 49.98568861],49.985831398737126,969.6090929411588,1766.9999999999982
11.259999999999849,[49.98595206 49.98593287 49.98567768 49.98567547],49.985809522120235,969.7511294113812,1767.0000000000011
11.279999999999848,[49.98591317 49.98590599 49.9856623  49.98566205],49.985785876540945,969.7710279556588,1766.9999999999995
11.299999999999848,[49.98587373 49.98587789 49.98564806 49.98564954],49.98576230432052,969.7588240088793,1767.0000000000018
11.319999999999848,[49.98583384 49.98584844 49.98563485 49.98563778],49.98573872926611,969.7858688169589,1767.0000000000027
11.339999999999847,[49.98579573 49.98582037 49.9856235  49.98562785],49.985716863343434,969.6303906502699,1766.9999999999982
11.359999999999847,[49.98575655 49.98578969 49.9856127  49.985618  ],49.98569423255013,969.8660927334284,1767.000000000002
11.379999999999846,[49.98571587 49.98575594 49.9856019  49.98560762],49.985670333132475,969.7541919527532,1766.999999999998
11.399999999999846,[49.98567833 49.9857248  49.98559313 49.9855993 ],49.985648890640405,969.6769708496181,1767.0000000000061
11.419999999999845,[49.9856441  49.98569638 49.98558632 49.98559296],49.98562994000594,969.5626362458872,1767.0000000000002
11.439999999999845,[49.98560959 49.98566593 49.98557979 49.98558641],49.98561042787447,969.7428030522757,1766.9999999999984
11.459999999999845,[49.98557652 49.9856358  49.98557398 49.98558034],49.98559166213543,969.5193920189383,1766.9999999999995
11.479999999999844,[49.98554979 49.98561204 49.9855711  49.98557756],49.985577623435375,969.3647973746547,1767.0
11.499999999999844,[49.98552585 49.98559005 49.98556948 49.98557592],49.985565324460175,969.3929787426081,1766.9999999999998
11.519999999999843,[49.98549806 49.98556141 49.98556601 49.98557143],49.98554922769213,969.7050047044743,1767.0000000000018
11.539999999999843,[49.98546468 49.98552419 49.98555957 49.98556283],49.98552781780531,969.8619893353139,1767.0000000000007
11.559999999999842,[49.98543077 49.98548498 49.98555226 49.9855529 ],49.98550522518414,969.8274797976821,1766.9999999999932
11.579999999999842,[49.98539588 49.98544328 49.98554382 49.98554138],49.98548109178104,970.0151763036725,1767.000000000004
11.599999999999842,[49.98536134 49.98540106 49.9855346  49.98552884],49.98545646001058,969.8938290201344,1767.0000000000025
11.619999999999841,[49.98532703 49.98535821 49.98552455 49.98551529],49.98543126757557,970.0870526835329,1767.0000000000052
11.63999999999984,[49.98528702 49.98530748 49.98551079 49.98549712],49.98540060150229,970.3799400274395,1767.0000000000011
11.65999999999984,[49.98523767 49.9852446  49.98549146 49.98547211],49.98536146161597,970.8267512688543,1766.9999999999975
11.67999999999984,[49.98518585 49.98517881 49.98546924 49.98544398],49.98531947113506,970.6478672144228,1766.9999999999984
11.69999999999984,[49.98513905 49.98511971 49.98544755 49.9854172 ],49.985280877086126,970.5691087925206,1766.999999999999
11.719999999999839,[49.98509295 49.98506197 49.98542442 49.98538927],49.985242152677124,970.687001054099,1767.0
11.739999999999839,[49.9850467  49.9850048  49.98539924 49.98535958],49.985202580863636,970.6689344530788,1766.999999999998
11.759999999999838,[49.98500101 49.98494927 49.98537225 49.98532853],49.985162763540856,970.7362884948134,1767.0000000000025
11.779999999999838,[49.98495872 49.98489922 49.98534458 49.98529767],49.98512504387162,970.5212177003975,1767.0000000000025
11.799999999999837,[49.9849213  49.9848565  49.98531695 49.98526794],49.98509067122911,970.4830073631576,1767.0000000000011
11.819999999999837,[49.98488753 49.98481965 49.98528874 49.98523859],49.985058626969064,970.3534185936111,1766.9999999999961
11.839999999999836,[49.98485724 49.98478841 49.98525993 49.98520956],49.98502878453677,970.325461506638,1767.0
11.859999999999836,[49.98482663 49.98475794 49.9852288  49.98517865],49.984998005136404,970.4597771391012,1767.0000000000011
11.879999999999836,[49.98479725 49.98473029 49.98519595 49.98514668],49.98496754064246,970.3265901804128,1767.0000000000011
11.899999999999835,[49.98477175 49.98470864 49.9851627  49.98511526],49.98493958844691,970.2755924006934,1766.9999999999998
11.919999999999835,[49.98475138 49.98469451 49.98512969 49.98508516],49.98491518586547,970.054710941666,1767.000000000001
11.939999999999834,[49.98473482 49.98468589 49.98509652 49.98505575],49.98489324805717,970.0942365799186,1767.000000000002
11.959999999999834,[49.98472288 49.98468375 49.98506358 49.98502746],49.98487441820929,969.8188653227236,1767.000000000001
11.979999999999833,[49.98471252 49.98468379 49.98502985 49.98499878],49.9848562373417,970.0644045165852,1766.999999999998
11.999999999999833,[49.98469823 49.98467899 49.9849928  49.98496642],49.98483410954033,970.1758257372195,1766.9999999999995
12.019999999999833,[49.98468039 49.98466966 49.98495276 49.98493071],49.984808377674604,970.3924818080877,1767.0000000000084
12.039999999999832,[49.98465823 49.98465473 49.98490945 49.98489121],49.984778405969465,970.5575456764499,1766.9999999999973
12.059999999999832,[49.98463194 49.98463432 49.98486308 49.98484813],49.98474436987074,970.7594918941827,1767.0000000000002
12.079999999999831,[49.9846043  49.98461194 49.98481497 49.98480314],49.98470858688181,970.7295964053765,1767.0000000000002
12.099999999999831,[49.98457725 49.98458986 49.98476623 49.98475753],49.98467271921652,970.7912025770545,1766.999999999998
12.11999999999983,[49.98454901 49.98456573 49.98471619 49.98471038],49.98463532794075,970.8819670697977,1767.0000000000027
12.13999999999983,[49.98452117 49.98454154 49.98466569 49.98466271],49.984597777415544,970.8283799249789,1767.0000000000061
12.15999999999983,[49.98449229 49.98451531 49.98461429 49.98461385],49.98455893510146,971.0137618183531,1767.0000000000014
12.17999999999983,[49.98446694 49.98449297 49.98456403 49.98456643],49.984522593277426,970.6407495265523,1766.9999999999982
12.199999999999829,[49.98444702 49.98447661 49.98451621 49.98452192],49.98449044025636,970.6826732822935,1767.0000000000007
12.219999999999828,[49.98442616 49.98445816 49.98446805 49.9844767 ],49.984457268391964,970.7471149339297,1766.999999999998
12.239999999999828,[49.98440861 49.98444307 49.98442154 49.98443328],49.98442662575677,970.4898967230934,1767.0000000000011
12.259999999999827,[49.98439469 49.98443156 49.98437716 49.98439215],49.9843988903354,970.5213310472787,1767.000000000002
12.279999999999827,[49.98437523 49.98441195 49.98433095 49.98434811],49.98436656113321,970.8946458238254,1766.9999999999993
12.299999999999827,[49.98434571 49.98437874 49.98428083 49.98429854],49.98432595556881,971.2361879793488,1767.000000000002
12.319999999999826,[49.98430872 49.98433547 49.98422796 49.98424498],49.98427928313914,971.4239441532031,1767.000000000002
12.339999999999826,[49.9842658  49.98428427 49.98417314 49.98418846],49.98422791759607,971.6499780005956,1767.0000000000043
12.359999999999825,[49.98421718 49.98422564 49.98411646 49.9841292 ],49.9841721189718,971.8159701937133,1767.000000000004
12.379999999999825,[49.98417112 49.9841704  49.98406161 49.98407203],49.984118790432305,971.4610852387262,1766.999999999997
12.399999999999824,[49.98413179 49.98412375 49.98401079 49.98401967],49.98407149828352,971.3257984179834,1766.999999999998
12.419999999999824,[49.984093   49.98407792 49.9839613  49.98396866],49.98402521989975,971.3925858774222,1766.9999999999961
12.439999999999824,[49.98405056 49.98402775 49.98391125 49.9839166 ],49.98397654134534,971.544154873964,1767.0000000000002
12.459999999999823,[49.98400602 49.98397551 49.98386125 49.98386437],49.98392678762154,971.4993579868492,1766.9999999999989
12.479999999999823,[49.98396361 49.98392666 49.98381324 49.98381448],49.98387949473023,971.352975514767,1766.9999999999984
12.499999999999822,[49.98392523 49.98388367 49.98376816 49.98376815],49.98383630333674,971.1694449130762,1766.9999999999936
12.519999999999822,[49.98388904 49.9838442  49.98372528 49.98372443],49.98379573797564,971.1464545810464,1766.9999999999986
12.539999999999822,[49.98385841 49.98381263 49.98368606 49.98368519],49.98376057035955,970.7292388587985,1766.9999999999984
12.559999999999821,[49.98383068 49.98378533 49.98364958 49.98364916],49.983728686393604,970.8830258377681,1767.0000000000068
12.57999999999982,[49.98379761 49.98375195 49.983612   49.98361142],49.98369324414113,971.0415437442767,1766.9999999999975
12.59999999999982,[49.98376325 49.98371778 49.98357503 49.98357424],49.98365757266656,970.9154865434407,1767.000000000002
12.61999999999982,[49.98373117 49.98368722 49.98354035 49.98353975],49.98362462317013,970.825438882514,1766.9999999999989
12.63999999999982,[49.98369275 49.98364917 49.98350421 49.98350304],49.98358729108342,971.2970509356909,1766.9999999999945
12.659999999999819,[49.98364656 49.98360211 49.98346561 49.983463  ],49.98354431632093,971.3140856351238,1767.000000000004
12.679999999999819,[49.98360043 49.98355595 49.98342807 49.98342417],49.983502154926946,971.2427998299578,1766.9999999999984
12.699999999999818,[49.98355712 49.98351411 49.98339284 49.98338816],49.98346305928426,971.0703060282264,1767.0000000000002
12.719999999999818,[49.98351663 49.98347643 49.98335996 49.98335498],49.98342699922789,971.0012937331753,1766.9999999999961
12.739999999999817,[49.98347467 49.98343735 49.98332747 49.9833221 ],49.983390394739615,971.1299830300605,1767.0000000000032
12.759999999999817,[49.9834327  49.98339879 49.98329582 49.98329017],49.98335437046826,970.96672486259,1767.0000000000061
12.779999999999816,[49.98339712 49.9833687  49.98326791 49.98326287],49.98332414975806,970.6557399382851,1766.999999999998
12.799999999999816,[49.98336996 49.98334943 49.98324472 49.98324142],49.983301380593645,970.3532280035689,1767.0000000000027
12.819999999999816,[49.98334521 49.98333299 49.98322364 49.98322233],49.98328104216913,970.4641603852789,1767.0000000000014
12.839999999999815,[49.98331787 49.98331302 49.98320226 49.98320251],49.983258917473314,970.5168390603216,1766.9999999999993
12.859999999999815,[49.98329288 49.98329574 49.98318267 49.98318468],49.9832389916399,970.292815266661,1767.0000000000036
12.879999999999814,[49.98327142 49.98328235 49.98316551 49.98316957],49.98322221234281,970.2655914438086,1766.9999999999975
12.899999999999814,[49.98324853 49.98326642 49.98314851 49.98315422],49.98320441895662,970.3918665776636,1767.000000000006
12.919999999999813,[49.98322617 49.98325041 49.98313239 49.98313959],49.98318713985773,970.2365889279497,1766.9999999999961
12.939999999999813,[49.98320515 49.98323515 49.98311762 49.9831262 ],49.983171031801966,970.307660116333,1767.000000000001
12.959999999999813,[49.98317947 49.98321294 49.98310142 49.98311048],49.98315107726397,970.5750757817908,1766.9999999999957
12.979999999999812,[49.98314996 49.98318495 49.98308394 49.98309271],49.983127891465045,970.5953291399969,1766.9999999999952
12.999999999999812,[49.983116   49.98315033 49.98306494 49.98307254],49.98310095443539,970.907055345633,1767.000000000002
13.019999999999811,[49.98307812 49.98310998 49.98304439 49.98305009],49.98307064518512,970.8964643832451,1766.9999999999995
13.03999999999981,[49.98303932 49.98306768 49.98302362 49.9830271 ],49.98303942918903,971.0011925492764,1767.0000000000032
13.05999999999981,[49.98300123 49.98302566 49.98300323 49.98300439],49.983008629339736,970.8798156480846,1767.0000000000007
13.07999999999981,[49.98296808 49.9829893  49.98298508 49.98298442],49.98298172298604,970.6919649330844,1767.0000000000014
13.09999999999981,[49.98293566 49.98295319 49.98296734 49.9829648 ],49.98295524695477,970.8618128638868,1767.0000000000032
13.11999999999981,[49.9829011  49.98291394 49.98294848 49.98294367],49.98292679698804,970.8767766833159,1767.0000000000027
13.139999999999809,[49.98286865 49.98287705 49.98293031 49.98292344],49.98289986290657,970.753258559413,1766.9999999999989
13.159999999999808,[49.98283649 49.9828402  49.98291204 49.98290308],49.982872953364705,970.8936951900819,1767.0000000000089
13.179999999999808,[49.98280573 49.98280504 49.98289393 49.98288307],49.98284694410059,970.6969137936667,1766.9999999999916
13.199999999999807,[49.98277666 49.98277187 49.98287622 49.98286366],49.98282210390984,970.814568742662,1766.9999999999995
13.219999999999807,[49.98274448 49.98273477 49.9828566  49.98284197],49.98279445455867,970.9529225898995,1767.0000000000027
13.239999999999807,[49.9827064  49.9826903  49.98283369 49.9828163 ],49.98276167190748,971.2667103143738,1766.9999999999993
13.259999999999806,[49.98266392 49.98264072 49.98280793 49.98278737],49.98272498368269,971.3026907492169,1767.000000000003
13.279999999999806,[49.98262235 49.98259283 49.98278166 49.98275823],49.98268876696008,971.2485610729235,1766.9999999999975
13.299999999999805,[49.98258458 49.98255039 49.98275614 49.98273056],49.98265541899099,971.0828640966721,1767.000000000002
13.319999999999805,[49.98254866 49.98251086 49.98273056 49.9827033 ],49.98262334677918,971.1625129052886,1767.0000000000027
13.339999999999804,[49.98251138 49.98247028 49.98270333 49.98267447],49.98258986633502,971.2228333739234,1767.0000000000002
13.359999999999804,[49.98247345 49.98242963 49.98267471 49.98264444],49.98255555728737,971.2539176458782,1766.9999999999952
13.379999999999804,[49.98243812 49.9823931  49.98264606 49.98261501],49.98252307259801,971.0911135522241,1766.9999999999961
13.399999999999803,[49.98240376 49.98235849 49.98261677 49.98258535],49.98249109214058,971.2329825968392,1766.9999999999975
13.419999999999803,[49.98236751 49.98232224 49.98258541 49.98255366],49.98245720559264,971.2732355283973,1766.9999999999993
13.439999999999802,[49.98233303 49.98228901 49.98255358 49.98252202],49.982424412788696,971.1627877841171,1766.9999999999984
13.459999999999802,[49.98229734 49.98225485 49.98252007 49.9824888 ],49.98239026541647,971.4088355937686,1767.0000000000016
13.479999999999801,[49.98225916 49.98221823 49.98248411 49.98245309],49.982353647287184,971.3927390723112,1767.0000000000014
13.499999999999801,[49.98222345 49.98218541 49.98244798 49.98241779],49.98231865902193,971.2937214817723,1767.0000000000014
13.5199999999998,[49.98219074 49.98215685 49.98241201 49.98238326],49.982285713384144,971.2425735229934,1766.9999999999968
13.5399999999998,[49.98216178 49.98213344 49.98237655 49.98234992],49.982255423221936,971.0916705551797,1766.9999999999982
13.5599999999998,[49.98213713 49.98211567 49.98234199 49.98231818],49.98222823978707,971.0020051608913,1767.000000000001
13.5799999999998,[49.98211506 49.98210116 49.98230763 49.98228704],49.98220272221247,970.971866900677,1767.0000000000025
13.599999999999799,[49.98209698 49.98209157 49.98227415 49.98225734],49.98218000845744,970.7860762072119,1767.0000000000032
13.619999999999798,[49.98207944 49.98208223 49.98224024 49.98222721],49.98215728171014,970.9923233961863,1767.0000000000039
13.639999999999798,[49.98206271 49.98207351 49.98220593 49.98219671],49.982134716183914,970.7919524366383,1766.999999999998
13.659999999999798,[49.98205131 49.98207086 49.98217349 49.98216861],49.98211606586341,970.6816772429457,1766.9999999999961
13.679999999999797,[49.98204403 49.98207255 49.98214254 49.98214231],49.98210035649571,970.5626575400306,1766.9999999999995
13.699999999999797,[49.98204186 49.98207967 49.9821137  49.9821185 ],49.98208843110734,970.3807786714622,1766.9999999999984
13.719999999999796,[49.98204499 49.9820922  49.98208728 49.98209741],49.98208046783811,970.2459462798882,1767.0000000000011
13.739999999999796,[49.98205129 49.98210726 49.98206253 49.98207796],49.982074758604305,970.207048447242,1766.9999999999984
13.759999999999796,[49.98205915 49.98212268 49.9820389  49.98205932],49.982070014525874,970.1801427306352,1767.000000000001
13.779999999999795,[49.98207028 49.98214053 49.98201732 49.98204259],49.98206767933397,970.0192733950473,1767.0000000000045
13.799999999999795,[49.98208442 49.98216035 49.98199794 49.98202785],49.98206764169234,970.0009916407447,1767.0000000000036
13.819999999999794,[49.98209826 49.98217786 49.98197947 49.9820133 ],49.982067222738266,970.0650659537886,1767.0000000000043
13.839999999999794,[49.98210695 49.98218689 49.98195989 49.98199631],49.98206251217953,970.3756284651517,1767.0000000000045
13.859999999999793,[49.98210641 49.98218248 49.98193739 49.98197455],49.982050207766605,970.717981122691,1766.999999999996
13.879999999999793,[49.98210497 49.98217554 49.98191565 49.98195286],49.982037253122755,970.4447638348752,1767.000000000002
13.899999999999793,[49.9821046  49.98216846 49.98189596 49.98193277],49.98202544734296,970.635003671806,1767.0000000000043
13.919999999999792,[49.98209822 49.98215253 49.98187513 49.98191025],49.98200903202791,970.8463547031826,1767.0000000000011
13.939999999999792,[49.98208447 49.98212631 49.98185255 49.98188457],49.98198697559583,971.1236356144933,1767.0000000000005
13.959999999999791,[49.98206535 49.9820928  49.98182906 49.98185695],49.98196104158697,971.1869963905875,1767.0000000000007
13.97999999999979,[49.98204667 49.98205964 49.98180728 49.98183087],49.98193611445518,971.0532407515279,1766.9999999999957
13.99999999999979,[49.98203307 49.98203297 49.98178939 49.98180917],49.981916149385974,970.7832261491183,1767.0000000000043
14.01999999999979,[49.98202479 49.98201321 49.98177564 49.98179218],49.981901454424744,970.6226051019344,1766.9999999999973
14.03999999999979,[49.98201513 49.98199198 49.98176307 49.98177615],49.98188658440051,970.8100768812227,1767.000000000001
14.059999999999789,[49.98199952 49.98196391 49.9817495  49.98175837],49.98186782529957,970.9621110136205,1767.0000000000014
14.079999999999789,[49.98197778 49.98192902 49.98173471 49.9817387 ],49.98184505433422,971.1602054054189,1766.9999999999989
14.099999999999788,[49.98195023 49.9818881  49.98171873 49.98171732],49.98181859346661,971.2856126280185,1767.0000000000036
14.119999999999788,[49.98191825 49.98184314 49.98170205 49.98169498],49.98178960643532,971.3861721685804,1766.9999999999977
14.139999999999787,[49.9818819  49.98179447 49.98168458 49.98167171],49.98175816497407,971.5059003131232,1766.9999999999984
14.159999999999787,[49.98183779 49.98173798 49.98166468 49.9816455 ],49.98172148670601,971.8410365402286,1766.9999999999995
14.179999999999787,[49.98178939 49.98167848 49.98164354 49.98161811],49.981682380210614,971.7253465762305,1767.0
14.199999999999786,[49.98174632 49.98162827 49.98162542 49.98159512],49.98164878308706,971.392606785589,1767.0000000000005
14.219999999999786,[49.98170426 49.98158166 49.98160845 49.9815741 ],49.98161711825264,971.5773662497958,1767.000000000001
14.239999999999785,[49.98165412 49.98152726 49.98158826 49.98154953],49.98157978974752,971.8842806782542,1766.999999999998
14.259999999999785,[49.98159993 49.98147041 49.98156625 49.98152342],49.98154000251835,971.8003293469654,1766.9999999999995
14.279999999999784,[49.98154815 49.98141922 49.98154524 49.98149943],49.9815030101737,971.6654322026843,1766.9999999999952
14.299999999999784,[49.98149958 49.98137454 49.98152547 49.98147788],49.98146936801378,971.5347539743815,1767.0000000000048
14.319999999999784,[49.98145333 49.98133502 49.98150642 49.98145812],49.98143822158116,971.4717343684094,1767.0000000000002
14.339999999999783,[49.98141059 49.98130199 49.98148843 49.98144059],49.981410401985414,971.2712317413007,1766.9999999999973
14.359999999999783,[49.98136894 49.98127197 49.98147039 49.98142379],49.9813837722098,971.3879329590841,1766.9999999999975
14.379999999999782,[49.98132868 49.98124523 49.98145216 49.98140755],49.98135840645879,971.1816880157335,1766.9999999999998
14.399999999999782,[49.98129167 49.98122365 49.98143457 49.98139287],49.98133569131207,971.1816928193543,1767.0000000000032
14.419999999999781,[49.9812528  49.98120039 49.98141522 49.98137656],49.98131124210353,971.3447252966494,1767.000000000001
14.439999999999781,[49.98121712 49.98118172 49.98139611 49.98136124],49.98128904792142,971.0097497012553,1766.9999999999964
14.45999999999978,[49.9811881  49.98117143 49.98137896 49.98134892],49.98127185304516,970.9415706639248,1767.000000000005
14.47999999999978,[49.98116176 49.98116407 49.98136192 49.98133712],49.981256218211556,970.8960413874046,1767.0000000000002
14.49999999999978,[49.98113382 49.98115379 49.98134306 49.98132323],49.98123847448723,971.1367880785482,1767.000000000002
14.51999999999978,[49.98110322 49.98113906 49.9813217  49.98130636],49.98121758534205,971.179273365656,1767.0000000000036
14.539999999999779,[49.9810759  49.98112717 49.98130049 49.98128985],49.981198353817206,971.0163073153972,1766.9999999999975
14.559999999999778,[49.981058   49.98112553 49.98128226 49.98127721],49.9811857485025,970.6405520596975,1766.9999999999995
14.579999999999778,[49.98104646 49.98112973 49.98126588 49.98126677],49.9811772095333,970.6922675045108,1766.9999999999948
14.599999999999778,[49.98103457 49.98113106 49.98124831 49.98125454],49.981167116764986,970.789472759781,1767.0000000000036
14.619999999999777,[49.98102049 49.98112704 49.98122872 49.98123937],49.98115390361619,970.9733008878759,1767.0000000000011
14.639999999999777,[49.98100581 49.98111964 49.98120777 49.98122209],49.98113882716404,970.9651974214117,1766.9999999999968
14.659999999999776,[49.9809912  49.98110959 49.98118591 49.98120319],49.981122470639896,971.1000349021583,1767.000000000002
14.679999999999776,[49.98097887 49.98109978 49.98116409 49.9811839 ],49.98110665916935,970.938582220644,1766.9999999999995
14.699999999999775,[49.98097365 49.98109624 49.98114468 49.98116718],49.98109543775803,970.7326152277805,1766.999999999998
14.719999999999775,[49.98097252 49.98109503 49.98112654 49.98115146],49.98108638675675,970.774080470827,1767.0000000000025
14.739999999999775,[49.98097406 49.98109454 49.98110907 49.98113596],49.98107840575703,970.6604439006787,1766.9999999999993
14.759999999999774,[49.9809788  49.98109547 49.98109268 49.98112116],49.98107202819338,970.656500294298,1767.0000000000011
14.779999999999774,[49.98098655 49.98109778 49.9810774  49.98110709],49.98106720537048,970.5465773327671,1766.9999999999925
14.799999999999773,[49.98099809 49.98110256 49.98106375 49.98109437],49.98106469229474,970.4785079878075,1767.0000000000011
14.819999999999773,[49.98100775 49.98110279 49.98104941 49.98107998],49.98105998327382,970.7472133930597,1767.0000000000016
14.839999999999772,[49.98101618 49.98109974 49.98103459 49.98106431],49.981053704111915,970.6266476618,1766.9999999999968
14.859999999999772,[49.98102977 49.98110174 49.98102238 49.98105133],49.981051303391794,970.4363115356749,1766.9999999999948
14.879999999999772,[49.98104452 49.98110387 49.98101128 49.98103905],49.981049682025976,970.5756995411837,1766.9999999999966
14.899999999999771,[49.98105729 49.98110253 49.98099989 49.98102576],49.98104636729268,970.5932446846178,1766.9999999999995
14.91999999999977,[49.98107083 49.98110157 49.98098957 49.98101326],49.98104380761753,970.5262660974566,1767.0000000000045
14.93999999999977,[49.98108362 49.98109932 49.98097983 49.98100093],49.98104092302657,970.6341657071667,1766.9999999999995
14.95999999999977,[49.98109927 49.98110082 49.98097227 49.98099098],49.981040836018195,970.3041880504405,1766.9999999999977
14.97999999999977,[49.98112646 49.98111722 49.98097108 49.98098873],49.98105087287459,969.7944193066546,1767.000000000001
14.999999999999769,[49.98116295 49.98114565 49.98097563 49.98099329],49.98106938048929,969.6018366621321,1767.0000000000018
15.019999999999769,[49.98119953 49.98117452 49.98098196 49.98099951],49.981088877804915,969.7205425999265,1766.9999999999986
15.039999999999768,[49.98123367 49.98120097 49.98098892 49.981006  ],49.98110739032978,969.6938778759375,1766.9999999999948
15.059999999999768,[49.98126977 49.98123075 49.98099858 49.98101544],49.98112863690935,969.4992631105996,1766.9999999999964
15.079999999999767,[49.98130732 49.98126323 49.98101097 49.98102781],49.981152333106465,969.4958386888546,1767.0000000000045
15.099999999999767,[49.98134057 49.98129119 49.9810236  49.98103989],49.981173813655204,969.6935398796817,1767.0000000000018
15.119999999999767,[49.98136944 49.98131481 49.9810364  49.98105168],49.98119308201237,969.6900725996987,1767.0
15.139999999999766,[49.98139734 49.98133847 49.98105098 49.98106526],49.981213014836655,969.6456399306923,1767.000000000004
15.159999999999766,[49.98142778 49.98136669 49.98106898 49.98108277],49.98123655420935,969.3943712667804,1767.0000000000005
15.179999999999765,[49.98145796 49.98139574 49.98108936 49.98110278],49.98126145962749,969.5378758178214,1767.0000000000018
15.199999999999765,[49.98148952 49.98142793 49.98111271 49.98112613],49.981289073471004,969.1737462949867,1767.0000000000011
15.219999999999764,[49.98152611 49.98146758 49.98114091 49.98115514],49.981322434098324,969.060782454986,1767.000000000006
15.239999999999764,[49.98156279 49.98150839 49.98117176 49.98118696],49.981357475156535,969.0384845413964,1767.000000000001
15.259999999999764,[49.98159491 49.98154428 49.98120317 49.98121886],49.98139030552686,969.2529787496136,1767.0000000000025
15.279999999999763,[49.98162119 49.98157375 49.9812344  49.98124997],49.98141982698833,969.3237128628608,1767.0000000000045
15.299999999999763,[49.98164347 49.98159904 49.98126621 49.98128129],49.98144750318502,969.4155073907364,1766.999999999993
15.319999999999762,[49.98166192 49.98162032 49.98129859 49.98131281],49.98147341121423,969.4802797619162,1766.9999999999977
15.339999999999762,[49.98167581 49.9816366  49.98133112 49.98134404],49.981496890489815,969.6281897511865,1767.0000000000027
15.359999999999761,[49.98168246 49.98164445 49.98136243 49.98137327],49.98151564998046,969.8865103063478,1767.0000000000073
15.379999999999761,[49.98168556 49.98164868 49.98139388 49.98140238],49.981532625544155,969.7883606598203,1767.0000000000032
15.39999999999976,[49.98168555 49.98164964 49.98142566 49.9814316 ],49.981548110264455,970.0223738305996,1766.9999999999977
15.41999999999976,[49.98168445 49.98165005 49.98145829 49.98146177],49.98156364015806,969.7958506812986,1767.0000000000025
15.43999999999976,[49.98168573 49.98165406 49.98149333 49.98149486],49.98158199538873,969.7959528929612,1766.9999999999993
15.45999999999976,[49.98168974 49.98166211 49.98153066 49.98153081],49.981603328920464,969.5568886863422,1767.000000000006
15.479999999999759,[49.98169973 49.98167811 49.98157166 49.98157137],49.981630216770064,969.3400971943092,1767.0000000000036
15.499999999999758,[49.98171028 49.98169495 49.9816138  49.98161327],49.98165807565093,969.4866590734704,1766.9999999999982
15.519999999999758,[49.98171978 49.98171057 49.98165602 49.98165521],49.98168539362475,969.3978068301897,1767.0
15.539999999999758,[49.98173195 49.98172958 49.98169982 49.98169916],49.98171512912913,969.2957644795551,1767.0000000000025
15.559999999999757,[49.98174445 49.98174877 49.98174404 49.9817436 ],49.981745213924306,969.3812781490013,1767.0000000000036
15.579999999999757,[49.98175648 49.98176709 49.98178805 49.98178777],49.98177484752604,969.3472997108856,1767.0000000000064
15.599999999999756,[49.98176954 49.98178632 49.98183237 49.98183238],49.981805153880586,969.3387453568423,1767.0000000000061
15.619999999999756,[49.9817819  49.98180411 49.98187606 49.9818762 ],49.9818345674241,969.4370663069332,1766.9999999999995
15.639999999999755,[49.98179079 49.9818169  49.98191769 49.98191744],49.98186070475684,969.6298809287903,1766.9999999999982
15.659999999999755,[49.98179603 49.98182448 49.98195689 49.98195571],49.98188327660941,969.7535658871657,1767.0000000000011
15.679999999999755,[49.98179969 49.98182949 49.98199439 49.98199201],49.98190389689087,969.8114474620234,1767.0000000000007
15.699999999999754,[49.98180395 49.98183469 49.98203101 49.98202745],49.98192427627475,969.7918448692028,1767.0000000000032
15.719999999999754,[49.98180664 49.98183723 49.98206566 49.98206064],49.98194254271862,970.0077306013534,1766.9999999999975
15.739999999999753,[49.98180871 49.98183851 49.98209848 49.98209188],49.981959398094574,969.9299107078695,1767.000000000002
15.759999999999753,[49.98181108 49.98183958 49.98212984 49.98212165],49.98197553468948,970.0878251938542,1766.999999999999
15.779999999999752,[49.98181289 49.9818395  49.98215909 49.98214923],49.981990177421785,970.0758486611325,1767.0000000000016
15.799999999999752,[49.98181548 49.98183997 49.98218677 49.98217533],49.982004388981096,970.1446264210401,1767.0000000000057
15.819999999999752,[49.98182154 49.98184451 49.98221389 49.98220134],49.982020322816595,969.9517435266624,1767.0000000000034
15.839999999999751,[49.98183087 49.98185275 49.98224042 49.98222717],49.982037800924026,970.0352531657452,1767.0000000000077
15.85999999999975,[49.98183758 49.98185729 49.98226358 49.98224931],49.98205193990151,970.2535395447406,1767.0000000000018
15.87999999999975,[49.98183916 49.98185508 49.98228206 49.98226616],49.98206061588726,970.5163551766257,1767.0000000000007
15.89999999999975,[49.98183727 49.98184844 49.98229644 49.98227854],49.982065173956684,970.6221412272497,1766.9999999999995
15.91999999999975,[49.98183517 49.98184161 49.98230811 49.98228832],49.98206830428141,970.6589022023123,1766.9999999999982
15.939999999999749,[49.98183368 49.98183568 49.98231743 49.98229599],49.982070694593375,970.7068715589124,1767.0000000000027
15.959999999999749,[49.98183104 49.98182848 49.98232358 49.98230052],49.98207090507509,970.864784427109,1767.0000000000025
15.979999999999748,[49.98182873 49.98182207 49.98232711 49.98230271],49.982070153767935,970.8103895761009,1767.0
15.999999999999748,[49.9818344  49.98182621 49.98233148 49.98230701],49.98207477487864,970.4348798157588,1767.0000000000025
16.019999999999747,[49.98184552 49.98183741 49.98233583 49.98231221],49.98208274345201,970.549705762781,1766.9999999999977
16.039999999999747,[49.98185766 49.98185019 49.9823381  49.98231565],49.98209039854298,970.4819163581562,1766.9999999999957
16.059999999999746,[49.98187501 49.98186982 49.98234024 49.98231984],49.98210123065287,970.3023899989474,1767.0000000000018
16.079999999999746,[49.98189893 49.98189789 49.98234307 49.98232571],49.982116400582775,970.135958002647,1767.0000000000025
16.099999999999746,[49.98192746 49.98193175 49.98234588 49.98233227],49.98213433969712,970.0874257729868,1767.0000000000032
16.119999999999745,[49.98195429 49.98196324 49.98234606 49.982336  ],49.98214989762757,970.3536707987585,1766.999999999993
16.139999999999745,[49.98197354 49.98198496 49.98234097 49.98233353],49.98215824866011,970.711229496493,1767.000000000002
16.159999999999744,[49.98199359 49.98200773 49.98233431 49.98232965],49.98216632297547,970.3945225929576,1767.000000000005
16.179999999999744,[49.98202    49.98203831 49.98232906 49.982328  ],49.98217884202616,970.3535947292756,1767.0000000000018
16.199999999999743,[49.982045   49.98206669 49.98232193 49.98232424],49.98218946503687,970.5696077394482,1767.0000000000027
16.219999999999743,[49.98206546 49.98208894 49.98231161 49.98231664],49.98219565987957,970.7414925339648,1767.0000000000002
16.239999999999743,[49.98208289 49.98210706 49.98229891 49.98230621],49.98219876491446,970.8446060825868,1766.9999999999957
16.259999999999742,[49.98210069 49.98212537 49.98228552 49.98229508],49.982201665340604,970.7732342345911,1767.0000000000025
16.279999999999742,[49.98211999 49.98214521 49.98227223 49.98228416],49.98220539655539,970.7883302324021,1767.0000000000036
16.29999999999974,[49.98213809 49.98216315 49.98225803 49.98227208],49.982207837098684,970.8946872963293,1767.0000000000002
16.31999999999974,[49.98215676 49.98218152 49.98224383 49.98225998],49.98221052339979,970.779877473476,1766.9999999999977
16.33999999999974,[49.98217182 49.98219489 49.9822281  49.98224577],49.98221014461973,971.1638571173285,1767.0000000000007
16.35999999999974,[49.98218326 49.98220355 49.98221075 49.98222937],49.98220673225727,971.0463534484951,1766.9999999999989
16.37999999999974,[49.9821969  49.98221483 49.98219468 49.98221448],49.982205220850105,971.0141837322052,1766.9999999999986
16.39999999999974,[49.98221193 49.98222775 49.98217973 49.98220079],49.98220504927373,970.9429862005142,1767.0000000000025
16.41999999999974,[49.98222816 49.98224205 49.982166   49.9821884 ],49.98220615275878,970.9152954682796,1767.0000000000052
16.43999999999974,[49.98224532 49.98225744 49.98215355 49.9821773 ],49.98220840230182,970.8540730495026,1767.0000000000061
16.459999999999738,[49.98225822 49.98226729 49.98214026 49.98216472],49.982207621410794,971.176989862312,1767.0
16.479999999999738,[49.98226386 49.98226807 49.98212473 49.98214889],49.982201387516035,971.3196348900005,1766.9999999999995
16.499999999999737,[49.98226559 49.98226418 49.98210854 49.98213189],49.9821925508039,971.4025371608687,1767.0000000000007
16.519999999999737,[49.98226394 49.9822564  49.98209204 49.98211414],49.98218163020422,971.5012120627765,1767.0000000000025
16.539999999999736,[49.98225607 49.98224121 49.98207403 49.98209411],49.98216635344946,971.7750885420282,1767.0000000000032
16.559999999999736,[49.98224655 49.98222475 49.98205642 49.9820744 ],49.98215052754887,971.5535310089999,1767.0000000000018
16.579999999999735,[49.98223579 49.98220742 49.98203968 49.98205551],49.98213459813377,971.7891288992623,1767.0000000000034
16.599999999999735,[49.9822212  49.98218622 49.98202248 49.98203584],49.98211643111371,971.7471617326381,1767.0000000000027
16.619999999999735,[49.98220184 49.98215996 49.98200449 49.98201497],49.982095313573005,972.0424230392807,1766.9999999999982
16.639999999999734,[49.98217356 49.98212363 49.98198368 49.98199039],49.98206781404648,972.2895700237835,1766.9999999999966
16.659999999999734,[49.98213933 49.98208122 49.98196121 49.98196372],49.98203636911939,972.3802428562051,1766.9999999999973
16.679999999999733,[49.98210175 49.98203617 49.9819382  49.98193648],49.98200314899387,972.4449340431512,1766.9999999999998
16.699999999999733,[49.98206471 49.98199354 49.98191627 49.98191082],49.98197133640114,972.2678381534522,1766.9999999999986
16.719999999999732,[49.9820293  49.98195464 49.98189593 49.98188743],49.98194182422557,972.2569496416271,1766.9999999999995
16.739999999999732,[49.98199175 49.98191468 49.98187538 49.98186401],49.98191145656108,972.3452634252735,1767.0000000000025
16.75999999999973,[49.98195543 49.98187806 49.98185591 49.98184233],49.981882935232335,972.1071543760147,1766.999999999995
16.77999999999973,[49.98192439 49.98184972 49.98183936 49.98182473],49.98185955187198,971.9180101577226,1766.9999999999995
16.79999999999973,[49.98189445 49.98182417 49.98182384 49.98180872],49.98183779707513,971.974775543418,1766.999999999998
16.81999999999973,[49.98186047 49.98179479 49.98180686 49.98179114],49.981813316725685,972.1521949491083,1766.9999999999966
16.83999999999973,[49.98181584 49.98175309 49.98178529 49.98176798],49.98178055150345,972.6774161214654,1766.9999999999961
16.85999999999973,[49.98176359 49.98170318 49.98176005 49.9817406 ],49.98174185352454,972.6583983001409,1767.0000000000036
16.87999999999973,[49.98171846 49.98166363 49.98173765 49.98171742],49.981709287755685,972.1688490772931,1766.9999999999993
16.89999999999973,[49.98167794 49.9816307  49.9817172  49.98169713],49.98168074234288,972.3268224941169,1767.0000000000027
16.919999999999728,[49.98163693 49.98159793 49.9816961  49.98167643],49.981651848934064,972.2052502454086,1767.0000000000005
16.939999999999728,[49.98159795 49.98156821 49.98167545 49.9816567 ],49.98162457953904,972.1973458478274,1767.000000000001
16.959999999999727,[49.98155944 49.98153938 49.98165442 49.98163685],49.981597523720275,972.1946850868964,1766.9999999999995
16.979999999999727,[49.98152045 49.98151    49.98163247 49.98161617],49.98156977577937,972.2632940610729,1766.9999999999989
16.999999999999726,[49.98148611 49.9814865  49.98161174 49.98159741],49.98154544312195,971.9154185860533,1766.9999999999998
17.019999999999726,[49.98146075 49.98147393 49.9815943  49.98158311],49.98152802327371,971.6892580836509,1767.0000000000025
17.039999999999726,[49.98143962 49.9814659  49.98157805 49.98157044],49.98151350474524,971.6785636322512,1766.9999999999977
17.059999999999725,[49.98141836 49.98145664 49.98156097 49.98155675],49.98149818078246,971.764442700408,1767.0000000000023
17.079999999999725,[49.98139622 49.98144507 49.98154264 49.98154146],49.98148134560165,971.8135644557693,1767.0000000000016
17.099999999999724,[49.9813714  49.98142872 49.98152223 49.98152345],49.98146145195198,972.0300680777214,1767.000000000002
17.119999999999724,[49.98134548 49.98140956 49.98150032 49.98150348],49.98143971064371,971.9780436874847,1767.0000000000018
17.139999999999723,[49.98132352 49.98139388 49.98147923 49.98148449],49.981420279387905,971.8448771885337,1766.9999999999995
17.159999999999723,[49.98130992 49.98138713 49.98146101 49.98146905],49.981406779712714,971.4879275769649,1766.9999999999977
17.179999999999723,[49.98129902 49.98138174 49.98144339 49.98145407],49.981394555023506,971.745913071486,1766.9999999999977
17.199999999999722,[49.98128956 49.98137633 49.98142559 49.98143859],49.981382518666265,971.480827239627,1767.0
17.21999999999972,[49.98128482 49.98137483 49.98140932 49.98142473],49.9813734287547,971.506272180206,1767.0000000000034
17.23999999999972,[49.9812801  49.98137131 49.98139251 49.98140976],49.98136341831878,971.5665528841325,1766.9999999999989
17.25999999999972,[49.98127868 49.98137003 49.98137663 49.98139559],49.98135523197294,971.3611237556198,1766.9999999999968
17.27999999999972,[49.9812825  49.9813734  49.98136277 49.98138355],49.98135055487409,971.2791172486667,1767.0000000000016
17.29999999999972,[49.98129485 49.98138567 49.98135248 49.98137559],49.981352147353526,970.8409832909826,1766.9999999999993
17.31999999999972,[49.98131501 49.98140575 49.98134581 49.98137163],49.9813595491217,970.7965641137577,1767.0000000000005
17.33999999999972,[49.98133673 49.98142579 49.98134005 49.98136812],49.981367673629485,970.7860049710569,1767.0000000000039
17.35999999999972,[49.98136052 49.9814466  49.98133552 49.98136549],49.981377031834526,970.698329546646,1766.9999999999977
17.37999999999972,[49.98138468 49.98146607 49.98133167 49.98136296],49.981386345735125,970.7949523568018,1766.999999999998
17.399999999999718,[49.98140809 49.98148304 49.98132808 49.98136   ],49.98139480246162,970.7756775947099,1767.0000000000005
17.419999999999717,[49.98143101 49.98149798 49.98132504 49.98135697],49.981402748949236,970.8429341465782,1766.9999999999986
17.439999999999717,[49.98145075 49.98150772 49.98132147 49.98135248],49.98140810783118,970.9984606142563,1766.9999999999984
17.459999999999717,[49.98146807 49.98151353 49.98131775 49.9813471 ],49.98141161309488,971.0041395927683,1767.0000000000043
17.479999999999716,[49.98148513 49.98151843 49.98131499 49.9813423 ],49.981415213053666,970.9956097102715,1766.999999999996
17.499999999999716,[49.98149525 49.9815141  49.98131038 49.98133444],49.981413541779204,971.4527039212866,1766.9999999999995
17.519999999999715,[49.98149759 49.98150009 49.98130333 49.98132298],49.981405999469544,971.4954723634629,1766.999999999998
17.539999999999715,[49.98150094 49.98148787 49.98129787 49.98131318],49.981399965314395,971.3317129920165,1766.9999999999984
17.559999999999715,[49.98150779 49.98148079 49.98129527 49.98130673],49.98139764419332,971.1884415683003,1766.9999999999955
17.579999999999714,[49.98151915 49.98148034 49.98129606 49.98130434],49.981399972770575,970.9452645778828,1766.999999999997
17.599999999999714,[49.98153056 49.98148094 49.98129843 49.98130367],49.98140339910309,971.1001296744747,1767.0000000000034
17.619999999999713,[49.98153856 49.98147854 49.98130066 49.98130263],49.9814050967026,971.0948740321238,1766.9999999999982
17.639999999999713,[49.9815438  49.98147414 49.9813031  49.98130173],49.98140569167492,971.1970057454445,1767.0000000000011
17.659999999999712,[49.98154583 49.9814674  49.98130545 49.98130067],49.981404838641836,971.2210013586188,1766.9999999999984
17.679999999999712,[49.98154677 49.98146114 49.98130863 49.98130072],49.981404315020924,971.1736587007675,1766.9999999999952
17.69999999999971,[49.98154927 49.98145885 49.98131383 49.98130344],49.98140634631589,971.0103070160394,1766.9999999999984
17.71999999999971,[49.98155365 49.98146086 49.98132123 49.98130907],49.98141120185865,970.9399811507857,1767.0000000000016
17.73999999999971,[49.98155834 49.98146518 49.98133009 49.98131668],49.98141757206346,970.8866907438762,1767.0000000000016
17.75999999999971,[49.98156309 49.98147143 49.98134025 49.98132608],49.98142521244114,970.836903094758,1767.0000000000025
17.77999999999971,[49.98156609 49.98147724 49.98135086 49.98133616],49.98143258907356,970.9127390963777,1767.0000000000045
17.79999999999971,[49.98156827 49.98148375 49.98136221 49.98134734],49.98144038994161,970.8053970629014,1766.9999999999932
17.81999999999971,[49.98156898 49.98148991 49.98137401 49.98135922],49.98144802929608,970.9305945401513,1766.9999999999952
17.83999999999971,[49.98156624 49.98149318 49.98138522 49.98137047],49.981453777849744,970.9693050182055,1767.0000000000005
17.859999999999708,[49.98155627 49.9814885  49.98139407 49.98137883],49.98145441603833,971.3659500433109,1766.9999999999995
17.879999999999708,[49.98153655 49.98147278 49.98139914 49.98138252],49.98144774729792,971.5907918662474,1767.0000000000018
17.899999999999707,[49.98150748 49.98144642 49.98140042 49.98138164],49.9814339916919,971.9700377643363,1766.9999999999977
17.919999999999707,[49.98147356 49.98141526 49.98139961 49.98137848],49.981416728980975,971.8950192203349,1766.9999999999936
17.939999999999706,[49.98143969 49.98138526 49.98139886 49.98137581],49.981399904508606,971.9427315550369,1767.000000000001
17.959999999999706,[49.98140193 49.98135125 49.98139624 49.98137117],49.98138014909486,972.1517540333372,1766.9999999999945
17.979999999999706,[49.98136432 49.98131845 49.98139324 49.98136659],49.98136064968162,971.9321340651212,1766.9999999999998
17.999999999999705,[49.98133243 49.98129359 49.98139231 49.9813652 ],49.981345883022804,971.7644229420955,1767.0000000000036
18.019999999999705,[49.98130544 49.98127541 49.98139299 49.98136637],49.981335052612984,971.6117071701738,1766.9999999999993
18.039999999999704,[49.98128375 49.98126417 49.98139533 49.98137014],49.98132834520767,971.4281702779117,1766.9999999999984
18.059999999999704,[49.98126402 49.98125531 49.98139778 49.98137443],49.98132288453784,971.5173490490599,1767.000000000001
18.079999999999703,[49.98124361 49.98124534 49.98139892 49.98137744],49.98131632674468,971.5314844065457,1766.9999999999986
18.099999999999703,[49.98122118 49.98123234 49.98139805 49.98137824],49.981307451345444,971.7237978484795,1766.9999999999957
18.119999999999703,[49.98119541 49.98121456 49.98139436 49.98137581],49.9812950370021,971.841509670922,1767.0000000000005
18.139999999999702,[49.98116805 49.98119411 49.98138852 49.981371  ],49.981280419682385,971.9221141374857,1766.9999999999986
18.1599999999997,[49.98113978 49.98117172 49.98138072 49.98136406],49.98126407116047,972.0007120356286,1767.0000000000014
18.1799999999997,[49.98111031 49.98114693 49.98137074 49.9813547 ],49.981245669029605,972.1089739123032,1767.0000000000016
18.1999999999997,[49.98108251 49.98112335 49.98135972 49.98134443],49.98122750064799,971.9956142867285,1767.0000000000025
18.2199999999997,[49.98105997 49.98110539 49.9813493  49.9813353 ],49.98121249013002,971.8578111309827,1767.0000000000036
18.2399999999997,[49.9810399  49.98108934 49.98133827 49.98132569],49.98119830076778,971.9408811044578,1767.000000000002
18.2599999999997,[49.98101977 49.98107199 49.98132538 49.98131401],49.98118278874385,971.9836760049856,1766.9999999999995
18.2799999999997,[49.98099743 49.98105058 49.98130968 49.98129899],49.98116417086026,972.2169944502405,1767.0000000000027
18.2999999999997,[49.98097334 49.98102582 49.9812912  49.98128076],49.9811427813965,972.2322146295091,1767.0000000000039
18.3199999999997,[49.98095476 49.981007   49.98127322 49.98126354],49.981124631415746,971.9598238173378,1767.0000000000011
18.339999999999698,[49.9809425  49.98099497 49.98125631 49.98124795],49.98111043173374,971.9145840807812,1767.0
18.359999999999697,[49.98092938 49.9809806  49.9812373  49.9812299 ],49.981094293937915,972.1373505973545,1767.0
18.379999999999697,[49.98091624 49.98096521 49.98121646 49.98120976],49.98107691822863,972.0334500268557,1766.9999999999995
18.399999999999697,[49.98090973 49.98095724 49.98119691 49.98119153],49.98106385213002,971.7890460311272,1767.0000000000007
18.419999999999696,[49.98091133 49.98095848 49.98117951 49.98117625],49.98105639053428,971.5753310479893,1766.9999999999993
18.439999999999696,[49.98091573 49.98096214 49.98116212 49.98116103],49.98105025496441,971.6900675073763,1766.9999999999977
18.459999999999695,[49.98092123 49.98096621 49.98114396 49.9811449 ],49.98104407216063,971.5916849913566,1767.0000000000025
18.479999999999695,[49.98093146 49.98097534 49.98112686 49.98113015],49.98104095210469,971.4441623225764,1767.0000000000027
18.499999999999694,[49.9809418  49.98098359 49.98110903 49.98111435],49.9810371915711,971.6566726932535,1767.0000000000014
18.519999999999694,[49.98095003 49.98098839 49.98108946 49.98109626],49.98103103688068,971.6567031234077,1767.000000000004
18.539999999999694,[49.98095969 49.9809943  49.98106994 49.98107813],49.981025512606344,971.6143706254862,1767.000000000001
18.559999999999693,[49.98096867 49.9809987  49.98104976 49.98105898],49.98101902834329,971.7477302376947,1766.9999999999993
18.579999999999693,[49.98097684 49.98100163 49.98102894 49.98103886],49.981011569127574,971.706471484716,1766.9999999999984
18.599999999999692,[49.9809869  49.98100657 49.98100891 49.98101957],49.9810054860761,971.6414826606685,1767.0000000000045
18.619999999999692,[49.98099989 49.98101499 49.98099035 49.98100193],49.98100179197343,971.5143407786012,1767.000000000004
18.63999999999969,[49.98101591 49.98102701 49.98097352 49.98098625],49.9810006722661,971.4329183499291,1767.0000000000027
18.65999999999969,[49.98103905 49.98104797 49.98096044 49.98097508],49.981005637609556,971.0095395870062,1767.000000000002
18.67999999999969,[49.98106851 49.98107665 49.98095118 49.98096834],49.981016170202025,970.9701803319583,1766.9999999999989
18.69999999999969,[49.9810982  49.9811054  49.98094314 49.98096265],49.98102734522374,970.9604015562023,1767.0000000000014
18.71999999999969,[49.98112774 49.98113382 49.98093632 49.98095797],49.981038964360245,970.9371620837376,1766.9999999999989
18.73999999999969,[49.98115688 49.98116162 49.9809308  49.98095433],49.98105091105126,970.9366724364406,1767.0000000000023
18.75999999999969,[49.98118287 49.98118535 49.98092555 49.98095036],49.9810610344219,971.0940215869472,1767.0000000000005
18.77999999999969,[49.98120265 49.98120125 49.98091927 49.9809444 ],49.981066890582596,971.2991811149311,1767.0000000000027
18.799999999999688,[49.98121781 49.98121156 49.98091272 49.98093746],49.98106988585253,971.3383887519316,1766.9999999999961
18.819999999999688,[49.98122491 49.9812119  49.98090455 49.98092776],49.981067280332496,971.7740637437332,1766.9999999999936
18.839999999999687,[49.98122438 49.98120325 49.98089478 49.98091549],49.98105947291292,971.7804468455681,1767.0000000000018
18.859999999999687,[49.98122337 49.98119477 49.98088673 49.98090495],49.98105245621642,971.7118635806257,1767.0000000000005
18.879999999999686,[49.98122198 49.98118663 49.98088056 49.98089634],49.98104637776454,971.7055282655447,1766.999999999997
18.899999999999686,[49.98121445 49.98117158 49.98087374 49.98088642],49.981036546420825,972.0315259722403,1766.9999999999939
18.919999999999686,[49.98120019 49.98114923 49.98086577 49.9808747 ],49.98102247433822,972.0668298741357,1766.9999999999984
18.939999999999685,[49.98118339 49.981125   49.98085851 49.98086366],49.98100763689176,972.1005586978262,1766.9999999999984
18.959999999999685,[49.98116402 49.98109896 49.98085188 49.98085325],49.98099202712524,972.1365570737862,1767.000000000001
18.979999999999684,[49.98114549 49.98107557 49.98084729 49.98084538],49.98097843284782,971.9358192743468,1766.9999999999998
18.999999999999684,[49.98113348 49.98106203 49.98084728 49.98084333],49.98097152709829,971.5782129892187,1767.0000000000011
19.019999999999683,[49.98112551 49.98105496 49.98085082 49.98084574],49.98096925892476,971.54929375439,1767.000000000002
19.039999999999683,[49.9811145  49.98104537 49.9808546  49.98084837],49.980965710056566,971.6896317150387,1766.9999999999957
19.059999999999683,[49.98109962 49.98103224 49.98085802 49.9808505 ],49.98096009215835,971.7275548416052,1766.9999999999998
19.079999999999682,[49.98108575 49.98102176 49.98086309 49.9808548 ],49.98095635282555,971.5361399196144,1767.000000000003
19.09999999999968,[49.98107263 49.98101336 49.98086972 49.98086111],49.98095420311564,971.5983654166752,1766.9999999999982
19.11999999999968,[49.9810557  49.98100117 49.98087568 49.98086657],49.98094978073727,971.7324379585895,1766.9999999999964
19.13999999999968,[49.9810351  49.98098532 49.98088081 49.98087103],49.98094306432644,971.7972392053323,1766.9999999999995
19.15999999999968,[49.98100832 49.98096248 49.98088385 49.9808729 ],49.98093188662868,972.1144269232957,1766.9999999999982
19.17999999999968,[49.98098032 49.98093908 49.98088666 49.98087468],49.98092018619684,971.849049182248,1766.9999999999995
19.19999999999968,[49.98095672 49.9809219  49.98089179 49.98087963],49.98091251084895,971.7836763871553,1766.9999999999995
19.21999999999968,[49.98093109 49.98090258 49.98089625 49.98088385],49.98090344096158,971.9746686639218,1766.9999999999964
19.23999999999968,[49.9809055  49.98088376 49.98090063 49.9808882 ],49.980894524310656,971.7799502320624,1766.9999999999986
19.25999999999968,[49.98087827 49.98086297 49.9809042  49.98089167],49.980884274962634,972.0962283154496,1767.0000000000016
19.279999999999678,[49.98084778 49.98083822 49.98090582 49.9808929 ],49.98087117967909,972.0300033842888,1766.9999999999977
19.299999999999677,[49.98081903 49.98081571 49.98090766 49.9808947 ],49.98085927390304,972.0072663052078,1766.9999999999973
19.319999999999677,[49.98079366 49.98079733 49.98091028 49.98089778],49.9808497598599,971.8403432908822,1767.0000000000014
19.339999999999677,[49.98077255 49.980784   49.98091404 49.98090257],49.98084329073086,971.762779792013,1767.0000000000045
19.359999999999676,[49.98075423 49.98077364 49.98091814 49.98090803],49.98083851023779,971.7102170446744,1767.0000000000005
19.379999999999676,[49.98073835 49.98076567 49.98092233 49.98091381],49.9808350381533,971.6649456543136,1767.000000000002
19.399999999999675,[49.98072071 49.98075457 49.98092465 49.98091735],49.9808293191972,971.9118950732505,1766.9999999999995
19.419999999999675,[49.98070377 49.98074355 49.98092591 49.98091978],49.98082325501541,971.707523663818,1767.000000000004
19.439999999999674,[49.98069363 49.98074011 49.98092893 49.98092466],49.98082182995367,971.5351050436943,1767.0000000000005
19.459999999999674,[49.98068571 49.9807382  49.98093168 49.9809293 ],49.98082122021158,971.6524116433592,1766.9999999999984
19.479999999999674,[49.98067669 49.98073361 49.98093253 49.98093162],49.98081861323082,971.717147600906,1767.0000000000005
19.499999999999673,[49.980668   49.98072816 49.98093207 49.98093238],49.98081515307437,971.738646728887,1766.9999999999993
19.519999999999673,[49.98066117 49.98072373 49.98093095 49.98093241],49.980812063214884,971.7007495093311,1766.9999999999984
19.539999999999672,[49.98065666 49.98072087 49.9809294  49.98093199],49.980809729775984,971.6898828967542,1767.0000000000002
19.559999999999672,[49.98065372 49.98071862 49.9809271  49.98093069],49.980807530486175,971.7044505897592,1766.999999999998
19.57999999999967,[49.98065364 49.98071867 49.98092462 49.98092925],49.98080654472015,971.6028561160845,1767.000000000003
19.59999999999967,[49.98065986 49.98072536 49.98092359 49.98092973],49.9808096336605,971.3764495321683,1767.0000000000018
19.61999999999967,[49.98067101 49.98073687 49.98092356 49.98093148],49.9808157327265,971.363866520549,1767.0000000000014
19.63999999999967,[49.98068434 49.98074976 49.98092336 49.98093296],49.9808226052674,971.3254434509796,1767.0000000000011
19.65999999999967,[49.98069546 49.98075846 49.98092113 49.98093174],49.98082669999023,971.6115066197713,1767.0000000000025
19.67999999999967,[49.98070514 49.98076426 49.98091711 49.98092822],49.980828680519,971.5176917780946,1767.0000000000043
19.69999999999967,[49.98071537 49.98076965 49.98091241 49.98092376],49.980830297590536,971.6562134783763,1766.9999999999993
19.71999999999967,[49.98072092 49.98076821 49.98090473 49.98091544],49.98082732491709,971.9181379804077,1766.9999999999964
19.739999999999668,[49.98072167 49.98076004 49.980894   49.98090322],49.980819731001375,972.0597323806323,1767.0000000000002
19.759999999999668,[49.98072328 49.98075262 49.98088279 49.98089048],49.98081229018385,971.9200843699659,1767.0000000000034
19.779999999999667,[49.98072855 49.98074956 49.98087257 49.98087911],49.98080744622002,971.8555261646416,1767.000000000001
19.799999999999667,[49.9807387  49.98075259 49.98086399 49.98086995],49.98080631022211,971.6218116348041,1766.9999999999964
19.819999999999666,[49.9807557  49.98076424 49.98085817 49.98086437],49.98081061773831,971.4102457600189,1767.0000000000055
19.839999999999666,[49.98077938 49.98078433 49.98085519 49.98086245],49.98082033847835,971.178042950065,1767.000000000001
19.859999999999665,[49.98080807 49.98081077 49.98085455 49.98086347],49.98083421566356,971.0711514427585,1767.0000000000005
19.879999999999665,[49.98083606 49.98083627 49.98085385 49.98086428],49.9808476148751,971.2281514715543,1767.000000000001
19.899999999999665,[49.98086557 49.98086395 49.98085408 49.98086618],49.98086244537007,970.9604217172536,1766.9999999999984
19.919999999999664,[49.98089858 49.98089616 49.98085647 49.98087064],49.98088046221929,970.9688191658261,1766.9999999999973
19.939999999999664,[49.98093386 49.98093145 49.98086056 49.98087705],49.98090073138176,970.7791816557825,1766.9999999999993
19.959999999999663,[49.9809684  49.98096583 49.9808653  49.98088394],49.98092086989838,970.9873352942814,1766.9999999999986
19.979999999999663,[49.98099917 49.98099565 49.98086933 49.98088957],49.980938429625226,971.0037253150367,1766.9999999999986
19.999999999999662,[49.98102964 49.98102536 49.98087436 49.98089612],49.9809563706962,970.9625711888565,1766.9999999999998
20.019999999999662,[49.98106194 49.98105765 49.98088152 49.98090498],49.98097652343954,970.8245407280892,1766.9999999999982
20.03999999999966,[49.98109407 49.98108986 49.98089013 49.98091519],49.980997310640866,970.9155054510102,1766.9999999999977
20.05999999999966,[49.98112217 49.98111719 49.98089854 49.9809246 ],49.98101562534583,971.0387923555787,1767.0000000000016
20.07999999999966,[49.98115008 49.98114461 49.98090845 49.98093545],49.98103464563754,970.8623410094059,1766.9999999999998
20.09999999999966,[49.98118307 49.98117874 49.98092245 49.98095099],49.981058813397894,970.6112448277804,1767.0000000000039
20.11999999999966,[49.9812189  49.98121657 49.98093975 49.9809701 ],49.98108633205837,970.5851279972866,1767.000000000002
20.13999999999966,[49.98125731 49.98125779 49.98096026 49.98099265],49.98111700448702,970.3501999371938,1767.0000000000002
20.15999999999966,[49.98129992 49.98130431 49.98098489 49.98101971],49.98115221109806,970.2071762546532,1767.0000000000007
20.17999999999966,[49.98134351 49.98135192 49.98101232 49.9810495 ],49.98118931042507,970.1939717603134,1766.9999999999989
20.19999999999966,[49.98139219 49.98140589 49.98104436 49.98108438],49.98123170695582,969.7641776618069,1766.9999999999984
20.219999999999658,[49.9814434  49.98146257 49.98108021 49.9811231 ],49.98127732281927,969.9248485737162,1767.0000000000014
20.239999999999657,[49.98149035 49.98151345 49.98111671 49.98116163],49.98132053776345,969.9681939232796,1767.000000000004
20.259999999999657,[49.98153823 49.98156514 49.98115618 49.98120295],49.981365624199015,969.7694841195407,1767.0000000000016
20.279999999999657,[49.98159083 49.98162228 49.98120043 49.98124933],49.98141571471864,969.5488602496246,1767.0000000000011
20.299999999999656,[49.98164715 49.98168345 49.98124914 49.98130028],49.98147000613984,969.4172867391336,1766.9999999999993
20.319999999999656,[49.98170542 49.98174631 49.98130155 49.98135477],49.98152701366476,969.3213671408332,1767.0
20.339999999999655,[49.98176364 49.98180824 49.9813568  49.98141165],49.98158508017261,969.3291690668245,1767.0000000000027
20.359999999999655,[49.98182587 49.98187447 49.98141661 49.98147317],49.98164753072875,968.9535587540497,1767.0000000000011
20.379999999999654,[49.98188944 49.98194127 49.98148003 49.98153797],49.9817121771903,969.1449902958065,1767.0000000000002
20.399999999999654,[49.98194727 49.98199985 49.98154367 49.98160177],49.98177314203063,969.2646329081962,1766.9999999999995
20.419999999999654,[49.98200363 49.98205573 49.98160931 49.98166693],49.98183389951113,969.1643476580858,1766.9999999999982
20.439999999999653,[49.98206124 49.98211234 49.98167819 49.98173503],49.98189669964069,969.0948668416559,1767.000000000003
20.459999999999653,[49.98211416 49.98216211 49.98174763 49.98180264],49.981956632929865,969.4080673808937,1767.0000000000005
20.479999999999652,[49.98215987 49.98220215 49.98181617 49.98186806],49.98201156271719,969.5195550266307,1766.999999999997
20.499999999999652,[49.98220292 49.98223843 49.9818857  49.98193382],49.98206521862029,969.5197504601914,1767.0000000000011
20.51999999999965,[49.98224801 49.98227706 49.98195817 49.98200255],49.98212144844194,969.3079669251689,1767.0000000000014
20.53999999999965,[49.98229778 49.98232141 49.98203471 49.98207575],49.982182413789545,969.1262789842549,1766.9999999999977
20.55999999999965,[49.98234944 49.98236799 49.98211398 49.98215175],49.98224578946729,969.1102117999027,1767.0
20.57999999999965,[49.98239793 49.98241049 49.9821935  49.98222746],49.98230734618279,969.2849003940082,1767.000000000001
20.59999999999965,[49.98244653 49.98245339 49.98227439 49.9823045 ],49.98236970353889,969.0492505776032,1767.000000000001
20.61999999999965,[49.98249781 49.98249989 49.98235776 49.98238435],49.98243495372264,969.0479914139071,1767.0000000000002
20.63999999999965,[49.98254996 49.98254786 49.98244254 49.98246576],49.98250153023474,968.9446706796383,1766.9999999999961
20.65999999999965,[49.98260225 49.98259637 49.98252827 49.98254817],49.982568764307906,969.0000725205044,1767.0000000000061
20.679999999999648,[49.98265251 49.98264283 49.98261371 49.98263015],49.98263480027897,969.0536351239604,1767.0000000000025
20.699999999999648,[49.98269989 49.98268622 49.98269824 49.98271099],49.982698834710234,969.1774442815373,1767.0000000000027
20.719999999999647,[49.98274232 49.98272404 49.98278067 49.98278929],49.98275907763907,969.3826287897748,1766.9999999999977
20.739999999999647,[49.98278074 49.98275768 49.9828611  49.98286533],49.98281621472759,969.4498986466776,1766.999999999998
20.759999999999646,[49.98281826 49.98279116 49.98294068 49.98294074],49.98287271034238,969.4485587462028,1766.9999999999977
20.779999999999646,[49.98285348 49.98282271 49.98301861 49.98301455],49.98292733834515,969.6197022630325,1766.9999999999982
20.799999999999645,[49.98288698 49.98285322 49.9830948  49.98308681],49.98298045222723,969.5895749317956,1767.0000000000016
20.819999999999645,[49.98292118 49.98288573 49.98317015 49.98315875],49.983033951686096,969.6013941497129,1767.0000000000005
20.839999999999645,[49.98295824 49.98292301 49.98324538 49.98323142],49.9830895136083,969.430641652187,1767.000000000001
20.859999999999644,[49.98299754 49.98296412 49.98332014 49.98330435],49.98314653838367,969.493023294477,1767.0000000000005
20.879999999999644,[49.98303383 49.98300235 49.98339182 49.98337427],49.98320056723079,969.6980473938575,1767.000000000001
20.899999999999643,[49.9830702  49.9830417  49.98346147 49.98344264],49.98325400279201,969.5590568023887,1766.9999999999982
20.919999999999643,[49.98310912 49.98308511 49.98353017 49.98351083],49.98330880693618,969.5991084264185,1767.0000000000027
20.939999999999642,[49.98314594 49.98312656 49.98359566 49.98357596],49.98336103113523,969.7928111597795,1766.9999999999966
20.959999999999642,[49.98318393 49.98317021 49.98365913 49.98363964],49.98341322909929,969.6186114343756,1767.0000000000036
20.97999999999964,[49.98322441 49.98321746 49.98372121 49.98370263],49.98346642850809,969.7257420356924,1767.0000000000005
20.99999999999964,[49.98326267 49.98326219 49.98377963 49.98376201],49.983516624469395,969.888942083969,1767.000000000002
21.01999999999964,[49.98330268 49.98330945 49.98383597 49.98381986],49.983566988109665,969.7296470318099,1767.0000000000023
21.03999999999964,[49.98334739 49.98336268 49.98389165 49.9838779 ],49.98361990306245,969.6919738024314,1767.0000000000014
21.05999999999964,[49.98339448 49.98341872 49.98394558 49.9839347 ],49.98367337091809,969.7006718155511,1767.000000000002
21.07999999999964,[49.98344208 49.98347502 49.98399693 49.98398911],49.98372578498818,969.7981021893021,1766.9999999999998
21.09999999999964,[49.98348815 49.98352885 49.98404475 49.98403987],49.98377540619048,969.9532124846745,1766.9999999999984
21.11999999999964,[49.98353923 49.98358851 49.98409189 49.98409066],49.98382757182847,969.6015315279953,1767.000000000002
21.139999999999638,[49.98359644 49.98365497 49.98413916 49.98414231],49.98388322055229,969.6766250492784,1767.0000000000011
21.159999999999638,[49.98365609 49.98372349 49.9841849  49.98419265],49.983939282233585,969.5829363186548,1767.0000000000016
21.179999999999637,[49.98372092 49.98379733 49.9842305  49.98424333],49.98399801886305,969.4669644455265,1766.9999999999993
21.199999999999637,[49.9837848  49.98386845 49.98427344 49.98429096],49.98405441466919,969.7946258229287,1766.9999999999968
21.219999999999636,[49.98384458 49.98393296 49.98431226 49.98433365],49.98410586371586,969.8980755895177,1767.0000000000025
21.239999999999636,[49.98390549 49.98399747 49.98434942 49.98437452],49.98415672284325,969.8587833658414,1767.0000000000014
21.259999999999636,[49.98396942 49.9840643  49.98438602 49.98441487],49.984208649923204,969.8219914746238,1767.000000000003
21.279999999999635,[49.98403557 49.98413235 49.98442191 49.9844544 ],49.98426105962413,969.8311247459394,1766.9999999999957
21.299999999999635,[49.98410757 49.98420629 49.98445888 49.98449537],49.984317024897884,969.5348478139567,1767.0000000000023
21.319999999999634,[49.98418575 49.98428636 49.9844975  49.98453831],49.9843769791657,969.5059617822801,1766.9999999999993
21.339999999999634,[49.98426567 49.98436692 49.98453596 49.98458082],49.98443734417485,969.5097200777126,1766.9999999999995
21.359999999999634,[49.98435021 49.98445175 49.98457578 49.98462477],49.98450062748738,969.2687668118446,1767.0000000000011
21.379999999999633,[49.98443496 49.98453509 49.98461542 49.984668  ],49.98456336756818,969.5623862729019,1767.0000000000034
21.399999999999633,[49.98451754 49.98461425 49.98465382 49.9847092 ],49.98462370159461,969.4777680027879,1766.999999999998
21.419999999999632,[49.98460081 49.98469287 49.98469265 49.98475037],49.984684176748274,969.5559523377227,1766.9999999999995
21.439999999999632,[49.98468797 49.98477527 49.98473349 49.98479356],49.98474757476353,969.2363212284214,1767.0000000000057
21.45999999999963,[49.98477672 49.9848584  49.98477584 49.98483794],49.984812223653634,969.4535776439083,1767.0000000000018
21.47999999999963,[49.9848587  49.98493194 49.98481603 49.98487881],49.9848713695026,969.7017796310774,1767.0000000000027
21.49999999999963,[49.9849354  49.98499815 49.98485486 49.98491723],49.98492641130176,969.8009550317117,1767.0000000000036
21.51999999999963,[49.98501118 49.98506284 49.98489447 49.98495597],49.98498111432729,969.7316358514603,1767.0000000000011
21.53999999999963,[49.98508606 49.98512616 49.98493515 49.98499537],49.985035683903256,969.8125244974569,1766.9999999999977
21.55999999999963,[49.98515513 49.98518216 49.98497486 49.98503284],49.9850862468039,970.0684888582547,1766.9999999999993
21.57999999999963,[49.98521907 49.98523211 49.98501391 49.98506886],49.98513348695981,970.091553848523,1767.0000000000045
21.59999999999963,[49.98528161 49.98528102 49.98505414 49.98510586],49.98518065851681,970.0729745190009,1767.0000000000045
21.619999999999628,[49.98534393 49.98533062 49.9850962  49.98514469],49.98522886210709,970.0025973714951,1767.0000000000027
21.639999999999628,[49.98540364 49.98537805 49.98513916 49.98518421],49.985276263879996,970.1374832665418,1767.0
21.659999999999627,[49.98545971 49.98542231 49.98518253 49.98522385],49.985322100806734,970.1309114690872,1767.0000000000007
21.679999999999627,[49.98551011 49.985461   49.98522549 49.98526263],49.98536480569351,970.3971629862004,1766.9999999999973
21.699999999999626,[49.98554909 49.9854871  49.98526534 49.98529718],49.98539967469516,970.7866087377347,1766.9999999999989
21.719999999999626,[49.98558064 49.98550615 49.98530365 49.98532971],49.985430034373096,970.7734255499657,1767.000000000002
21.739999999999625,[49.98560985 49.9855247  49.98534272 49.98536328],49.985460135130566,970.8049428756173,1766.999999999999
21.759999999999625,[49.98563713 49.98554341 49.98538265 49.98539809],49.98549031804657,970.7628375827111,1766.999999999999
21.779999999999625,[49.98565824 49.98555691 49.98542152 49.98543172],49.98551709502652,971.0876474758066,1767.0000000000018
21.799999999999624,[49.98567368 49.98556616 49.98545919 49.98546419],49.98554080401058,971.0176212238408,1766.9999999999998
21.819999999999624,[49.98568488 49.98557286 49.98549627 49.98549632],49.985562580811624,971.246750542861,1766.9999999999984
21.839999999999623,[49.98569167 49.98557697 49.98553236 49.98552776],49.985582191302754,971.1968924389879,1767.0000000000045
21.859999999999623,[49.98569536 49.98558004 49.98556795 49.98555916],49.98560062837782,971.3425034878532,1766.999999999998
21.879999999999622,[49.98569596 49.98558208 49.98560274 49.98559025],49.985617757736414,971.3043573446502,1767.0000000000014
21.899999999999622,[49.98568943 49.98557775 49.9856348  49.98561858],49.98563014047815,971.7395855314209,1766.9999999999932
21.91999999999962,[49.98567825 49.98557037 49.9856647  49.98564507],49.98563959710475,971.5493783779067,1766.9999999999964
21.93999999999962,[49.98567584 49.98557668 49.98569835 49.98567734],49.98565705188227,971.0651670657732,1767.0000000000025
21.95999999999962,[49.98568076 49.98559431 49.98573518 49.98571452],49.985681192434654,970.984538256491,1767.0000000000016
21.97999999999962,[49.98569013 49.9856193  49.98577362 49.98575458],49.9857094066777,970.7200058975648,1766.9999999999977
21.99999999999962,[49.98570191 49.98564856 49.98581269 49.98579617],49.98573983165495,970.7958298516222,1767.0000000000061
22.01999999999962,[49.98570938 49.98567323 49.98584912 49.98583504],49.98576669379706,971.017645295091,1767.000000000002
22.03999999999962,[49.98571257 49.98569312 49.98588263 49.98587085],49.98578979326604,971.1112052335204,1767.0000000000005
22.05999999999962,[49.98571681 49.98571468 49.9859154  49.98590638],49.985813318659694,970.9812097217094,1766.9999999999995
22.079999999999618,[49.98572345 49.98573912 49.98594799 49.98594224],49.985838198464876,970.9968226225923,1767.0000000000052
22.099999999999618,[49.98573409 49.98576815 49.98598095 49.98597908],49.985865569793916,970.7714807857787,1767.0000000000011
22.119999999999617,[49.98575073 49.98580379 49.98601518 49.98601794],49.98589691233506,970.6624022707886,1767.0000000000011
22.139999999999617,[49.9857701  49.98584148 49.98604917 49.98605674],49.98592937162127,970.6772862975703,1766.9999999999989
22.159999999999616,[49.98579365 49.98588277 49.98608343 49.98609609],49.9859639828513,970.4813074563415,1767.000000000002
22.179999999999616,[49.98582478 49.98593157 49.98611954 49.98613787],49.98600343881529,970.26932299605,1767.0000000000014
22.199999999999616,[49.98586216 49.98598577 49.98615697 49.98618124],49.98604653743977,970.1741390412726,1766.9999999999995
22.219999999999615,[49.98590482 49.98604386 49.98619531 49.98622555],49.98609238666498,970.0370442386337,1766.999999999999
22.239999999999615,[49.98595086 49.98610312 49.98623379 49.98626969],49.986139365885016,970.0780047585704,1767.0000000000016
22.259999999999614,[49.98600338 49.98616742 49.98627377 49.98631534],49.98618997688044,969.730365025962,1767.0000000000016
22.279999999999614,[49.98606338 49.98623763 49.98631601 49.98636326],49.98624506938984,969.6990276514781,1767.000000000002
22.299999999999613,[49.98612706 49.98630886 49.98635885 49.98641126],49.986301506806484,969.6150999244651,1767.0000000000005
22.319999999999613,[49.98619547 49.98638238 49.98640293 49.98646004],49.986360205901946,969.5062440679254,1767.0000000000007
22.339999999999613,[49.98627382 49.98646483 49.98645071 49.98651272],49.98642552054721,969.0553189453327,1767.0000000000036
22.359999999999612,[49.9863573  49.9865498  49.98650052 49.98656689],49.986493628831475,969.2668905268598,1767.000000000004
22.37999999999961,[49.9864388  49.98662857 49.98654915 49.98661844],49.98655873922695,969.3034466253806,1767.000000000002
22.39999999999961,[49.98651809 49.986701   49.98659671 49.98666748],49.986620820783266,969.5174837701907,1767.0000000000027
22.41999999999961,[49.98659909 49.9867725  49.98664497 49.98671638],49.98668323383202,969.2713261261144,1767.0000000000002
22.43999999999961,[49.98668612 49.98684863 49.98669627 49.98676802],49.986749758380654,969.166339343048,1767.0000000000005
22.45999999999961,[49.98677509 49.98692449 49.98674901 49.98682035],49.98681723254085,969.185563765373,1767.0000000000018
22.47999999999961,[49.98686373 49.98699756 49.98680233 49.98687229],49.9868839804674,969.2211518310256,1767.0000000000011
22.49999999999961,[49.98695648 49.98707395 49.98685836 49.98692665],49.98695386002211,968.9151786615862,1766.9999999999984
22.51999999999961,[49.98705613 49.98715742 49.9869187  49.98698546],49.98702942649187,968.7344494459566,1766.9999999999955
22.53999999999961,[49.98715822 49.98724265 49.98698162 49.98704648],49.98710724070925,968.7168785937613,1767.0000000000011
22.559999999999608,[49.98726256 49.98732983 49.98704715 49.98710984],49.98718734728354,968.5316807734849,1766.9999999999982
22.579999999999607,[49.98736703 49.98741657 49.98711466 49.98717468],49.987268233498405,968.6404855561907,1766.9999999999968
22.599999999999607,[49.98746587 49.98749604 49.98718163 49.98723791],49.987345359657965,968.8371098004035,1767.000000000005
22.619999999999607,[49.98755651 49.98756548 49.98724699 49.98729823],49.98741680453902,969.1076922477906,1766.9999999999948
22.639999999999606,[49.98764053 49.98762749 49.98731143 49.98735671],49.987484037957685,969.1808948627597,1766.9999999999977
22.659999999999606,[49.98772429 49.9876906  49.98737786 49.98741724],49.98755249491096,968.9938848919656,1766.9999999999995
22.679999999999605,[49.98780949 49.98775721 49.98744725 49.98748113],49.987623770953135,968.9320514712058,1767.0
22.699999999999605,[49.98789306 49.98782375 49.98751831 49.98754676],49.98769546775489,968.9463777350551,1766.9999999999995
22.719999999999605,[49.98797608 49.98789195 49.98759148 49.98761487],49.987768593284486,968.7993700659056,1766.9999999999998
22.739999999999604,[49.98806243 49.98796692 49.98766857 49.98768782],49.987846437054195,968.5361679646882,1767.0
22.759999999999604,[49.98814663 49.98804172 49.9877473  49.98776268],49.987924584801036,968.7599102431465,1767.000000000001
22.779999999999603,[49.98822362 49.98811024 49.98782517 49.98783638],49.98799885334014,968.8491006082866,1767.0000000000032
22.799999999999603,[49.98829357 49.98817283 49.98790221 49.98790905],49.988069416925185,969.0584326615862,1766.9999999999973
22.819999999999602,[49.98835937 49.98823338 49.98797949 49.98798222],49.98813861345363,968.9513681944794,1767.000000000001
22.839999999999602,[49.98842284 49.98829411 49.98805786 49.98805699],49.98820794855919,969.033930834051,1766.9999999999995
22.8599999999996,[49.98848715 49.98835911 49.98813851 49.988135  ],49.988279941311944,968.7150785636213,1766.9999999999989
22.8799999999996,[49.9885547  49.98843113 49.9882226  49.98821769],49.98835652872788,968.6340781945651,1766.9999999999966
22.8999999999996,[49.98862246 49.98850616 49.98830862 49.98830313],49.98843509114197,968.5356399877742,1766.9999999999977
22.9199999999996,[49.9886938  49.98858829 49.98839793 49.98839308],49.98851827734906,968.2316199262948,1767.0000000000043
22.9399999999996,[49.98876921 49.98867768 49.98849076 49.98848773],49.98860634528516,968.1110335151416,1766.999999999994
22.9599999999996,[49.98884535 49.98876974 49.98858547 49.98858495],49.98869637528509,968.052742565992,1767.0000000000002
22.9799999999996,[49.98891933 49.98886044 49.98868065 49.98868283],49.988785812195054,968.1474877947364,1767.0000000000052
22.9999999999996,[49.98899078 49.98894904 49.98877589 49.98878085],49.988874142239645,968.133106671606,1767.0000000000045
23.019999999999598,[49.98905722 49.98903193 49.98886999 49.98887739],49.988959132630924,968.4163841390615,1767.0000000000027
23.039999999999598,[49.98912026 49.98911103 49.98896331 49.98897297],49.98904189480444,968.3096384552749,1767.0000000000014
23.059999999999597,[49.9891836  49.98919058 49.98905747 49.98906958],49.98912530720797,968.3510799910781,1766.9999999999961
23.079999999999597,[49.98924824 49.98927155 49.98915269 49.98916749],49.98920999147889,968.1926318048212,1767.000000000004
23.099999999999596,[49.9893173  49.98935748 49.98925029 49.98926832],49.98929834749231,968.0322480488685,1766.9999999999982
23.119999999999596,[49.98938907 49.98944579 49.98934941 49.98937088],49.98938878586526,968.0077052500171,1767.0000000000025
23.139999999999596,[49.98946117 49.98953316 49.98944883 49.98947353],49.98947917447189,968.0272023780869,1766.9999999999977
23.159999999999595,[49.98953248 49.98961791 49.98954787 49.98957536],49.98956840636681,968.0963931257528,1767.0000000000048
23.179999999999595,[49.98960572 49.98970333 49.98964752 49.98967768],49.98965856288376,967.9413264668801,1767.0000000000011
23.199999999999594,[49.98967951 49.98978734 49.98974716 49.98977958],49.98974839871613,968.1155421928688,1767.000000000001
23.219999999999594,[49.98974946 49.98986432 49.98984458 49.98987826],49.98983415362119,968.2778419108251,1766.9999999999977
23.239999999999593,[49.98982115 49.98994139 49.98994204 49.98997667],49.989920315385305,968.0751120762473,1767.0000000000011
23.259999999999593,[49.98989713 49.99002156 49.99004071 49.99007628],49.99000892067321,968.0659791715035,1767.0000000000011
23.279999999999593,[49.98996754 49.99009223 49.99013611 49.99017128],49.99009178963962,968.5521646640017,1767.000000000002
23.299999999999592,[49.99003198 49.99015328 49.99022762 49.99026109],49.99016849121275,968.5807296126687,1767.0000000000034
23.31999999999959,[49.99009861 49.99021517 49.99031882 49.99035036],49.99024573877977,968.502319955011,1766.9999999999993
23.33999999999959,[49.99016654 49.99027676 49.99040928 49.99043856],49.99032278403062,968.5939873509765,1767.0000000000027
23.35999999999959,[49.99023731 49.99034033 49.99049951 49.99052646],49.99040090122271,968.408633847162,1766.9999999999995
23.37999999999959,[49.99031396 49.99040977 49.99059088 49.99061585],49.9904826169083,968.2873149443899,1767.0000000000027
23.39999999999959,[49.99039544 49.99048391 49.99068289 49.99070611],49.99056708830514,968.172577768178,1766.9999999999998
23.41999999999959,[49.99048311 49.99056465 49.99077611 49.99079804],49.99065547887315,967.9529434773306,1766.9999999999977
23.43999999999959,[49.99057928 49.990655   49.99087161 49.990893  ],49.99074972076669,967.6748844667859,1767.0000000000057
23.45999999999959,[49.99067998 49.99074997 49.99096774 49.99098886],49.99084663905777,967.7216819634547,1767.000000000001
23.47999999999959,[49.99078295 49.99084694 49.99106341 49.99108427],49.990944391314954,967.5985314666965,1766.9999999999977
23.499999999999588,[49.99088941 49.99094755 49.99115925 49.99118004],49.99104406297984,967.5534920935528,1767.0000000000016
23.519999999999587,[49.99099704 49.99104901 49.9912543  49.99127493],49.99114382123716,967.5842834837222,1767.0
23.539999999999587,[49.99110758 49.99115375 49.99134936 49.99137002],49.991245177323286,967.4118085929216,1767.0000000000011
23.559999999999587,[49.991227   49.99126942 49.99144724 49.99146893],49.991353148512395,967.0195040452871,1767.000000000005
23.579999999999586,[49.99135132 49.99139083 49.99154653 49.99156968],49.99146458922386,967.1105619457568,1766.9999999999982
23.599999999999586,[49.9914731  49.99150871 49.99164391 49.99166802],49.99157343439778,967.2285314985966,1767.000000000005
23.619999999999585,[49.99159632 49.99162835 49.9917412  49.99176634],49.99168305275025,967.0358547329182,1766.9999999999973
23.639999999999585,[49.9917217  49.99175061 49.99183901 49.99186534],49.9917941624463,967.0925750937383,1766.9999999999964
23.659999999999584,[49.99184125 49.99186541 49.9919339  49.99196057],49.99190028250438,967.4451804805786,1767.0000000000034
23.679999999999584,[49.99195371 49.9919715  49.99202525 49.99205133],49.99200044512243,967.5837671085748,1767.0000000000011
23.699999999999584,[49.99206342 49.99207455 49.99211513 49.99214029],49.99209834987626,967.6249393430162,1766.9999999999984
23.719999999999583,[49.99217224 49.99217702 49.9922045  49.99222871],49.99219561471347,967.6270204407774,1766.9999999999995
23.739999999999583,[49.9922782  49.99227648 49.99229264 49.99231566],49.992290743713184,967.7936807896325,1766.9999999999995
23.759999999999582,[49.99237802 49.99236897 49.99237813 49.99239933],49.99238111390169,968.016465299881,1767.0000000000016
23.779999999999582,[49.9924706  49.99245329 49.99246048 49.99247917],49.992465884460145,968.2539893286745,1767.0000000000011
23.79999999999958,[49.99255949 49.99253423 49.99254123 49.99255728],49.9925480573018,968.224182795331,1767.0000000000016
23.81999999999958,[49.99264676 49.99261442 49.99262145 49.99263501],49.99262940855378,968.3117290556241,1767.0000000000007
23.83999999999958,[49.99272922 49.99268996 49.99269973 49.99271061],49.99270738102452,968.4968995830527,1767.0000000000043
23.85999999999958,[49.99280718 49.99276144 49.99277615 49.99278425],49.99278225518851,968.5607916884251,1766.999999999998
23.87999999999958,[49.99288335 49.99283237 49.99285191 49.99285752],49.99285628672942,968.5558122099656,1767.0000000000027
23.89999999999958,[49.99295821 49.99290341 49.99292726 49.99293078],49.99292991578074,968.5822123356007,1767.0000000000011
23.91999999999958,[49.99303727 49.99298165 49.9930046  49.99300716],49.993007669283,968.195700941378,1767.0000000000048
23.93999999999958,[49.99312283 49.99306972 49.99308519 49.99308817],49.99309147804313,968.0582302254619,1766.9999999999986
23.959999999999578,[49.99320959 49.99316076 49.99316667 49.99317074],49.99317693970416,968.0414097052862,1767.0000000000007
23.979999999999578,[49.99329295 49.99324882 49.993247   49.99325218],49.99326023578187,968.2249071678707,1767.000000000004
23.999999999999577,[49.99337294 49.99333398 49.99332604 49.99333236],49.99334133122083,968.2111030385979,1766.9999999999984
24.019999999999577,[49.993447   49.99341275 49.99340273 49.99340984],49.99341808249244,968.5748702543914,1766.9999999999943
24.039999999999576,[49.99351277 49.99348223 49.99347578 49.99348305],49.99348845827217,968.7327047264324,1767.0000000000025
24.059999999999576,[49.99357536 49.99354883 49.99354742 49.99355485],49.99355661584817,968.7468487330134,1767.0
24.079999999999576,[49.99363816 49.99361673 49.99361916 49.99362717],49.993625305484464,968.6731248003831,1766.9999999999975
24.099999999999575,[49.9936988  49.99368265 49.99368999 49.99369862],49.99369251604803,968.8562992212048,1766.9999999999989
24.119999999999575,[49.99376184 49.99375245 49.99376171 49.99377161],49.99376190217522,968.4751154845277,1766.9999999999995
24.139999999999574,[49.99383461 49.99383502 49.99383781 49.99385047],49.99383947808087,968.1510201740007,1767.0
24.159999999999574,[49.99391331 49.99392518 49.99391669 49.99393299],49.99392204205479,968.0382978761814,1767.000000000005
24.179999999999573,[49.99399597 49.9940202  49.99399743 49.99401792],49.994007878034765,967.8580728278001,1766.9999999999989
24.199999999999573,[49.99408242 49.99411957 49.99408001 49.99410512],49.99409677750419,967.7622820619739,1766.9999999999989
24.219999999999573,[49.99417174 49.99422187 49.99416402 49.99419398],49.99418790381176,967.6520726232853,1766.9999999999984
24.239999999999572,[49.99426633 49.99432991 49.99425058 49.99428581],49.99428315788275,967.3958391711805,1766.9999999999948
24.25999999999957,[49.99435901 49.99443413 49.9943367  49.99437658],49.99437660209189,967.7848641389224,1767.000000000004
24.27999999999957,[49.99444589 49.99452971 49.99442036 49.99446375],49.99446492679718,967.80801156775,1767.0000000000023
24.29999999999957,[49.99453061 49.9946211  49.99450328 49.99454947],49.99455111206748,967.946378781771,1767.0000000000032
24.31999999999957,[49.99461622 49.99471217 49.99458677 49.9946354 ],49.99463763753961,967.7611093897114,1767.0000000000023
24.33999999999957,[49.99470351 49.99480368 49.99467135 49.99472212],49.99472516552915,967.8433715833631,1767.0000000000032
24.35999999999957,[49.99478904 49.99489128 49.99475545 49.99480758],49.994810836860864,967.8989062768757,1766.9999999999989
24.37999999999957,[49.99487427 49.99497688 49.99483972 49.99489263],49.994895875556296,967.8782350359234,1767.0000000000025
24.39999999999957,[49.99496126 49.9950631  49.99492509 49.99497846],49.99498197844564,967.7908395325297,1766.9999999999989
24.41999999999957,[49.99505182 49.99515229 49.99501243 49.99506618],49.99507067834996,967.6408374824061,1766.9999999999968
24.439999999999568,[49.99514773 49.9952467  49.99510259 49.99515687],49.99516347581872,967.4266228129675,1767.0000000000045
24.459999999999567,[49.99525002 49.99534765 49.99519615 49.99525122],49.9952612590216,967.2011565797072,1766.9999999999993
24.479999999999567,[49.9953545  49.99544979 49.99529136 49.99534693],49.99536064388458,967.2711288794817,1766.9999999999986
24.499999999999567,[49.99546243 49.99555496 49.99538867 49.99544467],49.99546268079393,966.9571345846828,1766.9999999999936
24.519999999999566,[49.99557651 49.99566651 49.99548952 49.99554618],49.99556967943005,966.831840849464,1766.9999999999998
24.539999999999566,[49.99568717 49.99577233 49.99558975 49.9956461 ],49.99567383804079,967.1742289629299,1766.9999999999973
24.559999999999565,[49.99579231 49.99587017 49.99568819 49.99574306],49.9957734348722,967.1945534221287,1766.9999999999961
24.579999999999565,[49.99589553 49.99596475 49.99578653 49.99583928],49.995871521950285,967.2801553690412,1766.9999999999984
24.599999999999564,[49.99599607 49.99605536 49.99588443 49.99593438],49.99596755783374,967.3462857044658,1766.9999999999977
24.619999999999564,[49.99609244 49.99614033 49.99598122 49.99602759],49.99606039415134,967.528778517216,1767.000000000002
24.639999999999564,[49.99618449 49.9962198  49.99607673 49.99611882],49.99614996037675,967.6013018066915,1766.9999999999973
24.659999999999563,[49.99627402 49.99629634 49.99617176 49.99620917],49.9962378207096,967.652357176185,1766.9999999999993
24.679999999999563,[49.99636061 49.99636967 49.99626606 49.99629848],49.99632370525392,967.7477710473563,1767.000000000004
24.699999999999562,[49.99644855 49.99644558 49.99636144 49.99638917],49.99641118608503,967.4983047929016,1766.9999999999934
24.719999999999562,[49.99653947 49.99652617 49.99645873 49.99648237],49.9965016852248,967.4734609576286,1766.9999999999968
24.73999999999956,[49.99663061 49.99660816 49.99655662 49.99657645],49.996592960093935,967.412617123925,1767.0000000000016
24.75999999999956,[49.99672541 49.99669612 49.99665657 49.99667339],49.99668787415391,967.1464931848009,1766.9999999999989
24.77999999999956,[49.99682196 49.99678753 49.99675782 49.9967722 ],49.996784879953445,967.2153121323719,1767.000000000001
24.79999999999956,[49.99691703 49.99687849 49.99685878 49.99687092],49.99688130378953,967.1743597877216,1766.9999999999932
24.81999999999956,[49.99700924 49.99696728 49.9969588  49.99696875],49.9969760188961,967.33805275715,1766.9999999999973
24.83999999999956,[49.9970937  49.99704779 49.99705556 49.99706279],49.99706495853688,967.6399879789875,1767.000000000006
24.85999999999956,[49.99717117 49.99712119 49.99714917 49.99715329],49.99714870555449,967.7555310068889,1767.0000000000027
24.87999999999956,[49.99724677 49.99719406 49.9972418  49.99724316],49.9972314477313,967.7054670355807,1767.0000000000011
24.899999999999558,[49.99731777 49.9972628  49.99733224 49.99733082],49.99731090928658,968.0127795271114,1767.0000000000023
24.919999999999558,[49.99738696 49.99733121 49.99742143 49.99741763],49.997389308308385,967.7768152090914,1766.999999999996
24.939999999999557,[49.99745686 49.9974022  49.99751059 49.99750512],49.997468691524325,967.9115938326785,1767.0000000000032
24.959999999999557,[49.99752633 49.99747437 49.99759897 49.9975924 ],49.99754801719949,967.763693517887,1767.0000000000043
24.979999999999556,[49.99759559 49.99754778 49.99768671 49.99767959],49.997627418373504,967.8871479753177,1767.000000000004
24.999999999999556,[49.99766041 49.99761699 49.9977717  49.99776404],49.99770328463294,968.0436007621591,1767.0000000000052
25.019999999999555,[49.99772585 49.99768841 49.997856   49.99784844],49.99777967511011,967.8258570836778,1766.9999999999961
25.039999999999555,[49.99779462 49.99776518 49.99794088 49.99793437],49.99785876206583,967.7991604171043,1767.0000000000039
25.059999999999555,[49.99785744 49.99783521 49.99802214 49.99801634],49.99793278262878,968.2350212359794,1767.000000000002
25.079999999999554,[49.9979129  49.99789687 49.99809879 49.99809319],49.998000435789024,968.3189909190072,1766.999999999999
25.099999999999554,[49.99796422 49.99795402 49.9981722  49.99816669],49.998064281373175,968.5399065275798,1767.0000000000045
25.119999999999553,[49.99801344 49.99800923 49.99824308 49.99823778],49.99812588451388,968.49282829164,1766.9999999999982
25.139999999999553,[49.9980628  49.99806509 49.99831244 49.99830771],49.9981870087317,968.565416025543,1766.9999999999986
25.159999999999553,[49.9981112  49.99812007 49.99837964 49.99837568],49.9982466466279,968.6034032735715,1766.9999999999986
25.179999999999552,[49.99815972 49.99817538 49.9984451  49.99844217],49.998305591089505,968.609416536184,1766.999999999996
25.19999999999955,[49.99821514 49.99823954 49.99851172 49.99851094],49.998369336256495,968.1848726301168,1766.9999999999993
25.21999999999955,[49.99827391 49.99830751 49.99857818 49.99858008],49.99843492031021,968.4392785844193,1766.999999999996
25.23999999999955,[49.99833623 49.99837967 49.99864425 49.99864936],49.99850237664663,968.0122031119987,1767.0000000000016
25.25999999999955,[49.99840611 49.99846058 49.998712   49.99872127],49.998574990965764,967.9890144948977,1767.0000000000027
25.27999999999955,[49.99847148 49.99853473 49.99877607 49.99878876],49.99864275875353,968.4039023527122,1766.9999999999989
25.29999999999955,[49.99853188 49.99860167 49.99883598 49.99885133],49.998705216724375,968.4205138192,1766.9999999999977
25.31999999999955,[49.99859367 49.99866931 49.99889466 49.99891265],49.99876757410084,968.3969363547841,1766.9999999999966
25.33999999999955,[49.99865698 49.99873769 49.99895225 49.99897285],49.99882994158511,968.404052564995,1766.9999999999993
25.35999999999955,[49.99872178 49.99880669 49.99900881 49.99903194],49.99889230590367,968.3814010128415,1767.0
25.379999999999548,[49.99878687 49.99887467 49.99906389 49.99908928],49.998953678403794,968.4714618373771,1766.999999999998
25.399999999999547,[49.99884776 49.99893594 49.99911556 49.99914232],49.99901039177077,968.757489931659,1767.0000000000023
25.419999999999547,[49.99890331 49.99898923 49.99916322 49.99919037],49.99906153100139,968.924977586917,1767.000000000001
25.439999999999547,[49.99895821 49.99904064 49.999209   49.99923617],49.999111004528615,968.8821456371999,1767.0000000000048
25.459999999999546,[49.9990092  49.99908597 49.99925164 49.99927805],49.99915621508553,969.2679523030278,1767.0000000000014
25.479999999999546,[49.99905512 49.99912412 49.99929047 49.99931524],49.99919623483523,969.3037063008086,1766.9999999999977
25.499999999999545,[49.99909919 49.99915929 49.99932705 49.99934979],49.999233829535214,969.4565212480685,1767.0000000000052
25.519999999999545,[49.99914022 49.99919023 49.99936087 49.99938108],49.99926810024847,969.5678907654475,1767.0000000000036
25.539999999999544,[49.99918182 49.99922176 49.99939355 49.99941127],49.999302099951194,969.4635296264529,1767.0000000000032
25.559999999999544,[49.99922675 49.9992575  49.99942649 49.99944214],49.99933821850104,969.3730127655505,1766.9999999999995
25.579999999999544,[49.99927045 49.99929175 49.99945778 49.99947125],49.99937280756389,969.575013838889,1767.000000000006
25.599999999999543,[49.9993097  49.99932074 49.99948592 49.99949674],49.999403274915764,969.7025965759109,1766.9999999999995
25.619999999999543,[49.99934844 49.99934974 49.99951268 49.99952097],49.99943295527441,969.6237043728371,1766.9999999999998
25.639999999999542,[49.99938978 49.99938279 49.99953959 49.9995459 ],49.99946451410675,969.5262538082209,1767.0000000000036
25.659999999999542,[49.99943188 49.99941767 49.99956597 49.99957065],49.99949654275526,969.5651721194533,1767.0000000000007
25.67999999999954,[49.99947498 49.99945482 49.99959195 49.99959543],49.999529294025336,969.4459406571979,1766.9999999999968
25.69999999999954,[49.99951917 49.99949437 49.99961774 49.99962046],49.99956293653384,969.4698905851949,1767.0000000000023
25.71999999999954,[49.99956153 49.99953272 49.99964211 49.99964416],49.99959512914535,969.5472516479105,1766.999999999998
25.73999999999954,[49.99959573 49.99956186 49.99966231 49.99966299],49.999620724521016,970.0042690756859,1766.999999999998
25.75999999999954,[49.99962276 49.99958342 49.9996786  49.99967741],49.99964054852937,970.0127521085855,1766.9999999999977
25.77999999999954,[49.99964727 49.99960327 49.99969321 49.99969029],49.9996585102019,970.1405546641191,1767.0000000000055
25.79999999999954,[49.99966991 49.99962233 49.99970644 49.99970202],49.99967517467477,970.1014043987952,1767.0000000000052
25.81999999999954,[49.99968993 49.99963961 49.9997181  49.99971234],49.99968999344962,970.2749990928813,1767.0000000000057
25.839999999999538,[49.99970972 49.99965825 49.99972916 49.99972255],49.99970492141085,970.0712844262499,1767.0000000000061
25.859999999999538,[49.99972935 49.99967814 49.9997399  49.99973291],49.999720075296054,970.2343313782034,1767.000000000002
25.879999999999537,[49.99974636 49.99969622 49.99974911 49.99974192],49.999733401022745,970.2034719193853,1766.9999999999993
25.899999999999537,[49.99976478 49.99971755 49.99975868 49.99975195],49.99974823935942,970.0849653414563,1767.0000000000057
25.919999999999536,[49.99978561 49.99974318 49.99976915 49.99976364],49.99976539306268,969.985954707325,1767.0000000000036
25.939999999999536,[49.99980867 49.99977272 49.99978052 49.99977692],49.99978470795802,969.8798661554423,1767.0000000000032
25.959999999999535,[49.99983432 49.99980645 49.99979305 49.99979202],49.99980646100936,969.756988045006,1767.0000000000032
25.979999999999535,[49.99985715 49.9998372  49.99980445 49.99980591],49.99982617488294,970.0272816533845,1766.9999999999961
25.999999999999535,[49.99987282 49.99985946 49.99981266 49.99981592],49.99984021368779,970.2108711942203,1767.0000000000011
26.019999999999534,[49.99988906 49.99988302 49.99982108 49.99982643],49.999854896024644,969.9496517629664,1766.999999999995
26.039999999999534,[49.99990854 49.99991087 49.99983115 49.99983914],49.99987242286254,969.9473801742787,1767.000000000005
26.059999999999533,[49.99993104 49.99994263 49.99984278 49.99985389],49.99989258488126,969.7035544194802,1766.999999999998
26.079999999999533,[49.99995702 49.99997851 49.99985636 49.99987102],49.999915726079294,969.671671750059,1767.0000000000027
26.099999999999532,[49.99998363 50.00001473 49.99987066 49.99988886],49.99993946926659,969.627696150868,1767.0000000000034
26.119999999999532,[50.00001525 50.00005672 49.99988766 49.99990992],49.999967387070086,969.2948492508,1766.9999999999945
26.13999999999953,[50.00004848 50.0000997  49.99990614 49.9999324 ],49.99999668064936,969.4856967130353,1766.9999999999968
26.15999999999953,[50.00008003 50.00013956 49.99992451 49.99995425],50.00002458772569,969.3856470740277,1767.0000000000027
26.17999999999953,[50.00011041 50.00017667 49.99994315 49.99997586],50.000051523473175,969.5414289521472,1766.9999999999977
26.19999999999953,[50.00013957 50.00021104 49.99996199 49.99999712],50.000077430482726,969.4465759101619,1766.9999999999982
26.21999999999953,[50.00016638 50.00024101 49.9999807  50.00001751],50.00010140023333,969.6787948073539,1767.0000000000032
26.23999999999953,[50.00019084 50.00026675 49.99999914 50.0000369 ],50.00012340622406,969.5867532508299,1767.000000000002
26.25999999999953,[50.00021625 50.00029234 50.00001893 50.00005731],50.00014620533774,969.5868974263362,1767.000000000007
26.27999999999953,[50.00024031 50.00031489 50.00003907 50.00007744],50.000167926967066,969.652418231226,1766.9999999999982
26.299999999999528,[50.0002613  50.00033233 50.00005879 50.00009632],50.00018718386798,969.7696226350586,1767.000000000003
26.319999999999528,[50.00028124 50.00034739 50.00007891 50.00011507],50.0002056501814,969.6946374449584,1767.0000000000027
26.339999999999527,[50.00029947 50.00035926 50.00009923 50.0001334 ],50.000222841736054,969.85265582944,1767.0000000000032
26.359999999999527,[50.00031494 50.00036689 50.00011914 50.00015065],50.00023790512929,969.8500086499206,1766.9999999999995
26.379999999999526,[50.00033392 50.00037842 50.0001414  50.00017045],50.000256046691604,969.5699701627512,1767.0000000000011
26.399999999999526,[50.0003536  50.00039024 50.00016495 50.00019134],50.00027503114464,969.7550704958387,1766.9999999999973
26.419999999999526,[50.00036608 50.00039262 50.00018606 50.00020868],50.00028836259211,970.0223807538871,1766.9999999999995
26.439999999999525,[50.00037727 50.00039348 50.00020713 50.00022573],50.00030089945817,969.7993835191464,1766.999999999999
26.459999999999525,[50.00039067 50.00039728 50.00022985 50.00024467],50.000315618523736,969.8159989854043,1766.9999999999968
26.479999999999524,[50.00040363 50.00040088 50.00025294 50.00026391],50.00033033928723,969.7767773600175,1766.9999999999995
26.499999999999524,[50.00041603 50.00040428 50.00027627 50.00028341],50.00034499682772,969.7990548900345,1767.0000000000016
26.519999999999524,[50.00042655 50.000406   50.00029915 50.00030234],50.00035851034072,969.8511565965849,1767.000000000002
26.539999999999523,[50.00043634 50.0004077  50.00032198 50.00032132],50.00037183621325,969.7933733145738,1766.9999999999945
26.559999999999523,[50.00044587 50.00041007 50.00034492 50.00034061],50.00038536895636,969.8125097550045,1766.999999999997
26.579999999999522,[50.00045579 50.00041409 50.00036812 50.00036052],50.00039963197567,969.7110391063422,1767.0000000000014
26.599999999999522,[50.00046987 50.00042463 50.00039324 50.0003832 ],50.00041773388507,969.4686151913545,1766.9999999999977
26.61999999999952,[50.00048869 50.00044229 50.00042054 50.00040901],50.000440132923615,969.3283320791624,1767.0000000000002
26.63999999999952,[50.00050896 50.00046288 50.00044854 50.00043602],50.000464099499865,969.3156248485278,1767.000000000005
26.65999999999952,[50.00053103 50.00048684 50.00047726 50.00046432],50.00048986177471,969.1563944592303,1767.0
26.67999999999952,[50.00055201 50.00051035 50.00050548 50.00049227],50.00051502606349,969.3452364970586,1767.0000000000027
26.69999999999952,[50.00057065 50.00053189 50.00053241 50.00051894],50.00053847381695,969.2809351913934,1766.9999999999982
26.71999999999952,[50.00058597 50.00055006 50.00055766 50.0005438 ],50.00055937155848,969.5403356868818,1767.0000000000002
26.73999999999952,[50.0005992  50.00056652 50.00058153 50.00056733],50.00057864315165,969.3992637232367,1767.0000000000032
26.75999999999952,[50.00061296 50.00058436 50.00060529 50.0005911 ],50.00059842798143,969.4788193541956,1766.9999999999964
26.779999999999518,[50.00062218 50.00059705 50.00062658 50.00061208],50.000614473593146,969.6962970726432,1766.9999999999957
26.799999999999518,[50.00063033 50.00060908 50.00064675 50.00063208],50.00062956048269,969.54271185468,1767.0000000000002
26.819999999999517,[50.00063921 50.00062247 50.00066671 50.0006522 ],50.0006451433524,969.6378954569178,1767.000000000001
26.839999999999517,[50.00064925 50.00063775 50.00068649 50.00067252],50.00066150370168,969.4611219676914,1766.9999999999995
26.859999999999516,[50.00066315 50.00065809 50.00070737 50.00069463],50.00068080811211,969.3738931592022,1767.000000000001
26.879999999999516,[50.0006764  50.00067759 50.00072734 50.00071587],50.000699300827236,969.5133281331498,1767.000000000003
26.899999999999515,[50.00069099 50.00069879 50.00074713 50.00073722],50.000718532986646,969.2960623713067,1767.0000000000034
26.919999999999515,[50.00071013 50.00072547 50.00076829 50.00076059],50.000741119821555,969.2151850317327,1767.0000000000011
26.939999999999515,[50.00072946 50.00075192 50.0007889  50.00078342],50.00076342569125,969.3039558860047,1766.9999999999982
26.959999999999514,[50.00074614 50.00077444 50.00080761 50.00080397],50.000783039617595,969.4264403091603,1766.9999999999984
26.979999999999514,[50.0007585  50.00079089 50.00082365 50.00082123],50.00079856941318,969.632970923959,1767.0000000000057
26.999999999999513,[50.00076834 50.00080356 50.0008377  50.00083611],50.00081142787082,969.6372868625491,1766.9999999999984
27.019999999999513,[50.00077714 50.00081426 50.00085048 50.00084952],50.000822849977055,969.7401966455003,1767.0000000000005
27.039999999999512,[50.00078331 50.00082096 50.00086125 50.00086047],50.00083149676139,969.857668863289,1767.0000000000052
27.059999999999512,[50.00078932 50.00082688 50.00087105 50.00087036],50.000839403796235,969.7896931260267,1766.9999999999995
27.07999999999951,[50.00079824 50.00083583 50.00088131 50.00088099],50.00084909354288,969.6948504856568,1767.0
27.09999999999951,[50.00080606 50.00084267 50.00089034 50.00089012],50.000857295987025,969.9019996020896,1767.0000000000027
27.11999999999951,[50.00081027 50.00084438 50.00089687 50.00089621],50.00086193217082,969.9826415463278,1766.9999999999989
27.13999999999951,[50.00081527 50.00084663 50.00090284 50.00090176],50.00086662605962,969.8850459283008,1767.0000000000027
27.15999999999951,[50.0008232  50.00085216 50.00090931 50.00090812],50.000873196343,969.8124463217223,1767.0000000000025
27.17999999999951,[50.00083459 50.00086164 50.00091655 50.00091562],50.000882099067454,969.6762442432864,1766.9999999999995
27.19999999999951,[50.00085011 50.00087594 50.00092494 50.00092472],50.000893925259334,969.553506261016,1767.0000000000002
27.21999999999951,[50.00086583 50.00089001 50.00093283 50.00093325],50.00090548194228,969.6856969156308,1767.0000000000055
27.239999999999508,[50.00087287 50.00089268 50.00093625 50.00093609],50.00090947180925,970.1774451738087,1767.0000000000032
27.259999999999508,[50.00087541 50.0008897  50.00093676 50.00093543],50.00090932786878,970.0217748766964,1767.0000000000002
27.279999999999507,[50.00087931 50.00088842 50.00093724 50.00093491],50.00090996811176,970.0994251596521,1766.9999999999984
27.299999999999507,[50.00088168 50.00088533 50.00093637 50.00093287],50.00090906214521,970.140012985948,1767.0
27.319999999999506,[50.0008869  50.00088611 50.00093611 50.00093187],50.00091024937059,969.9113592435745,1766.9999999999993
27.339999999999506,[50.00089485 50.00089054 50.0009366  50.00093204],50.00091350758081,969.9532428338113,1767.0000000000016
27.359999999999506,[50.00090389 50.00089665 50.00093709 50.0009324 ],50.000917509227186,969.8362057348907,1767.0000000000007
27.379999999999505,[50.00091149 50.00090121 50.00093658 50.00093165],50.00092023333298,970.047857259606,1767.000000000001
27.399999999999505,[50.0009179  50.00090474 50.00093506 50.00092983],50.0009218820089,969.9141121796622,1767.000000000002
27.419999999999504,[50.00092721 50.00091242 50.00093451 50.00092947],50.00092590238078,969.8352946707279,1766.999999999998
27.439999999999504,[50.00093836 50.00092286 50.00093455 50.00093003],50.000931450042735,969.7722959708997,1767.000000000001
27.459999999999503,[50.00095182 50.00093666 50.00093545 50.00093184],50.000938943360254,969.6579675846892,1766.999999999999
27.479999999999503,[50.00096234 50.00094704 50.00093503 50.00093203],50.00094411051193,969.9541885162619,1767.000000000002
27.499999999999503,[50.00096715 50.00095068 50.0009319  50.00092886],50.00094464957568,970.034159348258,1766.9999999999984
27.519999999999502,[50.00096917 50.00095132 50.00092742 50.00092412],50.000943007132214,970.1247066532438,1767.000000000001
27.5399999999995,[50.00097126 50.00095264 50.00092287 50.00091945],50.000941554065584,970.0053183619743,1766.999999999998
27.5599999999995,[50.00097379 50.00095499 50.00091858 50.00091522],50.0009406434226,970.0658957223087,1767.0000000000025
27.5799999999995,[50.00097263 50.00095315 50.00091271 50.00090906],50.00093688822116,970.2316542974448,1767.0000000000002
27.5999999999995,[50.00096532 50.00094407 50.00090412 50.00089953],50.00092826119603,970.4632469602402,1767.000000000001
27.6199999999995,[50.00095397 50.00093055 50.00089365 50.0008878 ],50.0009164920256,970.4839963275139,1767.0000000000034
27.6399999999995,[50.00094489 50.00092064 50.00088414 50.00087753],50.00090680093747,970.2763353876732,1767.0000000000055
27.6599999999995,[50.00094025 50.00091694 50.00087672 50.00087011],50.00090100537729,970.1436421943266,1767.0000000000018
27.6799999999995,[50.00093544 50.00091347 50.0008694  50.00086294],50.00089531285603,970.254795706164,1766.9999999999995
27.6999999999995,[50.00092545 50.00090389 50.00085986 50.00085304],50.00088555945143,970.4727658604249,1766.9999999999998
27.719999999999498,[50.00091399 50.00089308 50.00084962 50.00084245],50.000874782624635,970.3287838020677,1767.0000000000061
27.739999999999498,[50.00090656 50.00088786 50.00084124 50.00083443],50.00086752402706,970.1642884114857,1767.000000000002
27.759999999999497,[50.00089848 50.00088212 50.00083276 50.00082635],50.00085992847579,970.3444450055371,1766.9999999999982
27.779999999999497,[50.00088469 50.00086947 50.00082177 50.00081518],50.00084777901334,970.5352938166354,1766.999999999995
27.799999999999496,[50.0008704  50.00085665 50.00081048 50.00080381],50.00083533619094,970.3574084031508,1766.9999999999957
27.819999999999496,[50.00085777 50.0008462  50.0008     50.0007936 ],50.000824392722045,970.3971765127817,1766.9999999999957
27.839999999999495,[50.00084628 50.00083744 50.00079003 50.00078417],50.00081447833328,970.2589886429686,1766.9999999999989
27.859999999999495,[50.00083806 50.00083296 50.00078159 50.00077679],50.00080735274069,970.150442784706,1767.0000000000039
27.879999999999495,[50.00083572 50.00083598 50.00077586 50.00077294],50.00080512538668,969.8344691539576,1767.0000000000039
27.899999999999494,[50.00084128 50.00084879 50.00077389 50.00077387],50.00080945815945,969.585351082575,1767.0000000000057
27.919999999999494,[50.00085257 50.00086842 50.00077483 50.00077836],50.000818546089896,969.420675690112,1767.0000000000027
27.939999999999493,[50.0008679  50.00089256 50.00077799 50.00078544],50.00083097249294,969.2903980182259,1767.0000000000025
27.959999999999493,[50.0008866  50.00092017 50.00078313 50.00079472],50.00084615387927,969.1745717673678,1766.9999999999998
27.979999999999492,[50.00091172 50.00095501 50.0007917  50.00080798],50.00086660205524,968.832645350637,1767.000000000001
27.999999999999492,[50.00093913 50.00099142 50.00080213 50.00082301],50.00088892374838,969.0018051761596,1767.0000000000023
28.01999999999949,[50.00095923 50.00101724 50.00081007 50.00083419],50.000905183664095,969.3282704201768,1767.0000000000027
28.03999999999949,[50.0009742  50.00103536 50.00081639 50.00084266],50.00091715082732,969.3495328947414,1767.0000000000032
28.05999999999949,[50.00098388 50.00104548 50.00082115 50.00084846],50.0009247433292,969.6833745712606,1766.9999999999984
28.07999999999949,[50.00098596 50.00104487 50.0008232  50.00085017],50.000926051897366,969.8663985060758,1766.9999999999995
28.09999999999949,[50.00098956 50.00104529 50.00082657 50.00085302],50.00092861062061,969.5668625242957,1767.0000000000055
28.11999999999949,[50.00099451 50.00104634 50.00083146 50.0008572 ],50.000932378108075,969.7530481085932,1766.9999999999995
28.13999999999949,[50.00099593 50.00104205 50.00083554 50.00085978],50.000933324959476,969.7931640453985,1767.000000000002
28.15999999999949,[50.00099882 50.00103897 50.00084103 50.00086366],50.000935619603986,969.6288057677133,1767.0000000000005
28.179999999999488,[50.00100458 50.0010389  50.00084864 50.00086977],50.000940473957556,969.5667371007893,1766.9999999999973
28.199999999999488,[50.00101079 50.00103887 50.00085727 50.00087672],50.00094591512671,969.5684001882335,1766.9999999999995
28.219999999999487,[50.00102109 50.00104374 50.00086849 50.00088659],50.000954977480085,969.2510223846608,1766.9999999999977
28.239999999999487,[50.00103841 50.00105717 50.00088375 50.00090121],50.000970135324266,969.0438513988843,1766.9999999999984
28.259999999999486,[50.00105832 50.00107355 50.00090112 50.00091809],50.00098777007224,969.0306320876996,1766.9999999999975
28.279999999999486,[50.00107767 50.00108902 50.00091914 50.00093539],50.00100530417139,969.040484867643,1767.0000000000036
28.299999999999486,[50.00109431 50.00110097 50.00093683 50.00095186],50.001020992602506,969.1744038978259,1766.9999999999989
28.319999999999485,[50.00110625 50.00110706 50.0009532  50.00096632],50.00103320578292,969.322019571049,1766.9999999999957
28.339999999999485,[50.00111305 50.00110692 50.00096797 50.00097848],50.00104160875841,969.4848533207496,1767.000000000004
28.359999999999484,[50.00111517 50.00110132 50.00098124 50.00098858],50.00104657652932,969.6016919008667,1766.9999999999989
28.379999999999484,[50.00111573 50.00109443 50.0009943  50.00099837],50.00105070811306,969.5464456115449,1766.9999999999952
28.399999999999483,[50.00111844 50.00109103 50.0010088  50.00101002],50.001057072888116,969.4051928413819,1767.000000000001
28.419999999999483,[50.00112233 50.00108993 50.00102433 50.00102303],50.00106490552872,969.4143594621629,1767.0000000000011
28.439999999999483,[50.00112463 50.00108768 50.00103954 50.00103572],50.00107189524801,969.4678880602476,1767.000000000001
28.459999999999482,[50.00112816 50.00108801 50.00105555 50.00104963],50.00108033716356,969.2842819716085,1766.9999999999993
28.47999999999948,[50.00113142 50.00108893 50.00107176 50.00106396],50.001089017876566,969.4399050994621,1766.9999999999973
28.49999999999948,[50.00113375 50.00108974 50.00108763 50.00107812],50.001097310044564,969.3096961749419,1766.9999999999989
28.51999999999948,[50.0011351  50.00109029 50.00110318 50.00109214],50.001105174424765,969.4687606819989,1767.0000000000039
28.53999999999948,[50.00112947 50.00108303 50.00111555 50.0011024 ],50.00110760971847,969.7602245553991,1766.9999999999977
28.55999999999948,[50.0011193  50.00107124 50.00112557 50.0011101 ],50.001106553117,969.7573330096278,1767.0000000000045
28.57999999999948,[50.00111316 50.00106576 50.001137   50.00112012],50.00110900769933,969.459828414787,1766.9999999999998
28.59999999999948,[50.00111138 50.00106679 50.0011501  50.00113273],50.00111524986785,969.4333922306452,1767.0000000000007
28.61999999999948,[50.00111061 50.00106998 50.00116323 50.00114586],50.00112241967473,969.3767582036885,1767.0000000000018
28.63999999999948,[50.00110974 50.00107381 50.00117587 50.00115879],50.0011295502383,969.4318857467704,1767.0000000000011
28.659999999999478,[50.00110899 50.00107849 50.00118795 50.00117149],50.00113673071152,969.3681608608474,1766.9999999999977
28.679999999999477,[50.00110921 50.00108496 50.00119985 50.0011844 ],50.001144606632785,969.3691588486439,1767.000000000004
28.699999999999477,[50.00110922 50.00109153 50.00121097 50.00119672],50.001152110113225,969.3956223197188,1766.999999999998
28.719999999999477,[50.00110574 50.00109392 50.00121979 50.00120649],50.001156483637764,969.6291240611487,1766.9999999999995
28.739999999999476,[50.00110208 50.00109638 50.00122758 50.0012154 ],50.00116036000215,969.4348002554392,1767.0
28.759999999999476,[50.00110117 50.00110229 50.00123576 50.0012252 ],50.00116610500084,969.4691368181807,1767.0000000000027
28.779999999999475,[50.00109815 50.00110539 50.00124212 50.00123298],50.00116965813784,969.6168717888379,1767.0000000000007
28.799999999999475,[50.0010916  50.00110379 50.00124589 50.00123779],50.001169767020436,969.7572138080814,1767.000000000001
28.819999999999474,[50.001082   50.00109809 50.00124722 50.00123982],50.0011667829045,969.8759975305034,1767.000000000002
28.839999999999474,[50.00107375 50.00109385 50.00124797 50.0012415 ],50.00116426980301,969.7168746418661,1767.000000000001
28.859999999999474,[50.00106741 50.00109155 50.00124852 50.00124321],50.00116267408001,969.7979693777226,1766.9999999999984
28.879999999999473,[50.00106082 50.00108842 50.00124782 50.00124362],50.00116016905878,969.7928360399577,1766.9999999999995
28.899999999999473,[50.0010546  50.0010852  50.00124614 50.00124306],50.00115725050478,969.8323109263214,1767.0000000000025
28.919999999999472,[50.00104491 50.00107692 50.00124177 50.00123928],50.00115071910718,970.096641655417,1766.9999999999995
28.939999999999472,[50.00103204 50.00106411 50.00123468 50.00123233],50.00114078910352,970.1187383398999,1766.9999999999995
28.95999999999947,[50.00101861 50.00105005 50.00122608 50.00122373],50.001129617129166,970.2017531340229,1767.0
28.97999999999947,[50.00100473 50.00103495 50.00121598 50.00121354],50.00111730170444,970.2157671811538,1767.0000000000034
28.99999999999947,[50.00098742 50.00101499 50.00120311 50.00120007],50.00110139759638,970.504661208186,1766.9999999999984
29.01999999999947,[50.00096842 50.00099262 50.00118805 50.00118419],50.001083319177056,970.4002138800397,1766.9999999999952
29.03999999999947,[50.00095118 50.00097218 50.00117249 50.00116802],50.001065968227266,970.4446908987999,1767.0000000000027
29.05999999999947,[50.00093543 50.00095342 50.00115626 50.00115138],50.001049120281365,970.3590718009164,1766.9999999999961
29.07999999999947,[50.00092701 50.00094381 50.00114203 50.00113771],50.00103763863003,969.9938408147358,1766.9999999999968
29.09999999999947,[50.00092482 50.00094174 50.00112956 50.00112656],50.00103066935741,969.9790388525063,1767.0000000000045
29.119999999999468,[50.00092219 50.00093879 50.00111588 50.00111411],50.0010227430854,970.0737324655706,1767.0
29.139999999999468,[50.00091904 50.00093496 50.00110094 50.00110027],50.00101380442197,970.0635424001309,1767.000000000002
29.159999999999467,[50.00091432 50.0009289  50.00108437 50.00108455],50.00100303514757,970.2269148796458,1767.0000000000045
29.179999999999467,[50.00090849 50.00092134 50.00106635 50.00106722],50.00099084977798,970.1819780769251,1767.0000000000027
29.199999999999466,[50.00090182 50.00091261 50.00104717 50.00104857],50.00097754039478,970.3205352273277,1767.000000000001
29.219999999999466,[50.00089079 50.00089831 50.00102526 50.00102661],50.00096024246104,970.5167871725471,1766.9999999999977
29.239999999999466,[50.00087908 50.00088331 50.00100224 50.00100347],50.00094202363904,970.3973949632996,1767.0000000000011
29.259999999999465,[50.00086596 50.00086659 50.00097802 50.00097897],50.000922383570355,970.6353652195146,1767.0000000000005
29.279999999999465,[50.00084983 50.00084635 50.00095179 50.00095212],50.00090002302494,970.6255440051484,1767.0000000000023
29.299999999999464,[50.00082974 50.00082136 50.00092329 50.00092255],50.000874237157305,970.9226747944523,1766.9999999999995
29.319999999999464,[50.00080518 50.00079124 50.00089217 50.00088992],50.000844627572576,970.9467790053068,1767.0
29.339999999999463,[50.00077698 50.00075707 50.00085893 50.00085484],50.00081195326478,971.1799676778996,1767.0000000000007
29.359999999999463,[50.00074661 50.00072095 50.00082413 50.00081813],50.00077745274463,971.100094610585,1766.9999999999993
29.379999999999463,[50.00071191 50.00068008 50.00078698 50.00077874],50.00073942610369,971.4760462701737,1767.0000000000025
29.399999999999462,[50.00066769 50.00062816 50.00074498 50.00073355],50.000693594314846,971.7568727883348,1766.9999999999961
29.41999999999946,[50.00062174 50.00057535 50.00070148 50.00068703],50.00064639967242,971.5911451276729,1767.0000000000005
29.43999999999946,[50.00058433 50.00053466 50.00066121 50.00064523],50.00060635858269,971.1546923142614,1767.0000000000014
29.45999999999946,[50.00055865 50.00050994 50.00062583 50.00061021],50.00057615898959,970.7613727324988,1766.9999999999984
29.47999999999946,[50.00053486 50.0004884  50.00059119 50.00057645],50.000547724371195,971.0032951978219,1766.9999999999957
29.49999999999946,[50.0005045  50.00045946 50.0005533  50.00053891],50.00051404207827,971.2002439979724,1767.000000000004
29.51999999999946,[50.00047226 50.00042915 50.00051417 50.00050022],50.00047894798482,971.1195992800557,1767.0000000000023
29.53999999999946,[50.00044133 50.00040138 50.00047536 50.0004623 ],50.000445091544336,971.0932957631013,1766.9999999999968
29.55999999999946,[50.00041007 50.00037395 50.00043619 50.00042425],50.0004111124406,971.1269048298162,1767.0000000000007
29.57999999999946,[50.00037518 50.00034256 50.00039523 50.00038417],50.000374287385355,971.3297443754847,1766.9999999999984
29.599999999999458,[50.00033645 50.00030697 50.0003523  50.00034187],50.00033439607053,971.3822459859925,1766.9999999999989
29.619999999999457,[50.0002987  50.00027325 50.00030959 50.00030014],50.00029542144833,971.2499681151168,1766.9999999999977
29.639999999999457,[50.00026241 50.00024175 50.00026745 50.00025935],50.00025773721896,971.2706704042336,1767.0000000000061
29.659999999999457,[50.00022491 50.00020901 50.0002247  50.00021793],50.00021913973556,971.3237588791795,1766.9999999999975
29.679999999999456,[50.00018633 50.0001751  50.0001814  50.00017593],50.000179690412175,971.3393275716036,1767.000000000001
29.699999999999456,[50.00015286 50.00014785 50.00014031 50.0001369 ],50.00014448253574,970.9636888328039,1767.0000000000005
29.719999999999455,[50.00012051 50.00012173 50.00009996 50.00009875],50.00011023727897,971.2543479317294,1767.0000000000032
29.739999999999455,[50.00008476 50.00009116 50.00005812 50.00005865],50.00007317215674,971.1974556412436,1766.9999999999984
29.759999999999454,[50.00004813 50.00005913 50.00001603 50.00001814],50.000035355483206,971.31399366972,1767.0000000000023
29.779999999999454,[50.00000872 50.00002323 49.99997281 49.99997607],49.99999520776326,971.3902696327932,1767.0000000000005
29.799999999999454,[49.99996885 49.99998634 49.99992949 49.99993375],49.999954605237804,971.3491134373285,1767.0000000000002
29.819999999999453,[49.99992727 49.99994679 49.9998856  49.99989053],49.99991254630633,971.5096599173324,1767.000000000005
29.839999999999453,[49.99988294 49.99990328 49.99984061 49.99984571],49.9998681363034,971.544159365674,1767.0000000000018
29.859999999999452,[49.99984094 49.99986231 49.99979677 49.99980225],49.999825566418366,971.3521137279453,1767.000000000005
29.879999999999452,[49.99980073 49.999823   49.99975401 49.99975993],49.99978441570285,971.4216637607342,1767.0000000000027
29.89999999999945,[49.99975492 49.99977599 49.999709   49.99971447],49.999738594577906,971.7422466727936,1767.0000000000043
29.91999999999945,[49.99970035 49.99971747 49.99966014 49.99966391],49.99968546721907,972.0344276340752,1767.000000000004
29.93999999999945,[49.99964828 49.99966204 49.99961228 49.9996146 ],49.99963430169274,971.5758175546896,1767.0000000000036
29.95999999999945,[49.99960355 49.99961553 49.99956792 49.99956965],49.999589161884444,971.5251805282803,1766.999999999998
29.97999999999945,[49.99955965 49.99956974 49.99952411 49.99952525],49.99954468713027,971.5174606643494,1767.0000000000011
29.99999999999945,[49.9995106  49.99951706 49.99947817 49.99947796],49.99949594736993,971.8817561897127,1767.000000000001
30.01999999999945,[49.99946015 49.99946266 49.99943151 49.99942972],49.99944600936566,971.6167672422561,1767.000000000002
30.03999999999945,[49.99940908 49.99940732 49.9993847  49.99938122],49.99939558063246,971.9212217385731,1766.999999999994
30.059999999999448,[49.99935395 49.99934697 49.99933595 49.99933025],49.999341780996446,971.899304212902,1766.9999999999955
30.079999999999448,[49.99930243 49.99929143 49.99928869 49.99928128],49.99929095415091,971.6700442802273,1767.0
30.099999999999447,[49.99925123 49.99923642 49.9992416  49.99923255],49.99924045095618,971.8707112116772,1766.999999999999
30.119999999999447,[49.9991966  49.99917737 49.99919281 49.99918175],49.999187132428794,971.9060836196115,1766.9999999999977
30.139999999999446,[49.99914126 49.99911784 49.9991435  49.99913044],49.99913326114916,971.916616009377,1766.9999999999982
30.159999999999446,[49.99908306 49.99905513 49.9990927  49.99907739],49.99907707295404,972.1006653727702,1766.9999999999977
30.179999999999445,[49.99902171 49.99898904 49.99904013 49.99902233],49.99901830136274,972.1341930591926,1766.999999999996
30.199999999999445,[49.99896341 49.99892756 49.99898849 49.99896881],49.998962068946675,971.8874232492751,1766.9999999999982
30.219999999999445,[49.99890618 49.998868   49.99893707 49.99891582],49.99890676580033,972.0560863883933,1767.0
30.239999999999444,[49.99884329 49.99880194 49.99888267 49.99885936],49.99884681488115,972.2790985846456,1766.9999999999995
30.259999999999444,[49.99878096 49.99873751 49.9988279  49.99880285],49.99878730555189,972.020131899377,1766.9999999999989
30.279999999999443,[49.9987247  49.9986815  49.99877535 49.9987496 ],49.99873278620542,971.8600367841518,1767.0000000000007
30.299999999999443,[49.99867107 49.99862943 49.99872353 49.99869765],49.998680422020556,971.8393175271492,1767.0000000000057
30.319999999999443,[49.99861486 49.99857465 49.9986701  49.99864396],49.998625892990326,972.0428050487027,1767.0000000000027
30.339999999999442,[49.99855837 49.99852018 49.99861588 49.99858969],49.99857103084345,971.8684774080454,1766.9999999999993
30.35999999999944,[49.99850085 49.99846483 49.99856071 49.99853452],49.99851522871315,972.122920969697,1767.0000000000032
30.37999999999944,[49.99844335 49.9984101  49.99850483 49.99847884],49.998459279603,971.8824758612685,1767.0000000000007
30.39999999999944,[49.99839292 49.9983647  49.99845156 49.99842687],49.99840901638808,971.64573408587,1767.0000000000064
30.41999999999944,[49.9983502  49.99832921 49.99840129 49.998379  ],49.998364924758405,971.3638723010083,1767.0000000000032
30.43999999999944,[49.99830895 49.99829541 49.99835141 49.99833175],49.998321879314304,971.5578468387247,1766.9999999999982
30.45999999999944,[49.99826479 49.99825776 49.99829982 49.99828241],49.99827619261288,971.5866905000319,1767.0000000000039
30.47999999999944,[49.99821943 49.99821829 49.99824732 49.99823198],49.9982292558326,971.6638289088328,1766.999999999997
30.49999999999944,[49.99817591 49.99818084 49.99819527 49.99818218],49.99818355243032,971.4839515913964,1767.0000000000016
30.51999999999944,[49.99813635 49.99814784 49.99814479 49.99813436],49.99814083539592,971.4132951633212,1767.000000000002
30.539999999999438,[49.99809959 49.99811769 49.99809545 49.99808787],49.99810015010512,971.3135873585413,1767.000000000003
30.559999999999437,[49.99806623 49.998091   49.99804761 49.99804312],49.998061990392316,971.201145854595,1767.000000000007
30.579999999999437,[49.99803818 49.99807006 49.99800224 49.99800125],49.998027934988535,970.9682748517703,1767.000000000002
30.599999999999437,[49.99801197 49.9980502  49.99795802 49.99796043],49.99799515382046,971.0934705305236,1767.0000000000005
30.619999999999436,[49.99798842 49.99803253 49.99791523 49.99792104],49.99796430705502,970.8051751344213,1766.9999999999957
30.639999999999436,[49.99797276 49.99802347 49.99787652 49.9978863 ],49.99793976180218,970.5622044028128,1766.9999999999984
30.659999999999435,[49.99796163 49.99801852 49.99784057 49.99785443],49.997918788583,970.5029368352378,1767.0000000000011
30.679999999999435,[49.99795325 49.9980154  49.99780671 49.99782445],49.997899951696816,970.3804993586301,1767.000000000001
30.699999999999434,[49.99794837 49.99801498 49.99777543 49.99779693],49.99788393088765,970.2636678299522,1767.0
30.719999999999434,[49.99794683 49.99801698 49.99774684 49.99777191],49.997870636561295,970.1484138703213,1766.9999999999984
30.739999999999434,[49.9979484  49.99802107 49.997721   49.99774938],49.99785996139498,970.0402653249574,1767.0000000000027
30.759999999999433,[49.99794924 49.99802233 49.9976964  49.99772732],49.9978488232705,970.1841188271504,1766.999999999998
30.779999999999433,[49.99795267 49.99802519 49.9976745  49.99770762],49.99783999704509,969.8426393886132,1766.999999999998
30.799999999999432,[49.99796017 49.99803135 49.99765634 49.99769148],49.99783483424615,969.8720437346924,1766.9999999999995
30.819999999999432,[49.99796695 49.99803493 49.99763982 49.99767622],49.99782947870548,969.8550349676287,1767.0000000000005
30.83999999999943,[49.99797171 49.99803434 49.99762448 49.9976612 ],49.99782293201168,969.9684536418627,1767.0000000000007
30.85999999999943,[49.99797432 49.99802971 49.9976103  49.99764645],49.997815194905414,969.9516565760056,1767.0000000000011
30.87999999999943,[49.99797529 49.99802183 49.99759762 49.99763241],49.99780678722404,970.0213998544896,1766.9999999999977
30.89999999999943,[49.99797907 49.99801667 49.99758841 49.9976217 ],49.99780146219525,969.6888922452428,1767.0000000000018
30.91999999999943,[49.9979908  49.99802078 49.99758521 49.99761755],49.99780358578782,969.3904927259263,1767.000000000001
30.93999999999943,[49.99800428 49.99802632 49.99758544 49.99761661],49.99780816378287,969.4776033976883,1767.0000000000005
30.95999999999943,[49.99801831 49.99803213 49.99758845 49.99761811],49.997814250732446,969.2588821324641,1767.0000000000075
30.97999999999943,[49.99803404 49.99803974 49.99759493 49.99762294],49.99782291237214,969.2559522733019,1767.0000000000016
30.999999999999428,[49.99805102 49.99804882 49.99760459 49.99763082],49.99783381267227,969.0655590186226,1767.0000000000005
31.019999999999428,[49.99807309 49.9980644  49.99761925 49.99764411],49.99785021125288,968.788005566052,1766.9999999999984
31.039999999999427,[49.99809838 49.99808409 49.9976382  49.99766185],49.99787063146644,968.7214307743611,1767.0000000000005
31.059999999999427,[49.99812289 49.99810297 49.99765962 49.99768175],49.99789180701897,968.7188033292753,1767.0000000000048
31.079999999999426,[49.99814542 49.9981197  49.99768291 49.99770312],49.997912788674526,968.7324093633091,1767.0000000000061
31.099999999999426,[49.99817266 49.99814297 49.99771095 49.99772976],49.99793908397848,968.2665431720475,1766.999999999998
31.119999999999425,[49.99820387 49.99817163 49.99774367 49.99776147],49.99797016089786,968.3243219039771,1767.0000000000016
31.139999999999425,[49.9982318  49.99819664 49.99777766 49.99779394],49.998000009701215,968.3646904045512,1767.000000000002
31.159999999999425,[49.99826065 49.99822348 49.99781465 49.9978295 ],49.99803206927008,968.1335546760306,1766.999999999998
31.179999999999424,[49.99828849 49.99824957 49.99785387 49.99786713],49.99806476557409,968.3064721987913,1767.0000000000032
31.199999999999424,[49.99831502 49.99827476 49.9978949  49.99790643],49.99809777454273,968.1034472053133,1766.9999999999968
31.219999999999423,[49.99833787 49.99829587 49.99793677 49.9979461 ],49.99812915129116,968.4403334487405,1767.0000000000023
31.239999999999423,[49.99834828 49.99830198 49.99797521 49.99798082],49.99815157175807,968.8551728352871,1767.0000000000052
31.259999999999422,[49.99834961 49.9982977  49.99801136 49.99801226],49.99816773593817,968.9665627751309,1767.0000000000027
31.279999999999422,[49.99834514 49.99828721 49.99804653 49.9980422 ],49.9981802685975,969.1616738850411,1767.0000000000016
31.29999999999942,[49.99833802 49.99827472 49.99808181 49.99807224],49.99819169556736,969.0617052100997,1767.0000000000002
31.31999999999942,[49.99833034 49.99826282 49.998118   49.99810348],49.998203661352605,969.1190125349632,1766.9999999999973
31.33999999999942,[49.99831685 49.9982449  49.99815251 49.99813268],49.998211732872505,969.3930298525404,1766.9999999999989
31.35999999999942,[49.99830228 49.99822722 49.99818695 49.99816218],49.99821965780055,969.1362159695831,1767.0000000000011
31.37999999999942,[49.99829098 49.99821511 49.99822322 49.9981944 ],49.99823092587462,969.1167727980753,1766.9999999999964
31.39999999999942,[49.99827847 49.99820285 49.998259   49.99822649],49.99824170143681,969.1833877322847,1766.999999999998
31.41999999999942,[49.99826471 49.99819043 49.99829394 49.99825812],49.99825180154933,969.180182030893,1767.0000000000045
31.43999999999942,[49.99824963 49.99817765 49.99832774 49.99828896],49.99826099768395,969.2667792924365,1767.0000000000011
31.459999999999418,[49.99823653 49.99816872 49.99836153 49.99832059],49.99827184438749,969.0494422560337,1767.0000000000027
31.479999999999418,[49.99822639 49.99816458 49.99839562 49.99835342],49.99828500116935,969.0807926388263,1767.0000000000016
31.499999999999417,[49.99821742 49.99816289 49.99842891 49.99838609],49.99829882596051,969.0023184095555,1767.0000000000018
31.519999999999417,[49.99821269 49.99816734 49.99846256 49.99842011],49.9983156771521,968.8356213220395,1767.000000000001
31.539999999999417,[49.99821271 49.99817826 49.99849668 49.99845559],49.998335810515144,968.7358190464404,1767.0000000000045
31.559999999999416,[49.99821495 49.99819219 49.99852997 49.99849083],49.99835698763379,968.7578160862868,1767.000000000001
31.579999999999416,[49.99821699 49.99820584 49.99856117 49.99852419],49.99837704536968,968.8406391883648,1767.0
31.599999999999415,[49.99822278 49.99822408 49.99859182 49.99855766],49.99839908530929,968.6022357633127,1767.0
31.619999999999415,[49.99823717 49.99825266 49.9986241  49.99859397],49.99842697598,968.3593643671222,1766.9999999999984
31.639999999999414,[49.99825487 49.99828447 49.99865571 49.99863001],49.99845626412251,968.495558519441,1767.0
31.659999999999414,[49.99827219 49.99831466 49.9986848  49.99866338],49.99848376043616,968.521642691419,1766.999999999999
31.679999999999414,[49.99828788 49.99834142 49.99871082 49.99869329],49.99850834907003,968.7521527767346,1767.0000000000048
31.699999999999413,[49.99830353 49.99836673 49.9987343  49.99872043],49.998531247018434,968.6765318898676,1767.0000000000027
31.719999999999413,[49.99832669 49.99839994 49.99875868 49.99874917],49.99855862116189,968.388000353817,1767.0000000000027
31.739999999999412,[49.99835119 49.99843283 49.99878148 49.9987761 ],49.998585399243,968.7387458823953,1767.000000000003
31.759999999999412,[49.99837231 49.99845953 49.99880036 49.99879826],49.99860761474717,968.7847016267299,1767.0000000000027
31.77999999999941,[49.99839532 49.99848668 49.99881776 49.99881875],49.998629627742915,968.7685783994073,1767.000000000002
31.79999999999941,[49.99842028 49.99851426 49.99883382 49.99883768],49.99865150851602,968.8084384716797,1767.0000000000002
31.81999999999941,[49.99844289 49.99853678 49.99884672 49.99885265],49.99866975925353,969.0865847998765,1767.000000000001
31.83999999999941,[49.99846229 49.99855339 49.99885603 49.99886314],49.99868371117467,969.1830501755672,1767.0000000000045
31.85999999999941,[49.9984784  49.99856404 49.99886183 49.99886925],49.99869338042488,969.4598116722017,1767.0000000000005
31.87999999999941,[49.99849375 49.99857228 49.99886522 49.99887245],49.998700923332514,969.3749893526351,1767.0000000000014
31.89999999999941,[49.99851478 49.99858636 49.99886928 49.99887667],49.99871177402918,969.1937587134943,1767.0000000000032
31.91999999999941,[49.99854541 49.99861135 49.99887596 49.99888441],49.99872928206028,968.8259175979913,1766.9999999999984
31.939999999999408,[49.99858181 49.99864231 49.99888392 49.9988938 ],49.99875046075611,968.8944789505185,1766.9999999999975
31.959999999999408,[49.99861844 49.99867245 49.99889074 49.99890172],49.998770838674915,968.9022251883397,1767.0000000000027
31.979999999999407,[49.99865617 49.9987031  49.99889696 49.99890888],49.998791277136924,968.8975395159576,1766.9999999999961
31.999999999999407,[49.99869329 49.99873222 49.99890202 49.9989145 ],49.99881050607567,969.0114162374952,1766.999999999998
32.019999999999406,[49.99872958 49.99875981 49.99890593 49.99891865],49.99882849267607,969.0089624504772,1767.0000000000034
32.03999999999941,[49.99876782 49.99878961 49.99891015 49.99892317],49.99884768806252,968.9157686593578,1766.9999999999995
32.05999999999941,[49.99880811 49.99882185 49.99891499 49.99892842],49.9988683452886,968.8910017126711,1767.0000000000014
32.079999999999416,[49.99884786 49.99885339 49.9989195  49.99893314],49.99888847180793,968.9646134102945,1767.0000000000011
32.09999999999942,[49.99888811 49.99888582 49.99892427 49.99893814],49.99890908615472,968.8534237682063,1766.9999999999961
32.11999999999942,[49.99893564 49.99892789 49.99893259 49.99894758],49.99893592408007,968.4431479295599,1767.0000000000043
32.139999999999425,[49.99899188 49.99898128 49.99894551 49.9989627 ],49.99897034169968,968.2159746591027,1766.9999999999986
32.15999999999943,[49.99905276 49.99904083 49.9989615  49.9989814 ],49.99900912143224,968.0749680472333,1766.999999999999
32.17999999999943,[49.99911279 49.99909955 49.99897836 49.99900078],49.99904787116532,968.2162520464941,1767.0000000000016
32.199999999999434,[49.99917022 49.99915543 49.9989954  49.99901994],49.99908524589593,968.1879221645474,1766.9999999999964
32.21999999999944,[49.9992237  49.99920671 49.99901227 49.99903837],49.99912026056553,968.4114279427037,1767.000000000004
32.23999999999944,[49.99927538 49.99925637 49.99902997 49.99905737],49.999154773689085,968.2264755422685,1766.9999999999968
32.259999999999444,[49.99932966 49.99930987 49.9990508  49.9990798 ],49.999192530247655,968.1338040124707,1766.9999999999993
32.27999999999945,[49.99938642 49.99936706 49.99907488 49.99910577],49.999233534527534,967.9475957765504,1766.9999999999966
32.29999999999945,[49.99944234 49.99942358 49.99910102 49.99913363],49.99927514059921,968.076633905522,1766.999999999998
32.31999999999945,[49.99949476 49.9994762  49.99912804 49.99916187],49.99931521753682,968.0694816106109,1767.000000000006
32.339999999999456,[49.99955138 49.99953472 49.99915947 49.99919502],49.99936014726446,967.6608177489313,1767.0000000000011
32.35999999999946,[49.99960975 49.9995957  49.99919462 49.99923202],49.99940802216737,967.812932911858,1767.0000000000027
32.37999999999946,[49.99966151 49.99964862 49.99922968 49.99926799],49.999451950449355,967.9842339270241,1766.9999999999955
32.399999999999466,[49.99970674 49.99969365 49.99926468 49.99930297],49.99949201091077,968.1298790719693,1767.0000000000039
32.41999999999947,[49.99974647 49.9997322  49.99930006 49.99933758],49.99952907891819,968.2277128496976,1767.000000000002
32.43999999999947,[49.99978336 49.99976768 49.99933698 49.99937335],49.99956534109541,968.1894544284439,1767.000000000002
32.459999999999475,[49.99982088 49.99980449 49.99937701 49.99941229],49.99960366803525,968.0455199309314,1767.0000000000043
32.47999999999948,[49.99985592 49.99983855 49.99941883 49.9994527 ],49.99964149905761,968.2224715019548,1766.9999999999993
32.49999999999948,[49.99988681 49.99986793 49.99946149 49.99949343],49.999677414644346,968.1983805404449,1767.0000000000016
32.519999999999484,[49.99991759 49.99989776 49.99950672 49.99953676],49.99971470768372,968.0982245177911,1767.0000000000027
32.53999999999949,[49.99994918 49.99992913 49.99955488 49.99958316],49.99975408752794,968.0143208732817,1766.999999999994
32.55999999999949,[49.99998038 49.99996052 49.99960534 49.99963187],49.99979452779204,968.0005223802287,1766.999999999999
32.579999999999494,[50.00000655 49.99998597 49.99965589 49.99968006],49.99983211907836,968.2459200655563,1766.9999999999977
32.5999999999995,[50.00002913 50.00000754 49.99970683 49.99972829],49.999867949025564,968.1414139789979,1767.000000000001
32.6199999999995,[50.00004915 50.0000264  49.99975856 49.99977707],49.99990279429076,968.3217130044283,1767.000000000001
32.6399999999995,[50.00006529 50.00004103 49.99981016 49.99982537],49.99993546376772,968.3182893265316,1766.9999999999993
32.659999999999506,[50.00007691 50.00005056 49.99986119 49.99987266],49.999965331075394,968.55190162717,1767.0000000000005
32.67999999999951,[50.00008461 50.00005593 49.99991152 49.99991897],49.99999275630725,968.5192268889684,1767.0000000000048
32.69999999999951,[50.00009422 50.00006454 49.99996355 49.99996747],50.00002244581578,968.3572345367008,1766.9999999999993
32.719999999999516,[50.00010343 50.00007329 50.00001613 50.00001668],50.00005238505041,968.4943714211181,1767.0000000000018
32.73999999999952,[50.00010773 50.00007656 50.00006687 50.00006367],50.000078709950245,968.6585029059047,1767.0000000000011
32.75999999999952,[50.0001062  50.00007324 50.00011503 50.00010762],50.000100521386656,968.8723902269527,1767.000000000004
32.779999999999525,[50.00009672 50.00006071 50.00015929 50.00014698],50.00011592421827,969.1972940854276,1767.0000000000002
32.79999999999953,[50.00008149 50.00004195 50.0002002  50.00018263],50.00012656757161,969.2738746897604,1767.0000000000057
32.81999999999953,[50.0000671  50.00002538 50.0002404  50.00021812],50.000137751591105,969.1536148715628,1766.9999999999977
32.839999999999534,[50.00005536 50.00001317 50.00028052 50.00025431],50.00015083731518,969.1160504800911,1767.0000000000027
32.85999999999954,[50.00004243 50.00000037 50.00031857 50.00028873],50.00016252547897,969.2740030189219,1767.0000000000014
32.87999999999954,[50.00002753 49.99998604 50.00035381 50.00032054],50.0001719774541,969.3079418619426,1767.0000000000064
32.899999999999544,[50.00001246 49.99997243 50.00038678 50.00035053],50.000180551778264,969.3522395096254,1767.0000000000039
32.91999999999955,[50.0000014  49.99996483 50.00041906 50.00038082],50.000191526986306,969.110823398664,1767.0000000000061
32.93999999999955,[49.99999462 49.99996329 50.00045068 50.00041144],50.0002050105124,969.1460441994307,1767.0000000000039
32.95999999999955,[49.9999885  49.99996311 50.00047977 50.00044001],50.00021784818068,969.1705429974205,1766.9999999999995
32.979999999999556,[49.99998333 49.99996456 50.00050626 50.00046646],50.000230150828656,969.196880953586,1767.0000000000016
32.99999999999956,[49.99997765 49.9999656  50.00052933 50.00048977],50.000240589183306,969.3337029735279,1766.9999999999973
33.01999999999956,[49.99997572 49.99997162 50.00055064 50.00051212],50.00025252537445,969.0776154964016,1767.0000000000052
33.039999999999566,[49.99998042 49.99998588 50.00057156 50.00053517],50.00026825636941,969.0207960840896,1766.9999999999982
33.05999999999957,[49.99998616 50.00000107 50.00058955 50.00055557],50.00028308697895,969.1598623382706,1766.9999999999998
33.07999999999957,[49.99998964 50.00001287 50.00060299 50.00057125],50.00029418882607,969.341497535561,1767.0000000000011
33.099999999999575,[49.99999117 50.00002161 50.00061194 50.00058227],50.00030174774017,969.4654171953114,1767.0000000000002
33.11999999999958,[49.99999214 50.00002895 50.00061698 50.00058936],50.0003068590986,969.5551798848327,1767.0000000000023
33.13999999999958,[49.99999677 50.00004014 50.00061999 50.0005949 ],50.000312952644244,969.3905275158887,1767.000000000002
33.159999999999584,[50.00000231 50.00005138 50.00061997 50.00059747],50.00031778327575,969.6687621778711,1767.0000000000032
33.17999999999959,[50.00000408 50.0000568  50.0006147  50.00059424],50.00031745275017,969.832506047627,1767.0000000000002
33.19999999999959,[50.00000908 50.00006534 50.00060735 50.00058925],50.000317755084154,969.6231082981885,1767.000000000001
33.219999999999594,[50.0000184  50.0000781  50.00059868 50.00058339],50.00031964127854,969.7059573819143,1766.9999999999995
33.2399999999996,[50.00002747 50.0000893  50.00058676 50.00057406],50.00031939813155,969.808662969458,1767.0000000000025
33.2599999999996,[50.00003302 50.00009476 50.00057024 50.0005595 ],50.000314380344825,970.113826829679,1766.9999999999975
33.2799999999996,[50.00003454 50.00009403 50.0005489  50.00053944],50.000304226938795,970.2469716785783,1767.0000000000002
33.299999999999606,[50.00003829 50.00009517 50.0005257  50.00051766],50.000294201538885,970.1087713948984,1766.9999999999964
33.31999999999961,[50.00004734 50.00010202 50.00050231 50.00049622],50.000286971003455,970.0163899301258,1766.9999999999957
33.33999999999961,[50.00005727 50.00010891 50.00047703 50.00047282],50.00027900876405,970.1738953332768,1766.9999999999993
33.359999999999616,[50.00006832 50.00011642 50.00045008 50.00044775],50.00027064213495,970.0533080578109,1767.0000000000014
33.37999999999962,[50.00008425 50.00012928 50.00042346 50.00042346],50.00026511319571,969.9367149153957,1767.0000000000052
33.39999999999962,[50.00010115 50.00014252 50.00039575 50.00039802],50.00025936063369,970.0724841323363,1767.0000000000034
33.419999999999625,[50.00011897 50.00015632 50.00036708 50.00037157],50.00025348452725,969.9466495260382,1766.9999999999964
33.43999999999963,[50.0001398  50.00017332 50.00033874 50.00034567],50.00024938280385,969.9213716060477,1767.000000000001
33.45999999999963,[50.00016144 50.00019083 50.00031004 50.00031935],50.00024541397265,969.9325233858264,1766.9999999999975
33.479999999999634,[50.0001787  50.00020231 50.00027897 50.00028991],50.00023747144384,970.2518727219477,1767.000000000006
33.49999999999964,[50.00019178 50.00020837 50.00024569 50.00025761],50.000225861554526,970.2368992526582,1767.0000000000045
33.51999999999964,[50.00020201 50.00021075 50.00021117 50.0002236 ],50.000211885346324,970.4458349153507,1766.9999999999995
33.539999999999644,[50.00021151 50.00021245 50.00017647 50.00018927],50.00019742641529,970.2717577065622,1767.000000000002
33.55999999999965,[50.00022222 50.00021591 50.00014288 50.00015617],50.00018429441042,970.3270748150387,1766.9999999999993
33.57999999999965,[50.000235   50.00022247 50.00011095 50.00012498],50.00017335042794,970.0795389899951,1766.9999999999961
33.59999999999965,[50.00025066 50.00023307 50.00008144 50.00009658],50.000165437693134,970.0623498792078,1767.0000000000036
33.619999999999656,[50.00026949 50.00024826 50.00005465 50.00007131],50.0001609290906,969.7822779116362,1766.9999999999977
33.63999999999966,[50.00029385 50.00027096 50.00003201 50.00005087],50.00016192306184,969.5868560990093,1766.9999999999975
33.65999999999966,[50.00031744 50.00029308 50.00001101 50.00003193],50.000163363790165,969.7309203153643,1767.000000000004
33.679999999999666,[50.00033751 50.00031133 49.99999049 50.00001298],50.000163078601915,969.7177965618744,1766.9999999999982
33.69999999999967,[50.00035324 50.00032465 49.99997033 49.99999379],50.00016050193054,969.9087955310316,1766.9999999999982
33.71999999999967,[50.00036447 50.00033302 49.99995051 49.99997435],50.000155584848656,969.8995937199522,1766.9999999999973
33.739999999999675,[50.00037021 50.00033516 49.9999308  49.99995431],50.000147618034504,970.1498482323395,1767.0000000000027
33.75999999999968,[50.00037681 50.0003394  49.99991396 49.99993731],50.00014187094931,969.6971419713452,1766.9999999999993
33.77999999999968,[50.00038662 50.00034839 49.9999015  49.99992509],50.00014039869193,969.7731014525334,1767.0000000000002
33.799999999999685,[50.00039428 50.00035547 49.99989098 49.99991456],50.00013882177455,969.688634053497,1767.0000000000052
33.81999999999969,[50.00039629 50.00035605 49.99988097 49.99990381],50.000134279961,970.0049131238843,1766.999999999998
33.83999999999969,[50.00039269 50.00035049 49.9998713  49.99989273],50.00012680394803,969.9183225411166,1766.9999999999975
33.859999999999694,[50.00039148 50.00034888 49.99986562 49.99988602],50.00012299913644,969.678399639115,1766.9999999999989
33.8799999999997,[50.00039033 50.00034809 49.99986303 49.99988245],50.00012097309231,969.7505083375586,1766.9999999999973
33.8999999999997,[50.00038374 50.00034116 49.99986097 49.99987875],50.00011615560315,969.895377524934,1767.000000000003
33.9199999999997,[50.00037043 50.00032653 49.99985871 49.99987406],50.000107434669616,970.0615631545141,1766.9999999999995
33.939999999999706,[50.00035178 50.00030607 49.99985671 49.99986906],50.00009590334915,970.1150770447713,1767.0000000000014
33.95999999999971,[50.00032881 50.00028106 49.99985531 49.99986423],50.00008235071748,970.2153483769376,1767.0000000000005
33.97999999999971,[50.00030374 50.00025438 49.99985528 49.99986068],50.00006852156909,970.1226059789198,1767.000000000004
33.999999999999716,[50.00027727 50.00022685 49.99985686 49.99985875],50.00005493026942,970.1798463562326,1767.0
34.01999999999972,[50.00024703 50.00019548 49.99985875 49.99985685],50.00003952462954,970.2604153563194,1767.0
34.03999999999972,[50.00021697 50.00016536 49.99986244 49.99985701],50.00002544759542,970.0538068980488,1767.0000000000052
34.059999999999725,[50.00018983 50.0001398  49.99986907 49.99986072],50.00001485371048,969.9531578446037,1767.0000000000032
34.07999999999973,[50.00016164 50.00011364 49.99987666 49.99986548],50.00000435417477,970.032108329412,1767.000000000003
34.09999999999973,[50.00012997 50.00008382 49.99988382 49.99986959],49.99999179868976,970.1132532525971,1767.0000000000025
34.119999999999735,[50.00009448 50.00004987 49.99989012 49.99987258],49.9999767624156,970.2289066448515,1767.0000000000016
34.13999999999974,[50.00005828 50.00001578 49.99989661 49.99987595],49.99996165577363,970.1082130451546,1767.000000000004
34.15999999999974,[50.00002285 49.99998324 49.9999038  49.99988035],49.999947561779344,970.1332951211457,1767.000000000003
34.179999999999744,[49.99998848 49.99995257 49.99991151 49.99988566],49.99993455700124,970.0069628862408,1767.000000000001
34.19999999999975,[49.99995548 49.99992402 49.99991972 49.99989187],49.999922770711265,970.0217042477658,1767.0000000000025
34.21999999999975,[49.99992213 49.99989529 49.99992736 49.99989768],49.99991061677569,970.0296778496903,1767.0
34.23999999999975,[49.99988922 49.9998673  49.99993455 49.99990328],49.99989858871425,970.0037121971499,1767.0000000000007
34.259999999999756,[49.99985914 49.99984297 49.9999421  49.99990979],49.999888499940305,969.8597874225204,1766.9999999999977
34.27999999999976,[49.99983633 49.99982778 49.99995186 49.99991957],49.99988388302718,969.536892025963,1766.9999999999986
34.29999999999976,[49.99981403 49.99981274 49.99996081 49.99992866],49.9998790588845,969.8710098295287,1767.0000000000032
34.319999999999766,[49.99978884 49.99979369 49.99996696 49.99993465],49.999871035913344,969.8012570467091,1766.9999999999973
34.33999999999977,[49.99976578 49.99977679 49.99997249 49.99994029],49.999863835655376,969.7975608143818,1766.9999999999995
34.35999999999977,[49.99974505 49.9997622  49.99997731 49.99994553],49.99985752171856,969.7231123251114,1767.000000000004
34.379999999999775,[49.99972564 49.99974844 49.99998091 49.99994966],49.99985116165408,969.7983853167483,1767.000000000001
34.39999999999978,[49.99970963 49.99973816 49.99998402 49.99995366],49.99984636844317,969.5888633800653,1766.999999999998
34.41999999999978,[49.9996988  49.99973336 49.99998748 49.99995856],49.999844551773634,969.545557112716,1766.9999999999989
34.439999999999785,[49.99968977 49.99972965 49.99998972 49.99996229],49.99984285580243,969.5766940916878,1767.0000000000002
34.45999999999979,[49.9996794  49.99972297 49.99998926 49.99996296],49.99983864606982,969.7555958987447,1767.0000000000023
34.47999999999979,[49.99967187 49.99971873 49.9999878  49.9999628 ],49.99983530048246,969.5031296102104,1766.9999999999998
34.499999999999794,[49.9996654  49.9997144  49.99998477 49.99996095],49.99983138237907,969.802793718682,1766.9999999999961
34.5199999999998,[49.99965586 49.99970494 49.99997811 49.99995484],49.999823437487265,969.841874701397,1767.0000000000027
34.5399999999998,[49.99964854 49.99969708 49.9999702  49.99994753],49.999815835886956,969.7740589070152,1766.9999999999982
34.5599999999998,[49.99964282 49.99969    49.99996088 49.99993879],49.99980812177386,969.8514839861423,1767.0000000000018
34.57999999999981,[49.99963222 49.99967552 49.99994729 49.99992491],49.99979498836414,970.2305515243459,1767.000000000001
34.59999999999981,[49.99961453 49.99965115 49.99992829 49.99990453],49.999774626100645,970.4611497105695,1766.999999999997
34.61999999999981,[49.99959602 49.99962508 49.99990664 49.99988128],49.99975225685215,970.4012919120689,1766.999999999999
34.639999999999816,[49.99957726 49.9995981  49.99988279 49.99985572],49.99972846871627,970.5822565446782,1766.9999999999995
34.65999999999982,[49.99955859 49.99957088 49.99985682 49.99982803],49.99970358143433,970.4956513447843,1767.0000000000055
34.67999999999982,[49.99954513 49.99955007 49.99983118 49.99980136],49.999681935997316,970.310821569813,1766.9999999999998
34.699999999999825,[49.99953669 49.99953545 49.99980597 49.99977579],49.99966347357423,970.2283545922182,1767.0000000000036
34.71999999999983,[49.99952828 49.99952074 49.99977909 49.99974859],49.99964417714773,970.3809549742591,1767.0000000000011
34.73999999999983,[49.99951994 49.99950628 49.99975055 49.99971983],49.99962414715897,970.289864635315,1766.9999999999986
34.759999999999835,[49.99951251 49.99949317 49.99972094 49.99969021],49.99960420724264,970.3725424498226,1766.9999999999984
34.77999999999984,[49.99950288 49.9994776  49.99968894 49.99965805],49.9995818662009,970.4908095975669,1767.0000000000052
34.79999999999984,[49.99949262 49.99946176 49.99965533 49.99962438],49.99955852337639,970.4555076132266,1767.000000000003
34.819999999999844,[49.99948542 49.9994504  49.99962194 49.9995915 ],49.99953731598451,970.3091788523035,1767.000000000001
34.83999999999985,[49.99948204 49.99944446 49.99958936 49.99956011],49.99951899282555,970.2099719791735,1766.999999999997
34.85999999999985,[49.99948064 49.9994416  49.99955696 49.99952933],49.99950213329902,970.1823589820742,1767.0000000000002
34.87999999999985,[49.99947264 49.99943088 49.99952114 49.99949443],49.99947977118683,970.6688449808889,1767.0000000000005
34.89999999999986,[49.9994549  49.99940867 49.99948034 49.99945352],49.999449358805066,970.8561957152258,1767.0000000000036
34.91999999999986,[49.99943605 49.99938605 49.99943853 49.99941172],49.99941808861362,970.7374333940295,1767.000000000006
34.93999999999986,[49.99941774 49.99936502 49.99939674 49.99937025],49.99938743979554,970.7996382943084,1767.0000000000018
34.959999999999866,[49.9993981  49.99934326 49.99935424 49.99932817],49.99935594166718,970.8042332449712,1767.0000000000036
34.97999999999987,[49.99937469 49.99931766 49.9993101  49.99928422],49.99932166601888,971.0282552297289,1766.9999999999973
34.99999999999987,[49.99934666 49.99928726 49.99926393 49.99923794],49.9992839469675,971.0888888807048,1766.999999999995
35.019999999999875,[49.99931196 49.99924944 49.99921497 49.9991883 ],49.99924116778511,971.4487664059513,1767.000000000001
35.03999999999988,[49.99926844 49.9992017  49.99916218 49.99913402],49.99919158515465,971.6565275757692,1766.9999999999968
35.05999999999988,[49.999228   49.99915929 49.9991108  49.99908197],49.99914501312148,971.1906106717669,1767.0000000000005
35.079999999999885,[49.99918908 49.99911984 49.99906063 49.99903164],49.99910029603596,971.4943466297104,1766.9999999999989
35.09999999999989,[49.99913965 49.99906825 49.99900611 49.99897595],49.999047490342235,971.8653919946811,1766.9999999999995
35.11999999999989,[49.99908151 49.99900698 49.99894789 49.99891585],49.99898805882271,972.0466179722869,1766.9999999999982
35.139999999999894,[49.99902269 49.99894634 49.99888952 49.99885595],49.9989286253469,971.8604803214636,1766.999999999997
35.1599999999999,[49.99896374 49.99888681 49.99883144 49.99879673],49.998869678994026,972.0000009490557,1766.9999999999993
35.1799999999999,[49.9989035  49.998827   49.99877301 49.99873742],49.998810232268596,971.8969538096715,1767.0
35.1999999999999,[49.99884829 49.99877483 49.99871708 49.99868167],49.998755466162564,971.6000347394726,1767.0000000000016
35.21999999999991,[49.99879392 49.99872466 49.99866198 49.99862721],49.99870194415883,971.7853307827227,1767.0
35.23999999999991,[49.99873589 49.99867083 49.9986055  49.99857124],49.99864586588893,971.8083597749198,1767.000000000004
35.25999999999991,[49.998672   49.99861039 49.99854669 49.99851247],49.99858538603192,972.1490138667214,1767.000000000002
35.279999999999916,[49.99860556 49.99854769 49.99848675 49.99845256],49.99852314232314,971.9507823092694,1767.0000000000068
35.29999999999992,[49.99854055 49.99848748 49.99842765 49.99839394],49.9984624067401,972.0158340366476,1766.9999999999995
35.31999999999992,[49.99847546 49.99842777 49.99836859 49.9983356 ],49.99840185334928,971.9292973345512,1767.0000000000011
35.339999999999925,[49.99841267 49.99837142 49.99831066 49.99827888],49.99834340689787,971.8322582619581,1767.0000000000002
35.35999999999993,[49.99835252 49.99831865 49.99825403 49.99822393],49.99828728322126,971.7273786222748,1767.0000000000005
35.37999999999993,[49.99829784 49.99827289 49.99819994 49.99817232],49.9982357479489,971.4394585479988,1767.0000000000016
35.399999999999935,[49.99825    49.99823554 49.99814914 49.99812487],49.998189883641274,971.2428747991802,1766.9999999999993
35.41999999999994,[49.99820122 49.99819642 49.99809823 49.99807709],49.998143241119145,971.4972889347757,1767.000000000001
35.43999999999994,[49.99814621 49.99814882 49.99804467 49.99802572],49.99809135543795,971.6771053163998,1767.000000000001
35.459999999999944,[49.99808757 49.99809598 49.99798952 49.99797214],49.998036303506844,971.7574595968237,1767.0000000000025
35.47999999999995,[49.99802948 49.99804316 49.99793464 49.99791871],49.997981497490976,971.6506389174301,1766.9999999999966
35.49999999999995,[49.99797637 49.99799579 49.99788207 49.997868  ],49.99793055820952,971.4263299223165,1767.0
35.51999999999995,[49.99792689 49.99795195 49.99783134 49.99781933],49.997882377321304,971.4124870203934,1766.9999999999984
35.53999999999996,[49.9978792  49.99790924 49.99778159 49.99777154],49.99783539374474,971.3196270707074,1767.0000000000016
35.55999999999996,[49.9978375  49.99787293 49.99773474 49.99772706],49.99779305593228,971.0155299622854,1767.0000000000025
35.57999999999996,[49.99780169 49.99784262 49.9976909  49.99768594],49.99775528936786,970.9284280480289,1767.0000000000014
35.599999999999966,[49.99776575 49.99781061 49.99764745 49.99764471],49.99771713055849,971.0419349099236,1767.0000000000025
35.61999999999997,[49.99772961 49.99777687 49.99760426 49.99760325],49.997678495677704,970.9622954666402,1767.000000000003
35.63999999999997,[49.99769871 49.99774831 49.99756383 49.99756474],49.99764389701808,970.6961334468072,1766.9999999999995
35.659999999999975,[49.99767186 49.99772324 49.99752586 49.99752868],49.997612408776604,970.6940300196986,1767.0000000000027
35.67999999999998,[49.99764583 49.99769764 49.99748889 49.99749318],49.99758138394941,970.6507326992817,1767.0000000000048
35.69999999999998,[49.99762151 49.99767266 49.99745338 49.99745882],49.997551590794004,970.5840857203561,1766.9999999999989
35.719999999999985,[49.99759783 49.99764698 49.99741894 49.99742509],49.99752221052107,970.6097669440604,1767.0000000000039
35.73999999999999,[49.99757617 49.9976225  49.99738621 49.99739279],49.997494419717796,970.4443416172571,1767.0000000000002
35.75999999999999,[49.99755773 49.99760075 49.99735586 49.9973628 ],49.99746928476207,970.3801485758044,1767.000000000001
35.779999999999994,[49.99754027 49.99757898 49.99732697 49.99733389],49.997445026107854,970.3645004544037,1767.0000000000005
35.8,[49.99752725 49.99756179 49.9973011  49.99730811],49.9974245635581,970.0546914315829,1766.9999999999955
35.82,[49.99752207 49.99755344 49.99727998 49.99728765],49.99741078495938,969.7954900729756,1766.9999999999998
35.84,[49.99752123 49.99754949 49.99726222 49.99727064],49.99740089775583,969.7201872964812,1767.0000000000014
35.86000000000001,[49.99752496 49.99755041 49.99724794 49.99725727],49.997395145144026,969.4403861579923,1766.9999999999995
35.88000000000001,[49.99753053 49.99755268 49.99723616 49.99724619],49.99739138980074,969.5445312135589,1767.000000000004
35.90000000000001,[49.99753266 49.99754978 49.99722446 49.99723432],49.99738530630685,969.6291247717337,1767.0000000000027
35.920000000000016,[49.99753126 49.99754184 49.99721283 49.99722172],49.99737691033252,969.7324638131337,1767.0000000000014
35.94000000000002,[49.99752988 49.99753359 49.99720282 49.99721044],49.99736918335083,969.5666938495132,1767.0000000000039
35.96000000000002,[49.99753069 49.99752784 49.99719557 49.99720195],49.99736401133435,969.5113122588949,1766.999999999998
35.980000000000025,[49.99753202 49.9975226  49.99719037 49.99719536],49.997360088168236,969.4555967766455,1767.0000000000036
36.00000000000003,[49.99753438 49.99751868 49.99718748 49.99719104],49.99735789916891,969.3595277492151,1767.0000000000066
36.02000000000003,[49.99753651 49.99751456 49.9971864  49.99718836],49.9973564569194,969.3870145638926,1767.0000000000068
36.040000000000035,[49.9975371  49.99750877 49.99718648 49.99718656],49.99735472812063,969.37827912986,1767.0000000000011
36.06000000000004,[49.9975397  49.99750598 49.99718929 49.99718771],49.997355668837336,969.1573090008424,1767.000000000002
36.08000000000004,[49.99754933 49.99751258 49.99719713 49.9971948 ],49.997363460877516,968.7964649485475,1766.9999999999993
36.100000000000044,[49.99756461 49.99752671 49.99720956 49.99720718],49.99737701450319,968.6666876207473,1767.0000000000011
36.12000000000005,[49.99757928 49.99754044 49.99722377 49.99722124],49.99739118196311,968.739059179475,1766.9999999999995
36.14000000000005,[49.99759452 49.99755542 49.99724014 49.99723754],49.99740690442907,968.5305576908988,1767.0000000000014
36.16000000000005,[49.99760612 49.99756612 49.99725692 49.99725378],49.99742073528989,968.8931072971412,1767.0000000000057
36.18000000000006,[49.99760946 49.99756699 49.99727173 49.99726703],49.99742880272582,969.0117415547775,1767.0000000000032
36.20000000000006,[49.99761329 49.99756923 49.99728837 49.99728228],49.99743829423639,968.770306145912,1766.9999999999993
36.22000000000006,[49.99762296 49.99757954 49.99730933 49.9973027 ],49.997453633407,968.5167192252592,1767.0000000000048
36.240000000000066,[49.99763863 49.99759797 49.99733469 49.99732837],49.99747491545351,968.2671468275521,1767.000000000002
36.26000000000007,[49.99765181 49.99761351 49.99736072 49.99735442],49.997495117073846,968.6046203593469,1767.0000000000052
36.28000000000007,[49.99765824 49.99762101 49.99738516 49.99737808],49.99751062365864,968.6604930760587,1766.9999999999984
36.300000000000075,[49.99766042 49.9976236  49.99740903 49.99740071],49.9975234388995,968.8302249116865,1767.0000000000027
36.32000000000008,[49.9976536  49.99761528 49.99743004 49.99741943],49.997529589427614,969.2216473113234,1767.0000000000023
36.34000000000008,[49.99764072 49.99760002 49.99744915 49.99743564],49.9975313825648,969.1988161053322,1767.0000000000002
36.360000000000085,[49.9976264  49.99758364 49.99746835 49.99745195],49.99753258658939,969.2739229159506,1767.0000000000016
36.38000000000009,[49.99761062 49.99756616 49.99748744 49.99746819],49.99753310214567,969.2603135810447,1767.0
36.40000000000009,[49.99759047 49.99754382 49.99750498 49.99748257],49.997530459596206,969.5439758187875,1767.0000000000007
36.420000000000094,[49.99756385 49.99751414 49.99751967 49.99749355],49.99752280004126,969.6881108780033,1766.9999999999993
36.4400000000001,[49.99753267 49.99747961 49.99753211 49.99750203],49.99751160436819,969.8482546164043,1767.0
36.4600000000001,[49.9974998  49.997444   49.9975433  49.99750944],49.99749913489432,969.8030696871303,1766.999999999997
36.4800000000001,[49.99746715 49.99740967 49.99755393 49.99751672],49.99748686797848,969.8395851153471,1767.0000000000005
36.50000000000011,[49.99743387 49.99737557 49.99756337 49.99752316],49.997473992692356,969.8633322831608,1766.9999999999977
36.52000000000011,[49.99740378 49.99734655 49.99757307 49.99753072],49.99746353073061,969.6461630668958,1766.9999999999986
36.54000000000011,[49.99738128 49.99732804 49.9975849  49.9975418 ],49.99745900550118,969.373426125704,1767.0000000000027
36.560000000000116,[49.99736276 49.99731522 49.9975972  49.99755425],49.99745735697584,969.4136164970797,1766.9999999999968
36.58000000000012,[49.9973435  49.997302   49.99760759 49.99756503],49.997454532429714,969.482417778623,1766.9999999999952
36.60000000000012,[49.99732156 49.99728583 49.99761503 49.99757281],49.997448810694564,969.6681228685144,1766.999999999997
36.620000000000125,[49.99729628 49.99726584 49.99761897 49.99757697],49.99743951323219,969.7949669216652,1767.0000000000005
36.64000000000013,[49.99727041 49.99724546 49.99762046 49.99757889],49.99742880279264,969.7994876333495,1766.9999999999984
36.66000000000013,[49.99724816 49.99722989 49.99762129 49.99758087],49.99742004954552,969.6431844572231,1766.9999999999995
36.680000000000135,[49.99722511 49.99721321 49.99761953 49.99758034],49.99740954751784,969.959676318402,1766.9999999999995
36.70000000000014,[49.99719274 49.99718463 49.99761112 49.99757213],49.99739015359992,970.4055268701761,1767.000000000001
36.72000000000014,[49.99716111 49.99715714 49.99760018 49.9975617 ],49.99737003209336,970.0362642503718,1766.9999999999964
36.740000000000144,[49.99713321 49.99713407 49.99758835 49.99755101],49.99735165984173,970.2733253301601,1767.000000000002
36.76000000000015,[49.9971063  49.99711204 49.99757415 49.9975382 ],49.99733267021695,970.1037327487276,1766.9999999999977
36.78000000000015,[49.9970871  49.99709938 49.99756069 49.99752721],49.99731859552438,969.8749506009805,1766.999999999998
36.80000000000015,[49.99707073 49.99708959 49.99754591 49.99751527],49.99730537842062,970.0462447381545,1766.9999999999984
36.82000000000016,[49.99705218 49.99707632 49.99752747 49.99749936],49.99728883388108,970.1698598081671,1767.0000000000025
36.84000000000016,[49.9970365  49.99706598 49.99750758 49.99748233],49.99727309718888,969.9933150205824,1767.0000000000007
36.86000000000016,[49.9970255  49.99706066 49.99748725 49.99746537],49.99725969646225,969.9878183799947,1766.9999999999995
36.880000000000166,[49.99702088 49.99706245 49.99746728 49.99744946],49.997250016446465,969.6943639782281,1767.0
36.90000000000017,[49.99702224 49.99707056 49.9974478  49.99743458],49.99724379685817,969.7097983128481,1766.999999999998
36.92000000000017,[49.99702661 49.99708118 49.99742756 49.99741905],49.99723859989885,969.6210112010401,1766.9999999999907
36.940000000000175,[49.99703718 49.99709823 49.99740815 49.99740484],49.997237100574765,969.4106509751568,1766.9999999999961
36.96000000000018,[49.99704842 49.99711448 49.99738747 49.99738904],49.997234852540814,969.6951202015202,1767.0000000000005
36.98000000000018,[49.99705589 49.99712442 49.99736351 49.99736907],49.99722822276866,969.7905432231095,1766.9999999999995
37.000000000000185,[49.99706689 49.9971374  49.99733971 49.99734929],49.99722332355302,969.5603629569941,1766.9999999999968
37.02000000000019,[49.99708364 49.99715606 49.99731747 49.99733135],49.997222127340166,969.4887492033051,1766.9999999999961
37.04000000000019,[49.99710221 49.99717538 49.99729528 49.9973132 ],49.997221515750596,969.5201297468847,1766.9999999999984
37.060000000000194,[49.99712181 49.99719446 49.99727301 49.9972946 ],49.99722097255296,969.4913089114576,1767.0000000000002
37.0800000000002,[49.99714021 49.99721046 49.99724995 49.99727454],49.997218790882485,969.6656067676473,1766.9999999999973
37.1000000000002,[49.9971596  49.99722641 49.9972272  49.99725443],49.99721691098943,969.4731283489122,1766.999999999993
37.1200000000002,[49.99718338 49.99724662 49.99720669 49.99723663],49.99721832794276,969.3942725221696,1766.9999999999905
37.14000000000021,[49.99721193 49.99727168 49.99718884 49.99722162],49.99722351849005,969.1606336763448,1767.0000000000011
37.16000000000021,[49.99724361 49.99729946 49.99717331 49.99720883],49.99723129940176,969.1800319479466,1766.999999999996
37.18000000000021,[49.99727761 49.99732917 49.99715992 49.997198  ],49.99724117340535,968.9873779203151,1766.9999999999957
37.200000000000216,[49.9973144  49.99736143 49.99714925 49.99718976],49.99725370944427,968.957699351791,1767.0000000000005
37.22000000000022,[49.99735308 49.99739524 49.99714111 49.99718383],49.997268314415365,968.8140553426463,1766.9999999999957
37.24000000000022,[49.99738885 49.99742457 49.99713371 49.99717782],49.997281238329826,969.0989865316702,1766.9999999999948
37.260000000000225,[49.99742617 49.99745552 49.99712901 49.99717432],49.99729625319469,968.6377181199296,1766.999999999999
37.28000000000023,[49.99746959 49.9974937  49.99712961 49.9971765 ],49.997317351510894,968.585090820763,1766.9999999999955
37.30000000000023,[49.99751113 49.99752913 49.9971321  49.99717997],49.99733808316789,968.6658129813491,1766.999999999998
37.320000000000235,[49.99755043 49.99756159 49.99713644 49.99718465],49.99735827811372,968.6270862525532,1767.0000000000043
37.34000000000024,[49.99758824 49.99759219 49.99714318 49.99719125],49.99737871302339,968.6419081007135,1767.0
37.36000000000024,[49.99762251 49.99761848 49.99715152 49.99719875],49.99739781532137,968.7351647445381,1766.9999999999989
37.380000000000244,[49.99765491 49.99764285 49.99716226 49.99720823],49.99741706578977,968.6252105232695,1767.000000000002
37.40000000000025,[49.99768914 49.99767011 49.99717723 49.99722204],49.99743962948935,968.4515659037187,1766.9999999999964
37.42000000000025,[49.99772815 49.99770408 49.99719786 49.99724201],49.9974680269329,968.1287573341259,1766.9999999999893
37.44000000000025,[49.99776839 49.99774017 49.99722282 49.99726636],49.99749943507129,968.1917552282933,1767.0000000000039
37.46000000000026,[49.9978038  49.99777089 49.99724931 49.99729155],49.99752888693968,968.2869083326266,1767.0000000000016
37.48000000000026,[49.99783678 49.99779946 49.99727834 49.99731895],49.997558383670025,968.181661212201,1766.9999999999995
37.50000000000026,[49.99787426 49.99783476 49.99731302 49.99735259],49.99759365657221,967.7942305483621,1766.9999999999989
37.520000000000266,[49.99791398 49.9978737  49.99735254 49.99739136],49.99763289338704,967.8407697731291,1767.0000000000025
37.54000000000027,[49.99795203 49.99791146 49.99739498 49.99743285],49.99767283231245,967.7280165750666,1766.9999999999977
37.56000000000027,[49.99798933 49.99794914 49.99744074 49.99747758],49.997714200940514,967.7133470744228,1767.0000000000027
37.580000000000275,[49.99802485 49.99798546 49.99748924 49.99752485],49.99775610064455,967.676522257972,1766.999999999997
37.60000000000028,[49.99806057 49.99802291 49.99754124 49.99757569],49.99780010240569,967.5299553286583,1766.9999999999995
37.62000000000028,[49.9980959  49.99806063 49.99759642 49.9976297 ],49.9978456610134,967.5392032993224,1767.0000000000048
37.640000000000285,[49.99813271 49.99810101 49.9976554  49.99768775],49.99789421517562,967.2720319205218,1766.9999999999977
37.66000000000029,[49.99816819 49.99814022 49.99771695 49.9977482 ],49.99794338950956,967.4812992251307,1767.0000000000068
37.68000000000029,[49.99819743 49.9981721  49.99777849 49.99780787],49.997988974974135,967.5694978872478,1766.9999999999986
37.700000000000294,[49.99822277 49.99819963 49.99784085 49.99786789],49.99803278518247,967.6271494914007,1766.9999999999977
37.7200000000003,[49.99824985 49.99822998 49.99790625 49.99793125],49.99807933329701,967.3364005553977,1766.9999999999977
37.7400000000003,[49.99828345 49.99826896 49.99797677 49.99800061],49.99813245154755,967.071648255991,1766.9999999999995
37.7600000000003,[49.99832174 49.99831404 49.99805146 49.99807473],49.99819049307722,966.919632717416,1766.9999999999977
37.78000000000031,[49.99836106 49.99836038 49.99812845 49.99815126],49.99825028775133,966.922123177268,1766.9999999999957
37.80000000000031,[49.99839472 49.99839939 49.99820452 49.99822606],49.99830617188719,967.247729784197,1767.000000000002
37.82000000000031,[49.99842311 49.99843169 49.99827934 49.9982989 ],49.99835826095879,967.2421524181848,1767.0000000000002
37.840000000000316,[49.99845352 49.99846644 49.99835594 49.99837374],49.99841240842782,967.0760822639783,1767.0000000000011
37.86000000000032,[49.99848845 49.99850664 49.99843527 49.99845184],49.99847055015472,966.9081230397355,1767.000000000002
37.88000000000032,[49.99852033 49.99854245 49.99851381 49.99852867],49.998526318311804,967.278642057989,1767.0000000000025
37.900000000000325,[49.9985473  49.99857171 49.99859017 49.99860263],49.99857795283701,967.26052081979,1766.9999999999989
37.92000000000033,[49.99857599 49.99860277 49.99866712 49.99867735],49.99863080843396,967.1812890938477,1767.0000000000061
37.94000000000033,[49.99860197 49.99862987 49.99874248 49.99875009],49.99868110078113,967.4824977662925,1766.999999999996
37.960000000000335,[49.99862153 49.99864844 49.99881414 49.99881828],49.99872559515139,967.6770970876095,1767.0000000000027
37.98000000000034,[49.99863878 49.99866383 49.9988836  49.99888401],49.998767556738635,967.7048390276095,1767.000000000002
38.00000000000034,[49.99865739 49.99868071 49.99895225 49.99894916],49.99880987834144,967.6568689553263,1767.0000000000025
38.020000000000344,[49.99867643 49.99869787 49.99901948 49.99901303],49.99885170000975,967.7576566805618,1767.0000000000025
38.04000000000035,[49.998694   49.99871297 49.99908411 49.99907422],49.99889132581781,967.8533271320873,1766.9999999999977
38.06000000000035,[49.99871355 49.99873053 49.99914739 49.99913447],49.998931483137056,967.7253623109837,1766.9999999999995
38.080000000000354,[49.99873873 49.99875511 49.9992108  49.99919574],49.99897509639889,967.575122902791,1767.0000000000011
38.10000000000036,[49.99876551 49.99878151 49.99927245 49.99925559],49.999018764825344,967.733517815983,1767.0
38.12000000000036,[49.99878581 49.99879953 49.99932844 49.99930912],49.99905572407698,968.1534182621593,1767.0000000000011
38.14000000000036,[49.99879953 49.99880934 49.99937832 49.99935592],49.9990857789935,968.3296063771938,1766.9999999999995
38.160000000000366,[49.99881005 49.99881531 49.99942344 49.99939782],49.99911165515539,968.5209780989295,1767.0000000000005
38.18000000000037,[49.99882034 49.99882138 49.99946489 49.99943636],49.99913574226964,968.4967677105375,1766.999999999997
38.20000000000037,[49.99883089 49.99882811 49.99950286 49.99947178],49.999158412081265,968.6570488136508,1767.000000000004
38.220000000000375,[49.99884289 49.99883718 49.99953766 49.99950461],49.99918058419623,968.5558165342862,1767.0
38.24000000000038,[49.99885824 49.99885093 49.99957015 49.99953594],49.99920381537347,968.5848418772802,1767.0000000000034
38.26000000000038,[49.99887691 49.99886935 49.99960023 49.99956567],49.99922804001816,968.48898888167,1767.0000000000027
38.280000000000385,[49.9988964  49.99888914 49.99962681 49.99959237],49.99925118055894,968.6924662638337,1767.0000000000011
38.30000000000039,[49.99890954 49.99890127 49.99964659 49.99961183],49.999267309636416,969.0956917651174,1767.000000000002
38.32000000000039,[49.99892288 49.99891434 49.99966226 49.99962762],49.99928177453948,968.8496443991387,1767.0000000000014
38.340000000000394,[49.99894735 49.99894198 49.99967893 49.99964622],49.99930362099228,968.490589884383,1766.9999999999975
38.3600000000004,[49.9989778  49.99897734 49.99969462 49.99966491],49.999328668320246,968.5950128677891,1766.9999999999955
38.3800000000004,[49.99900573 49.99900958 49.9997055  49.99967874],49.99934988612876,968.8271839274677,1767.0000000000011
38.400000000000404,[49.99903685 49.99904606 49.9997141  49.99969094],49.99937198485107,968.5348965694805,1766.9999999999964
38.42000000000041,[49.99907294 49.99908868 49.99972161 49.99970287],49.99939652355691,968.6345183496816,1767.0000000000027
38.44000000000041,[49.99911048 49.99913292 49.99972654 49.99971252],49.99942061668946,968.584382206123,1767.0000000000011
38.46000000000041,[49.99915608 49.99918705 49.99973208 49.99972388],49.999449772535556,968.2192977296518,1767.0000000000036
38.480000000000416,[49.99920437 49.9992438  49.99973634 49.99973425],49.99947968934905,968.5294859060969,1766.999999999995
38.50000000000042,[49.99925072 49.9992974  49.99973725 49.99974093],49.99950657375855,968.4832097563395,1767.0000000000034
38.52000000000042,[49.99929591 49.99934861 49.99973556 49.99974469],49.99953119264474,968.7278147916993,1766.999999999998
38.540000000000425,[49.99933919 49.99939653 49.99973107 49.99974522],49.99955300290368,968.7266993136404,1767.000000000003
38.56000000000043,[49.99938193 49.99944276 49.99972477 49.99974363],49.999573271472066,968.8636462296475,1766.9999999999986
38.58000000000043,[49.99942588 49.99948957 49.99971767 49.99974114],49.9995935658498,968.729715182094,1767.0000000000011
38.600000000000435,[49.99947457 49.99954129 49.99971178 49.99974016],49.99961694938621,968.6073275561902,1767.000000000004
38.62000000000044,[49.99952729 49.99959693 49.99970715 49.99974059],49.99964298793233,968.5083335456001,1767.000000000001
38.64000000000044,[49.99957599 49.99964612 49.99970062 49.99973818],49.999665227817076,968.927667015734,1767.0000000000052
38.660000000000444,[49.99962035 49.99968881 49.99969205 49.99973279],49.99968350168896,968.8423562009916,1766.9999999999995
38.68000000000045,[49.99966972 49.99973685 49.99968604 49.99973021],49.999705705699355,968.5957034916195,1767.0000000000016
38.70000000000045,[49.99972168 49.99978703 49.99968199 49.99972949],49.999730047162295,968.6594597674299,1766.9999999999995
38.720000000000454,[49.99977297 49.99983537 49.99967868 49.99972898],49.99975399885254,968.6243022330775,1767.0000000000016
38.74000000000046,[49.99982426 49.9998828  49.99967671 49.99972939],49.9997782895422,968.6254023335915,1767.0
38.76000000000046,[49.99987927 49.99993418 49.99967801 49.99973311],49.99980614113425,968.3177684401377,1766.9999999999966
38.78000000000046,[49.99993218 49.99998199 49.99968049 49.9997373 ],49.99983298791853,968.7013857721485,1766.999999999998
38.800000000000466,[49.99997315 50.00001411 49.99967975 49.99973633],49.99985083578925,969.066348050266,1767.0000000000005
38.82000000000047,[50.00000715 50.00003728 49.99967806 49.99973322],49.999863929400775,969.0926110780533,1766.999999999998
38.84000000000047,[50.00004051 50.0000597  49.99967849 49.9997319 ],49.999877649029,969.0039586765799,1767.0000000000018
38.860000000000475,[50.00007593 50.00008496 49.99968247 49.99973421],49.999894391875515,968.8273489267272,1767.0
38.88000000000048,[50.00010719 50.00010522 49.99968752 49.99973688],49.99990920277964,969.1545676460929,1767.0000000000027
38.90000000000048,[50.0001313  50.00011713 49.99969216 49.99973817],49.999919690170294,969.1791523562288,1767.0000000000007
38.920000000000485,[50.00015039 50.0001236  49.99969749 49.99973949],49.999927742945715,969.346884993681,1767.000000000003
38.94000000000049,[50.00016537 50.00012612 49.99970383 49.99974141],49.999934182074746,969.3021674422693,1767.0000000000002
38.96000000000049,[50.00018088 50.00013075 49.99971332 49.99974672],49.99994291596963,969.1403470650936,1767.0000000000005
38.980000000000494,[50.00019644 50.00013698 49.99972584 49.99975527],49.99995363225684,969.1211126624665,1767.0000000000023
39.0000000000005,[50.0002079  50.00013968 49.99973948 49.9997647 ],49.99996294142372,969.2441629950231,1767.000000000001
39.0200000000005,[50.00021731 50.0001417  49.99975498 49.99977607],49.9999725145657,969.0842432743234,1767.000000000001
39.040000000000504,[50.00022489 50.00014332 49.99977249 49.99978958],49.99998256777444,969.1886539059365,1766.9999999999966
39.06000000000051,[50.00022751 50.00014071 49.99979041 49.99980328],49.99999047865885,969.2496104635569,1767.0000000000032
39.08000000000051,[50.00023028 50.00014045 49.99981082 49.99981997],50.00000037825956,969.0064633930791,1767.0000000000018
39.10000000000051,[50.00022612 50.00013335 49.99983064 49.99983563],50.00000643630659,969.5578918168828,1767.0000000000016
39.120000000000516,[50.00021438 50.000119   49.99984898 49.9998494 ],50.000007942089894,969.3759261964182,1766.9999999999998
39.14000000000052,[50.00020268 50.00010687 49.99986924 49.99986566],50.00001111189009,969.4042189259088,1767.0000000000014
39.16000000000052,[50.00019013 50.0000958  49.99989078 49.99988365],50.00001508878701,969.2947732832952,1767.0000000000018
39.180000000000526,[50.00017904 50.00008858 49.99991444 49.99990452],50.00002164572079,969.1740058570015,1766.9999999999998
39.20000000000053,[50.00016898 50.00008446 49.99993985 49.99992781],50.00003027566862,969.1073966268059,1766.9999999999968
39.22000000000053,[50.00015619 50.00007848 49.99996512 49.99995112],50.0000377274051,969.2606611682314,1767.0000000000025
39.240000000000535,[50.00014136 50.00007142 49.99999017 49.99997443],50.00004434367627,969.1660896789879,1767.0000000000068
39.26000000000054,[50.0001334  50.00007441 50.00001877 50.00000263],50.00005730207974,968.7155717435734,1767.0000000000016
39.28000000000054,[50.00013017 50.00008416 50.00004999 50.00003442],50.00007468476623,968.7820621934078,1766.999999999998
39.300000000000544,[50.00012498 50.00009198 50.00008051 50.00006552],50.0000907495423,968.815556498088,1767.0000000000032
39.32000000000055,[50.00011756 50.00009727 50.00010994 50.00009548],50.000105061988975,968.9194117118705,1766.9999999999977
39.34000000000055,[50.00010775 50.00009964 50.00013794 50.00012388],50.00011730281257,968.9807740406475,1767.000000000001
39.360000000000554,[50.0001021  50.0001072  50.00016716 50.00015416],50.00013265679904,968.6490569665967,1767.0000000000011
39.38000000000056,[50.00010428 50.00012411 50.00019925 50.00018833],50.00015399285223,968.4688934079859,1766.9999999999984
39.40000000000056,[50.00010747 50.00014134 50.00023107 50.00022228],50.00017553790167,968.623319571954,1767.000000000001
39.42000000000056,[50.00011269 50.00016008 50.00026272 50.00025619],50.000197922103254,968.3909860959812,1767.0000000000005
39.440000000000566,[50.00012068 50.00018084 50.00029458 50.00029041],50.00022162687759,968.5050571407432,1767.0000000000039
39.46000000000057,[50.00012731 50.00019826 50.00032455 50.00032229],50.000243100550286,968.5724850823423,1767.000000000002
39.48000000000057,[50.00013803 50.00021912 50.00035488 50.00035472],50.00026668741506,968.3215660516817,1767.0000000000018
39.500000000000576,[50.0001509  50.00024061 50.00038483 50.00038662],50.0002907409279,968.5276120114606,1766.999999999999
39.52000000000058,[50.0001608  50.00025624 50.00041185 50.00041475],50.00031091020595,968.6437988959191,1767.0000000000034
39.54000000000058,[50.00017361 50.0002735  50.00043843 50.00044238],50.00033198219065,968.4475933562541,1767.0000000000052
39.560000000000585,[50.00019293 50.00029677 50.00046626 50.00047158],50.0003568871161,968.3170509520194,1766.9999999999995
39.58000000000059,[50.00021382 50.00031965 50.00049318 50.00049953],50.00038154498732,968.4642218271939,1767.0000000000023
39.60000000000059,[50.00023781 50.00034428 50.00051969 50.00052695],50.00040718116054,968.2309591298513,1766.9999999999977
39.620000000000594,[50.0002721  50.00037971 50.00054914 50.00055809],50.00043975838994,967.8757729453135,1766.9999999999977
39.6400000000006,[50.00031879 50.0004285  50.00058267 50.00059429],50.00048106159561,967.4913340129305,1766.9999999999945
39.6600000000006,[50.00037265 50.00048383 50.00061815 50.00063272],50.000526837326206,967.4931434788965,1767.0000000000002
39.680000000000604,[50.00043298 50.000545   50.00065526 50.00067294],50.00057654493807,967.153885138219,1766.9999999999948
39.70000000000061,[50.0004987  50.00061049 50.00069383 50.0007146 ],50.000629401393496,967.220684966207,1766.999999999999
39.72000000000061,[50.00056743 50.00067751 50.00073281 50.00075636],50.00068352504922,967.0396323506072,1766.9999999999993
39.74000000000061,[50.00063598 50.00074197 50.00077109 50.00079667],50.00073642846485,967.3152624556806,1767.000000000004
39.760000000000616,[50.00070206 50.00080133 50.0008076  50.00083423],50.0007863067669,967.2864610939462,1766.9999999999993
39.78000000000062,[50.00076981 50.00086102 50.00084443 50.00087171],50.00083674458399,967.260074190755,1766.9999999999989
39.80000000000062,[50.00083743 50.00091893 50.000881   50.00090831],50.00088641819132,967.3423440501755,1767.000000000001
39.820000000000626,[50.00091217 50.00098464 50.00092061 50.00094836],50.00094144329446,966.8008201871125,1766.9999999999966
39.84000000000063,[50.00099513 50.00105941 50.00096431 50.00099302],50.00100296669507,966.7849046715975,1767.0
39.86000000000063,[50.00108051 50.00113618 50.00100962 50.00103912],50.00106635780902,966.6324402896634,1766.9999999999986
39.880000000000635,[50.00116991 50.00121716 50.00105751 50.00108787],50.00113311405585,966.4895328342233,1767.0000000000034
39.90000000000064,[50.00125848 50.0012963  50.00110611 50.00113678],50.00119941737549,966.6576078067766,1767.0000000000023
39.92000000000064,[50.00134133 50.0013678  50.0011533  50.00118322],50.0012614119506,966.8391433828416,1766.9999999999995
39.940000000000644,[50.00141921 50.00143292 50.00119952 50.00122777],50.001319854484514,966.9435104422414,1766.9999999999945
39.96000000000065,[50.00149587 50.00149677 50.00124658 50.00127285],50.001378016542574,966.8494580067336,1766.999999999999
39.98000000000065,[50.00156819 50.00155554 50.00129337 50.00131699],50.00143352144966,967.1533354210591,1767.0000000000025
40.000000000000654,[50.00162788 50.00159908 50.00133616 50.00135549],50.00147965167114,967.6250900448346,1767.0000000000016
40.02000000000066,[50.00168197 50.00163696 50.00137791 50.0013924 ],50.00152230803799,967.4329517658005,1767.000000000001
40.04000000000066,[50.00173277 50.00167215 50.00141997 50.00142944],50.00156358186792,967.728075936173,1767.000000000001
40.06000000000066,[50.00177464 50.00169791 50.00145967 50.00146333],50.00159889019411,967.9220323633111,1766.9999999999955
40.080000000000666,[50.00181182 50.00172    50.00149885 50.00149657],50.0016318088246,967.9163452533626,1767.000000000002
40.10000000000067,[50.00184929 50.00174497 50.00153971 50.00153212],50.00166652378555,967.7576589946017,1766.9999999999945
40.12000000000067,[50.00188406 50.00176907 50.00158103 50.00156841],50.001700641402635,967.9528809144309,1767.0
40.140000000000676,[50.00191261 50.0017881  50.00162102 50.00160329],50.00173125349506,968.0391703797183,1766.9999999999995
40.16000000000068,[50.00194127 50.00181028 50.00166234 50.00164031],50.00176354878214,967.7976431758968,1766.9999999999977
40.18000000000068,[50.00196951 50.00183483 50.00170485 50.00167928],50.0017971150514,967.9180279709113,1766.9999999999973
40.200000000000685,[50.00199931 50.00186439 50.00174915 50.0017211 ],50.00183348840371,967.5472387949669,1766.999999999999
40.22000000000069,[50.00203214 50.00190052 50.00179604 50.00176671],50.00187385218166,967.5671847118949,1767.0000000000036
40.24000000000069,[50.00206539 50.00193986 50.00184413 50.00181437],50.00191593871554,967.3871966266136,1767.0000000000027
40.260000000000694,[50.00209861 50.00198152 50.00189319 50.00186376],50.001959270940866,967.4469839895577,1766.9999999999973
40.2800000000007,[50.00212704 50.00201931 50.00194093 50.00191191],50.001999795804515,967.6084415278625,1766.9999999999977
40.3000000000007,[50.00215278 50.00205575 50.00198804 50.00195975],50.00203907838156,967.5370677423588,1767.000000000003
40.320000000000704,[50.00218106 50.00209717 50.00203677 50.00201016],50.00208129028224,967.3474929744352,1767.0000000000025
40.34000000000071,[50.00221716 50.00214991 50.00208943 50.00206602],50.00213063218041,966.9222639967604,1767.0000000000061
40.36000000000071,[50.00225731 50.00220851 50.00214447 50.00212515],50.00218385920621,967.0051283628185,1767.0000000000034
40.38000000000071,[50.0022949  50.00226431 50.00219869 50.00218339],50.002235323068184,967.055733869199,1766.9999999999948
40.400000000000716,[50.00233149 50.00231898 50.00225266 50.00224142],50.00228613931202,967.0451519068137,1767.0000000000002
40.42000000000072,[50.0023622  50.00236588 50.00230413 50.00229627],50.00233211833295,967.4488993737657,1766.9999999999993
40.44000000000072,[50.00238432 50.00240149 50.00235157 50.00234598],50.00237084280805,967.643173721559,1766.9999999999966
40.460000000000726,[50.00240399 50.00243339 50.00239754 50.00239387],50.002407197019565,967.6367674509198,1766.9999999999975
40.48000000000073,[50.00242663 50.0024682  50.0024444  50.00244292],50.002445535773454,967.4649112114123,1766.999999999998
40.50000000000073,[50.00245442 50.00250833 50.0024931  50.0024943 ],50.00248753700558,967.3172169635063,1766.9999999999982
40.520000000000735,[50.0024828  50.00254765 50.0025416  50.00254525],50.00252932459254,967.4716066380583,1766.9999999999998
40.54000000000074,[50.00251237 50.00258689 50.00258992 50.00259584],50.002571255625476,967.2943888908985,1766.9999999999961
40.56000000000074,[50.00254147 50.00262363 50.00263736 50.0026451 ],50.00261189389246,967.5696413640305,1767.0000000000011
40.580000000000744,[50.00256717 50.00265423 50.00268235 50.00269104],50.002648699127036,967.607089803884,1767.0000000000007
40.60000000000075,[50.0025925  50.00268247 50.00272616 50.00273532],50.00268411169432,967.6773385131174,1766.999999999999
40.62000000000075,[50.0026195  50.00271097 50.0027696  50.002779  ],50.00271976665864,967.577527755977,1767.000000000001
40.640000000000754,[50.0026452  50.00273584 50.00281137 50.00282037],50.002753195628195,967.8555960758622,1766.9999999999964
40.66000000000076,[50.00266676 50.00275371 50.00284996 50.00285759],50.00278200427823,967.9580948320894,1766.9999999999948
40.68000000000076,[50.00268618 50.00276727 50.00288619 50.00289178],50.00280785283166,968.0968739269402,1766.9999999999986
40.70000000000076,[50.00270373 50.00277705 50.00292005 50.00292302],50.00283095913841,968.1814980045096,1766.999999999997
40.720000000000766,[50.0027244  50.00278963 50.00295367 50.00295413],50.00285545772975,967.9724956173732,1767.0000000000036
40.74000000000077,[50.00274567 50.0028018  50.00298606 50.00298382],50.00287933915412,968.2258754212897,1767.0000000000032
40.76000000000077,[50.00276454 50.00281015 50.00301563 50.0030102 ],50.00290013221404,968.2253378943844,1767.000000000001
40.780000000000776,[50.00278523 50.00282025 50.00304426 50.00303574],50.00292136916646,968.1813701406679,1767.0000000000005
40.80000000000078,[50.00280956 50.00283461 50.00307275 50.00306156],50.00294461994569,968.0484469644472,1767.0000000000057
40.82000000000078,[50.00283566 50.00285097 50.00310034 50.00308666],50.002968408030135,968.128307694693,1767.0000000000011
40.840000000000785,[50.00286483 50.00287129 50.0031275  50.00311178],50.002993848716486,967.9013927913,1766.9999999999995
40.86000000000079,[50.00290211 50.00290203 50.00315662 50.00313997],50.00302518002608,967.6237363710437,1767.0000000000057
40.88000000000079,[50.00294485 50.00293983 50.00318669 50.00316988],50.00306031647599,967.5713866582084,1766.999999999996
40.900000000000794,[50.00299109 50.00298234 50.00321686 50.00320043],50.003097681372395,967.4258975723994,1767.0000000000002
40.9200000000008,[50.00304032 50.00302891 50.00324705 50.00323147],50.003136936904085,967.4013057006587,1767.000000000002
40.9400000000008,[50.00309163 50.00307848 50.00327691 50.00326255],50.00317739396413,967.3133770522168,1767.0000000000027
40.960000000000804,[50.00314893 50.00313606 50.00330833 50.00329607],50.00322234881717,967.0107050557556,1767.0000000000032
40.98000000000081,[50.00321751 50.00320822 50.00334395 50.00333529],50.00327624378118,966.5476520694967,1767.0000000000077
41.00000000000081,[50.00329539 50.00329217 50.00338325 50.0033794 ],50.00333755296686,966.3718334566695,1767.000000000006
41.02000000000081,[50.00337652 50.00338009 50.00342377 50.00342505],50.00340135632632,966.3219452234166,1766.9999999999968
41.040000000000816,[50.00346335 50.00347505 50.00346673 50.00347376],50.00346972092309,965.9714162643427,1767.0000000000066
41.06000000000082,[50.0035568  50.0035779  50.00351297 50.0035264 ],50.003543517022834,965.8469906076618,1767.0000000000057
41.08000000000082,[50.00365278 50.00368328 50.00356091 50.00358079],50.00361943834345,965.7739475384532,1767.0000000000018
41.100000000000826,[50.00374734 50.00378599 50.0036091  50.00363488],50.00369432467897,965.9149467084926,1767.0000000000034
41.12000000000083,[50.00384148 50.00388735 50.00365809 50.00368935],50.00376906774213,965.7666889345821,1767.0000000000007
41.14000000000083,[50.00393648 50.00398872 50.00370883 50.00374526],50.00384482301146,965.8097377829195,1766.999999999998
41.160000000000835,[50.00403366 50.0040918  50.0037621  50.0038035 ],50.00392276241779,965.5624273617763,1766.9999999999986
41.18000000000084,[50.00413335 50.00419676 50.00381845 50.00386463],50.00400329943944,965.5697116458441,1766.9999999999998
41.20000000000084,[50.00423063 50.00429733 50.00387589 50.00392599],50.0040824574495,965.6567229546996,1766.9999999999975
41.220000000000844,[50.00432477 50.00439264 50.00393424 50.0039873 ],50.00415973709524,965.7058572264898,1766.9999999999961
41.24000000000085,[50.00442027 50.00448847 50.00399567 50.00405131],50.004238931208484,965.4732940815982,1766.9999999999977
41.26000000000085,[50.00452181 50.00459072 50.00406259 50.00412102],50.00432403350844,965.1852910961146,1766.9999999999977
41.280000000000854,[50.00462229 50.00469018 50.00413216 50.00419264],50.00440931489496,965.4340268068515,1766.9999999999925
41.30000000000086,[50.00471829 50.00478285 50.00420278 50.00426418],50.00449202246769,965.3779279061454,1767.000000000001
41.32000000000086,[50.00481131 50.00487068 50.00427531 50.00433671],50.00457350299742,965.5130047554215,1766.9999999999989
41.34000000000086,[50.0048988  50.00495067 50.00434864 50.00440883],50.00465173379907,965.6273321240509,1767.0000000000005
41.360000000000866,[50.00498391 50.00502709 50.00442416 50.00448244],50.004729400110726,965.536509663625,1766.9999999999964
41.38000000000087,[50.0050687  50.00510267 50.00450291 50.00455887],50.004808286116564,965.5003894544857,1767.0000000000014
41.40000000000087,[50.0051547  50.00517961 50.00458558 50.00463907],50.00488973860534,965.2960014234638,1767.0000000000027
41.420000000000876,[50.00523922 50.00525453 50.00467106 50.00472163],50.00497161148721,965.4401199628234,1766.9999999999989
41.44000000000088,[50.00531996 50.00532488 50.00475815 50.00480514],50.00505203303164,965.3936326692182,1767.0000000000014
41.46000000000088,[50.00539945 50.00539408 50.00484794 50.00489109],50.00513313842436,965.3580649537777,1767.0000000000027
41.480000000000885,[50.00547805 50.0054628  50.00494051 50.00497966],50.005215252364636,965.2843545396273,1767.000000000001
41.50000000000089,[50.00555819 50.00553431 50.00503682 50.0050722 ],50.005300379595226,965.0800663091097,1767.0000000000014
41.52000000000089,[50.00563601 50.00560375 50.00513515 50.00516652],50.00538535884163,965.2723985452202,1766.9999999999975
41.540000000000894,[50.0057102  50.00566981 50.00523458 50.00526163],50.005469057234535,965.1642479405485,1767.0000000000068
41.5600000000009,[50.00578577 50.00573894 50.00533723 50.00536034],50.005555569799945,965.0120801282736,1767.0000000000018
41.5800000000009,[50.00586263 50.00581105 50.00544294 50.00546251],50.00564478233912,964.9136940638263,1767.0000000000057
41.600000000000904,[50.00593668 50.00588097 50.0055497  50.00556564],50.00573324792616,965.0520794777016,1767.0000000000011
41.62000000000091,[50.00601184 50.00595395 50.00565891 50.00567168],50.00582409517349,964.6911429665871,1767.0000000000027
41.64000000000091,[50.0060887  50.00603043 50.00577084 50.00578097],50.00591773500618,964.7948764227785,1767.0000000000016
41.66000000000091,[50.00615969 50.00610093 50.00588176 50.00588884],50.00600780298705,964.9706914440648,1766.9999999999961
41.680000000000916,[50.0062247  50.00616539 50.00599129 50.00599491],50.006094069565606,965.0950026845347,1766.9999999999961
41.70000000000092,[50.00628353 50.00622357 50.00609902 50.00609881],50.006176233942995,965.2973879202127,1766.9999999999977
41.72000000000092,[50.00633862 50.00627866 50.00620567 50.0062016 ],50.006256139032125,965.2679440589147,1767.0000000000064
41.740000000000926,[50.00640037 50.00634382 50.00631559 50.00630899],50.0063421923206,964.7632883961093,1767.0000000000055
41.76000000000093,[50.00647069 50.00642105 50.00642968 50.00642206],50.00643586700866,964.6094958216629,1766.9999999999968
41.78000000000093,[50.00654393 50.00650299 50.00654512 50.00653723],50.006532318913614,964.5129759235548,1766.9999999999977
41.800000000000935,[50.00661991 50.00658922 50.00666159 50.0066541 ],50.00663120615291,964.3884644611773,1767.000000000002
41.82000000000094,[50.00669948 50.00668057 50.00677923 50.00677287],50.00673303912989,964.249435172062,1767.0000000000036
41.84000000000094,[50.00678211 50.00677608 50.00689764 50.00689301],50.00683721143879,964.1764196896204,1767.0000000000061
41.860000000000944,[50.00686428 50.00687099 50.00701505 50.00701221],50.00694063437033,964.2980658221973,1767.0000000000032
41.88000000000095,[50.00694541 50.00696441 50.00713092 50.00712982],50.007042639575644,964.2823680226824,1767.0000000000011
41.90000000000095,[50.00702705 50.00705805 50.00724577 50.00724651],50.00714434232327,964.3108981590743,1766.999999999997
41.920000000000954,[50.00710763 50.00714971 50.00735874 50.00736115],50.00724430641304,964.4169521802818,1767.0000000000034
41.94000000000096,[50.0071916  50.00724489 50.00747155 50.00747602],50.00734601396208,964.1531879456422,1767.000000000001
41.96000000000096,[50.00728201 50.00734712 50.00758564 50.00759284],50.007451901275005,964.0541412487935,1766.999999999997
41.98000000000096,[50.00737661 50.00745328 50.00769988 50.00771014],50.00755997618289,963.9583112183077,1767.0000000000027
42.000000000000966,[50.00747336 50.00756054 50.00781331 50.00782662],50.007668456773814,964.0094974236594,1766.9999999999995
42.02000000000097,[50.00757229 50.00766887 50.00792581 50.00794214],50.00777727782316,963.9196091630932,1766.9999999999995
42.04000000000097,[50.00767354 50.00777822 50.00803747 50.00805672],50.00788648705566,963.9669193170547,1766.9999999999993
42.060000000000976,[50.00777176 50.0078817  50.00814583 50.0081672 ],50.00799162350948,964.2530371615202,1766.9999999999984
42.08000000000098,[50.00786788 50.00798064 50.00825112 50.00827393],50.00809339181268,964.2418921091368,1766.9999999999993
42.10000000000098,[50.0079656  50.00807966 50.00835505 50.00837908],50.00819484783182,964.2709321377989,1766.9999999999948
42.120000000000985,[50.00806306 50.00817641 50.0084568  50.0084816 ],50.00829446676721,964.388331438217,1766.9999999999964
42.14000000000099,[50.00816548 50.00827772 50.00855861 50.00858444],50.00839656432812,964.0541852313303,1766.9999999999964
42.16000000000099,[50.00827214 50.00838245 50.00866047 50.00868743],50.00850061938597,964.2146479457905,1767.000000000003
42.180000000000994,[50.00837571 50.00848154 50.00875901 50.00878631],50.00860064297807,964.3848494671331,1767.0000000000005
42.200000000001,[50.00848027 50.00858041 50.008856   50.00888341],50.00870002350305,964.2601599591507,1766.9999999999964
42.220000000001,[50.00859055 50.00868515 50.00895373 50.00898166],50.00880277224818,964.092042092454,1766.999999999996
42.240000000001004,[50.00870322 50.00879156 50.00905091 50.00907934],50.0089062589551,964.1880230485507,1766.9999999999968
42.26000000000101,[50.0088146  50.00889524 50.00914592 50.0091744 ],50.00900753774302,964.2676668334497,1767.0000000000018
42.28000000000101,[50.00892725 50.00899969 50.00923995 50.00926841],50.00910882473104,964.1767496041056,1767.0000000000048
42.30000000000101,[50.00904465 50.00910947 50.00933475 50.00936361],50.00921311711049,964.0032844723096,1767.0000000000032
42.320000000001016,[50.00916866 50.00922705 50.00943136 50.00946128],50.009322087566254,963.7704642907214,1766.9999999999964
42.34000000000102,[50.00929832 50.00935128 50.0095296  50.00956115],50.00943508791512,963.650307207529,1767.0000000000034
42.36000000000102,[50.00943139 50.00947941 50.00962869 50.00966212],50.00955040030962,963.5610640920346,1767.0000000000016
42.380000000001026,[50.00956722 50.00961076 50.00972851 50.00976404],50.009667632553736,963.4729512415176,1766.9999999999995
42.40000000000103,[50.00970436 50.00974355 50.00982867 50.0098663 ],50.009785720640735,963.4723494905298,1766.9999999999925
42.42000000000103,[50.00984166 50.00987648 50.00992881 50.00996844],50.00990384797753,963.4522461230839,1767.0000000000025
42.440000000001035,[50.00997714 50.01000713 50.0100283  50.01006958],50.01002053602535,963.5754091739145,1766.9999999999989
42.46000000000104,[50.01010902 50.01013342 50.01012647 50.01016885],50.010134438121824,963.6682970268454,1767.0000000000034
42.48000000000104,[50.01023703 50.01025516 50.01022337 50.01026632],50.010245468973054,963.7982360891973,1767.0000000000032
42.500000000001044,[50.01036097 50.01037229 50.01031905 50.01036203],50.010353587799976,963.8942368759738,1767.0000000000032
42.52000000000105,[50.01048048 50.01048449 50.0104135  50.010456  ],50.01045861723371,964.0387408541087,1767.0000000000027
42.54000000000105,[50.01059404 50.01059003 50.01050615 50.01054748],50.01055942432504,964.2298891312386,1766.999999999999
42.560000000001054,[50.01070343 50.01069139 50.01059782 50.01063763],50.01065756751484,964.2430247592075,1767.000000000004
42.58000000000106,[50.01081444 50.01079608 50.01069122 50.01072992],50.010757916611354,964.0235548463227,1767.0000000000027
42.60000000000106,[50.01092597 50.0109026  50.01078611 50.01082399],50.01085966904633,964.1031622197038,1767.0000000000045
42.62000000000106,[50.01103477 50.01100701 50.01088104 50.01091799],50.01096020293163,964.1039570798798,1766.999999999999
42.640000000001066,[50.01113896 50.01110693 50.01097525 50.01101096],50.011058021975415,964.3090391570092,1766.9999999999977
42.66000000000107,[50.01123415 50.01119697 50.01106671 50.01110035],50.011149544093286,964.6114717052839,1767.0000000000027
42.68000000000107,[50.01132186 50.01127929 50.01115599 50.01118698],50.01123603024618,964.7107210509836,1767.000000000002
42.700000000001076,[50.01140871 50.01136237 50.01124599 50.01127466],50.01132293336237,964.5539362322372,1766.9999999999993
42.72000000000108,[50.01149653 50.01144843 50.01133764 50.01136457],50.01141179048864,964.5230929388513,1766.9999999999977
42.74000000000108,[50.01158266 50.01153406 50.01142971 50.01145513],50.01150038900624,964.5521725525379,1767.0000000000032
42.760000000001085,[50.01166679 50.01161888 50.01152199 50.01154609],50.0115884386654,964.5455281999682,1766.9999999999995
42.78000000000109,[50.01175597 50.01171184 50.0116175  50.01164141],50.011681678111145,964.0910558113609,1767.000000000001
42.80000000000109,[50.01184806 50.01180977 50.01171553 50.01174   ],50.01177833878297,964.2321011120642,1767.0000000000027
42.820000000001095,[50.0119352  50.01190272 50.01181234 50.01183712],50.01187184476786,964.3313787862254,1767.0000000000016
42.8400000000011,[50.012024   50.01199902 50.01191071 50.01193636],50.01196752131622,964.0241193593098,1766.9999999999964
42.8600000000011,[50.01211326 50.01209674 50.01201025 50.01203711],50.01206434123813,964.2092194555737,1767.000000000004
42.880000000001104,[50.01219941 50.01219134 50.01210912 50.01213705],50.01215923007041,964.1611786744627,1766.9999999999961
42.90000000000111,[50.01228115 50.01228089 50.01220673 50.01223537],50.01225103575629,964.443341958579,1766.9999999999975
42.92000000000111,[50.01235715 50.0123637  50.01230222 50.01233102],50.01233852358841,964.5000373909772,1766.9999999999982
42.94000000000111,[50.01243157 50.01244491 50.01239734 50.01242628],50.01242502486968,964.5020667632652,1766.9999999999986
42.960000000001116,[50.01250626 50.01252669 50.01249283 50.01252206],50.01251196057338,964.4393024695487,1766.9999999999995
42.98000000000112,[50.01258809 50.01261762 50.01259162 50.01262217],50.01260487592985,963.9743227856396,1766.999999999997
43.00000000000112,[50.01267374 50.01271295 50.01269243 50.01272478],50.01270097437018,964.1461246049579,1767.000000000002
43.020000000001126,[50.01275653 50.01280424 50.012792   50.01282572],50.0127946210515,964.1560162184483,1766.9999999999986
43.04000000000113,[50.01283626 50.01289101 50.01289014 50.01292475],50.012885538843406,964.3514182130527,1767.0000000000007
43.06000000000113,[50.01291062 50.01297035 50.01298562 50.01302033],50.01297172826146,964.5303750589323,1767.0000000000002
43.080000000001135,[50.01298225 50.01304558 50.01307942 50.01311377],50.01305525503606,964.5525398741776,1766.9999999999995
43.10000000000114,[50.01305178 50.01311741 50.01317176 50.01320535],50.01313657397286,964.6935718746694,1767.000000000001
43.12000000000114,[50.01312329 50.0131911  50.01326424 50.01329722],50.013218964565844,964.4400877316856,1767.0000000000018
43.140000000001145,[50.01320068 50.01327137 50.01335867 50.01339164],50.013305588634196,964.3144850753763,1767.0000000000048
43.16000000000115,[50.01328336 50.0133574  50.01345471 50.01348816],50.01339590554228,964.1062372188986,1766.9999999999975
43.18000000000115,[50.01336801 50.01344483 50.01355091 50.01358487],50.01348715500845,964.212647180376,1766.999999999998
43.200000000001154,[50.01345501 50.01353424 50.01364722 50.01368177],50.01357956045841,963.9857888990796,1767.0000000000014
43.22000000000116,[50.01354514 50.01362644 50.01374408 50.01377936],50.01367375482404,964.0384802617698,1766.9999999999973
43.24000000000116,[50.01363363 50.01371545 50.01383927 50.01387479],50.01376578439922,964.1446885670939,1766.9999999999995
43.26000000000116,[50.01372068 50.01380161 50.01393277 50.01396809],50.013855788240825,964.1859888389731,1766.9999999999982
43.280000000001166,[50.01381285 50.01389334 50.01402743 50.01406298],50.01394914813077,963.839109693841,1766.9999999999966
43.30000000000117,[50.01390907 50.01398908 50.01412301 50.01415902],50.01404504625714,963.9485131605245,1767.0000000000018
43.32000000000117,[50.01400677 50.01408572 50.01421822 50.01425461],50.01414133166441,963.7828321615655,1767.0000000000032
43.340000000001176,[50.01410483 50.01418178 50.0143127  50.01434925],50.014237136317846,963.9649336782227,1767.0000000000032
43.36000000000118,[50.01420234 50.01427634 50.0144059  50.0144423 ],50.014331720830036,963.8617783043707,1767.0000000000061
43.38000000000118,[50.01430259 50.01437358 50.01449942 50.01453578],50.01442784024868,963.8115685610508,1767.0000000000077
43.400000000001185,[50.01440377 50.01447125 50.0145925  50.01462871],50.01452405922538,963.8289994680694,1766.9999999999952
43.42000000000119,[50.01450222 50.01456481 50.01468356 50.01471908],50.014617416182595,964.0280715308238,1767.0000000000011
43.44000000000119,[50.01459596 50.01465196 50.01477165 50.01480571],50.01470631843741,964.1799293855521,1767.0
43.460000000001195,[50.01469003 50.01473937 50.01485898 50.01489154],50.01479497942943,964.0243760560878,1766.999999999998
43.4800000000012,[50.01478818 50.01483178 50.01494738 50.01497891],50.01488656361017,963.9091955215789,1767.0000000000011
43.5000000000012,[50.01489038 50.01492924 50.01503695 50.0150679 ],50.01498111733213,963.7491105727701,1767.0000000000027
43.520000000001204,[50.01498985 50.01502312 50.01512484 50.01515483],50.015073157941444,964.0949580130699,1766.9999999999982
43.54000000000121,[50.0150864  50.01511359 50.01521075 50.01523943],50.015162543094,963.947253849976,1766.9999999999986
43.56000000000121,[50.01518434 50.01520608 50.0152968  50.0153244 ],50.01525290670138,963.9865305949822,1766.9999999999986
43.58000000000121,[50.01528076 50.01529703 50.01538174 50.01540815],50.01534191915514,964.034735567975,1767.0000000000039
43.60000000000122,[50.01537465 50.01538528 50.01546514 50.01549017],50.01542880910739,964.1387662594144,1767.000000000002
43.62000000000122,[50.01546235 50.01546632 50.01554542 50.01556843],50.015510628742575,964.435180621439,1766.9999999999973
43.64000000000122,[50.01554263 50.01553884 50.01562192 50.01564219],50.01558639337468,964.6225629582639,1766.9999999999973
43.660000000001226,[50.01562327 50.01561297 50.01569805 50.01571594],50.01566255553609,964.3757842912,1766.9999999999977
43.68000000000123,[50.01570201 50.01568567 50.01577307 50.01578866],50.01573735123699,964.7109396336211,1766.9999999999998
43.70000000000123,[50.01577505 50.01575243 50.01584508 50.015858  ],50.01580763925625,964.7290447117189,1767.0000000000011
43.720000000001235,[50.01584826 50.01582079 50.01591672 50.01592742],50.015878293720036,964.6535395416387,1767.0000000000016
43.74000000000124,[50.01591864 50.01588689 50.01598675 50.0159953 ],50.01594689540119,964.8749033068765,1766.9999999999982
43.76000000000124,[50.01598583 50.01595046 50.01605485 50.01606132],50.01601311649102,964.8271476703874,1766.9999999999975
43.780000000001245,[50.01605323 50.0160158  50.01612259 50.0161275 ],50.016079779297705,964.8104783840035,1766.9999999999973
43.80000000000125,[50.01612177 50.01608408 50.01619038 50.01619438],50.01614765454799,964.6974315482279,1767.0000000000027
43.82000000000125,[50.01618838 50.01615124 50.01625693 50.01626024],50.016214199885546,964.8943014530071,1766.9999999999995
43.840000000001254,[50.01625288 50.0162172  50.016322   50.01632485],50.01627923056822,964.7969151119087,1767.0000000000002
43.86000000000126,[50.01632033 50.01628821 50.01638789 50.01639113],50.01634688692447,964.6446608764104,1766.9999999999998
43.88000000000126,[50.01638795 50.01636053 50.01645347 50.01645754],50.01641487164978,964.7400976264106,1766.9999999999995
43.90000000000126,[50.016457   50.01643575 50.0165192  50.01652467],50.0164841552013,964.5059876557315,1767.000000000002
43.92000000000127,[50.01652917 50.0165157  50.01658597 50.01659359],50.0165561086788,964.4851939098971,1767.0000000000036
43.94000000000127,[50.01659804 50.01659203 50.01665094 50.01666054],50.01662538886686,964.7007184633251,1767.000000000002
43.96000000000127,[50.01666625 50.01666811 50.01671514 50.01672689],50.01669409600763,964.5033059794515,1767.0000000000023
43.980000000001276,[50.01673822 50.01674923 50.01678071 50.01679525],50.01676585135927,964.4132875438471,1767.000000000001
44.00000000000128,[50.01680535 50.01682418 50.01684391 50.01686073],50.01683354079593,964.8145785778939,1766.9999999999989
44.02000000000128,[50.01686775 50.01689323 50.01690453 50.0169231 ],50.0168971534642,964.7261917720002,1767.0000000000032
44.040000000001285,[50.01693203 50.01696451 50.01696566 50.01698626],50.01696211460334,964.6703883291204,1766.9999999999995
44.06000000000129,[50.01699443 50.01703305 50.0170257  50.01704805],50.0170253098692,964.8439952934502,1766.999999999996
44.08000000000129,[50.01705038 50.017093   50.01708254 50.01710577],50.017082921446416,965.1099649545486,1767.0000000000025
44.100000000001295,[50.0171113  50.017159   50.01714106 50.01716578],50.01714428485245,964.4978454613024,1767.0000000000011
44.1200000000013,[50.01717953 50.01723348 50.01720281 50.01722979],50.0172114012617,964.5938162918969,1767.0000000000061
44.1400000000013,[50.0172439  50.01730222 50.01726267 50.01729123],50.01727500386335,964.7619134479519,1767.000000000002
44.160000000001304,[50.01730342 50.01736401 50.01732013 50.01734945],50.017334254280954,964.928724947702,1766.9999999999989
44.18000000000131,[50.01735973 50.01742099 50.01737586 50.01740534],50.01739047950666,964.9853734731317,1766.9999999999995
44.20000000000131,[50.01741918 50.01748129 50.01743268 50.01746253],50.01744891810243,964.7110496113627,1767.0000000000005
44.22000000000131,[50.0174855  50.01754942 50.01749243 50.0175233 ],50.017512661662664,964.5065424528295,1767.0000000000011
44.24000000000132,[50.0175512  50.01761573 50.01755192 50.01758344],50.01757557567743,964.7480956182159,1767.0000000000025
44.26000000000132,[50.01761138 50.0176742  50.01760879 50.01764001],50.01763359456287,964.8862769345432,1767.000000000001
44.28000000000132,[50.01766956 50.01772945 50.01766458 50.01769501],50.01768964740549,964.8814070934231,1766.999999999998
44.300000000001326,[50.017726   50.01778184 50.01771945 50.01774865],50.017743985925236,964.9983202519859,1767.0000000000023
44.32000000000133,[50.0177793  50.01782971 50.01777273 50.01780013],50.01779546826679,965.0897693600392,1766.9999999999993
44.34000000000133,[50.01782624 50.0178691  50.01782299 50.01784762],50.01784149024208,965.4261637679435,1766.9999999999961
44.360000000001335,[50.01786692 50.01790049 50.01787007 50.01789107],50.01788213895535,965.5109985503971,1767.0000000000011
44.38000000000134,[50.01790869 50.01793343 50.01791722 50.01793475],50.017923523481265,965.333140903618,1766.999999999996
44.40000000000134,[50.01795642 50.01797412 50.0179667  50.01798156],50.01796970319779,965.0756025545252,1767.0000000000032
44.420000000001345,[50.01800813 50.01802003 50.01801773 50.01803049],50.01801909330344,965.0303743565544,1766.9999999999977
44.44000000000135,[50.01805835 50.01806434 50.01806784 50.01807838],50.01806723120524,965.148273001421,1767.0000000000007
44.46000000000135,[50.01810627 50.01810623 50.01811656 50.01812471],50.01811344385626,965.1598195258767,1766.9999999999984
44.480000000001354,[50.01815529 50.01815014 50.01816537 50.01817143],50.018160558237724,965.03958479097,1767.0000000000018
44.50000000000136,[50.01820669 50.0181977  50.01821489 50.01821936],50.01820966240793,964.9591198283694,1767.0000000000039
44.52000000000136,[50.01825932 50.0182475  50.01826464 50.01826787],50.01825983393294,964.9162309189152,1767.0000000000052
44.54000000000136,[50.01831325 50.01829967 50.01831463 50.018317  ],50.0183111394065,964.8299211827942,1766.999999999997
44.56000000000137,[50.01836619 50.01835124 50.01836391 50.01836549],50.018361707517606,964.944338436593,1766.9999999999984
44.58000000000137,[50.01841689 50.01840075 50.01841182 50.01841256],50.01841050486345,964.9452284024318,1766.999999999998
44.60000000000137,[50.01846358 50.01844588 50.01845762 50.01845723],50.01845607711749,965.1821554753196,1766.9999999999961
44.620000000001376,[50.01850396 50.0184839  50.01850017 50.0184981 ],50.018496534124736,965.3427825637983,1767.0000000000027
44.64000000000138,[50.01854298 50.01852117 50.01854157 50.01853797],50.01853592448602,965.2392257974207,1766.9999999999998
44.66000000000138,[50.01858146 50.01855862 50.01858232 50.01857741],50.018574953102714,965.3403385872002,1767.000000000001
44.680000000001385,[50.0186222  50.01859986 50.01862353 50.01861793],50.01861587968412,965.0466374202499,1766.999999999996
44.70000000000139,[50.01866808 50.01864835 50.01866669 50.01866133],50.01866111123956,964.9443549669064,1766.9999999999964
44.72000000000139,[50.01871065 50.0186932  50.01870807 50.01870277],50.018703670794174,965.2378343218568,1766.9999999999989
44.740000000001395,[50.01874555 50.01872901 50.01874552 50.01873957],50.01873991183574,965.4432518055954,1766.999999999997
44.7600000000014,[50.01877455 50.01875807 50.01877975 50.01877267],50.01877126266411,965.6170590002175,1766.9999999999961
44.7800000000014,[50.01880494 50.01878971 50.0188139  50.01880618],50.01880368302756,965.3210876803374,1766.9999999999993
44.800000000001404,[50.01884148 50.01882968 50.0188503  50.01884298],50.018841108421526,965.1628665936548,1767.0000000000027
44.82000000000141,[50.01887521 50.01886643 50.01888503 50.01887797],50.01887616081014,965.4877458735575,1766.9999999999982
44.84000000000141,[50.01890484 50.01889845 50.01891725 50.01891016],50.01890767358362,965.428416002999,1767.0000000000005
44.86000000000141,[50.01893568 50.01893238 50.01894942 50.01894265],50.01894003130708,965.3840389368123,1766.9999999999973
44.88000000000142,[50.01896338 50.01896255 50.01897963 50.01897296],50.01896962947335,965.6281590686639,1766.9999999999989
44.90000000000142,[50.01898536 50.01898575 50.01900657 50.01899945],50.01899428188628,965.7684506808307,1766.9999999999986
44.92000000000142,[50.01900482 50.01900606 50.01903161 50.0190239 ],50.01901659945947,965.7931483699892,1767.0000000000005
44.940000000001426,[50.01902098 50.0190224  50.01905442 50.01904588],50.01903591990162,965.9893767029613,1767.0000000000005
44.96000000000143,[50.01903648 50.01903826 50.01907603 50.01906678],50.01905438895909,965.833853047543,1766.9999999999998
44.98000000000143,[50.01905691 50.01906056 50.01909903 50.01908987],50.01907658942211,965.6438687759291,1766.9999999999995
45.000000000001435,[50.01907695 50.01908236 50.01912116 50.01911216],50.019098155257126,965.8555001440553,1766.9999999999982
45.02000000000144,[50.01909527 50.01910212 50.01914163 50.01913271],50.019117932126555,965.7630781226591,1767.0000000000016
45.04000000000144,[50.01911991 50.01912995 50.01916406 50.01915615],50.01914251707339,965.4189693690629,1766.9999999999995
45.060000000001445,[50.01915333 50.01916872 50.01918973 50.01918401],50.01917394829806,965.15399991095,1766.9999999999995
45.08000000000145,[50.01919281 50.01921479 50.01921757 50.01921477],50.01920998572564,964.9976704899037,1767.0000000000045
45.10000000000145,[50.01923359 50.01926192 50.01924552 50.01924574],50.01924668958996,965.0639100504669,1766.9999999999975
45.120000000001454,[50.0192744  50.01930852 50.01927299 50.0192761 ],50.01928300473082,964.9964429754089,1767.000000000001
45.14000000000146,[50.01932048 50.01936112 50.01930239 50.0193089 ],50.01932322382092,964.7009783755436,1767.000000000001
45.16000000000146,[50.01936878 50.01941554 50.01933264 50.01934259],50.01936488745473,964.8398891034115,1766.9999999999995
45.18000000000146,[50.01941811 50.01947036 50.01936315 50.01937638],50.01940699840772,964.6285362112036,1766.9999999999977
45.20000000000147,[50.01947335 50.01953158 50.01939631 50.01941325],50.01945362238527,964.424551293423,1766.9999999999995
45.22000000000147,[50.01953138 50.01959502 50.01943094 50.01945156],50.01950222462431,964.4260444804088,1767.0000000000011
45.24000000000147,[50.01958644 50.01965335 50.01946459 50.01948806],50.019548109881555,964.6173314403568,1766.9999999999968
45.260000000001476,[50.01963648 50.01970405 50.01949633 50.01952157],50.01958960799869,964.7598763598141,1766.9999999999977
45.28000000000148,[50.01968396 50.01975036 50.01952732 50.01955357],50.01962880257696,964.7760804635769,1766.999999999997
45.30000000000148,[50.01973592 50.01980128 50.01956078 50.01958821],50.01967155059726,964.4254341068033,1767.0000000000032
45.320000000001485,[50.01978725 50.01985008 50.01959482 50.01962289],50.01971375950143,964.7854704432539,1766.999999999995
45.34000000000149,[50.01983334 50.01989131 50.01962718 50.01965482],50.01975166150808,964.7527413154446,1766.9999999999982
45.36000000000149,[50.01988178 50.01993469 50.01966138 50.01968854],50.01979159771102,964.5787635600036,1766.999999999995
45.380000000001495,[50.01993248 50.0199801  50.01969756 50.01972417],50.01983357696511,964.5448237852826,1766.9999999999973
45.4000000000015,[50.01998821 50.02003127 50.01973698 50.01976336],50.019879957448936,964.1719960825927,1766.9999999999989
45.4200000000015,[50.02005181 50.0200917  50.01978117 50.01980801],50.019933173411985,963.9320679879121,1766.999999999998
45.440000000001504,[50.02011809 50.02015485 50.01982798 50.01985529],50.01998905174887,963.9098778090909,1766.9999999999995
45.46000000000151,[50.02018331 50.02021607 50.01987575 50.01990308],50.020044551751916,963.9258067625874,1766.9999999999982
45.48000000000151,[50.02024274 50.02026949 50.01992246 50.01994876],50.02009586163974,964.2246747888111,1766.9999999999957
45.50000000000151,[50.02029476 50.02031341 50.01996723 50.01999137],50.02014169126571,964.3500305186805,1766.9999999999995
45.52000000000152,[50.02033788 50.02034611 50.02000945 50.02003015],50.02018089894553,964.745620761953,1767.0
45.54000000000152,[50.02037409 50.02037055 50.02004979 50.02006614],50.020215144256355,964.7323710180921,1766.9999999999973
45.56000000000152,[50.02040904 50.02039405 50.02009085 50.02010274],50.02024917010602,964.7288873676802,1766.9999999999973
45.580000000001526,[50.02044152 50.02041526 50.02013206 50.02013931],50.02028203662778,964.7949918800364,1766.9999999999989
45.60000000000153,[50.02047005 50.02043253 50.02017267 50.02017499],50.02031256177501,964.8914116021756,1767.0000000000002
45.62000000000153,[50.02049375 50.02044497 50.02021219 50.02020925],50.02034004146704,965.0172893578292,1766.9999999999993
45.640000000001535,[50.02051042 50.02045001 50.02024947 50.02024075],50.020362663377185,965.2669371364211,1766.9999999999957
45.66000000000154,[50.02052091 50.02044909 50.02028466 50.02026986],50.0203811312449,965.334490416706,1766.9999999999986
45.68000000000154,[50.02052596 50.02044327 50.02031795 50.02029693],50.02039602707474,965.5357511329515,1766.9999999999993
45.700000000001545,[50.02052148 50.02042759 50.02034728 50.0203195 ],50.02040396298503,965.8894981843292,1767.0
45.72000000000155,[50.02051071 50.02040651 50.02037373 50.02033913],50.020407521386446,965.8746157557281,1766.9999999999989
45.74000000000155,[50.02050009 50.02038828 50.02040003 50.02035948],50.02041197083087,965.7852753098978,1767.0000000000016
45.760000000001554,[50.0204905  50.02037401 50.02042642 50.02038093],50.020417966595616,965.7154563203368,1766.9999999999977
45.78000000000156,[50.0204838  50.02036607 50.02045352 50.02040437],50.020426942056176,965.505638611268,1767.0000000000018
45.80000000000156,[50.02047458 50.02035736 50.02047887 50.02042661],50.02043435651495,965.8181355215117,1766.999999999997
45.82000000000156,[50.02045953 50.02034383 50.02050054 50.02044533],50.020437308707685,965.8537282397766,1766.9999999999995
45.84000000000157,[50.02044182 50.0203294  50.02051976 50.02046217],50.020438288461065,965.9573054882841,1766.9999999999945
45.86000000000157,[50.02042291 50.02031582 50.02053691 50.0204777 ],50.02043833585438,965.9061303911204,1766.999999999996
45.88000000000157,[50.02040636 50.02030738 50.02055345 50.02049377],50.02044024267452,965.7751001774684,1766.999999999996
45.900000000001576,[50.02038788 50.02029828 50.02056738 50.02050778],50.02044032900851,966.0340363760997,1766.999999999998
45.92000000000158,[50.02036319 50.020283   50.02057645 50.0205169 ],50.02043488737294,966.2162765908554,1766.9999999999961
45.94000000000158,[50.02033687 50.02026719 50.02058247 50.02052346],50.02042749819408,966.1747893709991,1767.0000000000005
45.960000000001585,[50.02031082 50.02025291 50.02058619 50.02052842],50.0204195867986,966.2375419406346,1766.9999999999982
45.98000000000159,[50.0202833  50.02023769 50.02058669 50.02053055],50.02040955814951,966.3309964279299,1766.9999999999968
46.00000000000159,[50.02025698 50.02022466 50.02058498 50.02053113],50.02039943727175,966.2239248202304,1766.9999999999975
46.020000000001595,[50.02023568 50.02021833 50.02058274 50.02053223],50.02039224475553,966.0632336123642,1766.9999999999995
46.0400000000016,[50.02021686 50.02021498 50.02057884 50.02053228],50.02038574203997,966.1445976050095,1766.9999999999989
46.0600000000016,[50.02020091 50.02021491 50.02057332 50.02053128],50.02038010300751,965.9696567216636,1767.000000000004
46.080000000001604,[50.02018808 50.02021798 50.02056639 50.02052934],50.02037544544219,966.0409873492678,1766.9999999999943
46.10000000000161,[50.0201725  50.02021645 50.02055537 50.02052293],50.02036681254166,966.283727190268,1766.999999999997
46.12000000000161,[50.02015023 50.02020517 50.02053842 50.02050964],50.02035086340672,966.6371392106487,1766.9999999999973
46.14000000000161,[50.02012104 50.0201838  50.0205153  50.02048916],50.020327323326626,966.9040898505355,1766.9999999999968
46.16000000000162,[50.02008918 50.02015769 50.02048788 50.02046387],50.02029965375033,966.9669463915932,1766.9999999999995
46.18000000000162,[50.02005873 50.02013186 50.02045803 50.02043613],50.020271187760585,966.9535858417455,1766.9999999999952
46.20000000000162,[50.02003141 50.0201084  50.02042662 50.020407  ],50.020243358525924,966.89573572822,1767.0000000000007
46.220000000001626,[50.02000621 50.02008591 50.02039334 50.02037598],50.020215361590765,966.9498371593028,1766.999999999995
46.24000000000163,[50.01998291 50.02006413 50.02035812 50.02034296],50.020187030777755,966.9058526133941,1766.999999999997
46.26000000000163,[50.01996338 50.02004539 50.02032193 50.02030912],50.020159954985985,966.8258104158672,1766.9999999999964
46.280000000001635,[50.01994987 50.02003257 50.02028595 50.0202759 ],50.020136071661405,966.6181454903656,1766.9999999999989
46.30000000000164,[50.0199428  50.02002609 50.0202506  50.02024373],50.02011580350085,966.501597210203,1767.0000000000007
46.32000000000164,[50.01993812 50.02002081 50.0202143  50.02021049],50.02009592955493,966.5643197853844,1766.9999999999945
46.340000000001645,[50.0199326  50.02001274 50.02017576 50.02017444],50.02007388508778,966.6633276818635,1766.9999999999984
46.36000000000165,[50.0199301  50.020007   50.02013681 50.02013796],50.02005296997876,966.4479585837395,1767.0000000000011
46.38000000000165,[50.01992984 50.02000251 50.02009752 50.02010098],50.020032713593814,966.5856552295882,1766.9999999999945
46.400000000001654,[50.01992641 50.01999264 50.0200556  50.02006053],50.02000879642522,966.7336714932192,1766.999999999999
46.42000000000166,[50.01991948 50.01997719 50.02001109 50.02001666],50.0199811047299,966.8808064069079,1767.0000000000023
46.44000000000166,[50.01991343 50.01996204 50.0199661  50.0199721 ],50.01995341611053,966.7106196476186,1766.9999999999984
46.46000000000166,[50.01991203 50.01995204 50.01992268 50.01992941],50.01992903670374,966.5785110545905,1767.000000000001
46.48000000000167,[50.01991725 50.01994986 50.01988199 50.01989003],50.019909782372814,966.2544387922126,1766.9999999999993
46.50000000000167,[50.01992319 50.01994796 50.01984188 50.01985102],50.01989101273544,966.5116205591165,1766.9999999999968
46.52000000000167,[50.01992352 50.01993869 50.01979953 50.01980884],50.019867646544434,966.615187032842,1766.9999999999966
46.540000000001676,[50.01992746 50.0199341  50.01975923 50.01976903],50.01984745457287,966.2178339995476,1767.0000000000011
46.56000000000168,[50.01993359 50.01993224 50.01972088 50.01973128],50.01982949755936,966.3990999684951,1766.9999999999961
46.58000000000168,[50.01993636 50.01992643 50.01968208 50.01969254],50.01980935058867,966.3740045931279,1766.9999999999943
46.600000000001685,[50.01993354 50.01991394 50.0196421  50.01965184],50.01978535338547,966.6945983405806,1766.9999999999952
46.62000000000169,[50.01992806 50.01989892 50.01960222 50.01961093],50.01976003061486,966.4572090358224,1766.9999999999973
46.64000000000169,[50.01992091 50.01988259 50.01956332 50.01957083],50.019734412869795,966.6902735671722,1766.9999999999945
46.660000000001695,[50.01991094 50.01986385 50.01952484 50.01953093],50.01970763673653,966.5256540634008,1766.9999999999998
46.6800000000017,[50.01990257 50.01984834 50.01948904 50.01949407],50.01968350649783,966.4378342501221,1766.9999999999957
46.7000000000017,[50.01989062 50.01982954 50.01945381 50.0194575 ],50.01965786752468,966.6224986023901,1766.9999999999977
46.720000000001704,[50.01987487 50.01980743 50.01941898 50.0194211 ],50.01963059306175,966.5455171947285,1767.0000000000005
46.74000000000171,[50.0198579  50.01978532 50.01938589 50.01938655],50.01960391512833,966.5420354015588,1766.9999999999948
46.76000000000171,[50.0198395  50.01976302 50.01935447 50.0193538 ],50.01957769925818,966.4762736400411,1766.9999999999977
46.78000000000171,[50.01981896 50.01973965 50.01932451 50.01932257],50.01955142263242,966.5166665719217,1766.9999999999973
46.80000000000172,[50.0197952  50.01971386 50.01929551 50.01929222],50.019524196847385,966.5258426868221,1766.9999999999955
46.82000000000172,[50.01976368 50.01967988 50.01926547 50.0192602 ],50.019492307735504,966.8791671827214,1766.9999999999964
46.84000000000172,[50.01972054 50.01963301 50.01923245 50.01922412],50.01945253340873,967.1606815167116,1767.0000000000005
46.860000000001726,[50.01967002 50.01957878 50.01919816 50.0191863 ],50.019408315997985,967.2253586487541,1766.9999999999984
46.88000000000173,[50.01961332 50.01951867 50.01916308 50.0191474 ],50.019360616212786,967.4267257704554,1766.9999999999957
46.90000000000173,[50.01955287 50.01945591 50.01912806 50.01910865],50.01931137165059,967.3292556535491,1767.0000000000011
46.920000000001735,[50.01949008 50.01939215 50.0190937  50.01907081],50.0192616858583,967.4381342124283,1766.9999999999955
46.94000000000174,[50.0194186  50.0193193  50.01905695 50.01903005],50.01920622573029,967.7904693532352,1766.999999999997
46.96000000000174,[50.01933824 50.01923727 50.01901731 50.01898589],50.01914467740993,967.9272654923446,1766.9999999999952
46.980000000001745,[50.01925664 50.01915582 50.01897794 50.0189425 ],50.019083226844955,967.7599966610331,1766.9999999999966
47.00000000000175,[50.01917951 50.01908197 50.01894125 50.01890304],50.01902644114095,967.5127400504764,1766.999999999998
47.02000000000175,[50.01910494 50.01901304 50.01890629 50.01886625],50.018972631768854,967.4877666984016,1766.999999999999
47.040000000001754,[50.01902914 50.01894406 50.01887109 50.01882964],50.01891848582438,967.5200346910182,1766.9999999999989
47.06000000000176,[50.01895406 50.01887738 50.01883622 50.01879399],50.01886541087795,967.3774348341932,1767.0000000000018
47.08000000000176,[50.01888368 50.01881779 50.01880327 50.01876138],50.01881653088674,967.1472540764906,1767.0000000000023
47.100000000001764,[50.01881647 50.01876295 50.01877146 50.0187307 ],50.01877039560889,967.1270686098751,1766.9999999999984
47.12000000000177,[50.01874925 50.01870861 50.01873913 50.01869982],50.018724204043494,967.1334680306298,1766.9999999999984
47.14000000000177,[50.01868095 50.01865311 50.01870557 50.01866784],50.018676867083144,967.2059221837184,1766.9999999999973
47.16000000000177,[50.01861015 50.01859444 50.01866993 50.01863363],50.018627040664256,967.3266209587706,1766.9999999999986
47.180000000001776,[50.01854305 50.01854032 50.01863469 50.01860044],50.01857962623223,966.9876872005141,1767.0000000000007
47.20000000000178,[50.0184824  50.01849374 50.01860116 50.01856981],50.01853677665671,966.92738721285,1767.0000000000011
47.22000000000178,[50.018426   50.01845164 50.01856818 50.01854022],50.018496510200066,966.7558977363493,1767.0
47.240000000001785,[50.01837037 50.01840925 50.0185342  50.01850954],50.01845583892734,966.9476020963787,1766.9999999999977
47.26000000000179,[50.01830937 50.0183586  50.01849621 50.01847394],50.018409529309906,967.2179250501129,1766.999999999994
47.28000000000179,[50.01824575 50.01830321 50.01845522 50.01843474],50.01835972994733,967.2302580496313,1766.9999999999973
47.300000000001795,[50.01818334 50.01824776 50.01841291 50.01839405],50.01830951278277,967.2429216742836,1766.999999999997
47.3200000000018,[50.01811838 50.0181873  50.01836755 50.01834965],50.01825572067785,967.5218521476033,1766.9999999999955
47.3400000000018,[50.01805191 50.01812326 50.01831937 50.0183019 ],50.018199111478644,967.4720219728539,1766.9999999999995
47.360000000001804,[50.01798883 50.01806178 50.01827059 50.01825361],50.018143699327666,967.413641875468,1767.0000000000011
47.38000000000181,[50.01792732 50.0180005  50.0182204  50.01820374],50.0180879917558,967.4898484083077,1766.9999999999993
47.40000000000181,[50.01786781 50.01794006 50.01816891 50.01815245],50.018032307369786,967.405232338,1766.9999999999998
47.420000000001814,[50.01781087 50.01788116 50.01811642 50.01810011],50.017977140951075,967.4400105229664,1766.9999999999945
47.44000000000182,[50.01775752 50.01782521 50.01806335 50.01804729],50.01792334012135,967.2843790342595,1766.9999999999977
47.46000000000182,[50.01770841 50.01777306 50.01801011 50.01799449],50.01787151879635,967.2673849702779,1766.999999999999
47.48000000000182,[50.01766397 50.01772537 50.01795691 50.01794196],50.01782205200415,967.0802390247292,1767.0000000000011
47.500000000001826,[50.01762387 50.01768172 50.01790377 50.0178897 ],50.017774766459326,967.0775215632442,1766.9999999999957
47.52000000000183,[50.01758315 50.01763594 50.01784855 50.01783495],50.01772564826004,967.2282748119288,1767.0000000000018
47.54000000000183,[50.01754205 50.01758858 50.01779136 50.01777786],50.01767496372862,967.2034997648306,1767.0000000000027
47.560000000001835,[50.01750155 50.017541   50.01773279 50.01771921],50.01762364033664,967.2761982531674,1766.999999999999
47.58000000000184,[50.01745848 50.01748937 50.01767153 50.01765731],50.01756917390978,967.4623736800056,1766.9999999999934
47.60000000000184,[50.01741308 50.01743431 50.01760773 50.0175924 ],50.01751188053702,967.5088467188724,1766.9999999999973
47.620000000001845,[50.01736561 50.0173763  50.01754165 50.01752485],50.01745210248599,967.6663089875975,1766.9999999999977
47.64000000000185,[50.01732038 50.01732116 50.01747524 50.01745724],50.017393503934024,967.4045399535706,1767.0
47.66000000000185,[50.01728027 50.01727256 50.01741014 50.01739159],50.01733864059477,967.3461470759127,1767.000000000001
47.680000000001854,[50.01724349 50.0172284  50.01734568 50.01732704],50.01728615159032,967.198427789987,1766.9999999999975
47.70000000000186,[50.01721222 50.01719153 50.01728304 50.01726507],50.01723796455184,966.9770798756538,1766.9999999999995
47.72000000000186,[50.01718193 50.0171562  50.01722051 50.01720339],50.01719050694155,967.1292370816634,1766.999999999995
47.740000000001864,[50.01715135 50.01712105 50.01715752 50.01714132],50.017142811803325,966.9891933551384,1766.9999999999998
47.76000000000187,[50.0171256  50.0170926  50.01709663 50.01708207],50.01709922335883,966.7750598002881,1766.999999999996
47.78000000000187,[50.01710116 50.01706631 50.01703659 50.01702392],50.01705699689204,966.8652414213819,1767.0000000000002
47.80000000000187,[50.01707788 50.01704214 50.0169774  50.01696687],50.01701607239401,966.6559386467949,1767.0000000000027
47.820000000001876,[50.01706246 50.01702852 50.01692235 50.01691506],50.01698209719037,966.2699352975967,1767.0000000000016
47.84000000000188,[50.01705313 50.01702297 50.01687107 50.01686781],50.016953743948775,966.1711075987718,1767.0000000000027
47.86000000000188,[50.01704585 50.01702029 50.01682193 50.01682295],50.016927755649895,966.0585865512003,1766.9999999999998
47.880000000001885,[50.01703917 50.01701854 50.01677453 50.01677984],50.01690302210295,966.0526405464514,1767.000000000001
47.90000000000189,[50.01703169 50.01701587 50.01672845 50.01673784],50.01687846296456,966.0307753044646,1766.9999999999995
47.92000000000189,[50.01702015 50.01700805 50.01668244 50.01669526],50.01685147549567,966.2437342185013,1766.9999999999977
47.940000000001895,[50.01700673 50.01699797 50.01663753 50.0166534 ],50.016823907880394,966.0666015233627,1767.0
47.9600000000019,[50.01699453 50.01698933 50.01659542 50.01661431],50.01679839612236,966.0572507680018,1767.0000000000025
47.9800000000019,[50.01698129 50.01697923 50.01655523 50.01657682],50.016773143280574,966.0312330437406,1767.0000000000034
48.000000000001904,[50.0169641  50.01696389 50.01651586 50.0165394 ],50.01674581438606,966.2183627359457,1766.9999999999998
48.02000000000191,[50.01694035 50.01694008 50.01647613 50.01650056],50.01671428103104,966.3719523923979,1767.0000000000011
48.04000000000191,[50.01691636 50.01691598 50.01643888 50.01646397],50.01668379872026,966.1170975778131,1766.9999999999973
48.060000000001914,[50.01689815 50.01689904 50.016407   50.0164333 ],50.01665937098321,965.8490218677667,1767.0000000000027
48.08000000000192,[50.01688276 50.01688537 50.01637939 50.01640699],50.016638626580686,965.7931778441849,1767.0000000000027
48.10000000000192,[50.01686783 50.01687199 50.01635497 50.01638369],50.01661961980133,965.6887664170827,1766.9999999999964
48.12000000000192,[50.01685116 50.01685604 50.01633285 50.01636218],50.01660055635384,965.7839009914389,1766.9999999999984
48.140000000001926,[50.01682682 50.01683007 50.01631032 50.01633899],50.01657655031663,966.0912812695576,1766.9999999999977
48.16000000000193,[50.0167958  50.01679557 50.01628759 50.01631453],50.01654837245784,966.1226065307092,1766.9999999999973
48.18000000000193,[50.01676277 50.01675855 50.01626673 50.01629151],50.01651988844713,966.105181575249,1767.0000000000007
48.200000000001936,[50.01673215 50.01672471 50.01624963 50.01627242],50.01649472908792,965.8312729555488,1766.9999999999961
48.22000000000194,[50.01670166 50.016691   50.01623537 50.01625603],50.01647101577527,965.9718991284088,1767.0
48.24000000000194,[50.01667078 50.01665704 50.01622344 50.01624182],50.016448268341165,965.7391135226643,1766.9999999999995
48.260000000001945,[50.01664386 50.01662825 50.01621577 50.01623229],50.016430044410185,965.5803099757098,1767.0000000000011
48.28000000000195,[50.01661975 50.01660319 50.01621177 50.01622669],50.016415347743354,965.4315346025177,1767.0000000000011
48.30000000000195,[50.01659639 50.01657921 50.0162104  50.01622373],50.01640243468624,965.4197669947141,1766.9999999999989
48.320000000001954,[50.01657659 50.01655998 50.0162127  50.01622483],50.01639352505912,965.0846661185238,1767.0000000000014
48.34000000000196,[50.01656083 50.01654592 50.01621891 50.01623027],50.01638898073857,965.0424052888563,1766.9999999999961
48.36000000000196,[50.01654219 50.01652823 50.01622575 50.01623586],50.0163830070976,965.1957244068353,1766.9999999999982
48.380000000001964,[50.01652247 50.01650934 50.01623371 50.01624238],50.016376974219384,965.0392461576123,1767.000000000002
48.40000000000197,[50.01650469 50.01649298 50.01624409 50.01625148],50.01637330944012,964.9887887204964,1767.0000000000016
48.42000000000197,[50.01648706 50.01647685 50.0162559  50.01626196],50.01637044018643,964.9654345355412,1766.9999999999973
48.44000000000197,[50.01646851 50.01645957 50.01626849 50.01627303],50.016367402770655,964.9969519455979,1767.000000000001
48.460000000001976,[50.01645266 50.01644578 50.01628323 50.01628655],50.01636705493113,964.7339488634492,1767.0000000000048
48.48000000000198,[50.01643857 50.01643406 50.01629969 50.01630194],50.01636856645521,964.835718412903,1766.9999999999995
48.50000000000198,[50.01642205 50.01641916 50.01631571 50.01631651],50.01636835515856,964.87535019392,1766.9999999999948
48.520000000001986,[50.01640375 50.01640192 50.01633138 50.01633045],50.01636687399369,964.9400322360544,1766.9999999999989
48.54000000000199,[50.01638434 50.01638319 50.01634676 50.01634392],50.016364551260224,964.944690044641,1767.0000000000048
48.56000000000199,[50.0163675  50.01636767 50.0163633  50.01635887],50.01636433594044,964.7620118801849,1766.999999999997
48.580000000001995,[50.01635426 50.01635652 50.0163814  50.01637581],50.016366997187305,964.7023681316596,1767.0000000000014
48.600000000002,[50.01634317 50.01634786 50.01640021 50.01639371],50.01637123774401,964.6295168081908,1766.9999999999943
48.620000000002,[50.01633428 50.01634171 50.01641962 50.01641246],50.016377017536215,964.5738336922398,1767.0000000000045
48.640000000002004,[50.01632207 50.01633094 50.01643705 50.01642873],50.016379696315305,964.8923034667912,1766.9999999999973
48.66000000000201,[50.01630284 50.01631104 50.01645048 50.01644011],50.01637611732648,965.1038643680704,1766.9999999999977
48.68000000000201,[50.01627842 50.01628444 50.01646051 50.01644745],50.01636770461019,965.3038107660539,1767.000000000001
48.700000000002014,[50.01624989 50.0162526  50.0164674  50.01645121],50.0163552736437,965.4480014142256,1767.000000000002
48.72000000000202,[50.01621905 50.01621791 50.01647175 50.01645225],50.0163402397605,965.5298879070084,1767.0000000000011
48.74000000000202,[50.01618733 50.01618226 50.01647404 50.0164513 ],50.016323732423444,965.5798541122041,1766.9999999999995
48.76000000000202,[50.01615684 50.01614839 50.01647503 50.01644941],50.01630741871564,965.5220686579107,1767.000000000002
48.780000000002026,[50.01612512 50.01611315 50.01647354 50.01644511],50.01628923086243,965.7465000567812,1767.0000000000011
48.80000000000203,[50.0160947  50.01608    50.0164704  50.01643961],50.01627117666157,965.5205322270398,1767.0000000000052
48.82000000000203,[50.01606946 50.01605371 50.01646738 50.01643517],50.01625643003278,965.4776672563195,1766.9999999999973
48.840000000002036,[50.01604555 50.01602939 50.01646266 50.01642948],50.01624176956557,965.5229954309401,1767.0000000000023
48.86000000000204,[50.01602331 50.01600753 50.01645624 50.0164226 ],50.016227422433204,965.4612811174459,1767.0000000000027
48.88000000000204,[50.01600296 50.01598833 50.01644821 50.01641462],50.01621353046674,965.4947100639099,1767.000000000003
48.900000000002045,[50.01598501 50.01597245 50.0164387  50.01640575],50.016200479607285,965.4006543144842,1767.0000000000011
48.92000000000205,[50.01596952 50.01595984 50.01642778 50.01639603],50.016188293726266,965.4319353549853,1767.0000000000055
48.94000000000205,[50.01595347 50.01594662 50.01641408 50.01638368],50.01617446451502,965.5491026560808,1767.0000000000005
48.960000000002054,[50.01593722 50.01593326 50.01639771 50.01636883],50.01615925617183,965.55837123763,1766.9999999999975
48.98000000000206,[50.01592913 50.01593034 50.0163824  50.0163563 ],50.016149545152615,965.096528386217,1767.000000000004
49.00000000000206,[50.01592147 50.01592757 50.01636514 50.01634196],50.016139035906725,965.634678948683,1767.0000000000011
49.020000000002064,[50.01590378 50.01591193 50.01634094 50.01631949],50.01611903277985,965.9057406009395,1767.0000000000007
49.04000000000207,[50.01588229 50.01589142 50.01631257 50.01629248],50.01609469077056,966.0104736917916,1767.000000000002
49.06000000000207,[50.01586339 50.01587414 50.01628297 50.01626469],50.01607129675551,965.8365149134615,1767.0000000000045
49.08000000000207,[50.01584589 50.01585835 50.01625188 50.01623566],50.0160479455077,966.01679141048,1766.999999999995
49.100000000002076,[50.0158283  50.01584227 50.01621862 50.0162045 ],50.016023424088935,965.9448419362767,1766.9999999999964
49.12000000000208,[50.01581709 50.01583402 50.01618625 50.01617509],50.016003115104525,965.6713446372365,1766.999999999997
49.14000000000208,[50.01581394 50.01583553 50.01615581 50.01614862],50.01598847563514,965.4754911214753,1766.9999999999977
49.160000000002086,[50.01581727 50.01584463 50.01612682 50.01612434],50.01597826388194,965.305318464162,1767.0000000000027
49.18000000000209,[50.0158239  50.01585714 50.01609812 50.0161006 ],50.01596993997738,965.3221366807333,1766.9999999999984
49.20000000000209,[50.01582941 50.01586737 50.0160679  50.016075  ],50.01595992004485,965.452966108077,1767.0000000000055
49.220000000002095,[50.01583278 50.01587404 50.01603585 50.01604702],50.01594742301332,965.5351561263413,1766.9999999999989
49.2400000000021,[50.01583291 50.01587576 50.01600167 50.01601625],50.015931646942626,965.7330817912264,1766.9999999999998
49.2600000000021,[50.0158301  50.01587297 50.01596563 50.01598296],50.01591291530593,965.7878513444595,1767.0000000000011
49.280000000002104,[50.01582879 50.01587134 50.01592991 50.01594992],50.01589498859006,965.6686902502051,1767.0000000000061
49.30000000000211,[50.01582968 50.0158717  50.01589515 50.01591782],50.01587858759838,965.6618172139033,1766.9999999999973
49.32000000000211,[50.01582864 50.01586882 50.01585974 50.0158845 ],50.01586042451851,965.8186600368647,1767.0000000000027
49.340000000002114,[50.01582316 50.01585963 50.01582266 50.01584865],50.015838523421635,965.9777485213007,1767.0
49.36000000000212,[50.01581323 50.0158443  50.01578403 50.01581041],50.01581299355764,966.1250965925153,1766.9999999999989
49.38000000000212,[50.01580254 50.01582771 50.01574563 50.01577208],50.01578698854934,966.0183629654663,1767.0000000000011
49.40000000000212,[50.01579188 50.01581086 50.01570806 50.01573437],50.01576129199084,966.0988711241675,1767.0
49.420000000002126,[50.01578107 50.01579374 50.01567135 50.01569733],50.01573587202368,965.994244225042,1767.0000000000057
49.44000000000213,[50.01577111 50.01577766 50.01563614 50.01566174],50.01571166133972,965.99533201609,1767.0000000000016
49.46000000000213,[50.01575976 50.01575992 50.01560156 50.01562649],50.01568693267385,966.0354181291187,1767.0000000000027
49.480000000002136,[50.01574703 50.0157407  50.01556769 50.01559169],50.01566177700133,966.0283030666125,1767.0000000000011
49.50000000000214,[50.01573326 50.01572053 50.0155348  50.01555767],50.01563656329216,966.0367453392928,1766.9999999999964
49.52000000000214,[50.01571855 50.0156997  50.01550301 50.01552463],50.01561147008858,966.0140811035643,1767.0000000000005
49.540000000002145,[50.01570356 50.01567913 50.01547269 50.01549304],50.01558710453597,965.9708714092171,1767.0000000000018
49.56000000000215,[50.01568577 50.0156557  50.01544284 50.0154616 ],50.01556147654382,966.1152298481132,1767.0000000000077
49.58000000000215,[50.01566272 50.01562646 50.01541229 50.01542888],50.01553258804006,966.2401864252839,1766.9999999999964
49.600000000002154,[50.015635   50.01559232 50.01538128 50.01539525],50.01550096099848,966.3406498267598,1766.9999999999993
49.62000000000216,[50.01560472 50.01555612 50.01535073 50.01536194],50.01546837857561,966.315528803417,1767.0
49.64000000000216,[50.01557568 50.01552273 50.01532233 50.01533117],50.01543798004745,966.1514830395721,1766.9999999999989
49.660000000002164,[50.0155487  50.01549315 50.01529652 50.01530351],50.01541047092654,966.066424401389,1767.0000000000005
49.68000000000217,[50.01551823 50.0154603  50.01527083 50.01527575],50.01538127568752,966.2872395798523,1767.0000000000025
49.70000000000217,[50.01548268 50.01542234 50.01524432 50.01524682],50.01534904124587,966.3165022779574,1767.0000000000045
49.72000000000217,[50.01544258 50.01537993 50.0152172  50.015217  ],50.01531417542601,966.503178999104,1766.9999999999998
49.740000000002176,[50.01539664 50.01533155 50.01518869 50.01518539],50.015275567533585,966.6264970508088,1766.9999999999984
49.76000000000218,[50.01534914 50.01528267 50.01516054 50.01515433],50.015236671964054,966.5228468295422,1766.9999999999977
49.78000000000218,[50.01530306 50.01523698 50.01513404 50.0151255 ],50.015199891993355,966.4438374274248,1767.0000000000048
49.800000000002186,[50.01525625 50.01519165 50.01510816 50.01509756],50.01516340788193,966.4933857028534,1766.9999999999948
49.82000000000219,[50.01520769 50.01514535 50.01508224 50.01506975],50.015126258221386,966.4956271337904,1767.0000000000032
49.84000000000219,[50.01515451 50.01509432 50.01505488 50.01504027],50.01508599384888,966.7516971731897,1767.0000000000027
49.860000000002195,[50.0150929  50.01503377 50.01502409 50.01500665],50.01503935288257,967.0294920059614,1767.0000000000027
49.8800000000022,[50.01502391 50.01496509 50.01499004 50.01496925],50.01498707456559,967.2244651920864,1767.0000000000011
49.9000000000022,[50.01495273 50.0148949  50.01495479 50.01493081],50.01493330974115,967.1537964190778,1766.9999999999961
49.920000000002204,[50.01488735 50.01483321 50.01492177 50.0148958 ],50.01488453240058,966.804067613221,1767.0000000000027
49.94000000000221,[50.01482025 50.01477005 50.01488771 50.01485989],50.014834473222095,967.2608421792783,1767.000000000002
49.96000000000221,[50.01474572 50.01469839 50.01484951 50.01481928],50.01477822493106,967.3255267847525,1766.9999999999961
49.980000000002214,[50.01467221 50.01462888 50.01481077 50.01477867],50.01472262968341,967.2070152663192,1767.0000000000007
50.00000000000222,[50.01460386 50.01456658 50.01477321 50.01474027],50.01467098089016,966.9946175892054,1767.0000000000014
50.02000000000222,[50.01454037 50.01451081 50.01473664 50.01470379],50.014622901981284,966.9076692373152,1767.0000000000027
50.04000000000222,[50.01448157 50.01446119 50.01470082 50.01466892],50.01457812399257,966.7179638328937,1767.000000000004
50.060000000002226,[50.01442559 50.01441502 50.01466488 50.01463445],50.01453498465698,966.770834216105,1767.000000000001
50.08000000000223,[50.01437185 50.01437146 50.01462834 50.0145998 ],50.01449286447664,966.6336347893731,1767.0000000000064
50.10000000000223,[50.01431856 50.01432792 50.01459043 50.01456387],50.01445019535951,966.8185733119302,1767.000000000001
50.120000000002236,[50.01425948 50.0142764  50.01454816 50.01452283],50.01440171780083,967.1248739328003,1766.9999999999968
50.14000000000224,[50.01419943 50.01422304 50.01450342 50.01447919],50.0143512689747,966.9878339613166,1766.9999999999977
50.16000000000224,[50.01414036 50.01417003 50.0144572  50.01443412],50.01430042657282,967.16145022596,1767.0000000000018
50.180000000002245,[50.01408083 50.01411552 50.01440869 50.0143866 ],50.01424790803353,967.1329631994528,1767.0000000000023
50.20000000000225,[50.01402455 50.01406412 50.01435956 50.01433875],50.01419674627356,967.0514202382109,1767.0000000000061
50.22000000000225,[50.01396741 50.01401039 50.01430804 50.01428821],50.01414351274358,967.3115184108593,1766.9999999999977
50.240000000002254,[50.01391025 50.01395556 50.01425431 50.01423529],50.01408885016292,967.1764580001928,1767.0000000000016
50.26000000000226,[50.01384933 50.01389465 50.0141969  50.01417797],50.01402971049951,967.6930196670712,1766.9999999999961
50.28000000000226,[50.01378342 50.01382646 50.0141349  50.01411526],50.01396500775388,967.6504640907306,1767.000000000001
50.300000000002264,[50.01372325 50.0137646  50.01407323 50.01405345],50.01390363256837,967.4185982855973,1766.9999999999989
50.32000000000227,[50.01367437 50.01371603 50.01401451 50.01399589],50.013850200372985,966.986773779139,1767.000000000001
50.34000000000227,[50.01363439 50.01367747 50.013958   50.01394141],50.01380281989785,966.9127899682269,1767.000000000001
50.36000000000227,[50.01360188 50.01364719 50.01390305 50.01388921],50.01376033203481,966.5778067987419,1767.0000000000036
50.380000000002276,[50.01357585 50.01362371 50.01384954 50.01383893],50.01372200723119,966.5640567906734,1766.9999999999948
50.40000000000228,[50.01355517 50.0136057  50.01379699 50.01378996],50.01368695216713,966.3036640278054,1766.9999999999961
50.42000000000228,[50.01353726 50.0135897  50.01374461 50.0137411 ],50.01365316890603,966.4571084140463,1767.0000000000011
50.440000000002286,[50.01352096 50.01357442 50.01369189 50.0136917 ],50.01361974208637,966.273560696646,1766.9999999999948
50.46000000000229,[50.01350884 50.013563   50.01364031 50.01364353],50.01358891989767,966.2369271782832,1767.0000000000018
50.48000000000229,[50.01349579 50.01354899 50.01358785 50.01359389],50.01355662911415,966.3956964899514,1766.9999999999966
50.500000000002295,[50.01348322 50.01353435 50.01353521 50.01354369],50.01352411739352,966.2538613381755,1767.0000000000016
50.5200000000023,[50.01347552 50.01352467 50.0134847  50.01349579],50.01349517016311,966.093161987867,1767.000000000005
50.5400000000023,[50.01346927 50.01351555 50.01343512 50.01344854],50.013467120220334,966.1749310463515,1767.0000000000007
50.560000000002304,[50.01346641 50.0135097  50.01338748 50.0134032 ],50.013441699068096,965.867966998912,1766.9999999999984
50.58000000000231,[50.01347148 50.01351279 50.01334421 50.01336279],50.01342281836675,965.6191292394305,1767.0000000000007
50.60000000000231,[50.01347691 50.01351514 50.01330231 50.0133233 ],50.01340441397279,965.8214356036539,1766.999999999995
50.620000000002314,[50.01348154 50.01351562 50.01326132 50.01328415],50.01338565866494,965.641962314548,1766.999999999999
50.64000000000232,[50.01349145 50.01352196 50.01322429 50.01324919],50.013371722271565,965.40807576025,1766.9999999999952
50.66000000000232,[50.01350585 50.01353315 50.01319121 50.0132183 ],50.01336212605865,965.267725577761,1767.0000000000018
50.68000000000232,[50.01352227 50.01354614 50.01316126 50.01319034],50.01335500196571,965.1901274134727,1766.9999999999995
50.700000000002326,[50.0135351  50.01355384 50.01313219 50.01316234],50.013345866443395,965.4265207484917,1766.9999999999961
50.72000000000233,[50.01354347 50.01355551 50.01310364 50.01313391],50.01333412945739,965.3986247567713,1767.0000000000016
50.74000000000233,[50.01354944 50.01355384 50.01307677 50.01310649],50.01332163501006,965.4794000236836,1767.0000000000027
50.760000000002336,[50.01354911 50.0135441  50.01304998 50.01307804],50.013305308231814,965.7102390434662,1767.0
50.78000000000234,[50.01354397 50.01352854 50.01302393 50.01304951],50.01328648741786,965.6785902118212,1767.0000000000002
50.80000000000234,[50.01353758 50.0135118  50.01300036 50.01302315],50.01326822513374,965.6521978207908,1766.9999999999977
50.820000000002345,[50.01353261 50.01349748 50.01298054 50.01300064],50.01325281593176,965.4270556429476,1767.0000000000025
50.84000000000235,[50.01353012 50.01348702 50.0129651  50.0129828 ],50.013241256965266,965.3159867443817,1767.0000000000011
50.86000000000235,[50.0135312  50.01348193 50.01295456 50.01297031],50.01323450039333,965.0101389154839,1766.9999999999995
50.880000000002354,[50.01353441 50.01348033 50.01294844 50.01296252],50.01323142501916,964.9926182728882,1766.9999999999993
50.90000000000236,[50.01353973 50.01348241 50.01294662 50.01295938],50.013232036387215,964.6860591674848,1766.999999999994
50.92000000000236,[50.01354608 50.01348665 50.0129488  50.01296038],50.013235477011044,964.7400786034812,1766.9999999999986
50.940000000002364,[50.01354906 50.01348761 50.01295285 50.0129629 ],50.01323810589792,964.7402131330207,1766.9999999999982
50.96000000000237,[50.013543   50.01347807 50.01295622 50.01296368],50.01323524300817,965.1885825194153,1766.9999999999952
50.98000000000237,[50.01352712 50.01345743 50.01295819 50.01296196],50.013226174481595,965.2502032462467,1767.0000000000016
51.00000000000237,[50.01350546 50.0134308  50.01296049 50.01296004],50.01321419838146,965.4216889561081,1767.0000000000025
51.020000000002376,[50.01347653 50.01339644 50.01296223 50.01295692],50.01319802700808,965.5927039590027,1767.0000000000027
51.04000000000238,[50.0134402  50.0133543  50.01296311 50.01295234],50.01317748735614,965.7798159628468,1767.000000000001
51.06000000000238,[50.01340352 50.01331352 50.01296593 50.01295007],50.013158259040345,965.473730546644,1766.9999999999973
51.080000000002386,[50.01336875 50.01327676 50.01297172 50.01295143],50.0131421636462,965.507521005307,1767.0000000000014
51.10000000000239,[50.01332652 50.01323211 50.01297597 50.01295074],50.01312133612978,965.8642846801041,1766.9999999999984
51.12000000000239,[50.01327706 50.01318011 50.01297828 50.0129477 ],50.01309578848053,965.898595354428,1767.0000000000011
51.140000000002395,[50.01322827 50.01313081 50.01298189 50.01294658],50.01307188789883,965.720270469102,1767.0000000000027
51.1600000000024,[50.01317948 50.01308312 50.01298631 50.01294682],50.01304893040779,965.8142995631015,1767.0000000000036
51.1800000000024,[50.01312874 50.0130346  50.01299026 50.0129469 ],50.01302512739513,965.7875266369294,1767.0000000000073
51.200000000002404,[50.01307992 50.01299008 50.01299516 50.01294873],50.01300347413013,965.6301752163668,1767.0000000000005
51.22000000000241,[50.01303565 50.01295265 50.01300193 50.01295355],50.01298594367752,965.4377534605051,1767.0000000000023
51.24000000000241,[50.01299588 50.01292201 50.01301031 50.01296103],50.0129723063235,965.3000762041933,1767.0000000000025
51.260000000002414,[50.01296003 50.01289716 50.01301979 50.01297053],50.012961878368024,965.165649015991,1767.0
51.28000000000242,[50.01292484 50.01287366 50.0130287  50.01297989],50.01295177371532,965.271453112597,1766.9999999999964
51.30000000000242,[50.01288601 50.01284586 50.01303475 50.01298622],50.012938210236285,965.4565106399497,1767.0000000000005
51.32000000000242,[50.01284137 50.01281086 50.01303668 50.01298793],50.01291920679194,965.7304641237256,1766.9999999999995
51.340000000002426,[50.01279472 50.01277343 50.01303578 50.01298678],50.012897676128034,965.6718482224493,1766.9999999999948
51.36000000000243,[50.01274854 50.01273641 50.01303304 50.01298405],50.01287550947094,965.7874127766324,1766.9999999999973
51.38000000000243,[50.0127028  50.01269962 50.01302816 50.01297939],50.01285249372725,965.7477518918155,1766.9999999999975
51.400000000002436,[50.01265661 50.01266166 50.01302063 50.01297209],50.01282774477673,965.9384269348919,1767.0000000000025
51.42000000000244,[50.01260962 50.01262206 50.01300997 50.01296164],50.01280082262027,965.9368523283166,1767.0000000000011
51.44000000000244,[50.01256497 50.0125846  50.01299747 50.01294967],50.01277417986915,965.9216694724173,1767.0000000000025
51.460000000002445,[50.01252345 50.01255013 50.01298334 50.01293646],50.01274834440074,965.8760937648672,1766.9999999999986
51.48000000000245,[50.01248454 50.01251783 50.01296727 50.01292159],50.012722806206035,965.9041286665631,1767.0000000000023
51.50000000000245,[50.01244214 50.0124798  50.01294645 50.0129014 ],50.01269244493927,966.2900190208669,1767.0000000000018
51.520000000002454,[50.01239482 50.01243438 50.01291993 50.0128748 ],50.012655982402215,966.4267962990282,1767.0000000000005
51.54000000000246,[50.0123463  50.01238629 50.01288932 50.01284386],50.01261644161352,966.5588532449898,1767.000000000001
51.56000000000246,[50.01230025 50.01234024 50.01285615 50.0128106 ],50.012576810401725,966.4445595765044,1766.9999999999986
51.580000000002464,[50.01225419 50.01229294 50.01281945 50.01277369],50.01253506476394,966.7468520026049,1766.9999999999964
51.60000000000247,[50.01220571 50.01224155 50.01277792 50.01273159],50.01248919165687,966.8025741951708,1767.0000000000045
51.62000000000247,[50.0121618  50.01219505 50.01273472 50.01268834],50.01244497923544,966.6176427181615,1766.999999999999
51.64000000000247,[50.01212497 50.01215652 50.01269111 50.01264555],50.012404537850145,966.4950387037668,1766.9999999999995
51.660000000002476,[50.01209707 50.01212837 50.01264805 50.01260436],50.01236946046449,966.1752301918054,1766.9999999999993
51.68000000000248,[50.01208    50.01211286 50.01260662 50.01256608],50.01234139182429,965.9128642713856,1766.9999999999984
51.70000000000248,[50.012071   50.01210638 50.01256584 50.01252931],50.012318134541786,965.7767176088324,1766.9999999999998
51.720000000002486,[50.01206378 50.01210088 50.01252313 50.01249061],50.0122946024269,965.9414906784785,1767.0000000000016
51.74000000000249,[50.0120573  50.01209521 50.01247808 50.01244944],50.01227001011155,965.8710858241113,1767.0000000000045
51.76000000000249,[50.01205421 50.0120927  50.01243219 50.01240761],50.01224667834336,965.8396924778361,1767.000000000003
51.780000000002495,[50.0120522  50.0120904  50.01238471 50.01236405],50.012222840585586,965.9171904181438,1767.0000000000068
51.8000000000025,[50.01205374 50.01209158 50.01233696 50.01232038],50.01220066253804,965.7028305679792,1766.999999999997
51.8200000000025,[50.01206128 50.01209924 50.01229047 50.01227844],50.01218235693513,965.5927505537868,1767.000000000005
51.840000000002505,[50.01207091 50.01210841 50.01224387 50.0122363 ],50.01216487058008,965.6342090620861,1766.9999999999995
51.86000000000251,[50.01208062 50.01211663 50.01219655 50.01219308],50.012146721363706,965.6480147983606,1766.999999999997
51.88000000000251,[50.01208853 50.01212155 50.01214801 50.01214804],50.01212653076445,965.8046418273129,1766.9999999999993
51.900000000002514,[50.01209182 50.01211978 50.01209725 50.01209983],50.01210216819303,965.9972450892794,1767.000000000004
51.92000000000252,[50.0120891  50.01210973 50.0120439  50.01204795],50.01207267205901,966.2344044929891,1767.0
51.94000000000252,[50.01207987 50.01209107 50.01198799 50.01199241],50.012037835116985,966.444161630696,1767.000000000001
51.96000000000252,[50.01206546 50.0120657  50.01193031 50.01193424],50.01199892884401,966.5739493163902,1767.0000000000027
51.980000000002526,[50.01204732 50.01203574 50.01187177 50.01187459],50.01195735810104,966.6649183128987,1766.9999999999957
52.00000000000253,[50.01202917 50.01200618 50.01181424 50.0118159 ],50.01191637370774,966.5203730842554,1767.0000000000077
52.02000000000253,[50.01201009 50.01197593 50.01175766 50.01175803],50.01187542740545,966.6563109077475,1766.9999999999973
52.040000000002536,[50.01198957 50.01194466 50.01170189 50.01170083],50.011834238701056,966.53470390898,1766.9999999999961
52.06000000000254,[50.01197248 50.01191872 50.01164937 50.01164743],50.01179699809303,966.3167560521471,1766.9999999999984
52.08000000000254,[50.01195841 50.01189759 50.01160019 50.01159787],50.01176351511701,966.2097999110377,1767.000000000002
52.100000000002545,[50.01194573 50.01187936 50.0115538  50.01155142],50.01173258001205,966.0925577902483,1767.0000000000032
52.12000000000255,[50.01193414 50.01186367 50.01151025 50.0115081 ],50.01170404240824,965.9972172139105,1766.9999999999989
52.14000000000255,[50.01191992 50.01184585 50.01146806 50.01146597],50.01167494974703,966.1276557932974,1767.0000000000023
52.160000000002555,[50.01190182 50.01182446 50.01142666 50.01142432],50.01164431303803,966.115293880738,1766.9999999999995
52.18000000000256,[50.0118788  50.0117982  50.01138575 50.01138273],50.01161136821368,966.3096819342747,1766.9999999999993
52.20000000000256,[50.01185492 50.01177242 50.01134704 50.01134349],50.01157946717743,966.0152219558823,1767.0000000000032
52.220000000002564,[50.01183143 50.01174849 50.0113114  50.01130759],50.011549725987706,966.1148498627349,1766.9999999999984
52.24000000000257,[50.01180326 50.01172002 50.01127648 50.01127204],50.01151794717137,966.1736943939133,1766.9999999999993
52.26000000000257,[50.01177041 50.01168703 50.01124227 50.01123685],50.011484138805805,966.2727299401026,1766.9999999999984
52.28000000000257,[50.01173363 50.0116505  50.01120903 50.01120239],50.01144888812278,966.2823956419508,1766.9999999999995
52.300000000002576,[50.01169378 50.01161144 50.01117712 50.01116913],50.011412866987115,966.325034532065,1766.9999999999973
52.32000000000258,[50.01165188 50.01157117 50.0111469  50.01113756],50.01137687556458,966.26760395603,1766.9999999999948
52.34000000000258,[50.01160981 50.01153194 50.01111915 50.0111087 ],50.01134239954508,966.1852871435939,1767.0
52.360000000002586,[50.01156417 50.01148927 50.0110923  50.01108052],50.0113065644135,966.3699603277972,1767.000000000002
52.38000000000259,[50.01151281 50.01144049 50.01106513 50.01105153],50.011267490210386,966.4466657217214,1767.0000000000057
52.40000000000259,[50.01145746 50.01138772 50.01103824 50.01102255],50.01122649005976,966.521506210032,1766.9999999999975
52.420000000002595,[50.01139852 50.0113314  50.0110116  50.01099361],50.01118378157419,966.5806367316603,1767.0
52.4400000000026,[50.01134426 50.01128206 50.01098863 50.01096922],50.01114604234072,966.094027788427,1767.0000000000025
52.4600000000026,[50.01129516 50.01123983 50.01096969 50.01094971],50.011113597066384,966.12537964176,1767.000000000002
52.480000000002605,[50.01124548 50.01119736 50.0109519  50.01093142],50.01108154055129,966.0521980515125,1767.0000000000011
52.50000000000261,[50.0111973  50.01115712 50.01093599 50.01091532],50.01105143319687,965.9526817480061,1767.0000000000025
52.52000000000261,[50.01115562 50.01112532 50.01092398 50.01090406],50.01102724297277,965.5458706335958,1766.9999999999998
52.540000000002614,[50.01111898 50.01109964 50.01091527 50.01089672],50.01100765095204,965.5571855228213,1766.9999999999945
52.56000000000262,[50.01107939 50.01106979 50.01090603 50.01088839],50.01098590093835,965.7197996010325,1767.0000000000027
52.58000000000262,[50.01104129 50.0110414  50.0108979  50.01088128],50.01096546473187,965.4399706343919,1766.9999999999998
52.60000000000262,[50.01100362 50.01101272 50.01089045 50.01087473],50.010945380270265,965.6838985852463,1767.0
52.62000000000263,[50.01096126 50.01097726 50.01088102 50.01086541],50.01092123735114,965.7766621548192,1767.0000000000025
52.64000000000263,[50.01091652 50.01093787 50.01087046 50.01085445],50.01089482452204,965.8712066026808,1766.9999999999977
52.66000000000263,[50.01086768 50.01089228 50.0108578  50.01084064],50.01086459920565,966.0949964371681,1767.000000000003
52.680000000002636,[50.01081217 50.01083728 50.01084162 50.01082226],50.010828333704644,966.3785215473766,1767.000000000003
52.70000000000264,[50.01075205 50.01077561 50.01082253 50.0108002 ],50.01078759535437,966.471958317575,1767.0000000000025
52.72000000000264,[50.01069009 50.01071082 50.01080157 50.01077591],50.01074459644862,966.570413790725,1766.9999999999936
52.740000000002645,[50.01062795 50.01064512 50.01077926 50.01075016],50.010700622574994,966.5566661482385,1766.9999999999961
52.76000000000265,[50.01056681 50.01058003 50.01075596 50.01072348],50.01065656987721,966.5804088805695,1767.0000000000005
52.78000000000265,[50.01050664 50.0105156  50.01073146 50.0106957 ],50.01061234946067,966.5748410314959,1767.000000000004
52.800000000002655,[50.01044969 50.0104548  50.01070657 50.01066795],50.0105697558881,966.4480874017864,1767.0000000000027
52.82000000000266,[50.01039602 50.0103977  50.01068124 50.0106402 ],50.0105287910078,966.4426148968437,1767.0000000000027
52.84000000000266,[50.01033906 50.010336   50.01065239 50.01060855],50.01048400178596,966.7753624105244,1766.9999999999989
52.860000000002664,[50.0102781  50.01026912 50.01061935 50.01057229],50.01043471172926,966.8280368420344,1766.9999999999998
52.88000000000267,[50.01021868 50.01020422 50.01058448 50.01053456],50.01038548393649,966.7773516319528,1767.0000000000002
52.90000000000267,[50.01016598 50.01014794 50.01055    50.01049828],50.010340551103035,966.4739919320042,1767.000000000007
52.92000000000267,[50.01012134 50.01010186 50.01051663 50.01046431],50.01030103426411,966.3285288638972,1767.0000000000007
52.94000000000268,[50.01008119 50.01006142 50.01048273 50.01043056],50.010263976127995,966.2738677901368,1767.0000000000016
52.96000000000268,[50.01004328 50.0100238  50.01044728 50.0103957 ],50.010227516747634,966.2849368802005,1767.0000000000016
52.98000000000268,[50.01000862 50.00999028 50.01041068 50.01036026],50.010192460942214,966.1626204843317,1767.0000000000036
53.000000000002686,[50.00997636 50.00995972 50.01037268 50.01032384],50.01015815053639,966.2289083117793,1766.9999999999961
53.02000000000269,[50.00994445 50.00992952 50.01033233 50.01028524],50.01012288689738,966.2497130020024,1766.9999999999982
53.04000000000269,[50.00991586 50.00990344 50.01029102 50.0102462 ],50.01008912935566,966.1090100856655,1766.9999999999993
53.060000000002695,[50.0098885  50.00987867 50.01024804 50.01020572],50.01005523070619,966.2681220369778,1767.0000000000025
53.0800000000027,[50.00986532 50.00985907 50.01020465 50.01016542],50.010023618613104,965.9231796893725,1766.9999999999986
53.1000000000027,[50.00984755 50.00984588 50.01016181 50.01012635],50.009995398788945,965.988318207716,1766.9999999999989
53.120000000002705,[50.00983116 50.00983398 50.01011777 50.01008622],50.00996728091427,965.9200887914354,1766.9999999999952
53.14000000000271,[50.00982497 50.00983455 50.01007664 50.01005023],50.00994659726785,965.3674576896769,1767.000000000004
53.16000000000271,[50.00982631 50.00984369 50.01003779 50.0100173 ],50.00993127150526,965.4723863367866,1766.9999999999993
53.180000000002714,[50.00982646 50.00985037 50.0099974  50.00998242],50.0099141639091,965.5203544371275,1767.0000000000016
53.20000000000272,[50.00982861 50.00985859 50.00995708 50.00994759],50.009897969337985,965.398075976363,1767.000000000004
53.22000000000272,[50.00983346 50.00986909 50.0099175  50.00991349],50.00988338419732,965.3866932940756,1766.9999999999984
53.24000000000272,[50.00983766 50.00987753 50.00987741 50.00987843],50.00986775748599,965.4870238787254,1767.0000000000005
53.26000000000273,[50.00984484 50.00988858 50.00983862 50.00984463],50.00985416658213,965.2162395379013,1767.0000000000011
53.28000000000273,[50.00985423 50.00990103 50.00980127 50.00981208],50.00984215242718,965.3541230411633,1767.0000000000068
53.30000000000273,[50.00985885 50.00990606 50.0097624  50.0097769 ],50.009826054283835,965.5595311757676,1766.999999999995
53.320000000002736,[50.00986339 50.00990985 50.00972423 50.00974194],50.00980985242757,965.3622587268915,1767.0000000000016
53.34000000000274,[50.00987186 50.0099174  50.00968898 50.00970991],50.00979703616548,965.2729978459287,1767.0000000000045
53.36000000000274,[50.00987976 50.00992296 50.0096549  50.00967848],50.009784024163444,965.3763671371291,1767.0000000000025
53.380000000002745,[50.00987762 50.00991465 50.00961801 50.00964243],50.00976317408532,965.9301307942691,1766.9999999999939
53.40000000000275,[50.00986811 50.00989639 50.00957932 50.00960324],50.009736765727126,965.8423129028178,1767.0000000000002
53.42000000000275,[50.00985966 50.00987893 50.00954295 50.00956616],50.009711923510295,965.7958775209827,1767.0000000000011
53.440000000002755,[50.00984681 50.00985548 50.00950668 50.00952829],50.00968431583846,966.0721387541828,1767.0000000000055
53.46000000000276,[50.00982378 50.00981903 50.00946791 50.00948638],50.00964927618557,966.4187146354103,1767.0000000000014
53.48000000000276,[50.00979232 50.00977229 50.00942736 50.0094415 ],50.00960836799867,966.5638640152515,1766.9999999999932
53.500000000002764,[50.00975887 50.00972376 50.00938792 50.00939747],50.00956700364025,966.4549566500499,1767.0000000000034
53.52000000000277,[50.00972334 50.00967348 50.00934972 50.00935449],50.009525259213106,966.5932450558115,1766.999999999997
53.54000000000277,[50.00968135 50.00961623 50.00931072 50.00931003],50.00947958320643,966.7833161232708,1766.999999999998
53.56000000000277,[50.00963537 50.00955554 50.00927187 50.00926552],50.00943207690722,966.7449788589911,1767.0
53.58000000000278,[50.0095887  50.00949581 50.00923466 50.00922292],50.00938552267646,966.7006825404175,1767.0000000000016
53.60000000000278,[50.00953964 50.00943504 50.00919827 50.00918128],50.0093385569775,966.7769369123035,1766.9999999999973
53.62000000000278,[50.00948394 50.00936805 50.00916068 50.00913811],50.00928769255395,967.0263443290589,1767.0000000000005
53.640000000002786,[50.00942472 50.00929917 50.00912298 50.009095  ],50.00923546683214,966.8896327693024,1767.0000000000045
53.66000000000279,[50.00936662 50.00923428 50.00908722 50.00905464],50.009185690979095,966.8181624948429,1767.0000000000023
53.68000000000279,[50.00930829 50.0091717  50.00905268 50.00901618],50.009137210211954,966.7786401512159,1766.9999999999973
53.700000000002795,[50.00925426 50.00911726 50.00902117 50.00898204],50.00909368335427,966.399251021977,1766.9999999999995
53.7200000000028,[50.00920282 50.00906845 50.00899202 50.00895128],50.009053640629865,966.4828922483869,1767.000000000001
53.7400000000028,[50.0091495  50.00901963 50.00896293 50.00892102],50.00901326813654,966.4249143330898,1767.0000000000027
53.760000000002805,[50.00909777 50.00897504 50.00893528 50.00889307],50.0089752898163,966.27954681488,1767.0000000000014
53.78000000000281,[50.00905149 50.00893935 50.0089107  50.00886951],50.00894276267598,965.9643197713132,1767.0000000000039
53.80000000000281,[50.00900884 50.00890981 50.00888839 50.00884921],50.00891406391033,965.9553051211218,1766.9999999999989
53.820000000002814,[50.00896107 50.008875   50.00886428 50.00882686],50.00888180282758,966.2626555011988,1767.0000000000023
53.84000000000282,[50.00890635 50.00883252 50.00883718 50.00880104],50.00884427579995,966.3983403693908,1766.9999999999973
53.86000000000282,[50.00885033 50.00878933 50.00880945 50.00877477],50.0088059706226,966.3289931558008,1766.9999999999993
53.88000000000282,[50.00879597 50.0087488  50.00878232 50.00874959],50.008769171905655,966.2729541570325,1767.0000000000018
53.90000000000283,[50.0087419  50.00870886 50.00875509 50.00872454],50.008732598983315,966.3119382313499,1766.9999999999998
53.92000000000283,[50.00868732 50.00866822 50.00872723 50.0086989 ],50.008695415965036,966.3269723943637,1767.0000000000011
53.94000000000283,[50.00863305 50.00862762 50.00869896 50.00867294],50.00865814226866,966.3229086952439,1767.000000000001
53.960000000002836,[50.00858038 50.00858844 50.00867073 50.0086472 ],50.00862168558131,966.2621371868547,1766.9999999999952
53.98000000000284,[50.00853236 50.00855427 50.0086438  50.00862325],50.00858841789457,966.0588222447669,1767.0000000000057
54.00000000000284,[50.00848314 50.00851722 50.00861561 50.00859766],50.00855340736398,966.413324177759,1767.000000000007
54.020000000002845,[50.00842735 50.00847052 50.0085834  50.00856697],50.00851206108215,966.5978852384632,1767.0000000000057
54.04000000000285,[50.00837174 50.00842268 50.00855003 50.00853488],50.008469829763264,966.4946135952068,1767.0000000000032
54.06000000000285,[50.0083235  50.00838263 50.00851868 50.00850546],50.00843256770639,966.1866850444952,1767.0000000000027
54.080000000002855,[50.00828151 50.00834857 50.00848898 50.00847809],50.00839928777175,966.1662060614298,1766.999999999997
54.10000000000286,[50.00824144 50.00831497 50.00845891 50.00845016],50.00836637298444,966.1629150736668,1767.000000000007
54.12000000000286,[50.00820938 50.00828953 50.00843107 50.00842504],50.008338754476966,965.7275434468838,1766.9999999999993
54.140000000002864,[50.00818514 50.00827166 50.00840564 50.00840278],50.008316301215935,965.7345557103644,1766.9999999999964
54.16000000000287,[50.0081636  50.00825487 50.00838025 50.00838032],50.00829475813637,965.6573897348193,1766.9999999999998
54.18000000000287,[50.00814665 50.00824154 50.0083558  50.00835877],50.008275689800534,965.5326488749142,1767.0000000000025
54.20000000000287,[50.00812827 50.00822389 50.00832974 50.00833477],50.00825416817402,965.8701898359798,1766.9999999999957
54.22000000000288,[50.00810775 50.00820135 50.00830155 50.00830774],50.008229598598106,965.796304085239,1767.0000000000039
54.24000000000288,[50.0080854  50.00817429 50.0082716  50.00827808],50.00820234270841,966.1034951373083,1766.9999999999998
54.26000000000288,[50.00806365 50.00814619 50.0082408  50.00824711],50.008174437715844,965.8588027356764,1767.0000000000039
54.280000000002886,[50.00804537 50.00812062 50.00821075 50.00821679],50.00814838168827,965.9552965341908,1767.0000000000027
54.30000000000289,[50.00802821 50.00809491 50.00818039 50.0081858 ],50.0081223264127,965.8662259523991,1767.0
54.32000000000289,[50.00801214 50.00806915 50.00814988 50.00815434],50.00809637708117,965.9535802599643,1766.999999999998
54.340000000002895,[50.00799861 50.00804552 50.00811985 50.0081233 ],50.008071822450916,965.7559837467148,1767.0
54.3600000000029,[50.00799232 50.00803012 50.00809263 50.00809565],50.008052680440066,965.504452881705,1766.9999999999989
54.3800000000029,[50.00799576 50.00802626 50.00806954 50.00807306],50.008041155224326,965.1203417242062,1767.0000000000036
54.400000000002905,[50.00800138 50.00802427 50.00804755 50.00805151],50.0080311780943,965.3784388025208,1767.0000000000055
54.42000000000291,[50.00800421 50.0080183  50.00802432 50.0080281 ],50.00801873163397,965.3326021643004,1767.000000000002
54.44000000000291,[50.00800907 50.00801466 50.00800219 50.00800584],50.00800794124426,965.243087886664,1766.9999999999993
54.460000000002914,[50.00801872 50.00801701 50.00798257 50.00798652],50.00800120570803,964.994778232657,1767.0000000000014
54.48000000000292,[50.00803125 50.00802295 50.0079649  50.00796937],50.0079971198454,965.0226618442927,1766.9999999999977
54.50000000000292,[50.00804909 50.00803585 50.00795032 50.00795586],50.0079977787288,964.5975540409398,1767.0000000000052
54.52000000000292,[50.00807431 50.00805817 50.00794016 50.00794759],50.0080050552468,964.466468602582,1767.0000000000025
54.54000000000293,[50.00810745 50.00809075 50.00793478 50.00794499],50.008019495611244,963.994489266197,1767.0000000000055
54.56000000000293,[50.00814572 50.00812978 50.0079334  50.00794685],50.00803894002098,964.0437648582794,1767.0000000000027
54.58000000000293,[50.00818008 50.00816392 50.00793204 50.00794804],50.00805601933545,964.1917892892573,1766.9999999999995
54.600000000002936,[50.00821233 50.00819561 50.00793156 50.00794968],50.008072297272605,964.1094752038427,1767.0000000000002
54.62000000000294,[50.00824196 50.00822414 50.00793199 50.00795172],50.00808745492532,964.2840382220138,1767.0000000000032
54.64000000000294,[50.0082676  50.00824793 50.00793276 50.00795344],50.00810043000218,964.2913530010068,1766.9999999999993
54.660000000002945,[50.00829303 50.00827183 50.00793569 50.00795718],50.00811443398857,964.1954765122488,1767.000000000003
54.68000000000295,[50.00831965 50.00829758 50.0079416  50.00796394],50.00813069032729,964.0994437715761,1766.9999999999957
54.70000000000295,[50.00834462 50.00832154 50.00794937 50.00797222],50.00814693972007,964.1934142244472,1766.9999999999989
54.720000000002955,[50.00836495 50.00834    50.00795767 50.00798034],50.00816074057026,964.3030256084228,1767.0000000000007
54.74000000000296,[50.00837747 50.008349   50.00796511 50.00798653],50.00816953046902,964.6129951674135,1767.0000000000048
54.76000000000296,[50.00838384 50.00835091 50.00797226 50.00799165],50.00817466433591,964.6092940348784,1766.999999999998
54.780000000002964,[50.00839217 50.0083561  50.00798277 50.00800043],50.00818286837698,964.3531442759501,1767.0000000000005
54.80000000000297,[50.00840606 50.00836903 50.00799838 50.00801507],50.00819713624242,964.0968840535813,1766.9999999999998
54.82000000000297,[50.00841792 50.00837988 50.00801581 50.00803128],50.00821122082071,964.3661102759971,1766.999999999995
54.84000000000297,[50.00842417 50.00838439 50.00803314 50.00804677],50.00822211896429,964.363294941066,1766.9999999999945
54.86000000000298,[50.00842468 50.00838233 50.00805031 50.00806145],50.008229692018276,964.6445169514349,1767.0000000000023
54.88000000000298,[50.00841625 50.00836986 50.0080656  50.00807326],50.008231241495956,964.8698275550889,1766.9999999999939
54.90000000000298,[50.00841045 50.0083619  50.0080839  50.00808864],50.00823622350963,964.3558416336301,1766.9999999999989
54.920000000002986,[50.00841267 50.00836493 50.00810784 50.0081109 ],50.00824908477993,964.2060769335263,1767.0000000000005
54.94000000000299,[50.0084139  50.00836743 50.00813325 50.00813468],50.00826231375854,964.324319798639,1767.0000000000023
54.96000000000299,[50.00840535 50.00835828 50.00815598 50.0081547 ],50.0082685751817,964.7927499659172,1767.000000000001
54.980000000002995,[50.00838761 50.00833849 50.00817578 50.00817088],50.00826818876977,964.8856513793579,1767.0
55.000000000003,[50.00836846 50.008318   50.00819595 50.00818755],50.00826748852614,964.8217717964437,1767.000000000002
55.020000000003,[50.00834916 50.00829829 50.00821691 50.00820529],50.008267413156,964.8361416770136,1767.0000000000011
55.040000000003005,[50.00832969 50.00827935 50.0082384  50.00822387],50.008267828773896,964.7841180692195,1767.000000000001
55.06000000000301,[50.00831579 50.00826843 50.00826273 50.00824636],50.0082733286723,964.4121905863392,1767.0000000000032
55.08000000000301,[50.00830876 50.00826687 50.00829048 50.00827341],50.00828487894879,964.2785144832459,1767.000000000002
55.100000000003014,[50.00830252 50.00826678 50.00831873 50.0083013 ],50.00829733360251,964.3399321190007,1766.9999999999993
55.12000000000302,[50.00829816 50.00826955 50.00834764 50.00833032],50.00831142058667,964.1455714239803,1766.9999999999989
55.14000000000302,[50.00829373 50.00827239 50.00837629 50.00835923],50.00832540985221,964.3528363516131,1767.0000000000016
55.16000000000302,[50.00828347 50.00826795 50.00840175 50.00838434],50.00833437817115,964.573989362854,1767.0000000000011
55.18000000000303,[50.00827358 50.00826419 50.00842648 50.00840891],50.00834328878524,964.3645593015109,1767.0000000000064
55.20000000000303,[50.00826447 50.00826126 50.00845068 50.00843315],50.00835239129718,964.564961877721,1766.9999999999995
55.22000000000303,[50.00825315 50.00825539 50.00847269 50.00845498],50.00835905027457,964.5783637437418,1766.9999999999993
55.240000000003036,[50.00824309 50.00825085 50.0084939  50.00847623],50.008366017834774,964.5477033579327,1766.9999999999993
55.26000000000304,[50.00823384 50.00824694 50.00851401 50.00849651],50.00837282621478,964.6009322302108,1767.0000000000077
55.28000000000304,[50.008221   50.00823793 50.00853088 50.00851309],50.00837572754091,964.8863979551949,1766.9999999999995
55.300000000003045,[50.00820681 50.00822681 50.00854521 50.00852696],50.008376448289056,964.7953339726993,1766.999999999998
55.32000000000305,[50.00819742 50.00822124 50.00855971 50.00854161],50.00837999531022,964.6595326718482,1766.9999999999995
55.34000000000305,[50.00819372 50.00822219 50.00857473 50.00855747],50.008387026182014,964.5130437393198,1766.9999999999952
55.360000000003055,[50.00819484 50.0082284  50.00858986 50.00857397],50.00839676959494,964.4419866078955,1767.0000000000002
55.38000000000306,[50.00819901 50.00823753 50.00860427 50.00859001],50.0084077025607,964.4236261659423,1767.0000000000011
55.40000000000306,[50.00820607 50.00824932 50.00861782 50.0086054 ],50.00841965156954,964.3671746403581,1766.9999999999977
55.420000000003064,[50.00821699 50.00826491 50.00863094 50.00862068],50.00843337814853,964.2845844864535,1766.999999999999
55.44000000000307,[50.00823488 50.00828818 50.00864504 50.00863761],50.008451425619356,964.0137354006321,1766.9999999999998
55.46000000000307,[50.00825904 50.00831799 50.00865999 50.00865591],50.00847323399377,963.9775483920956,1767.0
55.48000000000307,[50.00828245 50.00834536 50.00867273 50.00867156],50.00849302567853,964.1928071253375,1767.0000000000045
55.50000000000308,[50.0083051  50.00837041 50.00868316 50.00868447],50.00851078259201,964.158402303173,1766.9999999999989
55.52000000000308,[50.00833391 50.00840191 50.00869449 50.00869874],50.008532260796315,963.8887793512712,1767.0000000000002
55.54000000000308,[50.00837045 50.00844167 50.00870773 50.0087155 ],50.008558838639544,963.7373887463941,1767.000000000002
55.560000000003086,[50.00841029 50.00848397 50.00872108 50.00873237],50.00858692550333,963.7692397725282,1767.0000000000014
55.58000000000309,[50.00845501 50.00853091 50.00873532 50.00875031],50.00861789065989,963.5020788719579,1766.9999999999986
55.60000000000309,[50.0085027  50.00857988 50.00874998 50.00876855],50.008650276412126,963.6555872716988,1767.0000000000011
55.620000000003095,[50.00854978 50.00862652 50.00876349 50.00878508],50.008681215212995,963.6295609811446,1766.9999999999977
55.6400000000031,[50.00860028 50.00867601 50.00877789 50.00880244],50.00871415679643,963.4920286295306,1767.000000000004
55.6600000000031,[50.00865099 50.00872421 50.00879205 50.00881909],50.008746586927785,963.676799563145,1766.9999999999993
55.680000000003105,[50.00870136 50.00877069 50.00880581 50.00883481],50.00877816626741,963.567556073223,1767.0000000000034
55.70000000000311,[50.0087519  50.0088161  50.00881971 50.00885024],50.0088094850055,963.7018202668434,1766.9999999999993
55.72000000000311,[50.00880338 50.00886171 50.00883421 50.00886596],50.008841315472694,963.5271135415317,1767.000000000008
55.740000000003114,[50.00885466 50.00890604 50.00884916 50.0088817 ],50.00887288745254,963.7252066963563,1767.0000000000011
55.76000000000312,[50.00890356 50.00894667 50.00886363 50.00889631],50.0089025403839,963.6899751718886,1767.0000000000014
55.78000000000312,[50.00895562 50.0089908  50.00888034 50.00891325],50.00893500212946,963.489247542768,1767.000000000003
55.80000000000312,[50.00900887 50.009036   50.00889874 50.00893174],50.008968838800016,963.5735657141803,1767.0000000000025
55.82000000000313,[50.00906404 50.00908347 50.0089192  50.00895233],50.009004759657415,963.3124610406735,1767.0000000000027
55.84000000000313,[50.00912053 50.00913244 50.00894184 50.00897504],50.009042460409916,963.4211269276439,1767.0000000000034
55.86000000000313,[50.00917836 50.00918329 50.00896667 50.00899996],50.00908206969238,963.1485946821509,1767.000000000001
55.880000000003136,[50.00924203 50.0092417  50.00899603 50.00903002],50.009127446514945,962.9310449560367,1766.9999999999973
55.90000000000314,[50.00930577 50.00930037 50.0090276  50.00906216],50.009173975144876,963.0459200838309,1767.000000000003
55.92000000000314,[50.0093657  50.00935459 50.00905967 50.0090942 ],50.00921853902951,963.0903534367663,1767.0000000000032
55.940000000003145,[50.00942366 50.00940689 50.00909316 50.00912735],50.00926276821879,963.0675795202359,1766.9999999999973
55.96000000000315,[50.00948342 50.00946217 50.00912987 50.00916393],50.00930984635165,962.8434162556218,1767.0000000000005
55.98000000000315,[50.00954676 50.00952266 50.00917082 50.00920519],50.00936135746394,962.6862951504917,1766.999999999996
56.000000000003155,[50.00960755 50.00958054 50.00921343 50.00924775],50.00941231746979,962.880988762177,1767.0000000000011
56.02000000000316,[50.00966255 50.00963189 50.00925615 50.00928971],50.00946007635552,962.9470574608725,1767.0
56.04000000000316,[50.00971895 50.00968602 50.00930221 50.00933524],50.00951060487299,962.638922764594,1766.9999999999957
56.060000000003164,[50.00977826 50.00974466 50.00935249 50.00938541],50.009565204146405,962.5945599329141,1766.9999999999989
56.08000000000317,[50.00983472 50.00980049 50.00940443 50.00943692],50.00961913848771,962.6848244612844,1766.9999999999982
56.10000000000317,[50.00988912 50.00985464 50.00945827 50.00949013],50.00967303783085,962.5874882746971,1766.999999999999
56.120000000003174,[50.00993807 50.00990266 50.00951257 50.00954316],50.00972411270806,962.912472598086,1767.0000000000011
56.14000000000318,[50.00998177 50.0099451  50.00956712 50.00959588],50.00977246882518,962.8069864183208,1767.0000000000032
56.16000000000318,[50.01002558 50.00998862 50.00962434 50.00965141],50.00982248816038,962.7629931615883,1766.9999999999989
56.18000000000318,[50.01006461 50.01002699 50.00968201 50.0097069 ],50.00987012706804,962.9980758498508,1766.9999999999982
56.200000000003186,[50.01010197 50.01006431 50.00974117 50.00976384],50.00991782132622,962.7496849373349,1766.9999999999995
56.22000000000319,[50.01013779 50.01010051 50.00980196 50.00982237],50.00996565680731,962.9773633225216,1766.9999999999995
56.24000000000319,[50.01016921 50.01013213 50.00986276 50.00988052],50.01001115298913,962.9385858574154,1766.9999999999964
56.260000000003195,[50.0101989  50.01016246 50.00992461 50.00993971],50.01005642288151,962.9887041040347,1767.0000000000011
56.2800000000032,[50.01022979 50.01019526 50.00998857 50.01000138],50.01010374878108,962.7582281213978,1766.9999999999984
56.3000000000032,[50.01025926 50.01022695 50.01005343 50.01006395],50.01015089736889,962.9963669784862,1766.9999999999977
56.320000000003205,[50.01028585 50.01025583 50.01011811 50.01012619],50.01019649224648,962.8827010022637,1767.0000000000036
56.34000000000321,[50.01031266 50.01028566 50.01018387 50.01018973],50.01024298114438,962.9150648601158,1767.0000000000045
56.36000000000321,[50.01033982 50.01031657 50.01025047 50.01025438],50.010290307691335,962.8067018246222,1766.9999999999995
56.380000000003214,[50.010368   50.01034924 50.01031803 50.0103203 ],50.010338896208125,962.8036462128636,1766.9999999999973
56.40000000000322,[50.01039644 50.01038264 50.01038597 50.0103868 ],50.01038796475788,962.7616320833695,1766.999999999996
56.42000000000322,[50.01042623 50.01041802 50.01045453 50.01045426],50.01043826012571,962.6961498065804,1767.0000000000064
56.440000000003224,[50.01045591 50.01045336 50.01052288 50.01052161],50.01048843967214,962.7676099668325,1767.0000000000002
56.46000000000323,[50.01048262 50.01048497 50.01058946 50.01058691],50.010535990234075,962.9144842281358,1767.0000000000005
56.48000000000323,[50.01050764 50.01051445 50.01065454 50.0106506 ],50.01058180625239,962.9115662063257,1767.0000000000014
56.50000000000323,[50.01052999 50.0105404  50.01071749 50.01071192],50.01062495258593,963.1378412667125,1766.9999999999984
56.520000000003236,[50.01055306 50.01056723 50.01077947 50.01077247],50.010668059104894,962.914517553413,1766.9999999999961
56.54000000000324,[50.0105808  50.0105997  50.01084221 50.01083446],50.010714293231906,962.8741619181567,1767.0000000000036
56.56000000000324,[50.01061094 50.0106348  50.0109045  50.01089634],50.01076164777459,962.820130329874,1767.0
56.580000000003245,[50.01063987 50.01066782 50.01096459 50.01095589],50.01080704088426,963.0395714718289,1767.0000000000023
56.60000000000325,[50.01066788 50.01069922 50.01102228 50.01101295],50.0108505832828,962.9770547652298,1767.000000000004
56.62000000000325,[50.01070037 50.01073573 50.0110799  50.01107052],50.01089663162497,962.8298888679569,1766.9999999999961
56.640000000003255,[50.01073474 50.01077388 50.01113627 50.01112705],50.01094298425558,962.9527021865183,1767.000000000002
56.66000000000326,[50.01076672 50.01080824 50.01118928 50.01117987],50.010986026912455,963.1103365302102,1766.9999999999948
56.68000000000326,[50.01079798 50.01084101 50.0112395  50.01122977],50.01102706484534,963.1238105537378,1767.0
56.700000000003264,[50.01082971 50.01087364 50.0112874  50.0112774 ],50.01106703702901,963.2026013173967,1766.9999999999957
56.72000000000327,[50.01086564 50.01091093 50.01133454 50.01132476],50.01110896565018,962.9617995728217,1767.0
56.74000000000327,[50.01090652 50.01095362 50.01138138 50.01137239],50.01115347476245,962.9874937210185,1766.9999999999977
56.760000000003274,[50.01095127 50.01100039 50.01142735 50.01141958],50.011199647620245,962.8237131122423,1767.0000000000027
56.78000000000328,[50.0110029  50.01105499 50.0114739  50.01146812],50.011249977643814,962.6388498643887,1767.0000000000025
56.80000000000328,[50.01105815 50.01111309 50.0115197  50.01151622],50.01130178770402,962.6997562167865,1766.9999999999957
56.82000000000328,[50.01111523 50.01117249 50.01156392 50.0115628 ],50.01135361008032,962.6382132747219,1767.0000000000048
56.840000000003286,[50.01118085 50.01124174 50.01160966 50.01161182],50.01141101922816,962.2291442231497,1767.0000000000025
56.86000000000329,[50.01125467 50.01132007 50.01165713 50.01166336],50.01147380598145,962.1837994383654,1767.000000000002
56.88000000000329,[50.01133117 50.01140048 50.01170396 50.0117143 ],50.01153747655199,962.152360104971,1766.9999999999995
56.900000000003295,[50.01141093 50.01148367 50.01175059 50.0117651 ],50.011602572824614,962.0607004378987,1767.0
56.9200000000033,[50.011491   50.01156583 50.01179595 50.01181431],50.01166677211983,962.2240507986432,1766.9999999999984
56.9400000000033,[50.01156608 50.01164031 50.0118378  50.01185897],50.01172579173391,962.4927842572297,1766.999999999999
56.960000000003305,[50.01163828 50.01171002 50.01187715 50.01190041],50.01178146742131,962.5015772526269,1767.0000000000043
56.98000000000331,[50.01170422 50.01177062 50.01191281 50.011937  ],50.01183116185079,962.991913843822,1767.0000000000011
57.00000000000331,[50.0117615  50.01181947 50.01194362 50.01196736],50.011872987415536,963.1601168080251,1767.0000000000011
57.020000000003314,[50.01182072 50.01187032 50.01197449 50.01199782],50.01191583718959,962.9014005989012,1766.9999999999973
57.04000000000332,[50.01188498 50.01192701 50.01200718 50.01203055],50.01196242916282,962.8394169173736,1766.9999999999984
57.06000000000332,[50.01195018 50.01198451 50.01204007 50.01206343],50.012009546810944,962.8504528523691,1767.0000000000018
57.080000000003324,[50.01201224 50.01203777 50.01207153 50.01209433],50.01205396729191,963.0589731428757,1766.9999999999973
57.10000000000333,[50.01207008 50.01208578 50.01210111 50.01212274],50.01209492849216,963.1337764150172,1767.0000000000023
57.12000000000333,[50.0121261  50.01213178 50.01213003 50.01215026],50.01213454267528,963.1638109120989,1767.0000000000018
57.14000000000333,[50.01218036 50.01217603 50.01215848 50.01217712],50.012172996866624,963.2221214526675,1766.9999999999977
57.160000000003336,[50.01223891 50.01222649 50.01218923 50.01220694],50.012215393860444,962.8217081702263,1767.0000000000082
57.18000000000334,[50.01230007 50.01228087 50.01222196 50.01223918],50.0122605191844,962.9805639831052,1766.9999999999989
57.20000000000334,[50.01235669 50.01233039 50.01225346 50.01226975],50.012302571291116,963.0680729064508,1766.9999999999998
57.220000000003346,[50.0124113  50.01237842 50.01228492 50.01230021],50.01234371361673,963.0442083145524,1766.9999999999975
57.24000000000335,[50.01246468 50.01242605 50.01231684 50.0123312 ],50.01238469380429,963.0680164293714,1767.0000000000068
57.26000000000335,[50.01251552 50.01247171 50.01234873 50.01236208],50.01242450956323,963.1279275077319,1766.9999999999995
57.280000000003355,[50.01256027 50.01251097 50.01237908 50.01239092],50.012460308182945,963.3915040056924,1767.0000000000011
57.30000000000336,[50.01259825 50.0125432  50.01240751 50.0124173 ],50.01249156460783,963.4956997887942,1766.9999999999995
57.32000000000336,[50.01263113 50.0125706  50.01243481 50.01244228],50.012519704124664,963.6391105312504,1766.9999999999995
57.340000000003364,[50.01265905 50.01259344 50.012461   50.01246594],50.012544854696046,963.7324670056174,1767.0
57.36000000000337,[50.01268549 50.01261627 50.01248761 50.01249029],50.012569916091415,963.631548522031,1767.0000000000011
57.38000000000337,[50.01270961 50.0126379  50.01251435 50.01251493],50.012594198498164,963.7824442669862,1766.9999999999968
57.400000000003374,[50.01272468 50.01264986 50.01253812 50.01253593],50.0126121477184,964.1492421322635,1767.0000000000027
57.42000000000338,[50.01273198 50.01265397 50.01255922 50.01255379],50.012624739752425,964.2185905833451,1767.000000000002
57.44000000000338,[50.01273333 50.01265251 50.01257842 50.01256958],50.012633460698105,964.4603927634404,1767.0000000000018
57.46000000000338,[50.0127287  50.01264556 50.0125955  50.01258307],50.01263820916064,964.538743226347,1767.0000000000032
57.480000000003386,[50.01272223 50.01263833 50.01261216 50.01259655],50.01264231618503,964.5002370253035,1766.9999999999986
57.50000000000339,[50.01271536 50.01263256 50.01262897 50.01261076],50.01264691294535,964.4832215190896,1767.0000000000036
57.52000000000339,[50.01270752 50.01262742 50.01264553 50.01262522],50.01265142463115,964.4930235722684,1767.0000000000005
57.540000000003396,[50.01270174 50.01262667 50.01266301 50.01264146],50.01265822210441,964.2763471235413,1767.0000000000036
57.5600000000034,[50.012697   50.0126287  50.01268094 50.01265884],50.01266637179527,964.3642971691548,1767.0000000000016
57.5800000000034,[50.01268867 50.01262751 50.01269703 50.01267443],50.012671909853395,964.4815780845886,1766.9999999999982
57.600000000003405,[50.0126744  50.01261996 50.01271003 50.01268664],50.01267275630542,964.7451066455197,1767.0000000000005
57.62000000000341,[50.01266073 50.01261442 50.01272252 50.0126989 ],50.0126741414406,964.4227606947434,1766.9999999999989
57.64000000000341,[50.01265158 50.01261535 50.01273636 50.01271348],50.01267919158971,964.4226080933313,1767.000000000002
57.660000000003414,[50.01264535 50.01262055 50.01275063 50.01272921],50.012686434700484,964.2242485663196,1766.9999999999984
57.68000000000342,[50.01263878 50.01262545 50.0127639  50.01274412],50.012693060287084,964.4604917156179,1766.9999999999984
57.70000000000342,[50.01262944 50.01262693 50.01277478 50.01275647],50.012696906542715,964.4448131926277,1766.9999999999993
57.720000000003424,[50.0126186  50.01262631 50.01278378 50.01276687],50.01269889080312,964.6040957912567,1767.000000000003
57.74000000000343,[50.01260767 50.01262527 50.01279133 50.01277589],50.012700038681004,964.5026323936893,1766.9999999999995
57.76000000000343,[50.01259833 50.01262565 50.01279818 50.01278443],50.01270164698205,964.5527681579716,1767.0000000000016
57.78000000000343,[50.01259281 50.01263012 50.01280519 50.01279356],50.0127054210662,964.3079371666363,1767.0000000000034
57.800000000003436,[50.01259199 50.01263945 50.01281285 50.01280383],50.01271202832423,964.3014744716592,1767.0000000000018
57.82000000000344,[50.01259234 50.01264901 50.01281952 50.01281305],50.01271847996491,964.3082998912234,1767.0000000000027
57.84000000000344,[50.01259358 50.01265827 50.01282502 50.01282096],50.012724458963824,964.3286160682806,1767.0000000000045
57.860000000003446,[50.01259763 50.01266958 50.01283017 50.01282858],50.012731487377636,964.2073704443402,1767.0000000000025
57.88000000000345,[50.01260411 50.01268226 50.0128349  50.01283573],50.01273924941177,964.2540438716848,1767.0000000000011
57.90000000000345,[50.01261322 50.01269653 50.01283925 50.01284245],50.0127478656524,964.1226795809803,1767.000000000002
57.920000000003455,[50.01262255 50.01270915 50.0128423  50.01284745],50.01275536431625,964.3350806155155,1767.0000000000023
57.94000000000346,[50.01262845 50.0127156  50.01284233 50.01284853],50.01275872556911,964.4583731124535,1766.999999999993
57.96000000000346,[50.01263578 50.01272218 50.01284149 50.0128485 ],50.01276198950012,964.3308410139632,1766.9999999999977
57.980000000003464,[50.01264955 50.01273518 50.01284219 50.01285039],50.012769327188444,964.102521837656,1766.9999999999977
58.00000000000347,[50.01266565 50.01274931 50.01284282 50.01285203],50.01277745237557,964.2509581211689,1766.9999999999977
58.02000000000347,[50.01268215 50.01276234 50.01284246 50.01285229],50.01278481008747,964.1535603946118,1767.000000000001
58.040000000003474,[50.01269646 50.01277096 50.01284018 50.01284988],50.01278937013907,964.4725417519388,1766.9999999999984
58.06000000000348,[50.0127022  50.01276743 50.01283303 50.01284113],50.012785946739086,964.8122553207621,1766.9999999999984
58.08000000000348,[50.01270414 50.0127582  50.0128231  50.0128288 ],50.012778559608336,964.7933958202572,1767.0
58.10000000000348,[50.0127068  50.01274917 50.01281256 50.01281573],50.01277106274728,964.8084231845038,1766.9999999999952
58.120000000003486,[50.01270969 50.01273994 50.0128013  50.0128018 ],50.01276318439217,964.8121602155787,1767.0000000000068
58.14000000000349,[50.01271466 50.01273313 50.01279024 50.01278822],50.01275656254536,964.688895959682,1766.999999999999
58.16000000000349,[50.01271974 50.01272638 50.01277866 50.01277411],50.012749724760546,964.8159439939096,1766.999999999996
58.180000000003496,[50.01273146 50.01272838 50.01276942 50.0127632 ],50.01274811526554,964.2340139501752,1767.0000000000061
58.2000000000035,[50.01275108 50.01274054 50.01276357 50.01275672],50.012752978132426,964.254587373822,1767.0000000000007
58.2200000000035,[50.01277223 50.01275504 50.01275825 50.01275102],50.01275913359136,964.1081289266581,1766.9999999999995
58.240000000003505,[50.01279628 50.01277369 50.01275425 50.01274709],50.01276782950232,964.0228219120762,1767.0000000000005
58.26000000000351,[50.01282117 50.01279395 50.01275081 50.01274391],50.01277746087092,964.0108306886699,1767.000000000001
58.28000000000351,[50.01284628 50.01281518 50.01274776 50.01274126],50.01278762219388,963.9592080103283,1767.0000000000016
58.300000000003514,[50.0128716  50.0128374  50.01274526 50.01273931],50.01279839254262,963.9400755694041,1766.9999999999986
58.32000000000352,[50.01289836 50.01286225 50.01274398 50.0127389 ],50.01281087314699,963.795314254622,1767.0000000000043
58.34000000000352,[50.01292239 50.01288433 50.01274231 50.01273787],50.0128217244213,964.0567700424923,1767.0000000000045
58.360000000003524,[50.01294178 50.01290144 50.01273934 50.0127351 ],50.012829416011044,964.0411298513244,1767.0000000000002
58.38000000000353,[50.01295788 50.01291527 50.01273586 50.01273156],50.01283514265324,964.2018309689482,1766.9999999999989
58.40000000000353,[50.01296529 50.01291903 50.01272949 50.01272421],50.01283450503621,964.5568276749458,1766.999999999998
58.42000000000353,[50.01296664 50.01291631 50.0127213  50.0127145 ],50.012829688222496,964.5342519596167,1766.999999999995
58.440000000003536,[50.01296749 50.01291416 50.01271391 50.0127058 ],50.01282533889853,964.4979554440159,1766.9999999999989
58.46000000000354,[50.01296924 50.01291433 50.01270801 50.012699  ],50.012822644535746,964.3751725416442,1766.9999999999968
58.48000000000354,[50.01297248 50.01291751 50.01270397 50.01269452],50.01282211950001,964.2951318005876,1766.9999999999975
58.500000000003546,[50.01297524 50.01292111 50.01270095 50.01269128],50.01282214423405,964.3083655461589,1766.999999999998
58.52000000000355,[50.01297581 50.01292297 50.01269818 50.01268826],50.012821303282735,964.3474202658938,1766.999999999996
58.54000000000355,[50.01297672 50.01292628 50.01269674 50.01268687],50.01282165455757,964.1874120140361,1766.9999999999984
58.560000000003555,[50.0129767  50.01292923 50.01269617 50.01268646],50.01282213704116,964.3154836977303,1767.000000000002
58.58000000000356,[50.01297135 50.01292625 50.01269439 50.01268438],50.012819090993915,964.46393148691,1767.000000000002
58.60000000000356,[50.01296276 50.01292001 50.01269223 50.01268172],50.01281418026189,964.4524038547452,1766.9999999999986
58.620000000003564,[50.0129504  50.01290971 50.01268944 50.01267818],50.012806931573785,964.6409275935158,1766.9999999999993
58.64000000000357,[50.01293109 50.01289132 50.01268447 50.01267176],50.01279466060357,964.8560819664524,1767.0000000000025
58.66000000000357,[50.01290939 50.01287073 50.01267915 50.01266494],50.012781054560264,964.7349505850087,1767.000000000003
58.680000000003574,[50.01289202 50.01285633 50.01267649 50.01266157],50.01277160160538,964.4880760047552,1767.0000000000005
58.70000000000358,[50.0128771  50.01284548 50.0126757  50.01266057],50.01276471096514,964.5005579914196,1766.999999999996
58.72000000000358,[50.0128605  50.01283287 50.0126748  50.01265939],50.01275689009851,964.5479572913757,1766.9999999999995
58.74000000000358,[50.01284377 50.01282044 50.01267432 50.01265876],50.012749325530905,964.4609345577264,1767.0000000000023
58.760000000003586,[50.0128296  50.01281146 50.01267541 50.01266014],50.01274414995788,964.3289097466118,1767.0000000000034
58.78000000000359,[50.01281517 50.01280216 50.01267678 50.01266184],50.01273898584831,964.4421176279167,1766.9999999999995
58.80000000000359,[50.01280432 50.01279745 50.0126799  50.0126658 ],50.01273686791194,964.0551078672411,1767.0000000000045
58.820000000003596,[50.01279609 50.0127957  50.01268454 50.0126716 ],50.01273698089342,964.2365419946775,1767.000000000002
58.8400000000036,[50.01278842 50.0127944  50.01268948 50.01267773],50.01273750648092,964.0032672333507,1767.0000000000016
58.8600000000036,[50.01279053 50.01280502 50.01269888 50.01268949],50.0127459801613,963.5500948730912,1766.9999999999998
58.880000000003605,[50.01280431 50.01282959 50.01271373 50.01270801],50.012763909180876,963.1891294713791,1766.9999999999961
58.90000000000361,[50.01281979 50.01285506 50.01272972 50.01272758],50.01278304003541,963.430307588979,1766.9999999999973
58.92000000000361,[50.0128319  50.01287511 50.01274432 50.012745  ],50.01279908258985,963.4313565346888,1766.9999999999977
58.940000000003614,[50.0128465  50.01289707 50.01276012 50.01276357],50.0128168123364,963.2709142158211,1766.9999999999973
58.96000000000362,[50.0128648  50.01292226 50.01277775 50.01278403],50.01283720798232,963.1896236137237,1767.0000000000005
58.98000000000362,[50.01288745 50.01295143 50.01279751 50.01280671],50.01286077638542,962.9866439581533,1767.0000000000011
59.000000000003624,[50.01291352 50.01298318 50.01281911 50.01283115],50.012886737565076,962.9709149560113,1766.9999999999989
59.02000000000363,[50.0129406  50.01301446 50.01284146 50.01285592],50.012913108895276,962.9351171659478,1766.9999999999964
59.04000000000363,[50.01297211 50.01304957 50.01286609 50.01288296],50.01294268445925,962.6843324813341,1766.9999999999984
59.06000000000363,[50.01300923 50.01308989 50.01289371 50.01291311],50.012976482744904,962.5624910841071,1766.9999999999984
59.080000000003636,[50.01304929 50.01313199 50.0129232  50.01294485],50.013012332336544,962.49445039889,1766.9999999999986
59.10000000000364,[50.01308913 50.01317185 50.0129532  50.01297644],50.01304765635682,962.5896645039088,1766.999999999999
59.12000000000364,[50.01312486 50.01320467 50.01298199 50.01300564],50.01307928837841,962.7887301353483,1766.9999999999975
59.140000000003646,[50.013165   50.01324159 50.01301323 50.01303729],50.0131142769483,962.2911127855513,1767.0000000000014
59.16000000000365,[50.01321661 50.01329137 50.01305045 50.0130758 ],50.01315855744015,961.9895310824288,1766.9999999999995
59.18000000000365,[50.01327423 50.01334705 50.01309139 50.01311818],50.01320771105246,961.8632795129448,1767.0000000000027
59.200000000003655,[50.01333639 50.01340689 50.01313544 50.01316364],50.01326059173854,961.6578860104255,1766.9999999999993
59.22000000000366,[50.0133985  50.01346506 50.01318073 50.01320973],50.01331350619662,961.8422689579893,1767.0000000000027
59.24000000000366,[50.01345216 50.01351117 50.01322347 50.01325162],50.01335960364797,962.2143092706577,1767.0000000000016
59.260000000003664,[50.01350081 50.01355005 50.01326501 50.01329122],50.01340177221752,962.1565996494348,1766.9999999999955
59.28000000000367,[50.01355013 50.01358906 50.01330805 50.01333201],50.01344481151733,962.1247217627839,1766.999999999999
59.30000000000367,[50.01360206 50.01363089 50.01335348 50.01337522],50.01349041465264,961.924540910733,1766.999999999999
59.320000000003674,[50.01365458 50.01367307 50.01340058 50.0134199 ],50.01353703259983,962.0228190526356,1767.0000000000014
59.34000000000368,[50.01370299 50.01370995 50.01344718 50.01346336],50.013580871019684,962.1424670861995,1766.999999999997
59.36000000000368,[50.01374613 50.01374035 50.0134927  50.01350497],50.01362103540132,962.316567580255,1766.9999999999966
59.38000000000368,[50.01378681 50.01376823 50.01353828 50.01354634],50.013659914437746,962.2357071591097,1766.9999999999986
59.400000000003686,[50.01382703 50.0137963  50.01358486 50.01358875],50.013699233847724,962.2645966053598,1767.0000000000005
59.42000000000369,[50.0138598  50.01381587 50.0136293  50.01362822],50.01373329567303,962.6638464583776,1767.0000000000011
59.44000000000369,[50.0138876  50.01383065 50.01367236 50.01366598],50.013764148192365,962.5214010631778,1767.0000000000011
59.460000000003696,[50.01391726 50.01384939 50.01371715 50.01370611],50.01379747701857,962.4419795334705,1767.0000000000007
59.4800000000037,[50.01394996 50.01387375 50.01376413 50.01374926],50.01383427278769,962.2161220592204,1767.0000000000005
59.5000000000037,[50.01398598 50.01390408 50.01381343 50.01379564],50.013874781519036,962.115667459155,1767.0000000000014
59.520000000003705,[50.01402515 50.01394026 50.01386487 50.01384508],50.013918840542985,961.9034030524932,1767.0000000000018
59.54000000000371,[50.01406178 50.01397495 50.01391595 50.01389433],50.013961751474454,962.1983602784638,1766.9999999999989
59.56000000000371,[50.01409427 50.01400638 50.0139656  50.01394219],50.014002110546876,962.1051898655013,1766.999999999996
59.580000000003714,[50.01412735 50.01404044 50.01401592 50.01399136],50.01404376645528,962.0763164239598,1767.0000000000014
59.60000000000372,[50.01416091 50.01407693 50.01406675 50.01404167],50.01408656476533,961.9964360509426,1767.0000000000005
59.62000000000372,[50.01419777 50.01411933 50.01411927 50.01409464],50.01413275384218,961.7784034722532,1767.0000000000005
59.640000000003724,[50.01423688 50.01416601 50.01417304 50.01414964],50.01418139372239,961.7775353527824,1766.9999999999989
59.66000000000373,[50.01427635 50.01421443 50.01422707 50.01420539],50.01423081239704,961.7005880212596,1767.000000000001
59.68000000000373,[50.01431862 50.01426748 50.01428239 50.01426318],50.01428291428729,961.5395449471645,1767.0000000000007
59.70000000000373,[50.01436114 50.01432158 50.01433787 50.01432147],50.01433551470333,961.6465858207613,1767.0000000000002
59.720000000003736,[50.01439851 50.01436969 50.01439095 50.01437697],50.014384031078926,961.8720515936811,1767.0
59.74000000000374,[50.01443455 50.01441661 50.01444313 50.0144316 ],50.014431474295414,961.7265111854563,1767.0000000000045
59.76000000000374,[50.01447312 50.01446687 50.01449616 50.01448758],50.01448093151551,961.6921964045441,1767.0000000000007
59.780000000003746,[50.01451173 50.01451706 50.01454891 50.01454335],50.01453026530749,961.7269216676865,1767.0000000000016
59.80000000000375,[50.01454534 50.01456052 50.01459906 50.01459588],50.014575198914194,962.0532192737771,1766.9999999999961
59.82000000000375,[50.01457671 50.01460082 50.01464756 50.01464647],50.01461788931077,961.9074138775342,1767.0000000000016
59.840000000003755,[50.0146084  50.01464085 50.01469564 50.01469661],50.01466037271291,962.0624143392424,1767.0000000000007
59.86000000000376,[50.01464273 50.01468357 50.01474415 50.01474742],50.01470446674686,961.7641333470424,1766.9999999999995
59.88000000000376,[50.01468766 50.01473873 50.01479675 50.01480352],50.0147566666536,961.3717658910372,1766.9999999999984
59.900000000003764,[50.01473693 50.01479798 50.01485085 50.01486137],50.01481178341342,961.5096420783719,1766.999999999998
59.92000000000377,[50.01478185 50.01485026 50.01490239 50.01491577],50.014862568536024,961.7279929104545,1767.0000000000032
59.94000000000377,[50.01482288 50.01489622 50.01495143 50.01496684],50.01490934103846,961.8397170735985,1767.0000000000005
59.960000000003774,[50.01486214 50.01493848 50.01499887 50.01501571],50.014953798622386,961.9156341889997,1766.9999999999989
59.98000000000378,[50.01490008 50.01497763 50.01504488 50.01506262],50.014996302132246,961.997366739788,1766.9999999999984
60.00000000000378,[50.01494076 50.01501888 50.01509122 50.01510985],50.01504017935615,961.7933747815096,1767.0000000000005
60.02000000000378,[50.01498974 50.01506923 50.01514049 50.0151607 ],50.015090041521034,961.4863964109618,1767.000000000004
60.040000000003786,[50.01504771 50.0151294  50.01519315 50.01521567],50.01514648127035,961.2316690909151,1766.9999999999998
60.06000000000379,[50.01510896 50.01519204 50.01524678 50.01527157],50.0152048370323,961.3164646948056,1766.999999999997
60.08000000000379,[50.01516494 50.01524637 50.01529753 50.01532343],50.01525806654445,961.654797658334,1766.999999999999
60.100000000003796,[50.01521549 50.01529252 50.01534516 50.01537105],50.015306055043254,961.7499933960371,1767.0000000000014
60.1200000000038,[50.01526563 50.01533702 50.01539194 50.01541741],50.015353001701136,961.735014796692,1766.9999999999998
60.1400000000038,[50.01531678 50.01538178 50.01543861 50.01546343],50.01540015181773,961.7252882101153,1766.9999999999977
60.160000000003805,[50.01537035 50.01542875 50.01548582 50.01551001],50.01544873328427,961.6067550022547,1767.0000000000023
60.18000000000381,[50.0154297  50.0154823  50.01553518 50.01555921],50.015501597908724,961.3564048685483,1766.9999999999986
60.20000000000381,[50.01549317 50.01554034 50.01558616 50.01561028],50.015557488561456,961.3428979557403,1767.0000000000005
60.220000000003814,[50.01555609 50.01559711 50.0156367  50.0156606 ],50.01561262524099,961.4104943395539,1767.0000000000005
60.24000000000382,[50.01561613 50.01564982 50.01568576 50.01570889],50.01566515065157,961.5533085668433,1767.0000000000052
60.26000000000382,[50.01567758 50.01570428 50.01573525 50.01575765],50.01571868863657,961.315834447751,1767.0000000000007
60.280000000003824,[50.01573905 50.01575861 50.01578479 50.01580635],50.0157722012668,961.5453713051808,1766.999999999998
60.30000000000383,[50.01580059 50.01581328 50.01583428 50.01585496],50.015825778628674,961.3004790788137,1767.0000000000027
60.32000000000383,[50.01586622 50.01587334 50.01588576 50.01590607],50.01588284808136,961.2406637103302,1767.0000000000011
60.34000000000383,[50.01593196 50.01593386 50.01593753 50.01595749],50.01594020899548,961.2648156294658,1767.0000000000011
60.360000000003836,[50.01599678 50.01599368 50.01598918 50.0160087 ],50.01599708619771,961.2700424133656,1766.9999999999995
60.38000000000384,[50.01606041 50.01605254 50.01604065 50.01605964],50.0160533082044,961.3084114902091,1767.0000000000027
60.40000000000384,[50.01612588 50.01611446 50.0160933  50.01611211],50.01611143698694,961.0977191410311,1767.0000000000016
60.420000000003846,[50.01619713 50.01618439 50.01614908 50.01616858],50.01617479345079,960.8556918731707,1766.9999999999984
60.44000000000385,[50.01626925 50.01625597 50.01620601 50.01622639],50.01623940482816,960.9786936973874,1766.9999999999989
60.46000000000385,[50.01633807 50.01632404 50.01626216 50.0162831 ],50.01630184545583,961.0251084421993,1767.0000000000016
60.480000000003855,[50.01640847 50.01639487 50.01631973 50.01634157],50.01636616073029,960.8073511746688,1767.0
60.50000000000386,[50.016473   50.01645877 50.01637567 50.01639774],50.01642629544975,961.3631207234234,1767.0
60.52000000000386,[50.01652457 50.01650709 50.01642648 50.01644729],50.01647635922862,961.6425114671897,1767.0000000000011
60.540000000003864,[50.01657247 50.01655181 50.01647624 50.01649554],50.01652401709592,961.5535521993544,1767.0000000000002
60.56000000000387,[50.01661911 50.0165959  50.01652618 50.01654405],50.016571310131546,961.6609465205462,1767.0
60.58000000000387,[50.01666139 50.01663547 50.01657485 50.016591  ],50.01661567395777,961.7881145968379,1766.9999999999995
60.600000000003874,[50.0166986  50.01666968 50.01662185 50.01663592],50.01665651382924,961.9458822210563,1766.9999999999984
60.62000000000388,[50.01673493 50.01670401 50.01666893 50.01668116],50.01669725936822,961.7845852707663,1767.0000000000014
60.64000000000388,[50.01677478 50.0167439  50.0167181  50.01672928],50.01674151386898,961.6385517473475,1767.0000000000027
60.66000000000388,[50.01681985 50.01679144 50.01677012 50.01678124],50.01679066347949,961.3600405752459,1767.0000000000025
60.680000000003886,[50.0168663  50.01684151 50.01682337 50.01683489],50.016841517872024,961.4819320321332,1767.0000000000014
60.70000000000389,[50.01691025 50.01688923 50.01687592 50.01688778],50.01689079564777,961.4798923690647,1767.0000000000018
60.72000000000389,[50.01695374 50.01693711 50.01692862 50.01694103],50.01694012573266,961.4646569566949,1767.0
60.740000000003896,[50.01699292 50.01698011 50.01697974 50.01699235],50.01698627890982,961.7346269133743,1767.0
60.7600000000039,[50.01702869 50.01701948 50.01702942 50.01704204],50.017029905813715,961.6653118449967,1767.0000000000016
60.7800000000039,[50.01706657 50.01706205 50.01708012 50.01709324],50.01707549376156,961.5574567100575,1767.0000000000011
60.800000000003905,[50.01710679 50.01710795 50.01713196 50.01714604],50.01712318436368,961.476071176203,1767.000000000001
60.82000000000391,[50.01715172 50.01716005 50.01718592 50.01720169],50.01717484286828,961.2109866508473,1767.000000000001
60.84000000000391,[50.01720101 50.01721762 50.01724193 50.01726001],50.017230141601495,961.1566474734842,1767.000000000003
60.860000000003915,[50.01724669 50.01727035 50.01729641 50.01731633],50.017282445173564,961.4502737679655,1766.9999999999995
60.88000000000392,[50.01728523 50.0173138  50.01734752 50.01736835],50.01732872447138,961.6518384407302,1767.0000000000002
60.90000000000392,[50.01732099 50.01735353 50.01739708 50.01741844],50.01737251120827,961.6487960074536,1767.0000000000036
60.920000000003924,[50.01735635 50.01739245 50.01744615 50.01746794],50.01741572491934,961.6889879565618,1767.000000000001
60.94000000000393,[50.01739472 50.01743484 50.01749614 50.0175187 ],50.017461100013094,961.4559095020117,1767.0000000000016
60.96000000000393,[50.01743617 50.01748052 50.01754719 50.01757082],50.01750867218679,961.4927138505842,1767.000000000001
60.98000000000393,[50.01747701 50.01752482 50.01759756 50.01762203],50.017555353756784,961.5197630853453,1766.9999999999995
61.000000000003936,[50.01751614 50.01756629 50.01764669 50.01767165],50.01760019268327,961.6369185541145,1766.999999999998
61.02000000000394,[50.01755839 50.01761115 50.01769659 50.01772228],50.01764710005598,961.3349259923467,1767.0
61.04000000000394,[50.01760935 50.01766626 50.01774989 50.01777725],50.01770068703466,961.0631309526049,1767.0000000000005
61.060000000003946,[50.01766614 50.01772779 50.01780542 50.01783495],50.01775857613121,960.9606263176915,1767.0000000000027
61.08000000000395,[50.01772379 50.01778934 50.01786096 50.01789248],50.01781664402993,961.0357359718867,1767.000000000001
61.10000000000395,[50.01778304 50.01785192 50.01791675 50.01795015],50.01787546602122,960.8848781706947,1766.9999999999961
61.120000000003955,[50.01784489 50.01791665 50.01797334 50.01800863],50.01793587770445,960.8892898085529,1766.9999999999977
61.14000000000396,[50.01790917 50.01798338 50.01803065 50.0180678 ],50.017997747674144,960.749421927354,1767.0000000000027
61.16000000000396,[50.01797728 50.01805376 50.01808942 50.01812853],50.018062246607954,960.6548706919339,1767.000000000004
61.180000000003965,[50.0180457  50.0181233  50.01814816 50.01818889],50.01812651450324,960.7555586260116,1766.9999999999984
61.20000000000397,[50.0181095  50.01818579 50.01820468 50.01824602],50.018186496853374,961.0026373390447,1767.000000000004
61.22000000000397,[50.01817443 50.01824882 50.0182614  50.01830317],50.018246957271835,960.7026419670129,1767.000000000003
61.240000000003974,[50.01824152 50.01831348 50.01831911 50.0183612 ],50.01830882648423,960.8706842772048,1766.9999999999984
61.26000000000398,[50.01831267 50.01838248 50.0183785  50.01842112],50.01837369248611,960.4370521670155,1767.000000000001
61.28000000000398,[50.01838896 50.01845693 50.01844043 50.01848387],50.01844254914181,960.5202974668865,1767.0000000000014
61.30000000000398,[50.01846159 50.01852585 50.01850094 50.01854439],50.01850819260444,960.6932490970468,1766.9999999999977
61.320000000003986,[50.018534   50.01859386 50.01856149 50.01860463],50.01857349457718,960.5348514647624,1767.0000000000005
61.34000000000399,[50.01860662 50.01866147 50.01862247 50.01866505],50.018638903196454,960.6696037319502,1767.0000000000011
61.36000000000399,[50.01867699 50.01872579 50.01868275 50.01872425],50.018702445002305,960.6774934107966,1767.0000000000025
61.380000000003996,[50.01875139 50.01879498 50.01874516 50.01878593],50.018769364980145,960.3703401710236,1767.0000000000005
61.400000000004,[50.01883019 50.01886941 50.01881012 50.01885053],50.018840063818864,960.343565960123,1767.0000000000014
61.420000000004,[50.01890842 50.01894291 50.01887544 50.01891528],50.01891051198841,960.3753877059594,1767.0000000000025
61.440000000004005,[50.01898655 50.01901622 50.01894134 50.01898047],50.01898114477417,960.3117736229251,1767.0000000000036
61.46000000000401,[50.01906249 50.01908678 50.019007   50.01904505],50.01905032788383,960.4809209121743,1767.000000000001
61.48000000000401,[50.01913691 50.01915566 50.01907262 50.01910936],50.0191186370934,960.3689834452468,1767.0000000000039
61.500000000004015,[50.01921044 50.01922368 50.01913864 50.01917395],50.01918667659045,960.4868930524179,1767.0000000000005
61.52000000000402,[50.01927327 50.01927853 50.01920068 50.01923323],50.019246427995505,961.0504452762675,1766.9999999999995
61.54000000000402,[50.01932658 50.01932218 50.01925893 50.01928765],50.01929883379286,961.0902170848038,1767.0000000000002
61.560000000004024,[50.01937638 50.01936239 50.01931615 50.01934081],50.01934893319456,961.2296032239542,1767.000000000001
61.58000000000403,[50.01941617 50.01939104 50.01936939 50.01938901],50.01939140323524,961.7180257725942,1767.0000000000025
61.60000000000403,[50.01945001 50.01941377 50.01942011 50.01943435],50.019429556474336,961.5795358071516,1767.0000000000018
61.62000000000403,[50.01948473 50.01943925 50.01947145 50.0194809 ],50.019469080959084,961.5887237794124,1767.000000000001
61.64000000000404,[50.01952366 50.0194719  50.01952477 50.01953049],50.01951270346562,961.2204356599067,1767.0000000000027
61.66000000000404,[50.01956648 50.0195111  50.01958004 50.01958308],50.01956017420336,961.2497023614882,1767.0000000000011
61.68000000000404,[50.01961098 50.0195542  50.01963609 50.01963721],50.01960962080798,961.0388868798635,1767.0000000000032
61.700000000004046,[50.01965919 50.01960365 50.01969384 50.01969404],50.019662680481716,960.9296655961439,1767.000000000002
61.72000000000405,[50.01970779 50.01965512 50.01975173 50.01975159],50.01971655808679,960.9538690633232,1767.000000000003
61.74000000000405,[50.01974959 50.0196994  50.01980648 50.01980561],50.019765269672334,961.3486723961902,1767.000000000001
61.760000000004055,[50.01978848 50.01974164 50.01985946 50.01985802],50.019811901012204,961.113918042159,1767.0000000000027
61.78000000000406,[50.01982802 50.019786   50.0199124  50.01991095],50.01985934399792,961.2648648564053,1767.0000000000023
61.80000000000406,[50.01986943 50.01983407 50.01996562 50.01996487],50.01990849656231,960.9547988935999,1767.0000000000005
61.820000000004065,[50.01991833 50.01989259 50.02002174 50.02002306],50.01996392942438,960.7201487233943,1767.0000000000036
61.84000000000407,[50.01997375 50.01996003 50.02008037 50.02008488],50.0200247588638,960.4838495871885,1767.0000000000036
61.86000000000407,[50.02003714 50.02003791 50.02014217 50.0201511 ],50.0200920801972,960.1562560027266,1767.000000000003
61.880000000004074,[50.02010502 50.02012132 50.02020573 50.02021971],50.02016294416367,960.1674983311033,1767.000000000002
61.90000000000408,[50.02017074 50.02020161 50.02026802 50.02028677],50.020231783707835,960.3087225823698,1767.0000000000005
61.92000000000408,[50.02023631 50.02028117 50.02032984 50.02035323],50.02030013671386,960.1907793452666,1767.000000000001
61.94000000000408,[50.0203024  50.02036047 50.02039159 50.02041951],50.02036849315637,960.2905819900758,1767.0000000000002
61.96000000000409,[50.02036531 50.02043465 50.02045162 50.0204834 ],50.02043374684427,960.4345293315306,1766.9999999999995
61.98000000000409,[50.02042415 50.02050243 50.02050949 50.02054429],50.02049508899594,960.6028884348077,1767.0000000000025
62.00000000000409,[50.0204808  50.02056613 50.020566   50.02060319],50.02055403227906,960.6199126787895,1767.000000000002
62.020000000004096,[50.02053596 50.02062645 50.02062152 50.02066053],50.02061111473673,960.7430835803455,1767.0000000000011
62.0400000000041,[50.02059043 50.02068445 50.02067637 50.0207167 ],50.02066698410976,960.7058136206505,1767.0000000000011
62.0600000000041,[50.02064332 50.02073885 50.02073023 50.02077125],50.02072091326128,960.8901407203643,1767.000000000002
62.080000000004105,[50.02069218 50.02078666 50.02078192 50.02082269],50.02077086143522,961.0250888175564,1767.0000000000011
62.10000000000411,[50.02073968 50.02083138 50.02083257 50.02087252],50.02081903915894,961.0234936490525,1767.0000000000018
62.12000000000411,[50.0207939  50.02088337 50.02088577 50.0209254 ],50.02087211139681,960.5969264106247,1767.0000000000023
62.140000000004115,[50.02084891 50.02093483 50.02093922 50.0209782 ],50.02092529037839,960.9974480739743,1766.9999999999989
62.16000000000412,[50.02089611 50.02097525 50.02098875 50.02102574],50.02097146298313,961.1705601884606,1767.0000000000018
62.18000000000412,[50.02094081 50.02101164 50.02103669 50.02107107],50.02101505170963,961.1989294898741,1767.0000000000011
62.200000000004124,[50.02098698 50.0210492  50.02108478 50.02111653],50.021059373300204,961.0926196748452,1767.0000000000016
62.22000000000413,[50.02103533 50.02108894 50.02113344 50.02116264],50.02110508820546,961.0649069918748,1767.0000000000011
62.24000000000413,[50.02108138 50.02112532 50.02118066 50.02120687],50.021148558812605,961.2646491399696,1767.0000000000007
62.26000000000413,[50.02112526 50.02115887 50.02122637 50.02124925],50.021189936837615,961.2243524106718,1767.0000000000016
62.28000000000414,[50.02117084 50.02119466 50.0212723  50.02129206],50.02123246664779,961.1505608802694,1767.0000000000005
62.30000000000414,[50.02121274 50.02122597 50.02131615 50.02133235],50.02127180379587,961.4757824019935,1766.9999999999977
62.32000000000414,[50.0212537  50.02125674 50.02135885 50.02137153],50.0213102048202,961.2123832658534,1767.000000000002
62.340000000004146,[50.02129936 50.0212941  50.02140312 50.02141305],50.02135240809784,961.1377665773474,1767.0000000000018
62.36000000000415,[50.02134876 50.021337   50.02144853 50.0214564 ],50.02139766940758,960.9364887727177,1767.0000000000025
62.38000000000415,[50.02140183 50.02138535 50.02149514 50.02150164],50.02144599025027,960.8609446051775,1767.000000000001
62.400000000004155,[50.02145371 50.02143301 50.0215408  50.02154602],50.02149338496248,960.994840687587,1766.9999999999977
62.42000000000416,[50.02150399 50.0214797  50.02158524 50.02158927],50.021539549783114,960.9448904407255,1766.9999999999995
62.44000000000416,[50.02155313 50.02152594 50.02162874 50.02163171],50.021584882791835,961.0449675668533,1766.9999999999984
62.460000000004165,[50.02159667 50.02156617 50.02166929 50.0216708 ],50.02162573440111,961.3024450027954,1766.9999999999993
62.48000000000417,[50.02163212 50.02159738 50.02170567 50.02170505],50.02166005638843,961.5755138408477,1766.9999999999998
62.50000000000417,[50.02166829 50.02163099 50.02174166 50.02173943],50.021695091346814,961.2235090373138,1767.000000000002
62.520000000004174,[50.02170798 50.02167023 50.0217788  50.0217758 ],50.02173320070468,961.2968070090739,1767.0000000000005
62.54000000000418,[50.02174674 50.02170952 50.02181502 50.02181154],50.021770703321884,961.2546675373006,1766.9999999999993
62.56000000000418,[50.02178618 50.02175083 50.02185108 50.02184758],50.021808915492336,961.2167829513864,1767.0
62.58000000000418,[50.02182741 50.02179549 50.02188748 50.02188456],50.02184873618856,961.0985772488955,1767.0000000000014
62.60000000000419,[50.0218729  50.0218465  50.02192539 50.02192394],50.02189217938179,960.8905122401757,1766.9999999999993
62.62000000000419,[50.02192313 50.02190421 50.02196513 50.02196603],50.021939623510406,960.7396389639886,1767.0000000000005
62.64000000000419,[50.02197329 50.02196227 50.02200467 50.02200811],50.02198708559694,960.8663873240471,1766.9999999999984
62.660000000004196,[50.02201917 50.02201529 50.02204208 50.02204769],50.02203105566237,961.0111799588557,1766.999999999999
62.6800000000042,[50.02206521 50.02206884 50.02207927 50.02208721],50.022075134776834,960.8347948796032,1766.9999999999995
62.7000000000042,[50.02211323 50.02212493 50.02211726 50.02212786],50.02212081909661,960.853050935453,1766.9999999999998
62.720000000004205,[50.02215953 50.02217872 50.02215441 50.02216748],50.02216503621245,960.9352623808592,1766.9999999999993
62.74000000000421,[50.02220155 50.02222683 50.02218962 50.02220458],50.022205645314806,961.1338787169768,1766.9999999999982
62.76000000000421,[50.02224128 50.02227179 50.02222369 50.02224023],50.02224424700325,961.0816081390848,1766.9999999999977
62.780000000004215,[50.02228391 50.02232005 50.02225903 50.02227747],50.02228511654174,960.9199148845821,1767.0
62.80000000000422,[50.02232703 50.02236829 50.02229473 50.02231499],50.022326262145995,961.0348559752207,1766.9999999999973
62.82000000000422,[50.02236435 50.0224085  50.02232796 50.02234915],50.02236248931939,961.3107327116733,1766.9999999999984
62.840000000004224,[50.02239943 50.02244534 50.02236015 50.02238184],50.02239668851854,961.1827201006421,1766.9999999999993
62.86000000000423,[50.02244395 50.02249356 50.0223966  50.02241987],50.02243849705343,960.6464567615566,1767.0000000000032
62.88000000000423,[50.02249074 50.0225436  50.02243455 50.02245943],50.02248207787193,961.0086407427307,1766.9999999999984
62.90000000000423,[50.02253209 50.02258593 50.02247024 50.0224958 ],50.0225210157931,961.0131428435982,1766.9999999999984
62.92000000000424,[50.02257937 50.02263505 50.02250877 50.02253554],50.02256468171417,960.5859343484539,1767.0000000000016
62.94000000000424,[50.02263189 50.02268975 50.02255016 50.0225785 ],50.022612573057955,960.6316130874909,1766.999999999999
62.96000000000424,[50.02268155 50.02273983 50.02259074 50.02261999],50.02265802480841,960.7655691414346,1766.9999999999973
62.980000000004246,[50.02272509 50.02278122 50.02262903 50.02265809],50.022698356514084,961.0372145622649,1766.999999999996
63.00000000000425,[50.0227648  50.02281709 50.02266591 50.02269406],50.0227354657925,961.0119149316284,1766.9999999999995
63.02000000000425,[50.02280272 50.02285005 50.02270241 50.02272916],50.022771084394336,961.1376853631278,1766.9999999999982
63.040000000004255,[50.0228417  50.02288393 50.02273971 50.02276501],50.0228075875884,960.9125127945329,1766.9999999999995
63.06000000000426,[50.02288426 50.02292185 50.02277909 50.02280321],50.02284710237206,960.8585565640884,1766.9999999999998
63.08000000000426,[50.02292692 50.02295952 50.02281901 50.0228418 ],50.02288681279404,960.8702488049149,1766.9999999999973
63.100000000004265,[50.02296855 50.02299561 50.02285894 50.02288012],50.022925803102275,960.8933231142124,1767.0
63.12000000000427,[50.02301467 50.02303736 50.02290127 50.02292132],50.022968654192404,960.5190962959816,1766.9999999999995
63.14000000000427,[50.02306578 50.02308523 50.02294647 50.02296591],50.02301584679601,960.5007298631912,1766.9999999999989
63.160000000004274,[50.02311932 50.02313612 50.02299332 50.02301236],50.023065278392465,960.3033018154596,1766.9999999999986
63.18000000000428,[50.02317579 50.02319064 50.02304215 50.02306105],50.02311740653988,960.2458412295105,1766.9999999999984
63.20000000000428,[50.02323664 50.02325073 50.02309357 50.02311281],50.02317343859143,959.9464205601683,1766.9999999999989
63.22000000000428,[50.02330281 50.02331745 50.02314819 50.02316833],50.02323419624324,959.8189725499698,1766.9999999999995
63.24000000000429,[50.02336874 50.0233837  50.02320358 50.02322444],50.02329511318617,959.9037632743253,1766.9999999999977
63.26000000000429,[50.02343584 50.02345142 50.02326028 50.02328191],50.0233573618792,959.6776857626023,1766.9999999999977
63.28000000000429,[50.02350486 50.02352142 50.02331882 50.0233413 ],50.02342159993974,959.7066320783747,1766.9999999999984
63.300000000004296,[50.0235728  50.02358992 50.02337782 50.02340088],50.02348535498298,959.6888589658747,1766.9999999999977
63.3200000000043,[50.02364061 50.02365815 50.02343775 50.02346123],50.02354943567815,959.6497314430526,1766.9999999999973
63.3400000000043,[50.02371117 50.02372979 50.02349991 50.02352403],50.02361622384932,959.4313012347548,1766.9999999999982
63.360000000004305,[50.02378406 50.02380414 50.02356428 50.02358917],50.02368541157376,959.4176803369977,1766.9999999999984
63.38000000000431,[50.02386048 50.02388282 50.02363134 50.02365731],50.02375798691483,959.1159592657624,1767.0000000000002
63.40000000000431,[50.02394135 50.02396673 50.02370171 50.02372911],50.02383472282971,959.0365906893057,1766.9999999999982
63.420000000004315,[50.02402259 50.02405072 50.02377359 50.02380225],50.02391228739016,959.0153292088189,1766.999999999998
63.44000000000432,[50.02410677 50.02413804 50.02384809 50.02387819],50.02399277185804,958.7597919875118,1766.9999999999998
63.46000000000432,[50.02419319 50.02422761 50.02392509 50.02395664],50.02407563467248,958.7836729170865,1766.999999999997
63.480000000004324,[50.02427604 50.02431209 50.02400199 50.02403427],50.02415609586872,958.9309139026598,1766.999999999996
63.50000000000433,[50.02435351 50.02438925 50.02407788 50.02410996],50.02423265012263,959.0821477563571,1766.9999999999957
63.52000000000433,[50.02442872 50.02446318 50.02415409 50.02418546],50.02430786418522,959.0137955644566,1766.9999999999966
63.54000000000433,[50.02449998 50.02453167 50.02422994 50.02425991],50.02438037496333,959.2800220352779,1767.0000000000014
63.56000000000434,[50.02456668 50.02459422 50.02430497 50.02433281],50.024449668233714,959.255834007741,1767.000000000001
63.58000000000434,[50.02463776 50.02466224 50.02438313 50.0244093 ],50.0245231084267,958.9019530258776,1766.9999999999998
63.60000000000434,[50.02471535 50.02473828 50.02446553 50.02449075],50.02460247508884,958.727228630481,1767.0000000000014
63.620000000004346,[50.02478794 50.02480766 50.02454707 50.02457058],50.02467831323601,959.1695177425541,1766.999999999999
63.64000000000435,[50.02485015 50.02486396 50.02462499 50.02464542],50.02474613005168,959.3744715101086,1766.9999999999995
63.66000000000435,[50.02491538 50.02492445 50.02470503 50.0247228 ],50.02481691567971,958.8918539340508,1767.0000000000005
63.680000000004355,[50.02498693 50.02499307 50.02478893 50.02480489],50.02489345216479,958.8617061546202,1766.9999999999984
63.70000000000436,[50.0250616  50.02506588 50.02487509 50.02488967],50.02497306070384,958.6047241276852,1767.000000000001
63.72000000000436,[50.02513489 50.025137   50.02496157 50.02497463],50.02505202050908,958.8876724455969,1767.0
63.740000000004365,[50.02519871 50.02519645 50.02504448 50.02505487],50.025123626421376,959.1964124397007,1767.0
63.76000000000437,[50.0252519  50.02524299 50.02512304 50.02512956],50.02518687090451,959.5654442668183,1767.0000000000005
63.78000000000437,[50.02529816 50.02528159 50.0251986  50.0252006 ],50.025244739344046,959.6241080203664,1767.0000000000007
63.800000000004374,[50.02534311 50.02531951 50.02527356 50.02527119],50.02530184130918,959.6055576030224,1767.0000000000023
63.82000000000438,[50.02538211 50.02535084 50.02534578 50.02533859],50.02535432927694,959.988746932221,1766.9999999999998
63.84000000000438,[50.02541476 50.02537545 50.02541465 50.02540229],50.025401784851624,960.0067164205082,1767.0
63.86000000000438,[50.025453   50.02540862 50.02548534 50.025469  ],50.0254539879884,959.5666135018695,1767.0000000000007
63.88000000000439,[50.02550138 50.02545592 50.02555994 50.0255414 ],50.0255146618449,959.2702438994156,1766.9999999999993
63.90000000000439,[50.02555427 50.02551001 50.02563589 50.02561617],50.02557908520879,959.2272266001835,1767.0000000000011
63.92000000000439,[50.02560766 50.02556583 50.0257112  50.0256908 ],50.025643873827946,959.21595038096,1767.0000000000014
63.940000000004396,[50.02565756 50.02561823 50.02578396 50.02576284],50.025705648964916,959.457790316381,1766.9999999999973
63.9600000000044,[50.02570424 50.02566765 50.02585398 50.02583215],50.02576450422134,959.4394975908275,1767.0000000000016
63.9800000000044,[50.02575309 50.02572083 50.02592357 50.02590173],50.02582480233824,959.3142044524187,1766.9999999999998
64.0000000000044,[50.02580365 50.02577696 50.02599251 50.02597124],50.02588608974334,959.3341373844142,1767.0000000000005
64.0200000000044,[50.02585424 50.02583381 50.02605993 50.02603958],50.02594689117851,959.3333864593216,1767.0000000000005
64.0400000000044,[50.02591032 50.02589821 50.02612814 50.02610972],50.02601159632365,958.9837555825802,1767.0000000000016
64.0600000000044,[50.02597148 50.02596921 50.02619712 50.02618149],50.0260798238954,959.0145040665526,1767.0000000000007
64.08000000000439,[50.02603598 50.02604449 50.02626596 50.02625369],50.02615003120475,958.7948822500935,1767.000000000003
64.10000000000439,[50.02610859 50.02612981 50.02633686 50.02632906],50.02622608101153,958.4998033582829,1767.0000000000011
64.12000000000438,[50.02618399 50.02621798 50.02640763 50.02640461],50.02630355004958,958.6520932847723,1767.000000000001
64.14000000000438,[50.02625796 50.02630356 50.02647625 50.02647772],50.026378873259596,958.6576040266025,1766.9999999999989
64.16000000000437,[50.02633306 50.02638962 50.02654394 50.02654985],50.026454116928036,958.6359194984628,1767.0000000000014
64.18000000000437,[50.02640889 50.02647541 50.02661058 50.02662079],50.02652891843283,958.6719368777025,1767.0
64.20000000000437,[50.02649018 50.02656685 50.0266783  50.02669322],50.02660713474391,958.325341594187,1766.9999999999993
64.22000000000436,[50.02657547 50.02666167 50.02674681 50.02676654],50.0266876225622,958.4567775765884,1767.0000000000011
64.24000000000436,[50.0266609  50.02675494 50.02681434 50.02683845],50.02676715778246,958.3817786001505,1767.0
64.26000000000435,[50.02674839 50.02684898 50.02688192 50.02691019],50.02684736960381,958.3756335729,1766.9999999999995
64.28000000000435,[50.02683431 50.02693906 50.02694808 50.02697976],50.026925303701724,958.5492459991111,1766.9999999999966
64.30000000000435,[50.02691848 50.02702505 50.02701276 50.0270471 ],50.027000847910784,958.5526903799297,1767.000000000002
64.32000000000434,[50.02700294 50.02710953 50.02707704 50.02711351],50.027075753007736,958.5786073771575,1767.0000000000032
64.34000000000434,[50.02708602 50.02719044 50.02714031 50.0271782 ],50.027148743957085,958.6892120696648,1766.999999999998
64.36000000000433,[50.02716685 50.02726682 50.02720227 50.02724076],50.02721917762116,958.7692259174223,1766.9999999999989
64.38000000000433,[50.02724996 50.02734462 50.02726501 50.02730392],50.02729087865651,958.5574717474262,1767.0000000000005
64.40000000000433,[50.02733867 50.02742805 50.02733028 50.02736985],50.027366713539166,958.3951131337046,1767.000000000001
64.42000000000432,[50.02742758 50.02751033 50.02739589 50.02743568],50.02744236999629,958.5457066184841,1766.999999999999
64.44000000000432,[50.02751568 50.02759052 50.02746138 50.02750087],50.02751711485333,958.4449041133264,1767.0000000000011
64.46000000000431,[50.02760663 50.02767339 50.02752857 50.02756777],50.027594089651764,958.3301895279042,1766.9999999999995
64.48000000000431,[50.02769961 50.02775805 50.02759726 50.02763609],50.027672755646144,958.2739896424548,1766.9999999999977
64.5000000000043,[50.02779324 50.02784294 50.02766698 50.02770524],50.027752102079646,958.2437717361329,1766.999999999997
64.5200000000043,[50.02788974 50.02793113 50.02773882 50.02777663],50.027834080195234,958.0226231479511,1767.000000000002
64.5400000000043,[50.02798658 50.02801945 50.02781191 50.0278491 ],50.02791676093382,958.1539538030188,1766.9999999999968
64.5600000000043,[50.02808141 50.02810525 50.02788518 50.02792135],50.0279982968793,958.0882365874677,1767.0
64.58000000000429,[50.02817856 50.02819419 50.02796071 50.02799604],50.02808237264398,957.9086646882865,1766.999999999998
64.60000000000429,[50.0282742  50.02828149 50.028037   50.02807123],50.02816598169728,958.0954501068405,1767.0000000000007
64.62000000000428,[50.02836591 50.02836438 50.02811292 50.02814554],50.02824718757383,958.0790634894305,1766.9999999999977
64.64000000000428,[50.02845728 50.02844761 50.02819016 50.02822118],50.028329057909914,958.0071792837308,1767.0000000000011
64.66000000000427,[50.0285432  50.02852475 50.02826659 50.02829539],50.028407482225134,958.3367030541851,1767.0
64.68000000000427,[50.02862081 50.02859255 50.02834075 50.02836646],50.02848014385062,958.4605599203554,1766.999999999999
64.70000000000427,[50.0286963  50.02865911 50.02841539 50.028438  ],50.02855219942324,958.3559665307735,1766.9999999999995
64.72000000000426,[50.02877024 50.02872517 50.02849087 50.02851047],50.02862418386558,958.4344935455374,1767.0000000000007
64.74000000000426,[50.02884102 50.02878889 50.02856637 50.02858293],50.02869480157055,958.4391255173541,1766.9999999999968
64.76000000000425,[50.02890928 50.02885115 50.02864216 50.02865575],50.028764584421964,958.472855183548,1767.0000000000027
64.78000000000425,[50.02897896 50.02891711 50.02871988 50.02873113],50.02883677095809,958.2047279138312,1766.9999999999989
64.80000000000425,[50.02904972 50.02898619 50.0287995  50.02880899],50.0289110988212,958.2599833744952,1766.9999999999989
64.82000000000424,[50.0291154  50.02905058 50.02887811 50.02888564],50.028982432521246,958.4245932613052,1767.0000000000027
64.84000000000424,[50.02918171 50.02911772 50.02895802 50.02896419],50.02905541027361,958.0896136464205,1767.0000000000005
64.86000000000423,[50.02925104 50.02919032 50.02904044 50.02904608],50.02913196814131,958.0905823307606,1767.0000000000016
64.88000000000423,[50.0293167  50.02925981 50.02912224 50.02912732],50.02920651604528,958.2266246531864,1767.0000000000023
64.90000000000423,[50.02937729 50.02932442 50.0292026  50.02920691],50.02927780521371,958.3333773221318,1766.9999999999964
64.92000000000422,[50.02943204 50.02938306 50.02928102 50.02928425],50.02934509126647,958.5327751201852,1767.0
64.94000000000422,[50.02947994 50.02943442 50.02935682 50.02935854],50.02940743243091,958.7197750052338,1767.000000000001
64.96000000000421,[50.02952462 50.0294831  50.0294314  50.02943163],50.0294676868877,958.6793304418748,1767.0000000000005
64.98000000000421,[50.02957499 50.02954027 50.02950859 50.0295085 ],50.02953308671721,958.2574574430428,1766.9999999999986
65.0000000000042,[50.0296335  50.02960859 50.02958958 50.02959057],50.0296055602097,958.0539385742677,1767.0000000000027
65.0200000000042,[50.02969108 50.02967621 50.02967025 50.02967245],50.02967749719969,958.2729017734156,1766.9999999999993
65.0400000000042,[50.02974927 50.02974513 50.02975093 50.02975468],50.029750002850996,957.9770493148693,1766.9999999999961
65.0600000000042,[50.02981199 50.02981989 50.02983344 50.02983945],50.029826191916925,957.933397042099,1766.9999999999984
65.08000000000419,[50.02987894 50.02989991 50.02991746 50.02992637],50.02990566883004,957.6710315533087,1767.0000000000011
65.10000000000419,[50.02994682 50.02998055 50.03000159 50.03001349],50.02998561272318,957.8648020334919,1767.0
65.12000000000418,[50.03001607 50.03006238 50.03008573 50.03010074],50.030066230060434,957.5857717556655,1767.000000000003
65.14000000000418,[50.03008845 50.03014714 50.03017078 50.03018913],50.03014887445289,957.6653327271172,1767.000000000003
65.16000000000417,[50.03016108 50.0302311  50.0302553  50.0302768 ],50.030231068968504,957.5954404169603,1766.9999999999957
65.18000000000417,[50.03023909 50.03032055 50.03034152 50.03036658],50.030316935594946,957.3279437091875,1766.9999999999998
65.20000000000417,[50.03031918 50.03041091 50.03042813 50.03045663],50.03040371234142,957.4904377039444,1766.999999999997
65.22000000000416,[50.03039964 50.03050004 50.03051415 50.03054572],50.0304898875026,957.3508666496086,1766.9999999999984
65.24000000000416,[50.03047928 50.03058616 50.03059917 50.03063322],50.03057445937139,957.5977872808967,1766.9999999999945
65.26000000000415,[50.03055668 50.03066758 50.03068237 50.03071813],50.03065619142801,957.5631834758042,1766.9999999999993
65.28000000000415,[50.03063572 50.03074915 50.03076552 50.03080269],50.03073827236153,957.5417155847354,1767.0000000000014
65.30000000000415,[50.03071346 50.0308271  50.03084735 50.03088525],50.030818292068204,957.7103081255742,1766.9999999999982
65.32000000000414,[50.03079051 50.03090236 50.03092801 50.03096605],50.03089673356233,957.648682429064,1767.0000000000027
65.34000000000414,[50.03087232 50.03098191 50.03100998 50.03104829],50.03097812696934,957.4356328795038,1766.9999999999984
65.36000000000413,[50.03095641 50.03106254 50.03109231 50.03113069],50.03106048866273,957.5406561987304,1766.9999999999995
65.38000000000413,[50.03104079 50.03114196 50.03117402 50.03121203],50.03114219767622,957.4643204386938,1766.9999999999989
65.40000000000413,[50.03112431 50.03121878 50.03125469 50.0312918 ],50.03122239449428,957.6415961310463,1766.9999999999968
65.42000000000412,[50.03120282 50.03128803 50.0313324  50.03136758],50.03129770895478,957.8495491307995,1767.0000000000025
65.44000000000412,[50.03127998 50.0313547  50.03140867 50.03144146],50.0313712025699,957.7693991288716,1766.9999999999995
65.46000000000411,[50.03135918 50.03142325 50.03148515 50.03151557],50.03144578629599,957.7319304123819,1766.9999999999977
65.48000000000411,[50.03143644 50.03148881 50.03156011 50.03158773],50.0315182734644,957.9200283503446,1766.9999999999961
65.5000000000041,[50.03151369 50.03155424 50.03163428 50.03165903],50.03159030876015,957.7442609882896,1767.0000000000061
65.5200000000041,[50.03159469 50.03162444 50.03170951 50.03173182],50.03166511792127,957.6600761867742,1767.0000000000039
65.5400000000041,[50.03167855 50.03169846 50.03178544 50.03180569],50.03174203519521,957.5399091717157,1767.0000000000011
65.5600000000041,[50.0317647  50.03177576 50.0318619  50.03188045],50.031820700811295,957.4854696749006,1767.000000000001
65.58000000000409,[50.03185298 50.03185631 50.03193887 50.03195608],50.03190106062648,957.369424584476,1766.9999999999977
65.60000000000409,[50.03194354 50.03194038 50.03201648 50.0320328 ],50.03198330002415,957.2988089959865,1767.0
65.62000000000408,[50.03203588 50.0320275  50.03209461 50.03211043],50.03206710400928,957.2088268557861,1767.0000000000023
65.64000000000408,[50.03213265 50.0321211  50.0321745  50.03219057],50.03215470337881,956.9497467545502,1767.000000000002
65.66000000000408,[50.03222726 50.03221267 50.03225347 50.03226968],50.032240768188665,957.307943416597,1767.0000000000057
65.68000000000407,[50.03231465 50.03229614 50.03232908 50.03234474],50.03232115292643,957.3986454749388,1766.9999999999986
65.70000000000407,[50.03239798 50.03237557 50.0324028  50.03241766],50.03239850354737,957.5340918828522,1766.9999999999975
65.72000000000406,[50.03247898 50.03245329 50.03247541 50.03248947],50.03247428664817,957.5014296786541,1767.0000000000034
65.74000000000406,[50.03256259 50.03253558 50.03254919 50.03256311],50.032552618877865,957.289836746901,1766.9999999999993
65.76000000000406,[50.0326469  50.03261985 50.0326235  50.03263766],50.03263198019024,957.3845335273845,1767.0000000000032
65.78000000000405,[50.03272163 50.03269304 50.03269377 50.03270724],50.032703918859696,957.8849614769939,1766.9999999999975
65.80000000000405,[50.03278689 50.03275562 50.03275976 50.03277171],50.03276849360217,957.9757600040793,1766.9999999999989
65.82000000000404,[50.03284716 50.03281326 50.03282353 50.03283373],50.03282942018935,958.1634412370227,1767.000000000001
65.84000000000404,[50.03290554 50.03287    50.03288638 50.03289501],50.03288923260965,958.0411234804196,1766.9999999999977
65.86000000000404,[50.03296218 50.03292586 50.0329485  50.03295577],50.03294807516813,958.21631986731,1766.9999999999989
65.88000000000403,[50.03301094 50.03297309 50.03300703 50.03301237],50.033000855558726,958.5232646905504,1767.0000000000011
65.90000000000403,[50.03305245 50.03301265 50.03306205 50.03306504],50.03304804874013,958.6591306834647,1766.9999999999961
65.92000000000402,[50.03308977 50.03304843 50.03311486 50.03311547],50.033092133723855,958.7575977443329,1767.0000000000025
65.94000000000402,[50.03312631 50.03308477 50.03316686 50.03316553],50.033135866710644,958.6614792468206,1766.999999999998
65.96000000000402,[50.03316595 50.03312646 50.03321977 50.03321742],50.03318240152342,958.4939701725199,1766.9999999999973
65.98000000000401,[50.03320411 50.03316746 50.0332716  50.03326852],50.0332279212424,958.7188953838227,1767.0000000000011
66.00000000000401,[50.03323778 50.03320405 50.03332074 50.03331686],50.033269858476814,958.768052794178,1767.0000000000061
66.020000000004,[50.03327368 50.03324467 50.0333701  50.03336617],50.03331365553313,958.5346194787189,1767.0000000000014
66.040000000004,[50.03331384 50.0332916  50.03342063 50.03341763],50.033360925391406,958.4473157853205,1767.0000000000027
66.060000000004,[50.03335277 50.03333768 50.03346988 50.03346799],50.033407079112905,958.6001457727792,1766.999999999998
66.08000000000399,[50.03339052 50.03338291 50.03351767 50.03351707],50.03345204450643,958.5192062981422,1766.9999999999993
66.10000000000399,[50.03342689 50.03342679 50.03356393 50.03356473],50.03349558571182,958.691784995755,1767.0000000000014
66.12000000000398,[50.0334591  50.03346571 50.03360729 50.03360918],50.033535319615346,958.8120158502137,1767.0000000000007
66.14000000000398,[50.03349074 50.03350417 50.03364923 50.03365235],50.03357412249096,958.742661234867,1766.9999999999998
66.16000000000398,[50.03352158 50.03354159 50.0336897  50.0336941 ],50.03361174334787,958.8839682257019,1767.0000000000025
66.18000000000397,[50.03355049 50.0335765  50.03372806 50.03373362],50.03364716646748,958.9005091461158,1767.0000000000005
66.20000000000397,[50.03357887 50.03361052 50.03376494 50.03377165],50.033681494781284,958.9490045944802,1766.9999999999984
66.22000000000396,[50.0336033  50.03363918 50.03379877 50.03380618],50.03371185686162,959.2075828609599,1767.0000000000025
66.24000000000396,[50.03361916 50.03365665 50.03382735 50.0338344 ],50.03373439057144,959.5820818866921,1767.0000000000027
66.26000000000396,[50.03362563 50.03366198 50.03385013 50.03385567],50.03374834983724,959.9045185084287,1766.9999999999998
66.28000000000395,[50.03362681 50.03366053 50.03386876 50.03387221],50.033757079345584,959.9981875234671,1767.000000000003
66.30000000000395,[50.03362599 50.03365647 50.03388468 50.03388591],50.03376326278712,960.0949033221918,1767.0000000000043
66.32000000000394,[50.03362416 50.03365113 50.03389825 50.03389727],50.03376770140251,960.1212889525137,1766.9999999999952
66.34000000000394,[50.03361953 50.03364221 50.03390866 50.03390524],50.033768909146545,960.3431956276329,1766.9999999999977
66.36000000000394,[50.03361806 50.03363756 50.03391832 50.03391308],50.033771753894605,959.9598773495671,1767.0
66.38000000000393,[50.03362448 50.03364292 50.03392959 50.03392368],50.03378016750376,959.8495675219428,1767.0000000000002
66.40000000000393,[50.03362895 50.03364573 50.03393807 50.03393138],50.03378603046353,960.149601995828,1767.0000000000036
66.42000000000392,[50.03363505 50.03365085 50.03394509 50.033938  ],50.03379224672684,959.7950451967788,1766.999999999999
66.44000000000392,[50.03365011 50.03366735 50.03395417 50.03394796],50.03380489971837,959.5816443195613,1766.9999999999998
66.46000000000392,[50.03366812 50.03368746 50.03396274 50.03395787],50.033819047331626,959.6424990993625,1766.9999999999977
66.48000000000391,[50.03368729 50.03370894 50.03396994 50.03396664],50.03383320289743,959.5540867885333,1767.0000000000093
66.50000000000391,[50.03370753 50.03373159 50.03397588 50.03397431],50.033847327113364,959.6177865424986,1767.0000000000064
66.5200000000039,[50.0337261  50.03375193 50.03397936 50.03397933],50.03385918054305,959.717870492208,1767.0000000000027
66.5400000000039,[50.03374519 50.03377277 50.0339814  50.03398299],50.033870585304655,959.628052241416,1767.0000000000052
66.5600000000039,[50.03376423 50.03379326 50.03398195 50.03398512],50.0338811398502,959.7615182590177,1767.0000000000064
66.58000000000389,[50.03378386 50.03381429 50.03398128 50.03398611],50.033891383123375,959.6262608599885,1767.000000000001
66.60000000000389,[50.03380736 50.0338399  50.03398111 50.03398803],50.03390410071309,959.5244626269442,1767.0000000000052
66.62000000000388,[50.03383124 50.03386554 50.03398007 50.03398903],50.03391647090892,959.6262550705069,1767.0
66.64000000000388,[50.03385397 50.03388935 50.03397754 50.03398831],50.0339272930692,959.6254069775204,1767.0
66.66000000000388,[50.0338785  50.03391503 50.03397498 50.03398769],50.03393905115174,959.5175884292829,1766.9999999999968
66.68000000000387,[50.03390313 50.03394033 50.03397189 50.03398641],50.03395044183236,959.6258879960656,1767.0000000000025
66.70000000000387,[50.03392944 50.03396739 50.03396902 50.03398544],50.03396282376029,959.4033960093379,1766.9999999999977
66.72000000000386,[50.03395719 50.03399568 50.03396659 50.03398492],50.03397609352074,959.5195134861331,1766.999999999999
66.74000000000386,[50.03398537 50.03402409 50.0339642  50.03398434],50.0339895003988,959.3600038126938,1766.9999999999995
66.76000000000386,[50.03401789 50.03405747 50.03396386 50.03398617],50.034006344293935,959.1973605065593,1766.9999999999989
66.78000000000385,[50.03405024 50.03409001 50.03396382 50.03398807],50.034023035892105,959.3393521376473,1766.9999999999984
66.80000000000385,[50.034084   50.03412387 50.03396481 50.03399097],50.03404091401836,959.0637438104586,1766.9999999999952
66.82000000000384,[50.03411866 50.03415823 50.03396698 50.03399493],50.03405970037804,959.2281967305476,1767.000000000005
66.84000000000384,[50.03414623 50.03418307 50.03396682 50.03399541],50.034072880373685,959.501307810839,1766.9999999999984
66.86000000000384,[50.03417207 50.03420549 50.03396669 50.03399552],50.03408494389549,959.2878813571353,1767.0000000000045
66.88000000000383,[50.03419829 50.03422803 50.03396787 50.03399681],50.03409775181026,959.4035565177767,1767.0000000000005
66.90000000000383,[50.03422374 50.03424943 50.03396987 50.03399867],50.03411042547293,959.2640396323803,1766.999999999999
66.92000000000382,[50.03425353 50.03427618 50.03397516 50.03400422],50.03412727510796,959.0160316923411,1767.0000000000048
66.94000000000382,[50.03428717 50.03430761 50.03398376 50.03401342],50.03414799018466,958.9017550667307,1766.9999999999952
66.96000000000382,[50.03432045 50.03433839 50.03399394 50.03402398],50.03416918942929,958.9379710879275,1767.0000000000023
66.98000000000381,[50.03435323 50.03436851 50.03400565 50.03403587],50.034190816009385,958.8283014415632,1766.9999999999961
67.00000000000381,[50.03438368 50.03439559 50.03401825 50.0340482 ],50.0342114298613,958.9854573654133,1766.9999999999952
67.0200000000038,[50.03441303 50.03442144 50.03403222 50.03406166],50.03423208535504,958.7871940121736,1767.0000000000034
67.0400000000038,[50.03444199 50.03444691 50.03404808 50.03407686],50.03425346220396,958.8866655875283,1766.9999999999952
67.0600000000038,[50.03446666 50.03446716 50.03406407 50.03409155],50.03427235827798,958.9583439885514,1767.0000000000005
67.08000000000379,[50.03448815 50.03448377 50.03408066 50.03410642],50.0342897492078,958.975907961176,1767.0000000000025
67.10000000000379,[50.03450777 50.03449848 50.03409843 50.03412222],50.03430672685204,958.9558080009518,1767.0000000000034
67.12000000000378,[50.03452995 50.03451702 50.03411935 50.03414152],50.03432695956166,958.664447150309,1766.9999999999955
67.14000000000378,[50.03455221 50.03453611 50.03414247 50.03416305],50.0343484580486,958.8114511006045,1767.000000000001
67.16000000000378,[50.0345727  50.03455362 50.03416676 50.03418559],50.03436966776694,958.6515006767584,1766.9999999999993
67.18000000000377,[50.03459655 50.03457604 50.03419455 50.03421212],50.034394816108545,958.4423157746947,1767.0000000000007
67.20000000000377,[50.03462522 50.03460514 50.03422649 50.03424348],50.034425081332344,958.1828483443846,1767.000000000003
67.22000000000376,[50.03465754 50.03463933 50.03426212 50.03427901],50.034459497580436,958.0546738732905,1766.9999999999998
67.24000000000376,[50.03469323 50.03467822 50.03430123 50.03431847],50.034497786811734,957.8185873958727,1767.0000000000016
67.26000000000376,[50.03473242 50.03472181 50.03434391 50.03436192],50.034540016432814,957.6845469095321,1766.9999999999943
67.28000000000375,[50.03477114 50.03476494 50.03438836 50.03440701],50.03458286129673,957.7286794702666,1766.9999999999966
67.30000000000375,[50.03480506 50.03480209 50.03443253 50.03445113],50.03462270215407,957.9001699831427,1766.9999999999973
67.32000000000374,[50.03483616 50.03483588 50.03447708 50.03449523],50.034661088211585,957.8148208921117,1766.9999999999982
67.34000000000374,[50.03486726 50.03486971 50.03452326 50.03454087],50.03470027574023,957.7967636016523,1767.0000000000027
67.36000000000374,[50.0348967  50.03490146 50.03457024 50.03458702],50.034738857433155,957.8305983442551,1766.999999999997
67.38000000000373,[50.03492445 50.03493106 50.03461785 50.03463352],50.034776720352205,957.8228277730842,1767.0000000000011
67.40000000000373,[50.03495124 50.03495939 50.0346663  50.03468065],50.03481439655312,957.8125456193136,1766.9999999999986
67.42000000000372,[50.03497826 50.03498794 50.03471598 50.03472897],50.03485278808773,957.7294663031873,1766.9999999999961
67.44000000000372,[50.03500098 50.03501084 50.03476481 50.03477581],50.03488810968173,958.038637304485,1767.0000000000057
67.46000000000372,[50.0350175  50.03502592 50.03481158 50.03481977],50.03491869209165,958.0976315571875,1767.000000000007
67.48000000000371,[50.03503081 50.03503697 50.03485746 50.03486242],50.03494691414866,958.2074263198516,1767.0000000000016
67.50000000000371,[50.03504452 50.03504869 50.03490381 50.03490566],50.034975671263155,958.0235340708562,1767.000000000001
67.5200000000037,[50.03505364 50.03505456 50.03494842 50.03494659],50.03500080060141,958.4844312032787,1767.0000000000034
67.5400000000037,[50.03505838 50.03505528 50.03499082 50.03498489],50.03502234506005,958.2986660408778,1767.0
67.5600000000037,[50.03506484 50.03505845 50.03503374 50.03502408],50.035045274634335,958.341345883848,1766.9999999999977
67.5800000000037,[50.03507055 50.03506104 50.03507581 50.03506251],50.03506747745252,958.3342421335633,1767.0000000000014
67.60000000000369,[50.03507653 50.03506436 50.03511729 50.03510059],50.035089691890754,958.3153945576561,1766.9999999999961
67.62000000000369,[50.03508448 50.03507062 50.03515873 50.03513911],50.035113236845476,958.197783157357,1766.9999999999936
67.64000000000368,[50.03509369 50.03507888 50.0351997  50.03517757],50.03513746142488,958.2341226938975,1766.9999999999952
67.66000000000368,[50.03510639 50.03509203 50.03524092 50.03521699],50.03516408258543,957.9724870041563,1767.000000000004
67.68000000000367,[50.03512679 50.03511527 50.03528425 50.03525975],50.0351965163536,957.7209865413664,1767.000000000004
67.70000000000367,[50.03514778 50.03513933 50.03532652 50.03530171],50.03522883339586,957.9587281179957,1767.0000000000032
67.72000000000367,[50.03516679 50.03516114 50.03536624 50.03534108],50.035258811373865,957.8954090250578,1766.9999999999982
67.74000000000366,[50.03518767 50.03518544 50.03540508 50.03537999],50.035289546268444,957.8727683713072,1766.9999999999993
67.76000000000366,[50.03520695 50.03520773 50.03544143 50.03541639],50.03531812414939,958.055358318852,1767.0000000000055
67.78000000000365,[50.03522111 50.03522356 50.03547354 50.03544806],50.03534156603053,958.2845684875163,1766.9999999999973
67.80000000000365,[50.0352288  50.03523129 50.03550066 50.0354741 ],50.03535871366997,958.5657870185631,1767.0000000000007
67.82000000000365,[50.035231   50.03523224 50.03552304 50.03549492],50.035370300292925,958.7343889863973,1766.9999999999964
67.84000000000364,[50.03522925 50.03522842 50.03554128 50.03551133],50.035377568858735,958.9117703864877,1766.9999999999995
67.86000000000364,[50.03523092 50.0352293  50.03555848 50.03552743],50.03538653315946,958.5745025474357,1766.9999999999973
67.88000000000363,[50.03523789 50.03523698 50.03557571 50.03554448],50.03539876598679,958.6188602384236,1766.9999999999989
67.90000000000363,[50.03524484 50.03524472 50.0355905  50.0355593 ],50.035409839046224,958.6546917119394,1767.0000000000055
67.92000000000363,[50.03525115 50.03525174 50.03560252 50.0355715 ],50.03541922537284,958.7435615999243,1766.9999999999952
67.94000000000362,[50.03525706 50.03525837 50.03561182 50.03558115],50.03542710039774,958.7648222802726,1767.0000000000025
67.96000000000362,[50.03526254 50.03526453 50.03561842 50.03558825],50.03543343524392,958.8561643841733,1767.0000000000027
67.98000000000361,[50.03526404 50.03526569 50.03562074 50.03559075],50.03543530566561,959.1239130959892,1766.9999999999989
68.00000000000361,[50.03526734 50.03526941 50.03562119 50.03559186],50.03543745008738,958.8166030650717,1767.0000000000027
68.0200000000036,[50.0352805  50.03528566 50.03562364 50.03559641],50.035446553040615,958.5204296504547,1767.0000000000034
68.0400000000036,[50.03529488 50.03530317 50.0356245  50.03559964],50.035455547514154,958.8073758564861,1766.9999999999957
68.0600000000036,[50.03530769 50.03531864 50.03562236 50.03559978],50.03546211659689,958.7065861156715,1767.0000000000002
68.0800000000036,[50.03532255 50.03533649 50.03561906 50.03559909],50.03546929883802,958.7370960408261,1767.0000000000052
68.10000000000359,[50.03533603 50.03535231 50.03561316 50.03559567],50.035474294435986,958.8718375499222,1766.9999999999982
68.12000000000359,[50.03534874 50.03536694 50.03560501 50.03558994],50.03547765943361,958.8554351938088,1767.000000000004
68.14000000000358,[50.03536557 50.03538653 50.03559693 50.03558482],50.035483463570905,958.6469210309637,1766.9999999999977
68.16000000000358,[50.03538725 50.03541181 50.03558956 50.03558098],50.03549240024165,958.5711352339165,1767.0000000000084
68.18000000000357,[50.03541397 50.03544297 50.03558315 50.03557865],50.03550468570786,958.3435902272245,1767.0000000000039
68.20000000000357,[50.0354441  50.03547772 50.03557729 50.03557716],50.03551906502168,958.3723864500919,1766.9999999999993
68.22000000000357,[50.03547196 50.03550884 50.03556962 50.03557336],50.03553094306754,958.531334535634,1767.0000000000036
68.24000000000356,[50.03549296 50.03553053 50.03555824 50.03556476],50.03553662301206,958.8713827709255,1767.0000000000011
68.26000000000356,[50.03551063 50.0355475  50.03554471 50.03555341],50.03553906554028,958.7812385832409,1766.9999999999993
68.28000000000355,[50.03552969 50.03556563 50.03553149 50.03554233],50.03554228479022,958.7825398873778,1767.0000000000039
68.30000000000355,[50.03555438 50.0355904  50.03552062 50.03553413],50.03554988070454,958.3885155896963,1767.0000000000002
68.32000000000355,[50.03558236 50.03561854 50.03551154 50.03552787],50.035560077103646,958.5379202968469,1766.9999999999977
68.34000000000354,[50.03560752 50.03564248 50.03550158 50.0355201 ],50.03556791992307,958.5607830247136,1766.9999999999998
68.36000000000354,[50.03562897 50.03566114 50.03549054 50.03551052],50.0355727939396,958.7615330555977,1767.0000000000007
68.38000000000353,[50.0356469  50.03567496 50.03547859 50.03549935],50.03557494798031,958.7633612367036,1767.0000000000014
68.40000000000353,[50.03566484 50.03568848 50.03546749 50.03548882],50.03557740697763,958.7088575441178,1766.9999999999964
68.42000000000353,[50.03568308 50.03570216 50.03545758 50.03547933],50.035580537119394,958.6792091330224,1767.0000000000016
68.44000000000352,[50.03570088 50.03571513 50.03544869 50.03547064],50.03558383381301,958.6666260743561,1767.000000000003
68.46000000000352,[50.03572118 50.03573125 50.03544226 50.03546457],50.035589815246766,958.4243143674479,1766.9999999999984
68.48000000000351,[50.03574423 50.0357508  50.03543867 50.03546152],50.03559880521851,958.3834332995594,1767.0000000000027
68.50000000000351,[50.03576701 50.03577005 50.03543668 50.0354599 ],50.03560841146579,958.342031509485,1766.999999999995
68.5200000000035,[50.03578608 50.03578467 50.03543489 50.03545787],50.0356158774435,958.5328995372736,1766.9999999999995
68.5400000000035,[50.03579851 50.03579116 50.03543196 50.03545377],50.03561885006401,958.6898809446544,1767.000000000001
68.5600000000035,[50.03580452 50.03579002 50.03542802 50.03544781],50.03561759214053,958.8588703017781,1766.9999999999995
68.5800000000035,[50.03580624 50.03578414 50.03542399 50.03544124],50.035613903787855,958.864554929783,1767.000000000001
68.60000000000349,[50.03580581 50.03577635 50.03542089 50.0354354 ],50.035609614969815,958.8794095640553,1767.0000000000014
68.62000000000349,[50.03580103 50.03576396 50.03541774 50.03542909],50.035602956815495,959.0341224540404,1767.0000000000039
68.64000000000348,[50.03579322 50.03574889 50.035415   50.03542301],50.03559502849876,958.9567620321321,1766.9999999999989
68.66000000000348,[50.03578207 50.03573075 50.0354126  50.03541705],50.03558561519873,959.1295361411412,1767.0000000000084
68.68000000000347,[50.03576555 50.0357072  50.03540943 50.03540995],50.03557303433303,959.194416383987,1766.9999999999986
68.70000000000347,[50.03574847 50.03568449 50.03540753 50.03540438],50.0355612161664,959.0365114039049,1767.0000000000018
68.72000000000347,[50.03573252 50.03566471 50.03540764 50.03540134],50.035551552468384,958.984046526001,1767.0000000000023
68.74000000000346,[50.0357193  50.03564998 50.03541034 50.03540165],50.03554531492817,958.7190774243038,1767.0000000000023
68.76000000000346,[50.03571153 50.03564358 50.03541684 50.03540684],50.0355446957,958.4815873437665,1767.0000000000032
68.78000000000345,[50.03570725 50.03564289 50.03542624 50.03541572],50.03554802513683,958.3569275615971,1767.0000000000034
68.80000000000345,[50.03570163 50.03564161 50.03543628 50.0354254 ],50.035551227457645,958.4627834901868,1766.9999999999989
68.82000000000345,[50.03569507 50.03564032 50.0354469  50.03543585],50.03555453486947,958.3192064641815,1766.9999999999993
68.84000000000344,[50.03568958 50.03564133 50.03545898 50.03544817],50.03555951401661,958.2933271865578,1766.9999999999995
68.86000000000344,[50.03568271 50.03564136 50.03547128 50.03546078],50.035564032686935,958.3298377795178,1766.9999999999995
68.88000000000343,[50.03567273 50.03563812 50.03548289 50.03547252],50.03556656435603,958.4332569985851,1767.0000000000011
68.90000000000343,[50.03566213 50.03563466 50.0354947  50.03548458],50.03556901738465,958.3099151891431,1766.9999999999984
68.92000000000343,[50.03565457 50.03563541 50.03550832 50.03549898],50.03557431866413,958.1671964562205,1767.000000000002
68.94000000000342,[50.03564407 50.03563247 50.03552105 50.0355122 ],50.03557744670405,958.467185362641,1766.999999999999
68.96000000000342,[50.03562789 50.03562244 50.03553131 50.03552231],50.03557598676711,958.5292167769245,1767.0000000000011
68.98000000000341,[50.03560971 50.03560985 50.03554063 50.03553129],50.035572871446675,958.5831456451255,1766.9999999999961
69.00000000000341,[50.03559221 50.035598   50.03555002 50.03554048],50.03557017672773,958.4711631613634,1766.9999999999995
69.0200000000034,[50.03558291 50.0355963  50.03556274 50.03555406],50.03557400135638,958.0117449576237,1767.0000000000023
69.0400000000034,[50.03557966 50.03560154 50.03557799 50.03557086],50.03558251135266,958.0537711266444,1767.0000000000027
69.0600000000034,[50.03557395 50.03560288 50.03559175 50.03558574],50.03558858209099,958.1950392811895,1766.999999999998
69.0800000000034,[50.0355683  50.03560353 50.03560494 50.03559991],50.035594171620104,958.0730385385933,1767.0000000000023
69.10000000000339,[50.03556345 50.0356042  50.03561787 50.03561375],50.035599817391315,958.16941576468,1766.9999999999982
69.12000000000339,[50.0355608  50.0356067  50.03563098 50.03562786],50.03560658493327,957.9584027758749,1767.0000000000011
69.14000000000338,[50.03556288 50.03561402 50.03564547 50.03564371],50.03561651765001,957.8827340579503,1767.000000000002
69.16000000000338,[50.03556387 50.03561865 50.0356587  50.03565788],50.03562477352021,958.0798813671714,1767.0000000000018
69.18000000000337,[50.03556204 50.03561851 50.03566971 50.03566919],50.03562986512494,958.1304287195228,1767.0000000000025
69.20000000000337,[50.03556578 50.0356243  50.03568213 50.03568237],50.03563864691204,957.7507883404539,1767.0000000000045
69.22000000000337,[50.03557786 50.03563927 50.03569742 50.03569916],50.035653428698595,957.6062969328002,1766.9999999999977
69.24000000000336,[50.0355924  50.03565591 50.03571297 50.03571618],50.03566936542563,957.6346604893737,1767.0000000000045
69.26000000000336,[50.03560432 50.03566779 50.03572647 50.03573044],50.03568225264471,957.8446742917495,1767.000000000002
69.28000000000335,[50.03561711 50.03567957 50.03573932 50.03574385],50.03569496002532,957.6320660035979,1767.0000000000025
69.30000000000335,[50.03563128 50.03569178 50.03575195 50.03575686],50.03570796560736,957.8016843014049,1767.0000000000045
69.32000000000335,[50.03564331 50.03570013 50.03576267 50.03576738],50.035718374471415,957.8334965315191,1767.000000000002
69.34000000000334,[50.03565161 50.0357027  50.03577085 50.03577458],50.03572493711434,958.1087329828055,1767.0000000000011
69.36000000000334,[50.0356597  50.03570431 50.03577788 50.0357804 ],50.03573057167014,957.8955384627716,1767.0000000000032
69.38000000000334,[50.03567162 50.03571003 50.03578579 50.03578738],50.03573870650153,957.8817160077762,1766.9999999999995
69.40000000000333,[50.03568144 50.03571247 50.03579197 50.03579218],50.03574451686566,958.0749296023429,1767.0000000000016
69.42000000000333,[50.03568826 50.03571079 50.03579593 50.03579427],50.035747312358254,958.1197431821524,1767.0000000000025
69.44000000000332,[50.03569364 50.03570714 50.03579841 50.03579464],50.03574845651104,958.1982979185102,1767.0000000000018
69.46000000000332,[50.03570047 50.03570543 50.03580067 50.03579499],50.0357503899442,958.0377006009866,1766.9999999999977
69.48000000000332,[50.03571066 50.03570816 50.03580372 50.03579661],50.03575478972008,957.9745868005768,1767.000000000003
69.50000000000331,[50.03572229 50.03571299 50.03580676 50.03579847],50.035760124217575,957.9427058546544,1766.9999999999984
69.52000000000331,[50.0357322  50.03571605 50.03580845 50.03579886],50.03576389055357,958.0902251361714,1767.0000000000025
69.5400000000033,[50.03574149 50.03571897 50.03580921 50.03579839],50.03576701811994,957.9802559502092,1767.000000000005
69.5600000000033,[50.03575233 50.03572455 50.03581014 50.03579849],50.03577137968806,957.969699042388,1766.9999999999989
69.5800000000033,[50.03576556 50.03573396 50.03581166 50.03579969],50.03577771745459,957.7969943716154,1767.0000000000061
69.60000000000329,[50.03578013 50.03574583 50.03581346 50.03580156],50.035785247203215,957.8519448961202,1767.000000000004
69.62000000000329,[50.03579162 50.03575463 50.0358136  50.0358016 ],50.03579036152044,957.9830394066407,1767.0000000000036
69.64000000000328,[50.03579947 50.03575975 50.03581182 50.03579949],50.03579263131977,958.0743273241915,1767.0000000000027
69.66000000000328,[50.03580259 50.03575988 50.03580767 50.03579469],50.03579120675594,958.2771766951166,1766.9999999999952
69.68000000000328,[50.03579746 50.03575064 50.03579957 50.03578519],50.03578321671653,958.6107586689245,1766.9999999999995
69.70000000000327,[50.03578383 50.03573193 50.0357873  50.0357708 ],50.03576846765349,958.8307090972007,1766.9999999999973
69.72000000000327,[50.03576465 50.0357076  50.03577213 50.03575322],50.035749400481606,958.9592756309156,1766.9999999999995
69.74000000000326,[50.0357451  50.03568434 50.03575635 50.03573544],50.035730305861144,958.8181178530136,1766.999999999999
69.76000000000326,[50.03572895 50.03566682 50.03574173 50.03571974],50.03571431094133,958.6828851752009,1766.9999999999973
69.78000000000326,[50.0357139  50.03565202 50.03572734 50.03570484],50.03569952363117,958.7005963169125,1766.9999999999984
69.80000000000325,[50.03570065 50.03564085 50.03571342 50.03569109],50.03568649997165,958.5183333959648,1766.9999999999993
69.82000000000325,[50.03568806 50.03563165 50.03569958 50.0356779 ],50.0356742973398,958.614886147186,1766.9999999999961
69.84000000000324,[50.03567181 50.0356189  50.03568379 50.0356627 ],50.03565930031286,958.7372052117038,1767.0000000000007
69.86000000000324,[50.0356518  50.03560245 50.03566597 50.03564535],50.03564139070324,958.8439569739231,1767.000000000007
69.88000000000324,[50.035631   50.03558603 50.03564737 50.03562749],50.03562297134548,958.764121824232,1766.9999999999995
69.90000000000323,[50.03561196 50.03557268 50.0356292  50.03561061],50.03560610944015,958.696568504641,1766.9999999999993
69.92000000000323,[50.03559543 50.03556319 50.03561181 50.03559512],50.035591387784635,958.567405752733,1767.000000000001
69.94000000000322,[50.03557854 50.03555364 50.03559402 50.03557939],50.03557639600281,958.7025292361234,1766.9999999999955
69.96000000000322,[50.03555847 50.03554042 50.03557447 50.03556167],50.03555875737848,958.7738037102229,1767.0000000000036
69.98000000000322,[50.03553745 50.03552622 50.03555412 50.03554319],50.03554024500702,958.7597828219058,1767.000000000002
70.00000000000321,[50.03552185 50.03551901 50.03553582 50.03552755],50.03552605646602,958.3932149259969,1767.0000000000027
70.02000000000321,[50.03550843 50.03551421 50.0355184  50.03551306],50.03551352682476,958.60282981695,1767.0000000000043
70.0400000000032,[50.03549227 50.03550562 50.03549949 50.0354967 ],50.03549851844518,958.5851159071132,1767.0000000000025
70.0600000000032,[50.03547877 50.03549994 50.03548153 50.03548156],50.03548544934406,958.422598833859,1767.000000000001
70.0800000000032,[50.03546985 50.03549938 50.0354655  50.03546879],50.035475882064446,958.2728737721723,1767.000000000001
70.10000000000319,[50.03546817 50.03550711 50.03545266 50.03545992],50.035471962918294,957.9290962937404,1766.999999999999
70.12000000000319,[50.03547394 50.03552306 50.03544332 50.03545519],50.03547387845592,957.7627353349986,1766.9999999999968
70.14000000000318,[50.03547752 50.03553476 50.03543334 50.03544914],50.03547368848097,958.0872727993476,1767.0000000000027
70.16000000000318,[50.03547768 50.0355408  50.03542198 50.03544085],50.03547032817097,958.0112707151615,1767.000000000002
70.18000000000318,[50.03547904 50.03554688 50.03541144 50.03543309],50.03546761476019,958.014229430003,1767.0000000000027
70.20000000000317,[50.03548103 50.03555223 50.03540156 50.03542557],50.03546509476514,957.9764439207952,1767.0000000000027
70.22000000000317,[50.03548033 50.03555257 50.03539097 50.03541649],50.03546009027942,958.2049420049418,1767.0000000000027
70.24000000000316,[50.03547513 50.03554576 50.03537878 50.03540476],50.03545110929702,958.293393345704,1766.9999999999984
70.26000000000316,[50.03546598 50.03553258 50.03536531 50.03539076],50.03543865626737,958.4797509815496,1767.0000000000007
70.28000000000316,[50.03545207 50.03551218 50.03535014 50.03537403],50.035422106462356,958.6213604317096,1766.9999999999986
70.30000000000315,[50.03543545 50.0354874  50.03533418 50.03535579],50.03540320407923,958.6612508489053,1767.0000000000027
70.32000000000315,[50.03541618 50.03545846 50.03531747 50.03533615],50.03538206524329,958.7932818851567,1766.9999999999986
70.34000000000314,[50.03539193 50.03542266 50.03529893 50.0353138 ],50.035356830638136,958.9901632172653,1767.0000000000014
70.36000000000314,[50.0353687  50.03538801 50.03528108 50.03529214],50.03533248183608,958.7030918384226,1766.9999999999989
70.38000000000314,[50.03534681 50.03535488 50.03526428 50.03527157],50.03530938629112,958.8684739668597,1767.0000000000025
70.40000000000313,[50.03532152 50.03531766 50.03524623 50.0352493 ],50.03528367778503,958.9073564591284,1767.0
70.42000000000313,[50.03529531 50.0352797  50.03522797 50.03522676],50.03525743387627,958.8979141984706,1766.9999999999984
70.44000000000312,[50.03526812 50.03524116 50.03520944 50.03520395],50.03523066661084,958.9358335714741,1767.0000000000023
70.46000000000312,[50.03523991 50.03520221 50.03519053 50.03518083],50.03520336762271,958.9272496468931,1766.9999999999993
70.48000000000312,[50.03521215 50.03516494 50.03517184 50.03515826],50.03517679890653,958.8589421481574,1767.0000000000032
70.50000000000311,[50.0351866  50.03513168 50.03515412 50.03513725],50.03515241224551,958.7279947518159,1766.999999999998
70.52000000000311,[50.03516339 50.03510269 50.03513742 50.03511791],50.03513035279479,958.6472265169987,1767.0000000000014
70.5400000000031,[50.03514241 50.03507789 50.03512164 50.03510016],50.03511052264939,958.5243864663717,1767.0000000000025
70.5600000000031,[50.03512479 50.03505872 50.03510727 50.03508464],50.03509385640989,958.3646838481386,1766.999999999999
70.5800000000031,[50.03510929 50.03504352 50.03509379 50.03507065],50.035079311756725,958.3293606690108,1767.0000000000027
70.60000000000309,[50.03509451 50.03503053 50.03508052 50.03505735],50.03506572918995,958.267336012056,1766.9999999999952
70.62000000000309,[50.03508509 50.03502557 50.03506949 50.03504733],50.03505686857419,957.9152808186323,1766.9999999999977
70.64000000000308,[50.0350843  50.03503251 50.03506232 50.03504259],50.035055430946215,957.6250346980646,1767.000000000001
70.66000000000308,[50.03508892 50.03504696 50.03505769 50.0350413 ],50.03505871642814,957.4997419803004,1766.9999999999982
70.68000000000308,[50.03509351 50.03506178 50.03505323 50.03504032],50.03506221043005,957.5895585213839,1766.9999999999993
70.70000000000307,[50.03509876 50.03507778 50.03504916 50.03503992],50.03506640379124,957.4232514691838,1767.0000000000032
70.72000000000307,[50.03510348 50.0350931  50.03504512 50.03503951],50.035070304653324,957.5965084820948,1767.000000000002
70.74000000000306,[50.03510742 50.03510736 50.0350409  50.0350388 ],50.03507362088247,957.4553767324408,1767.000000000001
70.76000000000306,[50.03511277 50.03512302 50.03503764 50.03503914],50.035078138547284,957.478154386511,1767.0
70.78000000000306,[50.03511968 50.03514014 50.03503541 50.03504057],50.03508395098744,957.3293692842109,1767.000000000001
70.80000000000305,[50.03513479 50.0351669  50.03503728 50.03504695],50.035096480260286,956.8951992761316,1767.000000000002
70.82000000000305,[50.03515419 50.03519784 50.03504185 50.03505623],50.03511252410655,957.0152660174823,1767.0000000000025
70.84000000000304,[50.0351712  50.03522446 50.03504604 50.03506446],50.035126540556305,957.0481957499933,1766.9999999999964
70.86000000000304,[50.03518941 50.0352512  50.0350515  50.03507367],50.03514144527794,956.9228853394872,1767.0000000000027
70.88000000000304,[50.03520998 50.03527934 50.0350589  50.03508465],50.03515821785004,956.8731615772541,1766.9999999999961
70.90000000000303,[50.03522721 50.03530148 50.03506581 50.03509416],50.035172164717615,957.1432493496096,1767.0000000000016
70.92000000000303,[50.03524391 50.03532137 50.03507332 50.03510369],50.035185572953594,956.901589323414,1767.0000000000011
70.94000000000302,[50.03526239 50.03534174 50.03508274 50.0351148 ],50.03520041751595,957.0049970985929,1767.000000000005
70.96000000000302,[50.03528055 50.03536    50.03509308 50.03512622],50.03521496127947,956.9099442046111,1767.000000000002
70.98000000000302,[50.03529902 50.03537697 50.03510473 50.03513843],50.03522978747114,956.9641505106587,1766.9999999999977
71.00000000000301,[50.03531428 50.03538827 50.03511613 50.03514944],50.03524202993824,957.1107637802588,1767.0
71.02000000000301,[50.03532741 50.03539551 50.0351277  50.03515984],50.035252611654656,957.0876949816458,1767.0000000000027
71.040000000003,[50.03533537 50.03539491 50.03513816 50.035168  ],50.03525910979743,957.4385786965134,1767.0000000000011
71.060000000003,[50.03533385 50.03538141 50.03514537 50.03517134],50.035257991294614,957.714127118024,1767.000000000003
71.080000000003,[50.03532973 50.03536416 50.03515225 50.03517376],50.03525497553743,957.5841496737568,1766.9999999999986
71.10000000000299,[50.03532727 50.03534868 50.03516079 50.03517785],50.03525364668221,957.55775532712,1766.9999999999993
71.12000000000299,[50.03532193 50.03532946 50.03516891 50.03518105],50.03525033816149,957.7367082155968,1767.000000000002
71.14000000000298,[50.03531448 50.03530789 50.03517675 50.03518369],50.03524570351918,957.6557986257856,1766.9999999999975
71.16000000000298,[50.03530797 50.03528805 50.03518565 50.03518757],50.035242312395475,957.618317709826,1766.9999999999973
71.18000000000298,[50.03530222 50.03526996 50.03519542 50.03519258],50.03524004619095,957.5474372699747,1767.0000000000039
71.20000000000297,[50.03529103 50.03524589 50.03520328 50.03519518],50.03523384504979,957.9362250519652,1767.000000000004
71.22000000000297,[50.03527471 50.03521679 50.03520895 50.03519529],50.03522393651549,957.8472578810346,1766.9999999999984
71.24000000000296,[50.03525845 50.03518931 50.03521474 50.03519592],50.035214605166715,957.8753143419949,1766.9999999999993
71.26000000000296,[50.03523816 50.03515848 50.0352187  50.03519468],50.035202502687575,958.0687279759213,1766.999999999998
71.28000000000296,[50.03521358 50.03512422 50.03522044 50.03519123],50.035187367629376,958.1195519291996,1766.9999999999995
71.30000000000295,[50.03518908 50.03509223 50.03522176 50.035188  ],50.03517276586325,958.0130654597774,1767.000000000002
71.32000000000295,[50.03516106 50.03505792 50.035221   50.0351829 ],50.03515571963433,958.3148337070827,1766.9999999999998
71.34000000000295,[50.03513106 50.03502354 50.03521848 50.03517652],50.035137401291976,958.1105397528702,1766.9999999999982
71.36000000000294,[50.0350995  50.03498942 50.03521443 50.03516913],50.03511812064528,958.3861893697261,1766.9999999999995
71.38000000000294,[50.03507214 50.03496312 50.03521099 50.03516368],50.035102483930046,957.7946948802443,1766.999999999998
71.40000000000293,[50.03505396 50.03495048 50.03521068 50.03516325],50.03509459095253,957.7239900926705,1767.0000000000025
71.42000000000293,[50.03503214 50.03493499 50.03520762 50.03516025],50.035083749089324,958.033098056179,1767.000000000002
71.44000000000293,[50.03501393 50.03492605 50.03520465 50.03515848],50.03507577623207,957.4731760844227,1767.0
71.46000000000292,[50.03500594 50.03493138 50.035205   50.03516189],50.035076053143605,957.3280694025442,1767.0000000000011
71.48000000000292,[50.03500158 50.03494231 50.03520569 50.03516655],50.03507903184133,957.2351559178093,1767.0000000000014
71.50000000000291,[50.034996   50.03495232 50.03520454 50.03516955],50.03508060274207,957.4361729357419,1767.0000000000018
71.52000000000291,[50.03499367 50.03496694 50.03520331 50.03517319],50.03508427832288,957.0479638069893,1767.0000000000039
71.5400000000029,[50.03499501 50.03498607 50.03520252 50.03517786],50.0350903630625,957.222718197282,1766.999999999998
71.5600000000029,[50.03499254 50.035      50.03519867 50.03517904],50.03509256349978,957.3651155424475,1767.0000000000016
71.5800000000029,[50.03499023 50.03501352 50.0351935  50.03517889],50.03509403467301,957.2746222375031,1767.0000000000032
71.6000000000029,[50.03498826 50.03502644 50.03518723 50.03517754],50.0350948662602,957.409451472259,1766.9999999999961
71.62000000000289,[50.03498284 50.03503376 50.03517815 50.03517274],50.03509187374121,957.5876017695485,1766.9999999999961
71.64000000000289,[50.03497484 50.03503643 50.03516664 50.03516491],50.035085705943985,957.668289759795,1766.9999999999973
71.66000000000288,[50.03496497 50.03503513 50.03515306 50.03515446],50.03507690661999,957.8009110215094,1766.999999999998
71.68000000000288,[50.03495398 50.03503074 50.03513777 50.03514178],50.03506606662826,957.8321280762058,1767.0000000000016
71.70000000000287,[50.03494637 50.03502891 50.03512282 50.0351295 ],50.03505689884716,957.6519898302388,1767.0000000000005
71.72000000000287,[50.03494548 50.03503365 50.03510988 50.03511965],50.03505216498049,957.44996565857,1766.9999999999995
71.74000000000287,[50.03494609 50.03503813 50.03509683 50.03510936],50.03504760335562,957.6280528641574,1767.000000000002
71.76000000000286,[50.03494389 50.03503701 50.0350817  50.03509612],50.03503967871228,957.7238898037277,1766.9999999999982
71.78000000000286,[50.03494153 50.03503375 50.03506571 50.03508148],50.03503061841321,957.7143446216472,1767.0000000000016
71.80000000000285,[50.03493972 50.03502927 50.03504931 50.03506599],50.035021073685385,957.7550473201776,1766.9999999999961
71.82000000000285,[50.03493832 50.03502353 50.03503251 50.03504966],50.03501100372711,957.7487079836524,1766.9999999999989
71.84000000000285,[50.03493729 50.03501659 50.03501541 50.0350326 ],50.035000474712405,957.7834906834757,1767.0000000000018
71.86000000000284,[50.03493337 50.03500448 50.03499667 50.03501308],50.03498689678038,957.9950459252083,1767.0000000000068
71.88000000000284,[50.03492924 50.03499095 50.03497742 50.03499265],50.034972565295796,957.8365886879632,1767.0000000000007
71.90000000000283,[50.03493154 50.03498457 50.03496084 50.03497538],50.034963081933775,957.5755710268901,1767.0000000000011
71.92000000000283,[50.03493671 50.03498082 50.0349456  50.03495947],50.03495565239638,957.6514155787855,1766.9999999999995
71.94000000000283,[50.03493933 50.03497314 50.0349293  50.03494189],50.034945915031486,957.7574540624573,1767.000000000005
71.96000000000282,[50.03494482 50.03496877 50.03491436 50.03492583],50.034938446287995,957.447599123144,1766.9999999999977
71.98000000000282,[50.03495546 50.03497058 50.0349021  50.03491292],50.03493526681376,957.3823196970998,1766.9999999999973
72.00000000000281,[50.03497087 50.03497834 50.03489242 50.03490304],50.034936167899005,957.089317025835,1767.0000000000032
72.02000000000281,[50.03499331 50.03499497 50.03488659 50.03489777],50.03494315952942,956.8535451790415,1767.0000000000039
72.0400000000028,[50.03501597 50.03501182 50.0348818  50.03489341],50.034950747700094,957.0222957855617,1766.999999999999
72.0600000000028,[50.03503475 50.03502399 50.03487619 50.03488762],50.03495563763015,957.0640061190486,1767.0000000000011
72.0800000000028,[50.03505436 50.03503767 50.03487195 50.03488325],50.03496180934485,956.8972984582227,1767.0000000000055
72.1000000000028,[50.03507514 50.03505327 50.03486945 50.03488073],50.03496965084114,956.9056783775649,1767.0000000000027
72.12000000000279,[50.03509011 50.03506203 50.03486571 50.03487619],50.034973509518736,957.214889061183,1766.9999999999977
72.14000000000279,[50.03509874 50.03506362 50.03486037 50.03486929],50.03497300809361,957.2555687592243,1767.0000000000007
72.16000000000278,[50.03510055 50.03505749 50.03485336 50.03485994],50.03496783357125,957.5912342540963,1766.9999999999995
72.18000000000278,[50.03509425 50.03504232 50.03484396 50.03484734],50.034956963183944,957.7187776460202,1766.9999999999973
72.20000000000277,[50.03508561 50.03502563 50.03483475 50.03483488],50.03494521623663,957.6488096595236,1767.0000000000027
72.22000000000277,[50.03507311 50.03500546 50.03482515 50.03482182],50.03493138606866,957.8778510916846,1766.9999999999989
72.24000000000277,[50.03506024 50.03498659 50.03481652 50.03481006],50.03491835513797,957.5654892307293,1766.9999999999973
72.26000000000276,[50.03505403 50.03497776 50.03481217 50.0348038 ],50.034911940343136,957.3038011276697,1767.0000000000032
72.28000000000276,[50.0350503  50.03497356 50.0348103  50.03480069],50.034908713059416,957.279478483252,1767.0000000000005
72.30000000000275,[50.03504378 50.0349673  50.03480848 50.03479763],50.034904300016315,957.386012532984,1767.0000000000002
72.32000000000275,[50.03503727 50.03496262 50.03480778 50.03479608],50.0349009368116,957.1736085867616,1766.9999999999968
72.34000000000275,[50.03503308 50.03496224 50.03480932 50.03479742],50.03490051582348,957.1203649407701,1767.0000000000005
72.36000000000274,[50.03502884 50.03496305 50.03481196 50.03480019],50.034901006796765,957.0789235973505,1767.0000000000027
72.38000000000274,[50.03502843 50.03496988 50.03481734 50.0348065 ],50.034905537722324,956.762193918784,1767.0000000000043
72.40000000000273,[50.03503853 50.03499089 50.03482852 50.0348202 ],50.03491953612921,956.2629053499155,1767.0000000000027
72.42000000000273,[50.03505451 50.03501971 50.03484364 50.03483871],50.03493914538573,956.2699811873914,1767.0000000000025
72.44000000000273,[50.03506648 50.03504359 50.03485817 50.03485617],50.03495610477537,956.4666807636925,1767.0000000000048
72.46000000000272,[50.03507198 50.03505933 50.03487083 50.03487095],50.034968270528324,956.6551322928169,1767.000000000001
72.48000000000272,[50.0350724  50.03506858 50.03488211 50.03488369],50.03497669704532,956.76391592159,1766.9999999999995
72.50000000000271,[50.03507818 50.03508453 50.03489652 50.03490022],50.034989862407876,956.2388377371967,1766.9999999999961
72.52000000000271,[50.03509029 50.03510782 50.03491482 50.03492131],50.035008561027695,956.2799215591614,1766.9999999999995
72.5400000000027,[50.03510229 50.03513017 50.03493397 50.03494303],50.03502736622659,956.2122650382407,1767.0000000000043
72.5600000000027,[50.0351116  50.03514806 50.03495282 50.03496383],50.03504407523573,956.4391552821588,1766.9999999999975
72.5800000000027,[50.03511931 50.03516293 50.03497162 50.03498411],50.035059492100274,956.304644938965,1767.0000000000011
72.6000000000027,[50.03513063 50.03518118 50.03499274 50.03500686],50.035077851522445,956.1749404559018,1767.0
72.62000000000269,[50.03514048 50.03519614 50.03501394 50.03502912],50.035094919900374,956.3971570630454,1766.9999999999995
72.64000000000269,[50.03514647 50.0352049  50.03503394 50.03504933],50.03510865748727,956.4401511055951,1767.0
72.66000000000268,[50.03515318 50.03521324 50.03505469 50.03507001],50.03512277879309,956.3500018355505,1767.0000000000057
72.68000000000268,[50.03516195 50.03522282 50.03507678 50.03509192],50.03513836705989,956.3019239414317,1767.0000000000048
72.70000000000267,[50.03517446 50.03523579 50.0351009  50.03511595],50.03515677305195,956.0981604802637,1767.0000000000005
72.72000000000267,[50.0351947  50.03525716 50.03512881 50.03514437],50.03518125909345,955.7750216648584,1766.9999999999986
72.74000000000267,[50.03522242 50.03528649 50.03516052 50.0351771 ],50.03521163282667,955.5868765169814,1767.000000000004
72.76000000000266,[50.03525763 50.03532377 50.03519597 50.03521409],50.0352478650395,955.2658299576008,1766.9999999999973
72.78000000000266,[50.03530203 50.03537109 50.03523604 50.03525636],50.035291378887585,954.9571346714099,1766.999999999997
72.80000000000265,[50.03534845 50.03541917 50.03527765 50.03529988],50.03533628762899,955.1314325035548,1767.0000000000025
72.82000000000265,[50.03539456 50.03546532 50.03531956 50.03534314],50.03538064540184,954.9871822507052,1766.9999999999998
72.84000000000265,[50.03544019 50.03550926 50.03536183 50.03538614],50.035424356927734,955.1695066221365,1766.9999999999984
72.86000000000264,[50.03548799 50.03555464 50.03540547 50.03543031],50.03546960248438,954.8421774054934,1766.9999999999993
72.88000000000264,[50.03554488 50.03561014 50.03545379 50.03547981],50.035522154231984,954.5376898271072,1767.0000000000002
72.90000000000263,[50.03560965 50.0356742  50.03550642 50.03553408],50.035581085891394,954.2877209929908,1767.0000000000011
72.92000000000263,[50.03567924 50.03574289 50.03556209 50.03559146],50.03564391800353,954.1915545731053,1766.9999999999986
72.94000000000263,[50.03575638 50.03581983 50.03562204 50.03565354],50.03571294765445,953.7477767903192,1767.0000000000082
72.96000000000262,[50.0358417  50.03590565 50.03568685 50.03572094],50.035788784715095,953.5992140168609,1767.0000000000034
72.98000000000262,[50.03593244 50.03599694 50.03575535 50.03579212],50.03586921249703,953.3417353384581,1766.999999999999
73.00000000000261,[50.03603038 50.03609591 50.0358285  50.03586826],50.03595576534561,953.0632505551781,1766.999999999998
73.02000000000261,[50.03613361 50.0362001  50.03590566 50.03594845],50.03604695368596,952.9305716102538,1766.9999999999989
73.0400000000026,[50.03624046 50.03630744 50.03598621 50.03603183],50.03614148611884,952.7605193527328,1767.0000000000045
73.0600000000026,[50.03634706 50.036413   50.03606862 50.03611637],50.03623626336882,952.8886197820175,1766.9999999999948
73.0800000000026,[50.03645352 50.03651717 50.0361529  50.03620215],50.03633143361869,952.7063874176879,1767.0000000000061
73.1000000000026,[50.03656324 50.03662426 50.03624078 50.03629135],50.036429907998944,952.5888793681835,1766.9999999999952
73.12000000000259,[50.03667738 50.03673586 50.03633292 50.03638477],50.03653273230196,952.318227761368,1766.9999999999995
73.14000000000259,[50.03679494 50.03685067 50.03642909 50.03648207],50.036639192141244,952.2602771297935,1767.0000000000005
73.16000000000258,[50.036916   50.03696893 50.03652936 50.03658337],50.0367494177342,951.9784220251667,1767.000000000003
73.18000000000258,[50.03704002 50.03708994 50.03663374 50.03668858],50.036863070173276,951.9483727225386,1767.0000000000045
73.20000000000258,[50.03716395 50.03721    50.03674089 50.03679604],50.03697771888218,951.8712071375871,1766.999999999999
73.22000000000257,[50.03729021 50.03733233 50.03685194 50.03690722],50.03709542486614,951.6673327108856,1767.0000000000045
73.24000000000257,[50.03741981 50.03745823 50.0369675  50.03702286],50.03721709927346,951.512945368249,1767.0000000000095
73.26000000000256,[50.03754677 50.03758017 50.037085   50.03713969],50.03733790694552,951.7162201406488,1767.0000000000064
73.28000000000256,[50.03766613 50.03769214 50.03720212 50.03725478],50.037453792867915,951.9041496338516,1767.0000000000016
73.30000000000256,[50.03778034 50.03779758 50.03731983 50.03736955],50.037566824389444,951.9339421546139,1766.9999999999945
73.32000000000255,[50.03789171 50.0378996  50.03743915 50.03748538],50.03767895925066,951.957293124946,1766.9999999999948
73.34000000000255,[50.03800657 50.03800648 50.03756278 50.03760587],50.03779542642268,951.5467240134656,1767.000000000004
73.36000000000254,[50.03812487 50.03811805 50.0376909  50.03773119],50.03791625072922,951.5672629770063,1766.999999999991
73.38000000000254,[50.03823872 50.03822451 50.03781982 50.03785671],50.038034938803804,951.7040664130425,1766.9999999999977
73.40000000000254,[50.03834824 50.0383263  50.03794937 50.03798238],50.03815157250362,951.7183306998486,1767.0000000000061
73.42000000000253,[50.03845768 50.03842897 50.03808128 50.03811052],50.03826961214652,951.5639436356397,1767.0000000000016
73.44000000000253,[50.03856883 50.03853485 50.03821628 50.03824216],50.03839053142091,951.4540249434291,1767.0000000000055
73.46000000000252,[50.03867952 50.03864124 50.03835329 50.03837595],50.03851249985602,951.4539775973636,1767.0000000000018
73.48000000000252,[50.03879127 50.0387502  50.03849273 50.03851257],50.03863669385568,951.2452740512122,1766.9999999999982
73.50000000000252,[50.03890151 50.03885836 50.03863342 50.03865051],50.038760947876945,951.4276990608846,1766.999999999994
73.52000000000251,[50.03900996 50.03896559 50.03877484 50.03878927],50.038884914508984,951.2491057710982,1767.0000000000068
73.54000000000251,[50.03912404 50.03908123 50.03892019 50.03893301],50.039014617218484,950.9240131860739,1767.0000000000005
73.5600000000025,[50.0392429  50.03920397 50.03906905 50.03908117],50.03914927572163,950.8108403278578,1767.0000000000036
73.5800000000025,[50.03936228 50.0393283  50.03921932 50.03923107],50.039285242749806,950.793249159488,1766.9999999999989
73.6000000000025,[50.03948007 50.03945148 50.03936983 50.03938127],50.0394206643854,950.8367749891104,1767.0000000000061
73.62000000000249,[50.03959612 50.03957325 50.03952027 50.03953142],50.03955526374402,950.8431890130819,1766.999999999994
73.64000000000249,[50.03971129 50.03969457 50.0396708  50.03968178],50.03968960747599,950.8395838915193,1767.0000000000005
73.66000000000248,[50.03982064 50.03980901 50.03981907 50.03982934],50.039819515694646,951.1989070434632,1766.9999999999995
73.68000000000248,[50.03992496 50.03991773 50.03996498 50.03997414],50.039945453143865,951.1576027332727,1767.000000000007
73.70000000000248,[50.04003134 50.04002953 50.04011154 50.04012006],50.0400731160498,951.0374749991277,1767.0000000000052
73.72000000000247,[50.04013768 50.04014152 50.04025771 50.04026575],50.04020066517395,951.151448667371,1766.9999999999961
73.74000000000247,[50.04024292 50.04025234 50.0404027  50.0404103 ],50.04032706478441,951.1193420419452,1766.9999999999986
73.76000000000246,[50.04035113 50.04036703 50.04054813 50.04055581],50.04045552542926,950.9631434636607,1766.9999999999911
73.78000000000246,[50.04046141 50.04048418 50.0406935  50.04070161],50.04058517542294,951.0045365019856,1767.0000000000018
73.80000000000246,[50.04057253 50.04060217 50.04083801 50.04084673],50.04071485911586,950.9461389024749,1767.0000000000064
73.82000000000245,[50.0406864  50.04072328 50.04098237 50.04099207],50.04084602989674,950.8652291994753,1767.0000000000018
73.84000000000245,[50.04080146 50.04084534 50.04112575 50.04113657],50.040977284023214,950.9252112945345,1766.9999999999973
73.86000000000244,[50.04091803 50.04096871 50.0412681  50.04128019],50.04110875936943,950.8330211778883,1767.0000000000027
73.88000000000244,[50.04103489 50.04109162 50.04140882 50.04142213],50.04123936458818,950.9849848416324,1766.9999999999902
73.90000000000244,[50.04115573 50.04121883 50.0415493  50.04156424],50.04137202447285,950.6467252339222,1766.9999999999995
73.92000000000243,[50.04128419 50.04135462 50.04169129 50.04170866],50.04150968873816,950.5493751614265,1767.0000000000027
73.94000000000243,[50.04142046 50.04149914 50.04183478 50.04185538],50.04165243976629,950.2037500721727,1766.9999999999977
73.96000000000242,[50.04156073 50.04164719 50.04197826 50.04200227],50.0417971146533,950.3720157462923,1766.9999999999948
73.98000000000242,[50.04169817 50.04179017 50.04211851 50.04214525],50.041938023180194,950.5061223907851,1766.9999999999968
74.00000000000242,[50.04183218 50.04192733 50.04225523 50.04228391],50.04207466390158,950.7168731909818,1767.0000000000036
74.02000000000241,[50.04196735 50.04206462 50.04239033 50.0424208 ],50.04221077538256,950.53621835731,1767.000000000007
74.04000000000241,[50.04211164 50.042212   50.04252753 50.04256058],50.04235294032594,950.1914796802533,1767.0000000000039
74.0600000000024,[50.04226144 50.04236465 50.04266549 50.04270142],50.04249825026284,950.2546798065933,1767.0000000000016
74.0800000000024,[50.04241173 50.04251629 50.04280196 50.04284039],50.042642593400224,950.2560443183119,1766.999999999996
74.1000000000024,[50.04256749 50.04267333 50.04293919 50.04298042],50.04279010696803,949.9699862794072,1766.9999999999925
74.12000000000239,[50.04272709 50.04283352 50.0430768  50.04312083],50.04293955841819,950.0739617223403,1766.9999999999973
74.14000000000239,[50.04288717 50.04299277 50.04321328 50.04325973],50.04308823811456,950.0157827128868,1766.9999999999989
74.16000000000238,[50.04304916 50.04315292 50.04334945 50.04339812],50.04323741200226,950.0122565452264,1767.0000000000025
74.18000000000238,[50.04321682 50.04331892 50.04348713 50.04353829],50.04339029003062,949.6827218533405,1766.9999999999982
74.20000000000238,[50.04338735 50.043487   50.04362545 50.04367899],50.04354469694618,949.8609702063964,1767.0000000000011
74.22000000000237,[50.04355485 50.04365    50.04376182 50.04381692],50.04369589984442,949.9298585721443,1767.0000000000032
74.24000000000237,[50.0437198  50.04380867 50.04389662 50.04395256],50.043844412771065,950.0641787003925,1767.000000000007
74.26000000000236,[50.04387924 50.04395946 50.04402866 50.0440844 ],50.043987940423484,950.3260738605912,1766.999999999992
74.28000000000236,[50.04403767 50.04410849 50.04415998 50.04421512],50.04413031407802,950.1372823442503,1766.9999999999984
74.30000000000236,[50.04419685 50.04425801 50.04429171 50.04434612],50.04427317389543,950.2597055057539,1767.0000000000025
74.32000000000235,[50.04435036 50.04440013 50.04442107 50.04447387],50.04441135611123,950.5055102212068,1766.9999999999977
74.34000000000235,[50.04449671 50.04453336 50.04454745 50.04459764],50.04454379060236,950.717883331216,1767.000000000001
74.36000000000234,[50.04463797 50.04466066 50.04467178 50.04471877],50.04467229334072,950.810352898778,1767.0000000000073
74.38000000000234,[50.04477911 50.04478866 50.04479637 50.04484027],50.04480110346488,950.6648334132916,1767.0000000000045
74.40000000000234,[50.04492243 50.0449204  50.04492244 50.04496372],50.04493224926448,950.5851250166367,1766.999999999995
74.42000000000233,[50.04506576 50.0450533  50.04504915 50.04508803],50.04506405929128,950.5793344766512,1767.0000000000064
74.44000000000233,[50.0452082  50.04518642 50.04517613 50.04521281],50.04519589107307,950.5528366643708,1766.999999999998
74.46000000000232,[50.0453521  50.04532293 50.04530449 50.04533951],50.04532975685079,950.3764905679419,1766.9999999999925
74.48000000000232,[50.04549337 50.04545763 50.04543261 50.04546598],50.045462399105496,950.6233353354511,1766.9999999999957
74.50000000000232,[50.04563061 50.04558905 50.04555969 50.04559133],50.04559266932527,950.5435671083135,1767.0000000000045
74.52000000000231,[50.04576882 50.04572355 50.04568808 50.04571857],50.045724753924304,950.4367192906427,1766.9999999999975
74.54000000000231,[50.04591127 50.04586529 50.04581927 50.04584963],50.04586136370322,950.1274741276102,1766.9999999999998
74.5600000000023,[50.04605993 50.04601657 50.04595433 50.04598577],50.04600414923809,949.8800263061147,1767.000000000003
74.5800000000023,[50.04620914 50.04617004 50.04609089 50.04612384],50.04614847851064,949.9598953768183,1766.999999999993
74.6000000000023,[50.04635585 50.04632179 50.04622749 50.046262  ],50.046291784351006,949.9283824831058,1767.0000000000086
74.62000000000229,[50.04650235 50.04647465 50.04636519 50.04640157],50.0464359423576,949.8496081290126,1766.9999999999984
74.64000000000229,[50.04664858 50.04662832 50.04650402 50.04654251],50.04658085650976,949.8255680089937,1767.0000000000048
74.66000000000228,[50.04678901 50.04677558 50.04664158 50.04668166],50.04672195538967,950.1317218928698,1766.9999999999975
74.68000000000228,[50.04692394 50.04691688 50.04677778 50.04681899],50.046859393980874,950.0950566474881,1767.0000000000043
74.70000000000228,[50.04706435 50.047066   50.04691752 50.04696076],50.04700215594912,949.6436500718852,1766.999999999999
74.72000000000227,[50.04721439 50.0472277  50.04706288 50.04710947],50.047153611417485,949.3214850762267,1766.9999999999995
74.74000000000227,[50.04736121 50.04738527 50.04720834 50.04725784],50.0473031653291,949.762033133783,1767.0000000000068
74.76000000000226,[50.04749897 50.04753142 50.04735091 50.04740214],50.04744585820285,949.8586966556941,1766.9999999999911
74.78000000000226,[50.04763663 50.04767744 50.04749452 50.04754742],50.04758900430153,949.6829053243142,1767.0
74.80000000000226,[50.04777343 50.047822   50.04763893 50.04769329],50.04773191326272,949.837301813366,1767.0000000000048
74.82000000000225,[50.04790867 50.04796422 50.04778366 50.04783912],50.047873917517414,949.7180164119036,1767.0000000000032
74.84000000000225,[50.04804685 50.0481096  50.04793071 50.04798748],50.04801866082434,949.5649270122129,1766.9999999999964
74.86000000000224,[50.0481869  50.04825656 50.04807963 50.0481377 ],50.04816519750378,949.5248776770545,1766.9999999999961
74.88000000000224,[50.04832724 50.04840299 50.04822961 50.04828876],50.048312150172116,949.4876866259793,1766.9999999999968
74.90000000000224,[50.04846624 50.04854673 50.04837989 50.04843962],50.04845812175494,949.5652774530062,1767.0000000000027
74.92000000000223,[50.04859899 50.04868151 50.04852817 50.04858737],50.048599008363865,949.8742550505151,1766.9999999999945
74.94000000000223,[50.0487246  50.04880635 50.04867376 50.04873126],50.04873399172983,950.0216755210017,1767.0000000000016
74.96000000000222,[50.04884509 50.04892392 50.04881746 50.04887235],50.04886470534393,950.1935236813478,1766.9999999999989
74.98000000000222,[50.04896204 50.04903634 50.04895975 50.04901139],50.048992379300174,950.2378304666369,1767.0000000000016
75.00000000000222,[50.04907659 50.04914516 50.04910104 50.04914896],50.04911794052444,950.3318095654886,1766.9999999999939
75.02000000000221,[50.04918669 50.0492479  50.04924023 50.04928376],50.049239648166235,950.523210187534,1767.0000000000007
75.04000000000221,[50.049293   50.04934567 50.04937736 50.04941599],50.049358004497144,950.5754289888738,1767.0000000000045
75.0600000000022,[50.04940122 50.04944588 50.04951477 50.04954878],50.049477661713105,950.3749009666658,1766.9999999999964
75.0800000000022,[50.04951474 50.04955286 50.04965391 50.04968404],50.049601388263696,950.193289759617,1766.9999999999932
75.1000000000022,[50.04963019 50.04966236 50.0497932  50.04981978],50.04972638354818,950.2283358185945,1767.0000000000061
75.1200000000022,[50.04974423 50.04977033 50.04993095 50.04995393],50.049849859909465,950.2817389659697,1767.0000000000011
75.14000000000219,[50.0498594  50.04988016 50.05006806 50.05008777],50.04997384648763,950.1458633829677,1766.9999999999995
75.16000000000219,[50.04997336 50.04998887 50.05020348 50.05021995],50.050096415902594,950.361466497692,1767.00000000001
75.18000000000218,[50.05008226 50.05009181 50.0503352  50.05034806],50.05021433095171,950.499007592122,1766.9999999999961
75.20000000000218,[50.05018701 50.05019029 50.05046345 50.05047248],50.05032830782137,950.6546972636223,1766.999999999998
75.22000000000217,[50.05029476 50.0502936  50.05059118 50.05059714],50.050444170170124,950.3017399407603,1766.9999999999945
75.24000000000217,[50.05040946 50.05040654 50.05072028 50.05072442],50.05056517443313,950.182071768916,1766.9999999999948
75.26000000000217,[50.05052638 50.05052308 50.05084857 50.05085152],50.0506873907882,950.1598943074654,1767.0000000000023
75.28000000000216,[50.05064363 50.05064083 50.05097512 50.05097727],50.05080921343894,950.175376470987,1767.0000000000005
75.30000000000216,[50.05075841 50.05075621 50.05109861 50.0511    ],50.05092830809452,950.3499002883418,1767.000000000003
75.32000000000215,[50.05087254 50.05087163 50.05121968 50.05122059],50.05104610843075,950.2448203372136,1766.999999999992
75.34000000000215,[50.05098892 50.05099061 50.05133967 50.05134073],50.05116498553549,950.2191109270827,1767.0000000000077
75.36000000000215,[50.05110271 50.05110689 50.05145645 50.05145766],50.051280927557315,950.4519682045843,1767.0000000000002
75.38000000000214,[50.05121268 50.05121899 50.05156932 50.05157051],50.05139287512732,950.5159167729787,1767.0
75.40000000000214,[50.05131868 50.05132664 50.05167823 50.05167922],50.05150069371895,950.760136682832,1766.9999999999989
75.42000000000213,[50.05142218 50.05143177 50.0517837  50.05178452],50.05160554213443,950.7267596720894,1766.9999999999993
75.44000000000213,[50.05152965 50.05154249 50.05188868 50.05189015],50.051712745754,950.5217272723631,1766.9999999999943
75.46000000000213,[50.05164051 50.0516578  50.05199308 50.05199589],50.05182181944527,950.5283488706202,1767.0000000000039
75.48000000000212,[50.05175084 50.05177264 50.05209515 50.05209948],50.05192952653296,950.5956673543936,1766.9999999999977
75.50000000000212,[50.05185985 50.05188595 50.05219458 50.05220045],50.052035210326096,950.657337680153,1766.999999999999
75.52000000000211,[50.05196925 50.05199984 50.05229214 50.05229979],50.05214025517185,950.6076285126693,1767.000000000003
75.54000000000211,[50.05207951 50.05211476 50.05238818 50.05239785],50.05224507767251,950.6335556342486,1767.0000000000005
75.5600000000021,[50.05218826 50.05222759 50.05248171 50.05249332],50.052347720269665,950.7483667129674,1767.0000000000002
75.5800000000021,[50.05229333 50.05233555 50.05257184 50.05258499],50.0524464302688,950.9217710795363,1766.9999999999966
75.6000000000021,[50.0523922  50.05243544 50.05265747 50.05267146],50.05253914180875,951.2106341259927,1766.9999999999966
75.6200000000021,[50.05248877 50.05253235 50.0527403  50.05275493],50.05262908839246,951.1116308978683,1767.000000000001
75.64000000000209,[50.05258696 50.05263109 50.05282227 50.05283782],50.05271953440142,951.1245522078347,1766.9999999999934
75.66000000000209,[50.05268796 50.05273321 50.05290402 50.0529209 ],50.05281152415537,950.9368233248838,1767.000000000004
75.68000000000208,[50.05279148 50.05283814 50.05298565 50.05300418],50.05290486247933,950.9650173453045,1766.9999999999989
75.70000000000208,[50.05288841 50.0529343  50.05306323 50.05308256],50.05299212564032,951.4023903169518,1767.0000000000011
75.72000000000207,[50.05298066 50.05302445 50.05313742 50.053157  ],50.05307488383636,951.2985743280734,1766.9999999999995
75.74000000000207,[50.05307499 50.05311707 50.0532115  50.05323161],50.05315879206109,951.2584389581117,1766.9999999999984
75.76000000000207,[50.05316706 50.05320661 50.0532837  50.05330407],50.05324035919764,951.4480822327636,1766.9999999999982
75.78000000000206,[50.05325858 50.05329547 50.05335475 50.05337535],50.053321037458446,951.2852369909243,1767.0000000000045
75.80000000000206,[50.05335364 50.05338874 50.05342671 50.05344801],50.05340427367419,951.1832458020011,1767.000000000011
75.82000000000205,[50.05345022 50.05348382 50.05349884 50.05352103],50.05348848011026,951.1531876168626,1767.0000000000032
75.84000000000205,[50.05354179 50.05357245 50.05356841 50.05359084],50.0535683739338,951.4957039932335,1767.000000000004
75.86000000000205,[50.0536292  50.053656   50.05363567 50.05365785],50.05364468030151,951.4046441233411,1767.0000000000027
75.88000000000204,[50.0537162  50.05373919 50.05370251 50.05372444],50.05372058516876,951.477840379384,1766.9999999999964
75.90000000000204,[50.05380292 50.05382231 50.05376905 50.05379074],50.05379625356393,951.3723712504064,1766.9999999999973
75.92000000000203,[50.05388538 50.05390024 50.05383373 50.05385469],50.05386850757297,951.7126181684121,1767.0000000000064
75.94000000000203,[50.05395933 50.05396789 50.05389455 50.0539138 ],50.05393389015336,951.8987849295688,1766.9999999999977
75.96000000000203,[50.05402981 50.05403184 50.05395375 50.053971  ],50.05399660037532,951.8850983433031,1766.9999999999993
75.98000000000202,[50.05409842 50.05409417 50.05401217 50.05402738],50.05405803261149,951.9532556984728,1767.0000000000011
76.00000000000202,[50.05416424 50.05415382 50.05406942 50.05408245],50.05411748071088,951.9987605867918,1767.0
76.02000000000201,[50.0542333  50.0542186  50.05412817 50.05413968],50.054179939218905,951.6455190532336,1767.0000000000057
76.04000000000201,[50.05430788 50.05429121 50.0541897  50.05420061],50.054247350633005,951.5259341022934,1766.9999999999936
76.060000000002,[50.05438251 50.05436469 50.05425162 50.05426215],50.05431524205005,951.5488428195035,1767.0000000000011
76.080000000002,[50.05445554 50.05443703 50.05431318 50.05432334],50.0543822731335,951.5418190078497,1766.9999999999932
76.100000000002,[50.05452629 50.05450734 50.05437413 50.05438384],50.05444790237876,951.6100057763366,1766.9999999999945
76.120000000002,[50.05459211 50.05457228 50.05443328 50.05444213],50.054509948862936,951.7867090870626,1767.0000000000025
76.14000000000199,[50.05465497 50.05463444 50.05449141 50.05449926],50.05457001846282,951.7197465404768,1767.0000000000048
76.16000000000199,[50.05471703 50.05469651 50.05454957 50.05455657],50.05462991727832,951.7439169373685,1766.9999999999977
76.18000000000198,[50.05477983 50.05476042 50.05460842 50.05461489],50.05469089058207,951.5718423396931,1766.9999999999964
76.20000000000198,[50.05484505 50.05482814 50.0546688  50.05467526],50.05475431176914,951.4796691015185,1766.9999999999982
76.22000000000197,[50.05491062 50.05489693 50.05472982 50.05473649],50.0548184643278,951.4518672798946,1766.9999999999923
76.24000000000197,[50.05497548 50.0549654  50.054791   50.05479795],50.05488245651403,951.4346600109355,1766.9999999999961
76.26000000000197,[50.05504465 50.05503985 50.05485452 50.05486244],50.0549503660253,951.0629726984654,1767.0000000000073
76.28000000000196,[50.05512072 50.05512325 50.05492174 50.05493158],50.05502432229889,950.8652776592191,1766.999999999998
76.30000000000196,[50.05519905 50.05520947 50.05499065 50.0550027 ],50.05510046720519,950.8181647455074,1767.0000000000027
76.32000000000195,[50.0552748  50.05529226 50.05505913 50.05507299],50.055174796531475,950.9578449242958,1766.999999999997
76.34000000000195,[50.05534862 50.05537242 50.05512734 50.05514272],50.055247775561206,950.8718937731568,1767.0000000000025
76.36000000000195,[50.05542771 50.05545894 50.05519853 50.05521599],50.055325291992766,950.5151660526534,1767.0000000000011
76.38000000000194,[50.05550932 50.05554796 50.05527173 50.05529139],50.05540510160038,950.6176253789477,1767.0000000000002
76.40000000000194,[50.05558756 50.05563199 50.05534421 50.05536544],50.055482298021154,950.6747613796839,1766.9999999999993
76.42000000000193,[50.05566483 50.05571406 50.05541701 50.05543945],50.05555883797573,950.6126023709122,1767.0000000000011
76.44000000000193,[50.05574643 50.05580078 50.05549251 50.05551646],50.0556390472239,950.3051108759972,1766.9999999999961
76.46000000000193,[50.05583114 50.05589035 50.05557038 50.05559591],50.05572194374286,950.3251476549729,1767.0000000000048
76.48000000000192,[50.05591862 50.05598236 50.05565037 50.05567751],50.05580721332889,950.0442366486296,1766.9999999999964
76.50000000000192,[50.05600631 50.05607332 50.05573156 50.05575993],50.0558927787438,950.2389066253144,1766.9999999999936
76.52000000000191,[50.05608747 50.05615482 50.05581079 50.05583918],50.055973066265835,950.4284846023209,1767.0000000000034
76.54000000000191,[50.05616096 50.05622551 50.05588749 50.05591458],50.05604713562278,950.7032427488157,1767.000000000003
76.5600000000019,[50.0562321  50.05629242 50.05596383 50.05598905],50.05611934831718,950.5261929274059,1767.0000000000036
76.5800000000019,[50.05630336 50.05635862 50.05604109 50.05606416],50.0561918078186,950.6236218724299,1767.0
76.6000000000019,[50.05637043 50.05641879 50.05611721 50.05613738],50.05626095162772,950.7473799039268,1766.9999999999995
76.6200000000019,[50.05643047 50.05646955 50.05619086 50.05620705],50.05632448221114,951.0391500099521,1766.9999999999984
76.64000000000189,[50.05648303 50.05651068 50.0562616  50.0562728 ],50.05638202847839,951.1952930743637,1767.0000000000016
76.66000000000189,[50.05652904 50.05654362 50.05632973 50.05633511],50.05643437476738,951.4218048282308,1766.9999999999968
76.68000000000188,[50.05656939 50.05656983 50.05639541 50.0563944 ],50.056482258028694,951.5168154951923,1766.9999999999995
76.70000000000188,[50.05660215 50.05658712 50.05645768 50.05644952],50.056524118129005,951.8755511204942,1766.9999999999989
76.72000000000187,[50.0566267  50.05659518 50.05651592 50.05649992],50.056559429654286,952.0161574223496,1767.000000000002
76.74000000000187,[50.056648   50.0566006  50.05657211 50.05654835],50.05659226704738,952.0323132238144,1766.9999999999993
76.76000000000187,[50.05666934 50.05660782 50.05662756 50.0565966 ],50.0566253318505,951.9456752041368,1767.0
76.78000000000186,[50.05668933 50.05661519 50.05668152 50.05664382],50.05665746553505,952.0596559484751,1766.999999999996
76.80000000000186,[50.05670697 50.05662174 50.05673324 50.05668924],50.056687797892735,952.0469739025763,1767.000000000002
76.82000000000185,[50.05672246 50.05662785 50.05678266 50.05673285],50.05671645646917,952.1505915466936,1766.9999999999984
76.84000000000185,[50.0567349  50.05663254 50.05682909 50.05677394],50.05674261758932,952.2079802239876,1767.000000000001
76.86000000000185,[50.0567448  50.05663657 50.05687257 50.05681264],50.05676664349005,952.281651558585,1766.9999999999936
76.88000000000184,[50.05675642 50.05664543 50.05691472 50.05685117],50.05679193327297,952.0531249690857,1767.0000000000077
76.90000000000184,[50.05677297 50.05666304 50.05695695 50.05689132],50.05682106901952,951.9090059848328,1767.0000000000011
76.92000000000183,[50.05679151 50.05668548 50.05699785 50.05693128],50.056851531788766,951.8927267056898,1766.9999999999925
76.94000000000183,[50.05681253 50.05671327 50.05703747 50.0569711 ],50.05688359412178,951.7258699084936,1767.000000000001
76.96000000000183,[50.05683822 50.05674891 50.05707673 50.05701196],50.056918957119976,951.5661108346645,1766.9999999999986
76.98000000000182,[50.05686858 50.05679208 50.05711562 50.05705373],50.05695750288258,951.4090408721867,1767.0000000000016
77.00000000000182,[50.05690324 50.05684194 50.05715397 50.05709611],50.05699881562167,951.2841605059616,1766.999999999998
77.02000000000182,[50.05694303 50.05689918 50.05719215 50.05713945],50.05704345132186,951.0801027274163,1767.0000000000061
77.04000000000181,[50.05698402 50.05695831 50.05722854 50.05718151],50.05708809308535,951.2345058025434,1767.0000000000011
77.0600000000018,[50.05702397 50.05701625 50.05726205 50.0572208 ],50.05713076708534,951.1973324375296,1767.0000000000011
77.0800000000018,[50.05706223 50.05707174 50.05729252 50.05725696],50.05717086106896,951.4035148965005,1766.9999999999995
77.1000000000018,[50.05709553 50.0571204  50.05731845 50.05728801],50.05720559651016,951.6012195919651,1767.0
77.1200000000018,[50.05712503 50.05716347 50.05734037 50.05731454],50.05723585296599,951.7339681824698,1767.000000000004
77.14000000000179,[50.05715525 50.05720645 50.05736034 50.05733913],50.05726529181315,951.6235429892092,1766.9999999999977
77.16000000000179,[50.05718723 50.05725031 50.05737906 50.0573625 ],50.057294772222626,951.6836778137068,1767.0000000000016
77.18000000000178,[50.05722216 50.0572964  50.05739709 50.0573853 ],50.057325239133654,951.4936282072769,1767.0000000000045
77.20000000000178,[50.05726327 50.0573485  50.05741613 50.05740955],50.057359362539025,951.3281113801694,1767.0000000000039
77.22000000000178,[50.05730969 50.05740525 50.05743601 50.05743487],50.057396452494544,951.1955083577,1766.9999999999986
77.24000000000177,[50.05736187 50.05746704 50.0574571  50.05746161],50.05743690708754,950.9957499714521,1767.0000000000014
77.26000000000177,[50.0574206  50.05753467 50.05748003 50.05749043],50.057481432522295,950.8027397636105,1767.000000000007
77.28000000000176,[50.05748191 50.05760288 50.05750333 50.05751924],50.05752683817962,950.8710166302453,1767.000000000004
77.30000000000176,[50.05754905 50.05767591 50.05752854 50.05754998],50.057575870418205,950.4461929330819,1766.999999999993
77.32000000000176,[50.05762456 50.05775666 50.05755727 50.05758451],50.05763075222026,950.325671447893,1766.999999999994
77.34000000000175,[50.05770539 50.05784128 50.05758843 50.05762127],50.05768909040845,950.1016651658057,1766.9999999999957
77.36000000000175,[50.05779095 50.05792894 50.0576221  50.05766025],50.05775055906389,950.007559651525,1767.0000000000027
77.38000000000174,[50.05787382 50.05801024 50.05765533 50.05769748],50.05780921860132,950.2834773447127,1767.0000000000016
77.40000000000174,[50.05795145 50.05808229 50.05768705 50.05773164],50.057863105550595,950.3551036581454,1766.9999999999945
77.42000000000174,[50.05802692 50.05814923 50.05771891 50.0577648 ],50.05791496452484,950.3995749004537,1767.0000000000011
77.44000000000173,[50.05810836 50.05822169 50.05775471 50.05780188],50.05797166287826,949.8920676873119,1766.9999999999982
77.46000000000173,[50.05819689 50.05830099 50.05779555 50.05784408],50.058034379121764,949.8355725339446,1766.9999999999993
77.48000000000172,[50.05828214 50.05837427 50.05783703 50.05788573],50.058094796359725,950.028377095277,1767.0000000000032
77.50000000000172,[50.05836349 50.05844123 50.05787895 50.05792664],50.05815257666899,950.00041226219,1767.0000000000014
77.52000000000172,[50.05844788 50.05851104 50.05792459 50.05797109],50.058213650363,949.6929763959128,1766.9999999999952
77.54000000000171,[50.05853574 50.05858439 50.05797454 50.05801974],50.05827860045474,949.614800792487,1767.0
77.56000000000171,[50.05863039 50.05866593 50.05803038 50.0580747 ],50.05835034653943,949.0606113436488,1767.0000000000061
77.5800000000017,[50.05872939 50.05875251 50.05809152 50.05813506],50.058427121040616,949.1297923257378,1767.0000000000025
77.6000000000017,[50.05882719 50.05883756 50.05815548 50.05819774],50.0585044902193,948.9490865719605,1766.9999999999968
77.6200000000017,[50.05892285 50.0589201  50.05822208 50.05826248],50.05858187746328,949.0663459831204,1767.000000000004
77.64000000000169,[50.05901064 50.05899325 50.0582888  50.05832615],50.058654708412945,949.271475970152,1767.0000000000048
77.66000000000169,[50.05909357 50.0590613  50.05835692 50.05839052],50.05872557751397,949.1706719383745,1767.000000000006
77.68000000000168,[50.05917171 50.05912451 50.05842663 50.05845589],50.05879468512103,949.3589591924201,1767.0000000000034
77.70000000000168,[50.05924615 50.05918473 50.05849828 50.05852286],50.05886300529393,949.176729737224,1766.9999999999986
77.72000000000168,[50.05932098 50.05924728 50.0585738  50.05859397],50.05893400704423,949.0725437037078,1767.0000000000061
77.74000000000167,[50.05938913 50.05930331 50.05865007 50.05866524],50.05900193679846,949.3754202095437,1767.0000000000011
77.76000000000167,[50.05945106 50.05935389 50.05872696 50.05873676],50.059067167401864,949.2409733138624,1766.9999999999943
77.78000000000166,[50.05951219 50.05940595 50.05880687 50.05881168],50.05913417300056,949.167049510945,1767.0000000000027
77.80000000000166,[50.0595724  50.05945946 50.05888963 50.05888985],50.059202835006246,949.0430097016081,1766.9999999999934
77.82000000000166,[50.05963815 50.05952272 50.05897793 50.05897486],50.05927841371943,948.5259801959621,1767.0000000000027
77.84000000000165,[50.0597071  50.05959241 50.05907086 50.05906544],50.05935895509346,948.566107495634,1767.0000000000043
77.86000000000165,[50.05976901 50.05965558 50.05916353 50.05915544],50.059435890961765,948.772102887368,1767.0
77.88000000000164,[50.05982479 50.05971353 50.05925599 50.05924506],50.05950984264889,948.7612991304633,1766.9999999999995
77.90000000000164,[50.05987963 50.0597727  50.05935031 50.05933704],50.05958491670532,948.6222073012669,1767.0
77.92000000000164,[50.05993345 50.05983278 50.0594463  50.05943115],50.059660920429216,948.6284239316686,1767.0000000000016
77.94000000000163,[50.05998274 50.05988914 50.0595421  50.05952508],50.05973476852771,948.7505504264383,1766.9999999999936
77.96000000000163,[50.06002969 50.05994448 50.05963832 50.05961971],50.05980804865455,948.6244285619343,1767.0000000000093
77.98000000000162,[50.06007777 50.06000292 50.05973628 50.05971677],50.05988343602259,948.5220184752419,1767.0000000000023
78.00000000000162,[50.06013121 50.06006955 50.05983758 50.05981834],50.05996416933969,948.123806877816,1766.999999999998
78.02000000000162,[50.06018743 50.06014056 50.05994103 50.05992278],50.06004794808913,948.2155790033488,1766.9999999999984
78.04000000000161,[50.06024319 50.06021168 50.06004473 50.06002775],50.06013183807607,948.0660395876937,1766.999999999999
78.06000000000161,[50.06030163 50.06028649 50.06014987 50.06013475],50.06021818439322,947.961052706825,1766.9999999999993
78.0800000000016,[50.0603617  50.0603633  50.06025575 50.06024285],50.06030589867378,947.9042360408464,1767.0000000000043
78.1000000000016,[50.06042757 50.06044712 50.06036395 50.06035407],50.06039817434471,947.5311032256091,1767.0000000000048
78.1200000000016,[50.0605037  50.06054307 50.06047637 50.06047078],50.06049847941338,947.1821998840717,1767.0000000000052
78.14000000000159,[50.06058089 50.06063889 50.06058891 50.06058752],50.06059905225128,947.4636167260986,1767.0000000000061
78.16000000000159,[50.06065042 50.06072346 50.06069724 50.06069884],50.06069248987369,947.7405612448018,1767.0000000000039
78.18000000000158,[50.06072037 50.06080696 50.06080461 50.06080894],50.06078522001365,947.4820487777473,1767.0000000000034
78.20000000000158,[50.06080117 50.06090225 50.06091564 50.06092373],50.06088569623343,947.046927688425,1767.000000000004
78.22000000000158,[50.06089019 50.06100547 50.06102926 50.06104164],50.0609916390975,946.9804596602949,1767.000000000001
78.24000000000157,[50.06097916 50.06110595 50.06114165 50.06115772],50.061096117310434,947.1303003793184,1767.0000000000061
78.26000000000157,[50.06107025 50.06120647 50.06125351 50.06127292],50.0612007903018,946.9251422341273,1767.0000000000011
78.28000000000156,[50.06116339 50.06130664 50.06136488 50.06138721],50.06130553047034,947.0861456305088,1767.0000000000025
78.30000000000156,[50.06125336 50.06139993 50.06147326 50.06149741],50.061405992794796,947.2484023999897,1766.9999999999984
78.32000000000156,[50.06134215 50.06148896 50.0615794  50.06160453],50.06150375741061,947.277367209698,1767.0000000000005
78.34000000000155,[50.06143237 50.06157712 50.06168441 50.06171003],50.06160097947158,947.2587165665855,1767.0000000000068
78.36000000000155,[50.0615267  50.06166792 50.06178946 50.06181544],50.06169988258806,947.1007297391657,1767.0000000000018
78.38000000000154,[50.06161983 50.06175462 50.06189231 50.06191784],50.06179615077275,947.4460114098473,1767.0000000000034
78.40000000000154,[50.06170918 50.06183441 50.06199154 50.06201557],50.06188767681553,947.4668241950083,1766.9999999999973
78.42000000000154,[50.0618001  50.06191432 50.06208957 50.0621118 ],50.06197894847558,947.4342546632597,1767.0000000000064
78.44000000000153,[50.06189295 50.06199502 50.06218659 50.06220682],50.0620703436086,947.423372568052,1766.999999999997
78.46000000000153,[50.06198772 50.06207684 50.0622826  50.06230071],50.062161966006,947.3821469070596,1766.9999999999952
78.48000000000152,[50.0620818  50.06215669 50.0623765  50.0623921 ],50.06225177511021,947.5432522454216,1767.0000000000011
78.50000000000152,[50.06218361 50.06224582 50.0624719  50.06248579],50.06234677707712,946.911704543713,1767.0000000000025
78.52000000000152,[50.06229081 50.06234103 50.06256826 50.06258092],50.062445256961965,947.2158369582917,1767.000000000002
78.54000000000151,[50.06239944 50.06243794 50.06266355 50.06267508],50.06254400217048,946.8554388653473,1767.0000000000048
78.56000000000151,[50.06250961 50.06253664 50.06275818 50.0627687 ],50.062643281778946,947.1359309825123,1766.9999999999998
78.5800000000015,[50.06261503 50.06262967 50.06284923 50.06285817],50.06273802695226,947.2031989953022,1767.0000000000064
78.6000000000015,[50.06271635 50.0627181  50.0629371  50.06294404],50.06282889715843,947.4281474934994,1766.9999999999936
78.6200000000015,[50.06281407 50.06280297 50.063022   50.06302669],50.06291643254475,947.4502259808321,1766.9999999999975
78.64000000000149,[50.06291126 50.06288835 50.06310541 50.06310808],50.06300327352422,947.4524554507642,1766.9999999999955
78.66000000000149,[50.06300731 50.0629737  50.06318719 50.06318803],50.06308905594182,947.5049448143648,1767.0000000000011
78.68000000000148,[50.06310205 50.063059   50.06326734 50.06326661],50.06317374842418,947.5095973468159,1766.9999999999948
78.70000000000148,[50.06319435 50.06314295 50.06334547 50.06334331],50.063256520260424,947.6317774786376,1766.9999999999995
78.72000000000148,[50.06328569 50.06322766 50.06342226 50.06341908],50.06333867441891,947.5264846068594,1767.000000000003
78.74000000000147,[50.06337715 50.06331449 50.06349837 50.06349473],50.06342118670991,947.5657826566637,1767.0000000000005
78.76000000000147,[50.0634689  50.06340374 50.06357392 50.06357043],50.06350425062202,947.443800573327,1767.0000000000023
78.78000000000146,[50.06356149 50.06349605 50.06364935 50.06364668],50.06358839184549,947.4380594534416,1767.000000000003
78.80000000000146,[50.06365526 50.06359183 50.06372485 50.06372372],50.06367391320011,947.2900374767707,1766.9999999999945
78.82000000000146,[50.06374633 50.06368597 50.06379893 50.06379952],50.06375768919108,947.5470042742353,1766.9999999999964
78.84000000000145,[50.06382685 50.06376853 50.06386804 50.06386955],50.063833242231944,947.9452578422995,1766.9999999999975
78.86000000000145,[50.06390091 50.0638449  50.06393388 50.06393606],50.06390393729974,947.9192689096795,1766.9999999999961
78.88000000000144,[50.06397498 50.06392306 50.06399947 50.06400288],50.06397509413619,947.8688333504409,1766.999999999997
78.90000000000144,[50.06404479 50.06399739 50.06406307 50.06406768],50.06404323132215,948.1359023199155,1766.999999999997
78.92000000000144,[50.06410776 50.06406464 50.06412343 50.06412888],50.06410617690682,948.2688855573259,1766.9999999999952
78.94000000000143,[50.06416545 50.06412666 50.06418125 50.06418738],50.064165186931056,948.4302082975157,1767.0000000000077
78.96000000000143,[50.0642216  50.06418818 50.06423815 50.06424526],50.06422329810029,948.3073632655917,1766.9999999999877
78.98000000000143,[50.06427846 50.06425175 50.06429525 50.06430387],50.06428233385864,948.3144611233724,1767.0000000000027
79.00000000000142,[50.06433661 50.06431799 50.0643528  50.06436349],50.06434272341345,948.1551147710464,1766.9999999999995
79.02000000000142,[50.06439572 50.06438614 50.06441076 50.06442396],50.06440414775872,948.1884422671412,1766.9999999999948
79.04000000000141,[50.06445663 50.06445716 50.06446943 50.06448565],50.06446721690415,947.9774157795182,1766.9999999999995
79.06000000000141,[50.06452035 50.06453198 50.06452941 50.06454919],50.064532734211014,947.942272606158,1766.9999999999993
79.0800000000014,[50.06458716 50.06461076 50.0645908  50.06461464],50.06460084010759,947.7190071483785,1766.9999999999977
79.1000000000014,[50.06465273 50.06468762 50.06465185 50.0646796 ],50.06466794972702,947.9853458580462,1767.000000000002
79.1200000000014,[50.06471478 50.06475966 50.06471136 50.06474252],50.064732080121296,947.9296683453808,1767.0000000000125
79.1400000000014,[50.06477142 50.06482418 50.0647686  50.0648024 ],50.064791650028624,948.3292065612313,1767.000000000004
79.16000000000139,[50.06482113 50.06487941 50.06482269 50.06485812],50.06484533876881,948.3857880981969,1767.0000000000034
79.18000000000139,[50.0648683  50.06493074 50.06487561 50.06491223],50.06489672029464,948.4843189175007,1767.0000000000016
79.20000000000138,[50.06491535 50.06498122 50.06492839 50.06496603],50.0649477480549,948.3764753912967,1767.0000000000039
79.22000000000138,[50.06496215 50.06503051 50.06498107 50.06501949],50.06499830461892,948.4846625884012,1766.9999999999982
79.24000000000137,[50.06500745 50.06507711 50.06503299 50.06507181],50.06504733822258,948.4656714355245,1766.9999999999911
79.26000000000137,[50.06505374 50.0651241  50.06508524 50.06512437],50.06509686395582,948.4039368507425,1767.0000000000045
79.28000000000137,[50.06510399 50.06517528 50.06513915 50.06517887],50.06514932104671,948.1791036243302,1767.0000000000045
79.30000000000136,[50.06515068 50.06522089 50.06519152 50.06523109],50.06519854268831,948.6366639516433,1766.999999999995
79.32000000000136,[50.06519443 50.06526217 50.06524222 50.06528108],50.06524497694239,948.3750624211888,1766.9999999999957
79.34000000000135,[50.06523991 50.06530485 50.06529357 50.0653317 ],50.06529250685387,948.5048272924116,1767.0000000000027
79.36000000000135,[50.06528243 50.06534318 50.06534332 50.06538015],50.06533726823666,948.5692375372305,1766.999999999998
79.38000000000135,[50.06532759 50.0653844  50.06539388 50.06542958],50.065383863858976,948.3111890830344,1766.9999999999977
79.40000000000134,[50.06537383 50.06542644 50.06544472 50.06547925],50.06543105920254,948.4791033865723,1766.9999999999977
79.42000000000134,[50.06541989 50.06546796 50.06549508 50.06552829],50.06547780601172,948.3097477702577,1766.9999999999975
79.44000000000133,[50.06546989 50.06551419 50.06554688 50.06557915],50.06552752700668,948.1887741922287,1767.0000000000011
79.46000000000133,[50.06551787 50.06555756 50.06559751 50.06562846],50.065575349976925,948.4298458595385,1767.000000000002
79.48000000000133,[50.06556394 50.06559853 50.06564682 50.06567613],50.065621354801834,948.3027107335072,1766.999999999994
79.50000000000132,[50.06561125 50.06564109 50.06569629 50.06572409],50.065668178766984,948.3212840279949,1767.000000000001
79.52000000000132,[50.06566454 50.06569144 50.06574794 50.06577499],50.06571972623755,947.8650083913093,1767.0000000000027
79.54000000000131,[50.06571959 50.06574392 50.0658002  50.06582667],50.06577259557647,948.1692905791488,1767.0000000000025
79.56000000000131,[50.06576987 50.0657906  50.06584991 50.0658752 ],50.06582139800873,948.1679162491193,1767.0000000000066
79.5800000000013,[50.06582323 50.06584153 50.06590056 50.0659251 ],50.06587260333055,947.9268934325414,1766.9999999999975
79.6000000000013,[50.06588539 50.06590386 50.0659548  50.06597974],50.0659309471788,947.5256973723726,1766.9999999999993
79.6200000000013,[50.06595445 50.065975   50.06601202 50.06603823],50.06599492671417,947.4102852526455,1767.0000000000016
79.6400000000013,[50.066025   50.06604802 50.06606985 50.06609746],50.066060083962036,947.384467045895,1767.0000000000036
79.66000000000129,[50.06609311 50.06611793 50.06612657 50.06615523],50.066123211972005,947.5393239936761,1767.000000000004
79.68000000000129,[50.06615379 50.06617845 50.06617993 50.06620866],50.066180206656725,947.8599472126775,1766.9999999999961
79.70000000000128,[50.0662103  50.06623395 50.06623124 50.06625952],50.066233753287435,947.7893398613786,1767.000000000007
79.72000000000128,[50.06626705 50.06628993 50.0662826  50.06631049],50.06628751729434,947.8009818346476,1767.0000000000048
79.74000000000127,[50.06632156 50.06634324 50.06633295 50.06636019],50.06633948691534,947.9000642706017,1767.0000000000011
79.76000000000127,[50.06637541 50.06639597 50.06638295 50.06640952],50.06639096354867,947.8022717261356,1767.0
79.78000000000127,[50.06643443 50.06645547 50.06643527 50.06646188],50.0664467605617,947.4953399869008,1766.9999999999964
79.80000000000126,[50.06649679 50.06651923 50.0664893  50.06651641],50.06650543229459,947.5186221664192,1766.9999999999961
79.82000000000126,[50.06655451 50.06657711 50.06654148 50.0665685 ],50.06656039991282,947.7662725320165,1766.9999999999993
79.84000000000125,[50.06660552 50.06662668 50.06659075 50.0666169 ],50.06660996190331,947.9336310157073,1767.0000000000023
79.86000000000125,[50.06665469 50.06667422 50.06663922 50.06666435],50.06665811954562,947.8444751987342,1767.0000000000034
79.88000000000125,[50.06670662 50.06672552 50.066689   50.06671357],50.066708678824654,947.6908341690225,1766.999999999999
79.90000000000124,[50.06676069 50.06677968 50.06673993 50.06676429],50.06676114624718,947.6428848781775,1767.0000000000016
79.92000000000124,[50.0668107  50.06682881 50.06678929 50.06681299],50.066810447884365,947.9168629027658,1766.9999999999964
79.94000000000123,[50.06685624 50.06687259 50.06683668 50.06685928],50.066856195416364,947.9023245889802,1766.999999999999
79.96000000000123,[50.06690196 50.06691692 50.06688421 50.06690586],50.06690223796069,947.8518917803905,1766.9999999999986
79.98000000000123,[50.06694638 50.0669599  50.06693127 50.06695193],50.06694737094253,947.9388359998213,1767.000000000002
80.00000000000122,[50.06698829 50.06700004 50.06697723 50.06699673],50.066990570119984,947.9749970623539,1766.9999999999964
80.02000000000122,[50.06703028 50.06704068 50.06702318 50.0670417 ],50.06703395814435,947.8831453573285,1767.0000000000014
80.04000000000121,[50.06707703 50.06708776 50.06707124 50.06708953],50.06708139359809,947.593801389458,1766.9999999999995
80.06000000000121,[50.06712493 50.06713646 50.06711996 50.06713827],50.067129904095346,947.7518415603558,1766.9999999999961
80.0800000000012,[50.06717206 50.0671845  50.06716827 50.06718665],50.06717786689127,947.599607574069,1766.9999999999977
80.1000000000012,[50.06721716 50.06723013 50.06721575 50.06723402],50.06722426355172,947.8432568252359,1766.9999999999966
80.1200000000012,[50.06726071 50.06727415 50.06726237 50.06728046],50.067269422765975,947.6639203492156,1767.0000000000005
80.1400000000012,[50.06730835 50.06732357 50.06731077 50.06732929],50.067317996034106,947.5151174200702,1767.0000000000036
80.16000000000119,[50.06735849 50.06737624 50.06736027 50.0673796 ],50.067368647412046,947.4480491298209,1767.0000000000002
80.18000000000119,[50.06741082 50.06743174 50.06741074 50.06743118],50.06742111994262,947.3207328725465,1766.999999999995
80.20000000000118,[50.06746144 50.06748494 50.0674605  50.06748182],50.06747217410614,947.5265277879818,1767.0000000000036
80.22000000000118,[50.06751061 50.06753635 50.0675095  50.06753152],50.067521994224336,947.3841999863597,1766.9999999999998
80.24000000000117,[50.06756474 50.06759395 50.06756067 50.06758399],50.067575835885876,947.146675783141,1767.0
80.26000000000117,[50.0676238  50.06765749 50.06761412 50.06763928],50.067633672220126,947.0060321800482,1767.0
80.28000000000117,[50.06768715 50.06772608 50.0676696  50.06769701],50.06769496203163,946.8137245043616,1767.0
80.30000000000116,[50.06775737 50.06780284 50.06772834 50.06775869],50.06776180914133,946.4951637162202,1767.0000000000016
80.32000000000116,[50.06783331 50.06788604 50.06779001 50.06782375],50.06783327895661,946.3807965261565,1767.0000000000055
80.34000000000115,[50.06791007 50.06796935 50.06785248 50.0678894 ],50.06790532406708,946.4031095370536,1767.000000000002
80.36000000000115,[50.06798741 50.06805245 50.06791565 50.06795547],50.06797774736816,946.3053952323828,1767.0000000000005
80.38000000000115,[50.06806661 50.06813683 50.0679802  50.06802276],50.068051600249476,946.2388672792981,1767.0000000000027
80.40000000000114,[50.06814753 50.06822225 50.06804614 50.06809124],50.06812679078466,946.1487485010164,1766.9999999999975
80.42000000000114,[50.0682286  50.0683066  50.0681129  50.06816008],50.06820204412549,946.1895127510528,1766.9999999999998
80.44000000000113,[50.06830788 50.06838746 50.06817963 50.06822822],50.068275798763096,946.2311724753487,1767.0000000000016
80.46000000000113,[50.0683888  50.06846922 50.06824789 50.06829762],50.06835088255562,946.0336393025871,1766.9999999999993
80.48000000000113,[50.06846927 50.06854912 50.06831694 50.06836728],50.068425654468236,946.2132406192907,1767.0000000000032
80.50000000000112,[50.06854477 50.06862162 50.06838471 50.06843458],50.06849642080567,946.3275680926407,1767.0000000000027
80.52000000000112,[50.06861886 50.06869137 50.06845275 50.06850156],50.06856613736714,946.2583163280576,1766.9999999999982
80.54000000000111,[50.06869342 50.06876085 50.068522   50.06856943],50.068636424890656,946.2358905941553,1767.000000000001
80.56000000000111,[50.06876712 50.06882845 50.06859188 50.06863748],50.06870623332322,946.2551211987867,1767.0000000000014
80.5800000000011,[50.06884165 50.06889653 50.06866311 50.06870671],50.06877700030091,946.1115128361904,1767.0000000000036
80.6000000000011,[50.06891677 50.06896484 50.06873569 50.0687771 ],50.06884860121817,946.1409087183009,1766.9999999999975
80.6200000000011,[50.068986   50.06902532 50.06880671 50.06884497],50.06891574862324,946.4431962930555,1767.000000000002
80.6400000000011,[50.06904587 50.06907394 50.06887443 50.06890824],50.06897561907872,946.7114931143742,1767.0
80.66000000000109,[50.06910331 50.06911989 50.06894173 50.0689708 ],50.06903393163085,946.5324165041351,1766.999999999998
80.68000000000109,[50.0691568  50.06916124 50.06900808 50.06903197],50.06908952438654,946.8984750290704,1767.0000000000011
80.70000000000108,[50.06919774 50.06918751 50.06906938 50.06908667],50.06913532475753,947.3167361987356,1766.9999999999995
80.72000000000108,[50.06923687 50.0692129  50.06913003 50.06914084],50.06918015834226,946.9399331266045,1767.000000000001
80.74000000000107,[50.06927818 50.06924231 50.06919201 50.06919698],50.06922737033203,947.075520820463,1767.0000000000032
80.76000000000107,[50.06931673 50.06926982 50.06925287 50.06925211],50.06927288104523,947.0430266863931,1767.000000000001
80.78000000000107,[50.06935488 50.06929858 50.06931352 50.06930752],50.06931862529797,947.0155590207726,1766.9999999999989
80.80000000000106,[50.06939463 50.06933126 50.06937471 50.06936425],50.069366211356794,946.8475051888237,1767.000000000004
80.82000000000106,[50.06943689 50.06936901 50.06943676 50.06942277],50.06941635783304,946.7591550199419,1766.9999999999998
80.84000000000106,[50.06947643 50.0694052  50.06949726 50.06948002],50.0694647251182,946.956896948335,1767.0
80.86000000000105,[50.06951698 50.06944477 50.06955753 50.06953784],50.06951428001703,946.619009391272,1767.0000000000007
80.88000000000105,[50.06956198 50.0694918  50.0696192  50.06959827],50.06956781328814,946.5808733142599,1767.0000000000032
80.90000000000104,[50.06960588 50.06953919 50.06967966 50.06965798],50.06962067863559,946.6347470294135,1767.0000000000011
80.92000000000104,[50.06965013 50.06958872 50.06973938 50.06971758],50.06967395366385,946.5060702262024,1767.0000000000016
80.94000000000104,[50.06969468 50.06964008 50.06979831 50.069777  ],50.06972751813985,946.5700157468116,1767.0000000000016
80.96000000000103,[50.06973891 50.06969239 50.06985604 50.06983569],50.06978075852861,946.4934115180513,1767.0000000000043
80.98000000000103,[50.06978224 50.06974461 50.06991226 50.06989324],50.0698330884991,946.6068643896988,1767.0000000000048
81.00000000000102,[50.0698253  50.06979746 50.06996712 50.0699498 ],50.069884919727095,946.4960171461711,1767.0000000000005
81.02000000000102,[50.06987016 50.06985323 50.07002154 50.07000652],50.06993786158263,946.4737361150732,1767.0000000000027
81.04000000000102,[50.0699154  50.06990986 50.07007485 50.07006244],50.06999063563325,946.4707646305693,1766.9999999999984
81.06000000000101,[50.06996366 50.06997048 50.07012816 50.07011895],50.07004531117816,946.2741119680032,1766.999999999999
81.08000000000101,[50.07001538 50.07003527 50.07018176 50.07017629],50.07010217834485,946.2462893307974,1767.0
81.100000000001,[50.07007228 50.07010619 50.07023636 50.07023532],50.070162538842936,945.9397723033321,1767.0000000000011
81.120000000001,[50.07013169 50.07017936 50.07029099 50.07029459],50.07022415746987,946.099680567363,1767.0000000000002
81.140000000001,[50.07018499 50.0702437  50.07034171 50.070349  ],50.07027984932503,946.3993052291518,1767.0000000000011
81.16000000000099,[50.07023429 50.07030191 50.07038934 50.0703996 ],50.07033128480323,946.4191710596804,1767.000000000002
81.18000000000099,[50.07028428 50.07035974 50.07043601 50.0704491 ],50.07038228373563,946.3968658573566,1767.0000000000032
81.20000000000098,[50.07033061 50.07041144 50.07047993 50.07049506],50.07042925982472,946.7190579374653,1767.0000000000014
81.22000000000098,[50.07037606 50.07046072 50.07052213 50.07053891],50.0704744517909,946.5086762150281,1767.000000000001
81.24000000000098,[50.07042184 50.07050881 50.07056342 50.07058152],50.070518897766775,946.742809039051,1766.9999999999986
81.26000000000097,[50.07046682 50.07055446 50.07060317 50.07062215],50.07056164824305,946.6128030584649,1767.0000000000045
81.28000000000097,[50.0705155  50.0706033  50.07064352 50.07066349],50.07060645342422,946.5302460924994,1766.9999999999989
81.30000000000096,[50.07056762 50.07065496 50.07068445 50.07070545],50.07065311949111,946.4160413428549,1767.0000000000045
81.32000000000096,[50.07062554 50.0707125  50.0707271  50.07074948],50.07070365371535,946.163566627482,1767.0000000000007
81.34000000000096,[50.07068557 50.07077107 50.07077006 50.07079364],50.0707550856325,946.2988019040463,1766.9999999999995
81.36000000000095,[50.07074545 50.07082809 50.07081227 50.07083663],50.070805611045266,946.1983124788957,1766.9999999999966
81.38000000000095,[50.07080466 50.07088288 50.07085367 50.07087833],50.07085488406526,946.3621466142375,1767.0000000000011
81.40000000000094,[50.07086232 50.07093461 50.07089385 50.07091824],50.07090225593423,946.3163638487458,1767.0000000000011
81.42000000000094,[50.0709269  50.07099417 50.07093669 50.07096136],50.07095478163477,945.8848606991309,1767.0000000000025
81.44000000000094,[50.07099832 50.07106129 50.07098252 50.07100798],50.07101252990982,945.8317773610939,1767.0000000000014
81.46000000000093,[50.0710713  50.07112946 50.07102908 50.07105518],50.071071252861415,945.757716524619,1767.000000000002
81.48000000000093,[50.07114483 50.07119753 50.07107606 50.07110254],50.071130241208245,945.7637882887543,1766.999999999995
81.50000000000092,[50.07121761 50.071264   50.07112299 50.07114946],50.071188513912716,945.7720193084825,1767.0
81.52000000000092,[50.0712889  50.07132814 50.07116966 50.07119568],50.071245594165845,945.8179267957792,1766.9999999999995
81.54000000000092,[50.07135685 50.07138776 50.07121537 50.07124029],50.07130006811891,945.9451295831971,1766.999999999999
81.56000000000091,[50.07142065 50.07144209 50.0712598  50.07128296],50.071351375213645,946.0382939376836,1766.9999999999993
81.58000000000091,[50.07148029 50.07149134 50.07130302 50.07132382],50.071399616349176,946.1569468722168,1766.9999999999998
81.6000000000009,[50.07153889 50.07153978 50.07134646 50.07136476],50.07144747366201,946.0239594916685,1766.9999999999993
81.6200000000009,[50.07159996 50.07159194 50.07139183 50.07140799],50.071497931412885,945.8903665055356,1766.9999999999977
81.6400000000009,[50.07166277 50.07164698 50.07143894 50.07145326],50.0715504859816,945.7991337538161,1766.9999999999989
81.66000000000089,[50.07172375 50.0717005  50.0714863  50.07149866],50.07160230297737,945.9039541980126,1766.9999999999995
81.68000000000089,[50.0717826  50.07175237 50.07153373 50.07154403],50.071653183363914,945.8294461091649,1766.9999999999989
81.70000000000088,[50.07184353 50.07180799 50.07158316 50.07159189],50.07170663982185,945.6376730285715,1766.9999999999986
81.72000000000088,[50.07190796 50.07186919 50.07163537 50.07164318],50.07176392388405,945.4569067205969,1767.000000000002
81.74000000000088,[50.07197266 50.07193179 50.071689   50.07169615],50.07182239996445,945.486667940823,1766.9999999999973
81.76000000000087,[50.07203594 50.07199378 50.07174329 50.07174983],50.071880708741396,945.4203813192865,1767.0000000000034
81.78000000000087,[50.07210069 50.0720588  50.07179953 50.0718059 ],50.0719412318147,945.2490585190219,1766.9999999999995
81.80000000000086,[50.07216173 50.07212015 50.07185557 50.07186153],50.071999746243165,945.5383959953687,1766.9999999999995
81.82000000000086,[50.07221532 50.07217324 50.07190954 50.07191439],50.07205312382079,945.6315391593414,1767.000000000007
81.84000000000086,[50.0722632  50.07222031 50.07196218 50.0719655 ],50.0721027958753,945.8006145858217,1767.0000000000018
81.86000000000085,[50.07231106 50.07226865 50.07201586 50.07201797],50.07215338683399,945.5043883471038,1767.0000000000048
81.88000000000085,[50.07236744 50.0723289  50.07207454 50.0720768 ],50.07221191773188,945.0808598332297,1767.0000000000005
81.90000000000084,[50.07242845 50.07239575 50.07213664 50.07213987],50.07227517610947,945.0544706157582,1767.000000000001
81.92000000000084,[50.07248706 50.07246021 50.07219895 50.07220301],50.07233730805838,945.1244761182595,1767.0
81.94000000000084,[50.07254247 50.07252123 50.07226098 50.07226563],50.07239757709409,945.1605374724958,1767.000000000005
81.96000000000083,[50.07259423 50.07257812 50.07232246 50.07232737],50.072455541920256,945.2681332527306,1767.0000000000095
81.98000000000083,[50.07263737 50.07262449 50.07238108 50.0723853 ],50.07250705731913,945.6543586207714,1766.999999999995
82.00000000000082,[50.07267159 50.07266012 50.07243642 50.07243898],50.072551776433336,945.7925824963738,1766.9999999999948
82.02000000000082,[50.07270068 50.07268977 50.07249004 50.07249047],50.07259273955033,945.923346374632,1766.9999999999995
82.04000000000082,[50.07272614 50.07271533 50.07254244 50.07254049],50.072631099156254,945.9651974815265,1767.000000000003
82.06000000000081,[50.07274771 50.07273643 50.07259339 50.07258877],50.07266657150244,946.120466810057,1767.0000000000036
82.08000000000081,[50.07276483 50.07275241 50.0726424  50.07263478],50.07269860612274,946.2095546700613,1766.9999999999984
82.1000000000008,[50.07278404 50.07277164 50.07269216 50.07268207],50.07273247496752,945.920959717656,1766.9999999999986
82.1200000000008,[50.07280246 50.07279018 50.07274143 50.07272898],50.072765765536204,946.2132077618086,1767.000000000001
82.1400000000008,[50.07281051 50.07279604 50.0727856  50.07276972],50.072790468397486,946.6010143412797,1767.000000000003
82.16000000000079,[50.07281388 50.0727967  50.07282676 50.07280719],50.072811134971836,946.5109859253083,1766.999999999998
82.18000000000079,[50.07281983 50.07280128 50.07286808 50.07284547],50.07283366566907,946.4016522454847,1766.9999999999975
82.20000000000078,[50.07282913 50.07281068 50.07290974 50.07288485],50.0728586000015,946.2662513882535,1767.0000000000007
82.22000000000078,[50.07284032 50.07282295 50.07295099 50.07292436],50.07288465505478,946.2651007523356,1767.0000000000027
82.24000000000078,[50.07285083 50.0728348  50.07299049 50.07296231],50.07290960828462,946.317421689756,1767.0000000000016
82.26000000000077,[50.07286242 50.07284846 50.07302879 50.0729995 ],50.07293479032715,946.2045642302718,1767.0000000000007
82.28000000000077,[50.07287325 50.07286146 50.07306502 50.07303479],50.07295862764655,946.3896841533499,1766.999999999998
82.30000000000076,[50.07288511 50.07287618 50.07309969 50.07306892],50.07298247138094,946.1636631335293,1766.9999999999989
82.32000000000076,[50.07289439 50.07288771 50.07313127 50.07309985],50.07300330602138,946.6029212073133,1767.0000000000023
82.34000000000076,[50.0728978  50.07289217 50.0731579  50.07312534],50.07301830097479,946.6169085163997,1767.000000000004
82.36000000000075,[50.07289738 50.07289199 50.07318046 50.07314652],50.07302908834616,946.9190801870694,1767.0000000000032
82.38000000000075,[50.0728913  50.072885   50.07319788 50.07316213],50.07303407846469,947.0681667601981,1766.9999999999989
82.40000000000074,[50.07288347 50.07287618 50.07321178 50.0731743 ],50.0730364320029,947.1045863629772,1766.9999999999977
82.42000000000074,[50.07287351 50.07286499 50.07322196 50.07318276],50.0730358065097,947.2829088349365,1766.9999999999986
82.44000000000074,[50.07286028 50.07285005 50.07322773 50.07318672],50.07303119314588,947.4049912887199,1767.0000000000002
82.46000000000073,[50.07285071 50.07284026 50.07323203 50.07319002],50.07302825407755,947.1063550821849,1766.9999999999973
82.48000000000073,[50.0728467  50.07283773 50.0732359  50.07319387],50.07302855141565,947.0960535709756,1766.9999999999968
82.50000000000072,[50.07284218 50.07283474 50.07323657 50.07319473],50.07302705347769,947.2214558636988,1767.000000000002
82.52000000000072,[50.0728395  50.07283434 50.07323497 50.07319382],50.07302565774767,947.0513519126719,1767.0
82.54000000000072,[50.07284155 50.07284002 50.07323252 50.07319288],50.07302674195906,946.9757571723243,1767.0000000000032
82.56000000000071,[50.07284897 50.07285246 50.07322954 50.07319228],50.07303081215932,946.7625232300327,1767.0000000000014
82.58000000000071,[50.07286259 50.07287255 50.07322658 50.07319262],50.07303858630496,946.6255711726222,1767.0000000000014
82.6000000000007,[50.07288006 50.07289711 50.07322274 50.07319261],50.07304812902692,946.5747832653905,1766.9999999999943
82.6200000000007,[50.07290314 50.07292825 50.0732189  50.0731933 ],50.07306089812076,946.3143740600492,1766.9999999999998
82.6400000000007,[50.07293075 50.07296432 50.0732149  50.07319432],50.07307607301787,946.3317250181525,1766.9999999999966
82.6600000000007,[50.07295506 50.07299527 50.07320742 50.07319129],50.07308726043315,946.6099077994736,1767.0000000000055
82.68000000000069,[50.07297861 50.0730244  50.07319758 50.07318563],50.073096555633164,946.4508577433799,1767.0000000000011
82.70000000000068,[50.07300348 50.07305412 50.07318668 50.07317887],50.07310578706441,946.5741599862622,1767.0000000000018
82.72000000000068,[50.07303156 50.07308689 50.07317569 50.07317216],50.073116573423704,946.2783802453495,1766.9999999999995
82.74000000000068,[50.07306827 50.0731293  50.07316742 50.07316897],50.07313348902501,946.0147588186438,1766.9999999999973
82.76000000000067,[50.07311133 50.07317829 50.07316125 50.07316827],50.073154785285624,945.8650256516213,1767.0000000000032
82.78000000000067,[50.07315526 50.07322675 50.07315505 50.0731672 ],50.07317606565768,945.9709803385759,1766.9999999999966
82.80000000000067,[50.07319962 50.07327423 50.0731488  50.07316566],50.07319707914944,945.8419507967525,1766.999999999998
82.82000000000066,[50.0732497  50.07332737 50.0731452  50.07316697],50.0732223107306,945.568807578475,1767.000000000001
82.84000000000066,[50.0733019  50.07338143 50.07314312 50.0731695 ],50.07324898773881,945.6721869893828,1766.9999999999968
82.86000000000065,[50.07335397 50.07343372 50.07314173 50.07317212],50.073275386530554,945.5438592419048,1767.0000000000061
82.88000000000065,[50.0734007  50.07347751 50.07313914 50.07317225],50.07329740046899,945.9926043064528,1766.9999999999984
82.90000000000065,[50.07343921 50.07350963 50.07313406 50.07316831],50.07331280211883,946.0525628134636,1766.9999999999961
82.92000000000064,[50.07347798 50.073541   50.07313053 50.07316547],50.07332874725556,945.8977247661772,1766.9999999999995
82.94000000000064,[50.07352023 50.07357575 50.07313032 50.07316593],50.073348055274366,945.7190606689219,1767.0000000000027
82.96000000000063,[50.07356261 50.07360974 50.07313229 50.07316812],50.07336819068481,945.7769555594049,1767.0000000000005
82.98000000000063,[50.07360322 50.07364081 50.07313572 50.07317114],50.07338771928291,945.7187523263112,1767.0
83.00000000000063,[50.07363853 50.07366468 50.07313928 50.07317327],50.07340394179387,946.0036519342084,1767.0000000000011
83.02000000000062,[50.07366785 50.07368092 50.07314264 50.07317417],50.07341639385541,945.9848807154592,1767.0000000000023
83.04000000000062,[50.07369881 50.0736995  50.07314933 50.07317845],50.07343152332629,945.7258387122398,1767.0
83.06000000000061,[50.0737307  50.07371955 50.07315933 50.07318601],50.073448897105955,945.7426585840149,1767.0000000000032
83.08000000000061,[50.07375892 50.07373557 50.07317062 50.07319432],50.07346485948038,945.7915600790194,1766.999999999998
83.1000000000006,[50.07378522 50.07375005 50.07318397 50.07320447],50.07348092960483,945.680246789645,1767.0
83.1200000000006,[50.07381243 50.0737668  50.07320075 50.07321823],50.07349955194854,945.5226972500711,1766.9999999999998
83.1400000000006,[50.07383359 50.07377705 50.07321796 50.07323178],50.073515097157355,945.8856293894302,1767.0000000000025
83.1600000000006,[50.07384814 50.07378058 50.07323508 50.07324461],50.073527104830745,945.7678333330273,1767.0000000000005
83.18000000000059,[50.07385856 50.07378059 50.07325328 50.0732583 ],50.07353768169964,945.95320107312,1767.0000000000018
83.20000000000059,[50.07385975 50.07377089 50.07327012 50.07326982],50.073542641958596,946.1890742493305,1767.0000000000016
83.22000000000058,[50.07385599 50.07375723 50.07328725 50.07328148],50.07354548766194,946.0802080765641,1767.0000000000011
83.24000000000058,[50.07385089 50.07374423 50.07330624 50.07329535],50.073549177171614,946.0669474945912,1767.0000000000016
83.26000000000057,[50.07384228 50.0737292  50.07332597 50.07331009],50.07355188352754,946.1125866820527,1766.9999999999993
83.28000000000057,[50.0738312  50.07371361 50.07334665 50.07332609],50.07355438803181,946.0341459561552,1767.0000000000002
83.30000000000057,[50.07381824 50.07369813 50.07336837 50.07334356],50.07355707332259,946.0480112051151,1767.000000000002
83.32000000000056,[50.07380139 50.07368026 50.07339001 50.07336111],50.0735581944997,946.1174330241009,1767.0000000000011
83.34000000000056,[50.07378591 50.07366669 50.07341355 50.07338146],50.073561903593834,945.7821724391817,1766.9999999999986
83.36000000000055,[50.07377449 50.0736605  50.07344016 50.07340605],50.073570298039336,945.6747893801929,1767.000000000003
83.38000000000055,[50.07376684 50.07366121 50.07346942 50.0734344 ],50.07358296843269,945.3745086005955,1766.9999999999973
83.40000000000055,[50.07376286 50.0736683  50.07350119 50.07346629],50.07359965963815,945.2887537701611,1767.000000000001
83.42000000000054,[50.07375732 50.07367485 50.0735329  50.07349841],50.07361586817425,945.3688254677153,1766.9999999999964
83.44000000000054,[50.07375307 50.07368436 50.07356546 50.07353199],50.07363371834192,945.1051069215093,1767.0000000000014
83.46000000000053,[50.07375358 50.07370073 50.07360034 50.07356886],50.07365587548199,944.9608578481601,1767.000000000001
83.48000000000053,[50.07375881 50.07372358 50.07363733 50.07360869],50.07368210278392,944.7176832016659,1766.9999999999995
83.50000000000053,[50.07376699 50.07375014 50.07367557 50.07365028],50.07371074814037,944.7131219523956,1767.0000000000043
83.52000000000052,[50.07377735 50.07377915 50.07371446 50.07369284],50.07374095021463,944.5434987040419,1766.9999999999993
83.54000000000052,[50.07379145 50.07381216 50.07375461 50.07373708],50.07377382362992,944.4455582584501,1767.0000000000014
83.56000000000051,[50.07380529 50.07384367 50.07379414 50.07378047],50.07380589347473,944.5696636057017,1767.0000000000007
83.58000000000051,[50.07382149 50.07387683 50.07383395 50.0738242 ],50.07383912035947,944.3076557156205,1767.0000000000036
83.6000000000005,[50.07383693 50.07390714 50.07387274 50.07386645],50.07387081514797,944.6589020528468,1767.0000000000011
83.6200000000005,[50.07384933 50.07393176 50.07390911 50.0739055 ],50.07389892539741,944.571660870154,1767.0000000000016
83.6400000000005,[50.07386177 50.07395427 50.07394447 50.07394308],50.0739258988775,944.7173331650307,1766.9999999999998
83.6600000000005,[50.07387655 50.07397755 50.0739796  50.07398025],50.073953486844275,944.4835880932995,1767.0000000000011
83.68000000000049,[50.07389328 50.07400079 50.07401446 50.07401683],50.073981339475765,944.6590104181578,1767.0000000000011
83.70000000000049,[50.07391097 50.07402285 50.07404835 50.074052  ],50.07400854162168,944.5034546508464,1767.000000000003
83.72000000000048,[50.07393416 50.07404935 50.07408335 50.0740884 ],50.0740388147289,944.3653724253335,1767.0000000000018
83.74000000000048,[50.07395752 50.07407341 50.07411713 50.07412296],50.0740677577668,944.5810657591882,1767.0000000000016
83.76000000000047,[50.07397946 50.07409329 50.07414877 50.07415462],50.074094034924755,944.5565762123949,1766.9999999999986
83.78000000000047,[50.07400201 50.07411159 50.0741792  50.07418457],50.074119340790965,944.6298425957928,1767.000000000001
83.80000000000047,[50.07402296 50.07412572 50.0742074  50.07421155],50.0741419095397,944.7548102500278,1767.000000000003
83.82000000000046,[50.07404538 50.07413985 50.07423463 50.07423728],50.07416428410454,944.6143116597069,1766.9999999999984
83.84000000000046,[50.07406668 50.07415075 50.07425989 50.07426045],50.074184440076834,944.9099524133604,1767.0000000000011
83.86000000000045,[50.07408598 50.0741578  50.07428257 50.07428044],50.07420169689839,944.8277108689722,1767.000000000001
83.88000000000045,[50.07410906 50.07416855 50.07430535 50.07430075],50.07422092735446,944.7125380820501,1767.000000000001
83.90000000000045,[50.07413215 50.07417837 50.07432665 50.07431934],50.074239130115274,944.8831405510692,1766.999999999999
83.92000000000044,[50.07415017 50.07418125 50.07434414 50.07433335],50.07425222709604,945.1122348289355,1767.0000000000016
83.94000000000044,[50.07416348 50.07417807 50.0743579  50.07434301],50.07426061297599,945.2501979087385,1767.0000000000005
83.96000000000043,[50.07417426 50.07417199 50.07436888 50.07434966],50.074266199036174,945.318559146792,1767.0000000000025
83.98000000000043,[50.07418813 50.07417051 50.07437958 50.07435662],50.07427370930811,945.0583672051705,1767.0000000000007
84.00000000000043,[50.07419936 50.0741664  50.07438771 50.07436091],50.074278595328764,945.5095282949305,1767.0000000000002
84.02000000000042,[50.07421121 50.07416449 50.07439438 50.0743642 ],50.074283571914776,945.0212619557109,1766.9999999999995
84.04000000000042,[50.0742307  50.07417353 50.07440312 50.07437093],50.074294571928746,944.9709691267235,1767.000000000001
84.06000000000041,[50.07424785 50.07418104 50.07440953 50.07437546],50.0743034700479,945.1672527697668,1767.0
84.08000000000041,[50.07426802 50.07419424 50.07441587 50.07438081],50.074314735659485,944.7402957671491,1766.9999999999998
84.1000000000004,[50.07429516 50.07421789 50.07442425 50.07438958],50.07433172152696,944.6526436809529,1767.0000000000005
84.1200000000004,[50.07431918 50.07423923 50.0744303  50.07439609],50.07434619914535,944.9188318472684,1766.9999999999989
84.1400000000004,[50.07433645 50.07425386 50.07443232 50.07439824],50.07435521632003,945.0804502681701,1767.0000000000011
84.1600000000004,[50.07435172 50.07426792 50.07443244 50.07439879],50.07436271586027,945.0144618475609,1767.0
84.18000000000039,[50.07436544 50.07428185 50.07443105 50.07439817],50.07436913000617,945.139326574916,1767.000000000001
84.20000000000039,[50.0743762  50.07429387 50.07442757 50.07439562],50.074373315355324,945.1697959607478,1767.0000000000016
84.22000000000038,[50.07438586 50.07430627 50.0744229  50.07439228],50.074376826951955,945.1634259529714,1767.0000000000014
84.24000000000038,[50.07439327 50.07431745 50.07441668 50.0743876 ],50.07437874838454,945.2709130103156,1767.0000000000014
84.26000000000037,[50.07439977 50.07432908 50.0744095  50.07438234],50.074380175470075,945.1721489365486,1766.9999999999995
84.28000000000037,[50.07440656 50.07434242 50.07440209 50.07437731],50.07438209672052,945.1958290071269,1767.0000000000005
84.30000000000037,[50.07441546 50.07435968 50.07439528 50.07437356],50.07438599622732,944.9716736196475,1767.0000000000005
84.32000000000036,[50.07442455 50.07437804 50.07438849 50.07437015],50.07439030505377,945.1268286197367,1767.0000000000002
84.34000000000036,[50.07442964 50.07439209 50.07437979 50.0743646 ],50.074391528273686,945.1973798046537,1766.9999999999993
84.36000000000035,[50.07443098 50.07440198 50.0743694  50.07435709],50.07438986209775,945.3359974587158,1767.0
84.38000000000035,[50.07443423 50.07441483 50.07435979 50.07435081],50.07438991610685,945.018048047914,1766.9999999999993
84.40000000000035,[50.07443749 50.07442771 50.07435047 50.07434489],50.07439013946874,945.2865133439441,1767.0000000000014
84.42000000000034,[50.07443954 50.07443913 50.07434072 50.07433845],50.07438945835472,945.059429450513,1767.0000000000005
84.44000000000034,[50.07444598 50.07445586 50.07433329 50.07433486],50.07439249558177,944.9374748612985,1766.999999999999
84.46000000000033,[50.07445348 50.07447339 50.07432681 50.07433225],50.074396480260674,944.9434483914158,1767.0000000000016
84.48000000000033,[50.07445878 50.07448743 50.07431989 50.07432875],50.07439871071133,945.049085410263,1767.0000000000011
84.50000000000033,[50.0744609  50.07449666 50.0743121  50.07432378],50.07439835935242,945.1249687922705,1767.0000000000002
84.52000000000032,[50.0744605  50.07450181 50.07430377 50.07431771],50.074395947538086,945.1867888218646,1766.9999999999989
84.54000000000032,[50.07445735 50.07450253 50.07429485 50.07431043],50.07439128840877,945.2785547587412,1767.0000000000016
84.56000000000031,[50.07445328 50.07450114 50.07428613 50.07430297],50.07438588051277,945.2142326867014,1767.0000000000027
84.58000000000031,[50.07445036 50.07450018 50.07427864 50.07429658],50.07438144428898,945.1607856981778,1766.9999999999977
84.6000000000003,[50.07445041 50.07450193 50.07427322 50.07429232],50.074379469736726,944.970636293861,1767.0000000000007
84.6200000000003,[50.07445235 50.0745049  50.07426952 50.07428967],50.074379110217016,944.9880527950551,1767.0000000000005
84.6400000000003,[50.07445468 50.07450726 50.07426684 50.07428773],50.07437912858505,944.9021569503699,1767.0000000000014
84.6600000000003,[50.07445754 50.07450918 50.0742653  50.07428665],50.0743796674373,944.9073546180098,1766.9999999999984
84.68000000000029,[50.07445678 50.07450547 50.07426308 50.07428405],50.07437734693314,945.1064692162726,1767.000000000006
84.70000000000029,[50.07445297 50.07449707 50.07426029 50.07428019],50.074372629942076,945.0732210993945,1767.0000000000027
84.72000000000028,[50.0744478  50.07448619 50.07425775 50.0742761 ],50.07436696009155,945.1507486197936,1766.9999999999998
84.74000000000028,[50.0744385  50.07446951 50.07425416 50.07427021],50.07435809323772,945.307060864193,1766.9999999999998
84.76000000000028,[50.07442701 50.07444973 50.07425026 50.07426354],50.07434763158479,945.2500913846208,1767.0000000000011
84.78000000000027,[50.07441453 50.0744285  50.07424662 50.07425687],50.07433663114091,945.3174939156391,1767.0000000000014
84.80000000000027,[50.07439685 50.07440066 50.07424129 50.07424776],50.074321639629126,945.5519722464478,1766.9999999999961
84.82000000000026,[50.07437814 50.07437189 50.07423588 50.07423847],50.07430609532449,945.330309593285,1767.0000000000016
84.84000000000026,[50.07436127 50.07434583 50.07423179 50.07423076],50.074292411992396,945.3610806645132,1767.0
84.86000000000026,[50.07434515 50.07432137 50.07422837 50.07422394],50.07427970662869,945.2141043360666,1766.9999999999995
84.88000000000025,[50.0743305  50.07429943 50.07422594 50.07421843],50.07426857129299,945.1948634571023,1767.0000000000011
84.90000000000025,[50.07431639 50.07427904 50.07422398 50.07421364],50.07425826220823,945.1107652502703,1767.0000000000027
84.92000000000024,[50.07430172 50.07425883 50.07422194 50.07420892],50.074247852318535,945.1697764110526,1766.999999999999
84.94000000000024,[50.07427935 50.07422986 50.07421656 50.07420012],50.07423147403385,945.5808680731526,1767.0000000000018
84.96000000000024,[50.07424783 50.07419067 50.07420684 50.07418618],50.074207881330224,945.7463634210158,1767.000000000004
84.98000000000023,[50.07421413 50.07415027 50.07419573 50.07417098],50.074182779211505,945.6774493555318,1766.9999999999998
85.00000000000023,[50.07418241 50.07411392 50.07418503 50.07415691],50.07415956756631,945.5566264698623,1767.0000000000032
85.02000000000022,[50.07415207 50.07408083 50.07417444 50.07414359],50.074137733379416,945.5310479660768,1767.0000000000023
85.04000000000022,[50.07412488 50.07405329 50.07416459 50.07413189],50.07411866376471,945.293523443943,1766.9999999999952
85.06000000000022,[50.07409718 50.07402644 50.07415392 50.07411977],50.074099327963,945.5232591563049,1767.000000000001
85.08000000000021,[50.07406341 50.07399334 50.07413966 50.07410377],50.07407504564738,945.6811992039768,1767.0000000000025
85.10000000000021,[50.07402626 50.07395742 50.07412284 50.07408528],50.074047946826376,945.73222998579,1766.999999999998
85.1200000000002,[50.07399098 50.07392532 50.07410566 50.07406719],50.0740222881612,945.5318831679763,1767.000000000001
85.1400000000002,[50.0739574  50.07389652 50.07408811 50.0740494 ],50.07399785666018,945.6008042147728,1766.9999999999995
85.1600000000002,[50.07392647 50.07387222 50.07407042 50.07403227],50.073975345067254,945.3424871709212,1766.9999999999961
85.18000000000019,[50.07390104 50.07385568 50.07405394 50.07401744],50.073957025831795,945.2195253439704,1767.0000000000025
85.20000000000019,[50.07387907 50.07384409 50.07403775 50.07400364],50.07394113862477,945.1095132478638,1767.0000000000018
85.22000000000018,[50.07386222 50.0738393  50.07402254 50.07399173],50.07392894999868,944.879698164614,1767.0
85.24000000000018,[50.07384805 50.07383784 50.07400736 50.07398032],50.073918393227,944.9435862428727,1766.9999999999977
85.26000000000018,[50.07383194 50.07383367 50.07399006 50.07396664],50.07390557900128,945.0420069429903,1767.0000000000007
85.28000000000017,[50.07381972 50.07383408 50.07397317 50.0739539 ],50.07389521680591,944.709300050845,1767.0000000000014
85.30000000000017,[50.07381277 50.07384029 50.07395757 50.07394301],50.073888410216156,944.7141080718236,1767.0000000000027
85.32000000000016,[50.07380852 50.07384892 50.0739421  50.07393245],50.07388299749647,944.5637029255857,1767.0000000000027
85.34000000000016,[50.07380356 50.07385525 50.07392543 50.07392033],50.07387613919266,944.8076881534736,1766.9999999999957
85.36000000000016,[50.07379866 50.07386031 50.07390778 50.07390694],50.073868421143914,944.608526991341,1766.999999999998
85.38000000000015,[50.07379676 50.07386748 50.07389072 50.07389415],50.0738622777054,944.6469492318157,1767.0000000000011
85.40000000000015,[50.07379484 50.07387285 50.07387296 50.07388023],50.07385522026283,944.6576799754431,1766.9999999999977
85.42000000000014,[50.07379446 50.07387831 50.07385531 50.07386614],50.0738485547191,944.5860324456387,1766.9999999999995
85.44000000000014,[50.07379898 50.07388802 50.07383938 50.07385388],50.07384506635849,944.3616992066328,1766.9999999999957
85.46000000000014,[50.0738028  50.07389465 50.07382298 50.07384048],50.07384022823416,944.6711023816363,1766.999999999997
85.48000000000013,[50.07380586 50.07389843 50.07380596 50.0738258 ],50.07383401564908,944.4494055346713,1767.0000000000057
85.50000000000013,[50.07381425 50.07390693 50.07379131 50.07381359],50.073831518125175,944.3291218834332,1766.9999999999984
85.52000000000012,[50.07382306 50.07391392 50.07377706 50.0738012 ],50.073828812333026,944.4376958234362,1766.999999999995
85.54000000000012,[50.073837   50.07392563 50.07376527 50.07379136],50.07382981656665,943.9870356120549,1766.9999999999989
85.56000000000012,[50.07385402 50.07393923 50.07375552 50.0737833 ],50.07383301681682,944.2220045394525,1766.9999999999995
85.58000000000011,[50.07386637 50.07394523 50.07374427 50.07377255],50.07383210542771,944.3033805941021,1767.0000000000016
85.60000000000011,[50.07387627 50.0739467  50.07373262 50.07376056],50.073829037611816,944.3735829640667,1767.000000000001
85.6200000000001,[50.07388563 50.07394628 50.07372151 50.07374855],50.07382549260489,944.3134020706058,1766.9999999999995
85.6400000000001,[50.07389857 50.07394944 50.07371291 50.07373907],50.0738249980974,944.0858481375183,1767.0000000000061
85.6600000000001,[50.07391565 50.073957   50.07370732 50.07373273],50.07382817516473,943.9725096208678,1767.0000000000048
85.68000000000009,[50.07394241 50.07397622 50.07370727 50.07373278],50.073839669914534,943.3525611253988,1766.9999999999961
85.70000000000009,[50.07397723 50.07400488 50.07371251 50.07373875],50.07385834200275,943.333554309296,1766.9999999999936
85.72000000000008,[50.0740072  50.07402683 50.07371735 50.07374332],50.073873674757124,943.5998762194395,1766.9999999999948
85.74000000000008,[50.07403155 50.07404155 50.07372134 50.07374605],50.073885122923926,943.6273331361499,1766.9999999999977
85.76000000000008,[50.07405911 50.07406047 50.07372848 50.07375212],50.07390004702306,943.2730802090127,1767.0000000000005
85.78000000000007,[50.07408914 50.0740826  50.07373877 50.07376145],50.07391799239641,943.3379728754855,1767.0000000000025
85.80000000000007,[50.07411656 50.07410178 50.07374994 50.07377118],50.0739348647499,943.32894587953,1766.9999999999995
85.82000000000006,[50.07414131 50.07411809 50.07376202 50.07378138],50.073950699696624,943.3908396259283,1766.9999999999975
85.84000000000006,[50.07415998 50.07412741 50.07377352 50.07379019],50.073962774641245,943.6116073493259,1767.0000000000027
85.86000000000006,[50.0741762  50.07413472 50.07378592 50.07379967],50.07397412906637,943.4178742267636,1767.0000000000011
85.88000000000005,[50.07419645 50.07414823 50.07380225 50.07381367],50.073990150995805,943.1840479864378,1766.9999999999977
85.90000000000005,[50.07421858 50.07416521 50.07382164 50.0738311 ],50.07400913257732,943.1338192989064,1766.999999999996
85.92000000000004,[50.0742376  50.07417944 50.07384186 50.07384911],50.07402699943448,943.2435141586466,1766.9999999999955
85.94000000000004,[50.07425687 50.07419538 50.07386423 50.07386951],50.07404649751535,942.9621868889133,1767.0000000000016
85.96000000000004,[50.07427636 50.07421283 50.07388888 50.07389242],50.07406762205996,943.0719085460942,1767.0000000000039
85.98000000000003,[50.07429396 50.07422929 50.07391467 50.07391649],50.07408859931271,942.9406241522015,1766.9999999999986
86.00000000000003,[50.07431827 50.07425562 50.07394539 50.07394658],50.07411646444348,942.4571407485788,1766.999999999999
86.02000000000002,[50.074341   50.0742809  50.07397759 50.07397816],50.07414441288378,942.8988220076069,1766.9999999999995
86.04000000000002,[50.07435393 50.07429501 50.07400717 50.0740061 ],50.0741655555847,942.9976111551518,1766.9999999999986
86.06000000000002,[50.07436224 50.07430448 50.07403631 50.07403329],50.074184081041246,943.0870214961384,1767.0000000000039
86.08000000000001,[50.07436586 50.07430921 50.07406483 50.07405956],50.07419986532168,943.1971145619179,1767.000000000008
86.10000000000001,[50.07436791 50.07431318 50.07409391 50.07408651],50.07421537730083,943.0792465383029,1767.0000000000014
86.12,[50.07436961 50.07431772 50.07412403 50.07411475],50.074231527116766,943.1129609640338,1767.000000000002
86.14,[50.0743703  50.07432198 50.07415468 50.0741437 ],50.074247663465115,943.050664125155,1766.9999999999995
86.16,[50.07436753 50.07432267 50.07418465 50.07417183],50.074261666173335,943.2636554258092,1767.000000000003
86.17999999999999,[50.07436151 50.07432013 50.07421368 50.07419891],50.0742735594334,943.2004663447143,1766.9999999999975
86.19999999999999,[50.07435521 50.07431796 50.07424297 50.07422652],50.07428566326485,943.2184168169173,1766.999999999998
86.21999999999998,[50.07434615 50.0743129  50.0742712  50.07425299],50.07429581081249,943.3386506141653,1766.9999999999961
86.23999999999998,[50.07433545 50.07430636 50.07429858 50.0742787 ],50.07430477363176,943.2925179057421,1766.9999999999989
86.25999999999998,[50.07433013 50.07430715 50.07432803 50.07430744],50.07431818741925,942.9381069586755,1767.0000000000036
86.27999999999997,[50.07432709 50.07431089 50.0743582  50.07433738],50.074333390920586,943.1161461536325,1767.000000000002
86.29999999999997,[50.0743227  50.07431307 50.07438711 50.07436608],50.07434724093825,943.0277042787886,1767.0000000000002
86.31999999999996,[50.07431814 50.07431496 50.07441516 50.07439405],50.07436057591401,943.1355138902763,1767.000000000003
86.33999999999996,[50.0743075  50.07430894 50.07443949 50.07441765],50.0743683948004,943.4696623464407,1767.000000000002
86.35999999999996,[50.07429591 50.07430173 50.074462   50.07443946],50.07437477735232,943.2349290172316,1767.0
86.37999999999995,[50.07428468 50.0742946  50.07448333 50.07446023],50.074380709657,943.4860943391064,1766.9999999999939
86.39999999999995,[50.07427076 50.07428379 50.07450176 50.07447787],50.074383545873154,943.4755599316783,1766.9999999999936
86.41999999999994,[50.07425823 50.07427438 50.07451901 50.07449459],50.07438655440649,943.451699274482,1766.9999999999966
86.43999999999994,[50.07424547 50.07426421 50.07453425 50.07450933],50.074388316506344,943.5612060103925,1767.0000000000027
86.45999999999994,[50.07423157 50.07425215 50.07454687 50.07452136],50.074387985656855,943.6093972775452,1767.000000000002
86.47999999999993,[50.07422255 50.07424583 50.07455937 50.07453396],50.07439042624451,943.3092245915498,1767.0000000000002
86.49999999999993,[50.07422009 50.07424714 50.07457261 50.07454812],50.074396989868006,943.2430048120523,1766.9999999999952
86.51999999999992,[50.07421888 50.07424926 50.07458414 50.07456069],50.074403244377294,943.316497224471,1767.0000000000032
86.53999999999992,[50.07421848 50.07425165 50.07459365 50.07457129],50.074408766752946,943.2862543188636,1767.0000000000043
86.55999999999992,[50.07422231 50.07425863 50.07460262 50.0745818 ],50.074416340928295,943.1250558889465,1766.9999999999989
86.57999999999991,[50.07423007 50.07426966 50.074611   50.07459211],50.07442571248247,943.1159177056276,1767.0000000000011
86.59999999999991,[50.07423989 50.07428235 50.07461797 50.07460111],50.074435329670095,943.0854776833636,1766.9999999999995
86.6199999999999,[50.07424755 50.07429126 50.07462171 50.07460643],50.07444173991991,943.3673522468686,1767.0000000000043
86.6399999999999,[50.0742518  50.07429501 50.07462154 50.07460725],50.07444390047435,943.4254387466074,1766.9999999999977
86.6599999999999,[50.0742595  50.07430234 50.07462057 50.07460755],50.07444748820757,943.2287313551335,1766.9999999999989
86.6799999999999,[50.07427288 50.07431596 50.07462    50.07460879],50.07445440737026,943.1255746599238,1766.9999999999989
86.69999999999989,[50.07428871 50.07433173 50.07461853 50.07460925],50.07446205565957,943.1476757078414,1767.0000000000011
86.71999999999989,[50.07431149 50.07435549 50.07461822 50.07461153],50.074474183825444,942.7278565304956,1767.0
86.73999999999988,[50.07433892 50.074384   50.07461845 50.07461466],50.07448900803607,942.8989239226756,1767.0000000000052
86.75999999999988,[50.07436477 50.07440959 50.07461643 50.07461509],50.07450146872134,942.9055306480176,1766.9999999999977
86.77999999999987,[50.07438812 50.07443107 50.07461196 50.07461246],50.074510903497604,943.1320423871534,1766.9999999999993
86.79999999999987,[50.07440753 50.07444684 50.07460444 50.07460605],50.07451621377249,943.2313541459008,1766.999999999998
86.81999999999987,[50.07442787 50.07446322 50.07459618 50.07459882],50.0745215226105,943.1099979013629,1766.9999999999986
86.83999999999986,[50.07444838 50.0744792  50.07458714 50.07459062],50.07452633787913,943.2499939613899,1766.9999999999973
86.85999999999986,[50.07446196 50.07448593 50.0745743  50.07457755],50.074524935406544,943.6110322394048,1767.0000000000036
86.87999999999985,[50.07447363 50.0744902  50.07455982 50.07456253],50.074521545323634,943.3946506661977,1767.0000000000005
86.89999999999985,[50.07448736 50.07449695 50.07454585 50.07454819],50.074519587611995,943.4662880582646,1767.0000000000025
86.91999999999985,[50.0745037  50.07450713 50.0745327  50.07453499],50.07451962923379,943.2015090629179,1767.0000000000007
86.93999999999984,[50.07451856 50.07451544 50.07451894 50.07452094],50.0745184708002,943.5416157372119,1767.0000000000025
86.95999999999984,[50.07452921 50.07451884 50.07450325 50.07450445],50.07451393444336,943.4605203323625,1767.0000000000016
86.97999999999983,[50.07454097 50.07452411 50.07448821 50.07448883],50.074510530928094,943.4195234488224,1766.9999999999993
86.99999999999983,[50.07455892 50.07453787 50.07447623 50.07447716],50.07451254624608,942.9762023704577,1767.0000000000011
87.01999999999983,[50.07458384 50.07456088 50.07446805 50.07447023],50.074520751182085,942.8684106754281,1767.0000000000011
87.03999999999982,[50.07460833 50.07458379 50.07446054 50.07446396],50.07452915409077,942.9292144322059,1767.0000000000043
87.05999999999982,[50.07462952 50.07460308 50.0744525  50.07445681],50.0745354791355,943.0128089864947,1766.999999999999
87.07999999999981,[50.07464645 50.07461762 50.0744436  50.07444836],50.07453900841107,943.1338300987811,1767.0000000000018
87.09999999999981,[50.0746652  50.07463527 50.07443657 50.07444213],50.07454479395802,942.79123370688,1766.9999999999993
87.1199999999998,[50.07468556 50.07465551 50.07443172 50.07443835],50.07455278271229,942.915477246096,1766.9999999999998
87.1399999999998,[50.07470095 50.07467009 50.0744261  50.07443326],50.07455759819658,943.0260020413938,1767.0000000000007
87.1599999999998,[50.07471509 50.07468386 50.0744214  50.07442905],50.07456234963108,942.8879860582986,1766.9999999999995
87.1799999999998,[50.07473569 50.0747065  50.07442121 50.07443025],50.07457341260731,942.4602218329829,1766.9999999999977
87.19999999999979,[50.07476205 50.07473683 50.07442552 50.07443672],50.07459028262423,942.3633022893125,1767.000000000001
87.21999999999979,[50.07478912 50.07476837 50.07443217 50.07444561],50.07460881705226,942.2841532261652,1766.9999999999957
87.23999999999978,[50.074818   50.07480246 50.0744417  50.07445756],50.07462993061203,942.109594656228,1766.999999999999
87.25999999999978,[50.07484411 50.07483309 50.07445226 50.0744701 ],50.074649891792546,942.3444907335382,1766.9999999999989
87.27999999999977,[50.07485836 50.07484876 50.07445972 50.07447794],50.07466119523874,942.8032965235807,1766.9999999999998
87.29999999999977,[50.07487002 50.0748616  50.07446793 50.07448618],50.07467143284454,942.3991940782952,1767.0000000000027
87.31999999999977,[50.0748845  50.07487802 50.07447965 50.07449819],50.074685087998546,942.4791739574879,1767.0000000000025
87.33999999999976,[50.07489917 50.0748948  50.07449359 50.07451237],50.07469998157453,942.2589409518805,1766.999999999998
87.35999999999976,[50.07491605 50.07491432 50.07451075 50.07452994],50.074717762819134,942.1994058885207,1766.9999999999989
87.37999999999975,[50.07493648 50.07493826 50.07453168 50.07455158],50.07473949813835,941.889109390088,1766.9999999999968
87.39999999999975,[50.07495404 50.0749582  50.07455368 50.07457374],50.074759914084325,942.2736728538592,1767.0000000000002
87.41999999999975,[50.07496384 50.07496822 50.07457422 50.07459331],50.07477489666089,942.3113814571369,1766.999999999998
87.43999999999974,[50.07497609 50.0749813  50.07459775 50.07461604],50.074792796477496,941.9922619199752,1766.9999999999989
87.45999999999974,[50.07499287 50.07499987 50.07462532 50.07464323],50.07481532097243,941.8855488523324,1766.999999999998
87.47999999999973,[50.07500543 50.07501273 50.07465298 50.07466978],50.07483522997511,942.1769905271257,1767.0000000000036
87.49999999999973,[50.07501784 50.07502535 50.07468217 50.07469772],50.07485577275598,941.7973221843084,1766.9999999999998
87.51999999999973,[50.07503331 50.0750415  50.0747145  50.07472901],50.074879577787236,941.8667200039042,1767.0000000000036
87.53999999999972,[50.07504589 50.07505373 50.07474707 50.07476002],50.074901679096406,941.9063485462231,1767.0000000000005
87.55999999999972,[50.07505907 50.07506657 50.07478128 50.07479261],50.07492488277144,941.7397192774524,1767.0000000000039
87.57999999999971,[50.07507133 50.07507795 50.07481641 50.07482585],50.074947886360704,941.889338321076,1766.9999999999968
87.59999999999971,[50.07507943 50.07508393 50.07485077 50.07485769],50.07496795414033,941.9543014294514,1766.9999999999977
87.6199999999997,[50.07508522 50.07508693 50.07488497 50.07488901],50.0749865306302,941.9829197866641,1767.0000000000011
87.6399999999997,[50.07509484 50.07509486 50.07492154 50.07492316],50.075008599972435,941.6282533747941,1766.9999999999982
87.6599999999997,[50.07510948 50.07510903 50.07496108 50.07496084],50.0750351060449,941.5770020738187,1767.0000000000007
87.6799999999997,[50.07512559 50.07512496 50.07500177 50.07499983],50.07506303955144,941.4764310472439,1766.9999999999995
87.69999999999969,[50.07514086 50.07513971 50.0750425  50.07503869],50.07509044150371,941.590705910663,1767.0000000000016
87.71999999999969,[50.07515212 50.07514938 50.0750816  50.0750754 ],50.07511462476853,941.7176131504865,1767.000000000002
87.73999999999968,[50.07516245 50.07515798 50.07512017 50.07511151],50.07513802813676,941.6272015208731,1767.0000000000027
87.75999999999968,[50.0751738  50.07516794 50.07515902 50.07514805],50.07516220592042,941.6234873604539,1766.9999999999984
87.77999999999967,[50.07517914 50.07517034 50.07519489 50.0751809 ],50.07518131586549,942.026369474516,1767.0000000000016
87.79999999999967,[50.07518118 50.07516897 50.07522853 50.07521124],50.07519748208948,941.8451257038263,1766.9999999999945
87.81999999999967,[50.07518547 50.07517072 50.07526242 50.07524228],50.07521522036808,941.8674839206201,1767.0000000000016
87.83999999999966,[50.07519282 50.07517674 50.07529671 50.07527428],50.07523513898356,941.6354724126779,1767.0000000000007
87.85999999999966,[50.07520314 50.07518674 50.07533137 50.07530718],50.075257105272726,941.6689456679991,1767.000000000002
87.87999999999965,[50.07520989 50.07519246 50.07536329 50.07533707],50.07527567870913,941.8962151040909,1766.9999999999984
87.89999999999965,[50.07521533 50.07519697 50.07539317 50.07536499],50.07529261564934,941.782583582115,1767.0000000000011
87.91999999999965,[50.07522708 50.07520986 50.07542437 50.07539524],50.07531413575829,941.4855421589106,1766.9999999999993
87.93999999999964,[50.07524429 50.07522984 50.07545655 50.07542736],50.075339511377486,941.4328582339327,1766.9999999999993
87.95999999999964,[50.07526231 50.07525093 50.07548755 50.07545856],50.07536483670389,941.465265627997,1767.0000000000005
87.97999999999963,[50.07528363 50.07527634 50.07551833 50.07549013],50.07539210744709,941.2445871303676,1766.9999999999993
87.99999999999963,[50.07530706 50.07530429 50.07554847 50.07552142],50.075420308201,941.3623343908714,1767.0000000000036
88.01999999999963,[50.07532978 50.07533125 50.07557655 50.07555068],50.07544706553243,941.3422278184971,1767.0000000000048
88.03999999999962,[50.07535269 50.07535826 50.075603   50.0755784 ],50.0754730885359,941.400339349793,1767.0000000000036
88.05999999999962,[50.07537452 50.07538364 50.07562721 50.07560381],50.07549729321377,941.4719284429065,1767.0000000000048
88.07999999999961,[50.07539913 50.0754123  50.07565085 50.07562906],50.075522833736876,941.2643139357351,1767.000000000005
88.09999999999961,[50.07542425 50.0754411  50.07567311 50.075653  ],50.07554786348786,941.491189222927,1767.000000000002
88.1199999999996,[50.07545074 50.07547127 50.07569421 50.07567595],50.075573040298494,941.2285403238626,1767.0
88.1399999999996,[50.07548102 50.07550561 50.07571548 50.07569951],50.07560040380972,941.2827535872982,1767.0000000000027
88.1599999999996,[50.07550599 50.07553252 50.0757329  50.07571846],50.07562246890497,941.6512726273402,1767.000000000002
88.1799999999996,[50.07552239 50.07554807 50.07574489 50.07573084],50.075636546474016,941.9330536916946,1767.000000000003
88.19999999999959,[50.07553669 50.07556064 50.07575427 50.07574035],50.07564798723699,941.8510047594149,1766.9999999999995
88.21999999999959,[50.07555339 50.07557584 50.07576322 50.07574971],50.075660539552814,941.8163791611786,1766.9999999999995
88.23999999999958,[50.07557037 50.07559098 50.07577091 50.07575782],50.07567252259612,941.8756810946584,1767.000000000002
88.25999999999958,[50.07558416 50.07560171 50.07577583 50.07576276],50.07568111507143,942.0787765440969,1767.0000000000016
88.27999999999957,[50.07559943 50.07561417 50.07578    50.07576715],50.07569018872651,941.8117052286703,1766.9999999999993
88.29999999999957,[50.07561729 50.07562962 50.07578422 50.07577191],50.075700759316426,941.9281511467502,1766.9999999999995
88.31999999999957,[50.07563527 50.07564507 50.07578734 50.0757756 ],50.075710820888645,941.8299752965639,1767.000000000002
88.33999999999956,[50.07565404 50.07566136 50.07578984 50.07577878],50.07572100380556,941.8925870214459,1767.0000000000011
88.35999999999956,[50.07567441 50.07567965 50.0757921  50.07578194],50.07573202684372,941.7334181543886,1766.9999999999957
88.37999999999955,[50.07569293 50.07569545 50.07579284 50.07578335],50.075741141380774,942.0269685167847,1766.9999999999911
88.39999999999955,[50.07570862 50.07570782 50.07579151 50.07578236],50.07574757808901,941.9328474437968,1767.0
88.41999999999955,[50.07572534 50.07572162 50.07579003 50.0757814 ],50.07575459443839,941.9510817521056,1767.000000000001
88.43999999999954,[50.07574424 50.07573839 50.07578899 50.0757812 ],50.075763204756875,941.7709271606503,1766.9999999999957
88.45999999999954,[50.07576294 50.075755   50.07578757 50.07578062],50.07577153262542,941.9464560651255,1767.0000000000005
88.47999999999954,[50.07578016 50.07577004 50.07578518 50.07577894],50.075778582327786,941.8501201097644,1766.9999999999964
88.49999999999953,[50.07579592 50.07578346 50.07578203 50.07577634],50.07578443658809,942.0180086584029,1767.0000000000066
88.51999999999953,[50.07581349 50.07579962 50.07577952 50.0757747 ],50.07579183498565,941.6905210503755,1767.0000000000039
88.53999999999952,[50.07583087 50.07581572 50.07577716 50.0757732 ],50.0757992359454,941.9871977461222,1767.0000000000027
88.55999999999952,[50.07584732 50.07583114 50.07577444 50.07577129],50.07580604554494,941.7099224794534,1767.0000000000011
88.57999999999952,[50.07586347 50.0758464  50.07577198 50.07576962],50.07581286728524,941.9546866376375,1767.0000000000102
88.59999999999951,[50.07587605 50.07585761 50.07576824 50.07576628],50.075817046224074,941.9013809361526,1767.0000000000011
88.61999999999951,[50.07588941 50.07587024 50.07576529 50.07576389],50.07582220656327,941.840066610098,1767.0000000000025
88.6399999999995,[50.07590112 50.07588116 50.07576219 50.07576117],50.075826408339786,941.9498180782912,1767.000000000011
88.6599999999995,[50.07591371 50.0758937  50.07576003 50.07575958],50.07583175674941,941.7108451579257,1766.9999999999952
88.6799999999995,[50.0759289  50.07590985 50.07575982 50.07576028],50.075839709571824,941.6967647443524,1766.9999999999989
88.69999999999949,[50.07593977 50.07592081 50.07575853 50.07575938],50.07584462147681,941.9334358042074,1767.0000000000077
88.71999999999949,[50.07594516 50.07592528 50.07575556 50.07575615],50.07584553642787,942.0002864538618,1767.0000000000034
88.73999999999948,[50.07594992 50.07592943 50.07575309 50.07575339],50.07584645749138,941.899405770822,1767.0000000000014
88.75999999999948,[50.07595458 50.07593386 50.07575147 50.07575153],50.07584786128307,941.9256539425992,1766.9999999999984
88.77999999999948,[50.07595161 50.07592897 50.07574739 50.07574629],50.0758435659572,942.3459740545147,1766.9999999999966
88.79999999999947,[50.07594312 50.07591776 50.07574151 50.07573868],50.075835268870435,942.2300119805845,1767.0000000000014
88.81999999999947,[50.07593194 50.0759037  50.07573525 50.07573046],50.0758253387528,942.4503917333852,1767.000000000009
88.83999999999946,[50.07591229 50.07587958 50.07572589 50.07571824],50.07580899912975,942.7377082116565,1767.0000000000064
88.85999999999946,[50.07588868 50.07585138 50.07571523 50.07570445],50.07578993580948,942.6480576432754,1766.9999999999952
88.87999999999946,[50.07586263 50.07582093 50.075704   50.07569004],50.075769398447065,942.8299228416979,1766.9999999999977
88.89999999999945,[50.0758333  50.07578734 50.07569164 50.07567437],50.07574666119576,942.8019449043438,1767.0000000000011
88.91999999999945,[50.07580512 50.07575624 50.07568003 50.07565993],50.07572532945882,942.6798315267049,1766.999999999994
88.93999999999944,[50.07578032 50.07573043 50.07567013 50.07564796],50.0757072102332,942.4992262145312,1766.9999999999945
88.95999999999944,[50.0757567  50.07570699 50.07566095 50.07563718],50.07569045386286,942.532678379631,1767.0000000000002
88.97999999999944,[50.07573177 50.07568279 50.07565121 50.07562598],50.07567293407507,942.5314973361598,1766.999999999999
88.99999999999943,[50.07570508 50.07565723 50.07564061 50.07561401],50.07565423248687,942.6003972334174,1766.9999999999911
89.01999999999943,[50.07567698 50.07563074 50.07562915 50.07560132],50.075634547227956,942.5828804033492,1767.0000000000005
89.03999999999942,[50.0756395  50.07559308 50.07561327 50.07558333],50.07560729585006,943.207114728247,1767.0000000000027
89.05999999999942,[50.07559212 50.07554396 50.07559222 50.07555929],50.0755718980803,943.2403686049777,1767.0000000000039
89.07999999999942,[50.07554504 50.07549626 50.07557049 50.07553502],50.07553670239009,943.1612686466583,1767.0000000000018
89.09999999999941,[50.07550136 50.0754538  50.0755494  50.07551221],50.07550419376725,942.9851172457168,1766.9999999999977
89.11999999999941,[50.0754596  50.0754145  50.07552828 50.07548997],50.07547308742533,943.014170939486,1767.000000000009
89.1399999999994,[50.07541995 50.07537859 50.07550702 50.07546821],50.0754434390736,942.8335635708696,1766.9999999999895
89.1599999999994,[50.07538739 50.07535223 50.0754878  50.0754497 ],50.07541928157178,942.5223239335288,1767.000000000008
89.1799999999994,[50.07535714 50.07532897 50.0754686  50.07543172],50.075396604990786,942.6792504382373,1766.9999999999993
89.19999999999939,[50.07532196 50.07529965 50.07544598 50.07540988],50.07536936455739,942.8782464512769,1767.0
89.21999999999939,[50.07528822 50.07527239 50.07542255 50.07538761],50.07534268917945,942.6034608180153,1767.0000000000105
89.23999999999938,[50.0752625  50.07525519 50.07540137 50.07536873],50.07532194437418,942.3496444366895,1767.0000000000018
89.25999999999938,[50.0752355  50.07523589 50.07537845 50.07534796],50.07529945038815,942.7219694388215,1766.9999999999989
89.27999999999938,[50.07520458 50.07521133 50.0753523  50.07532349],50.07527292254601,942.6618286884618,1766.9999999999957
89.29999999999937,[50.07517446 50.07518725 50.0753251  50.07529805],50.07524621355509,942.7094687699233,1766.9999999999936
89.31999999999937,[50.07514277 50.07516057 50.07529579 50.07527024],50.075217342299666,942.8166817640523,1767.0000000000066
89.33999999999936,[50.07510965 50.0751314  50.07526437 50.07524006],50.07518637047053,942.8595625185659,1767.0000000000002
89.35999999999936,[50.07507754 50.07510279 50.07523195 50.07520891],50.0751553000712,942.7982275914881,1766.9999999999989
89.37999999999936,[50.07504788 50.07507645 50.07519923 50.07517764],50.07512529973337,942.7425098644637,1766.9999999999968
89.39999999999935,[50.07502309 50.0750554  50.07516733 50.07514764],50.07509836366698,942.5128685902067,1767.0000000000025
89.41999999999935,[50.07499695 50.07503149 50.0751337  50.07511552],50.075069414186714,942.8847372793211,1767.0000000000064
89.43999999999934,[50.07496686 50.0750017  50.07509697 50.07507959],50.075036278837125,942.8390766182928,1766.9999999999964
89.45999999999934,[50.07493704 50.07497132 50.07505914 50.0750424 ],50.07500247319634,942.9144863778317,1767.0000000000127
89.47999999999934,[50.07490362 50.07493548 50.07501856 50.07500179],50.074964861614845,943.1333603662263,1766.9999999999984
89.49999999999933,[50.0748711  50.07490011 50.07497712 50.0749603 ],50.074927155168645,942.896311745673,1767.0000000000005
89.51999999999933,[50.07484306 50.07486962 50.07493669 50.07492019],50.074892391852686,942.8583912013579,1766.9999999999945
89.53999999999932,[50.07481545 50.07483895 50.07489554 50.07487925],50.07485729933184,942.8969235449166,1767.0000000000084
89.55999999999932,[50.07478534 50.07480447 50.07485243 50.07483586],50.07481952442443,943.0573173988083,1766.9999999999961
89.57999999999932,[50.07475336 50.07476718 50.07480761 50.07479041],50.07477964187354,943.0475977361606,1766.9999999999995
89.59999999999931,[50.07472319 50.07473186 50.07476283 50.07474513],50.07474075533725,942.9461184034654,1767.0
89.61999999999931,[50.07469347 50.07469681 50.07471766 50.07469943],50.0747018428461,943.0221084969764,1766.999999999996
89.6399999999993,[50.07466038 50.07465733 50.07467042 50.07465119],50.07465983074095,943.1797289123076,1766.999999999994
89.6599999999993,[50.07462654 50.074617   50.07462227 50.07460195],50.07461694101242,943.0685385395424,1767.0000000000043
89.6799999999993,[50.07459704 50.07458233 50.07457565 50.07455481],50.074577454873484,942.864707428868,1766.9999999999995
89.69999999999929,[50.07457361 50.07455551 50.07453149 50.07451094],50.07454288597182,942.6250688287164,1767.0000000000064
89.71999999999929,[50.07455486 50.07453473 50.0744894  50.07446972],50.07451217940446,942.5092262940384,1767.0000000000016
89.73999999999928,[50.07453663 50.07451472 50.07444764 50.0744289 ],50.07448197281839,942.5524462617649,1767.0000000000036
89.75999999999928,[50.07451588 50.07449175 50.07440493 50.07438682],50.07444984520001,942.6405591392439,1766.9999999999964
89.77999999999928,[50.07449731 50.07447192 50.07436339 50.07434622],50.074419709000914,942.3538704326614,1766.9999999999966
89.79999999999927,[50.07447952 50.07445323 50.07432271 50.07430658],50.07439051334917,942.5297438402498,1766.9999999999993
89.81999999999927,[50.07445836 50.07443063 50.07428102 50.07426552],50.074358882862356,942.5278253736581,1767.0000000000032
89.83999999999926,[50.07444014 50.07441215 50.07424122 50.07422676],50.07433006625648,942.2610006097943,1766.9999999999984
89.85999999999926,[50.07442399 50.07439649 50.0742032  50.07419004],50.074303428724235,942.3118181533663,1767.000000000002
89.87999999999926,[50.07440504 50.07437756 50.07416485 50.07415263],50.074275018157394,942.3781417568989,1767.0000000000002
89.89999999999925,[50.0743844  50.0743568  50.0741267  50.07411521],50.07424577659707,942.3495981904184,1766.9999999999984
89.91999999999925,[50.07436015 50.07433173 50.07408804 50.07407681],50.07421418136433,942.5442224322655,1767.0000000000011
89.93999999999924,[50.07433488 50.07430582 50.07404995 50.07403889],50.07418238550246,942.3345555227215,1767.0000000000002
89.95999999999924,[50.07431262 50.07428401 50.07401443 50.07400394],50.07415375025656,942.2452924874117,1766.9999999999977
89.97999999999924,[50.07428565 50.07425641 50.07397817 50.07396765],50.074121969925805,942.567062381324,1766.9999999999943
89.99999999999923,[50.07425071 50.07421914 50.07393956 50.07392801],50.0740843556464,942.7053331832985,1767.0000000000005
90.01999999999923,[50.07421572 50.07418236 50.07390207 50.07388958],50.07404743228145,942.4774571823468,1766.9999999999968
90.03999999999922,[50.07418206 50.07414765 50.0738665  50.07385329],50.074012374174245,942.516328827992,1766.9999999999993
90.05999999999922,[50.07414597 50.07411029 50.07383113 50.07381696],50.073976086834676,942.5495275690226,1767.0000000000066
90.07999999999922,[50.07410577 50.07406816 50.07379518 50.0737796 ],50.073937177833635,942.7060720034927,1767.0000000000077
90.09999999999921,[50.07406288 50.07402322 50.07375915 50.07374195],50.07389679977365,942.6426825105423,1767.0000000000034
90.11999999999921,[50.07401758 50.07397577 50.0737232  50.07370418],50.07385518181365,942.7800654356274,1767.0000000000027
90.1399999999992,[50.07396523 50.07392    50.07368512 50.07366355],50.073808475183434,943.0418230650665,1767.000000000007
90.1599999999992,[50.07391022 50.07386171 50.07364663 50.07362238],50.07376023387603,942.8805488108416,1767.0000000000016
90.1799999999992,[50.0738533  50.07380171 50.07360815 50.07358118],50.0737110861156,943.0894189952354,1767.000000000012
90.19999999999919,[50.07378691 50.07373054 50.07356606 50.07353543],50.0736547359322,943.4598784615572,1767.0000000000048
90.21999999999919,[50.07371831 50.07365776 50.07352326 50.07348903],50.07359708742871,943.1723242111041,1767.0000000000005
90.23999999999918,[50.07365536 50.07359312 50.07348332 50.07344653],50.073544581607905,942.9995747786322,1767.0000000000034
90.25999999999918,[50.07359347 50.0735307  50.07344414 50.07340525],50.07349339181551,943.0345841071758,1767.0000000000064
90.27999999999918,[50.07353216 50.07346995 50.07340529 50.07336469],50.073443020522525,942.9042249035003,1766.9999999999952
90.29999999999917,[50.07346944 50.07340822 50.07336583 50.07332364],50.07339178410684,943.0813580916622,1766.999999999998
90.31999999999917,[50.07340207 50.07334149 50.07332406 50.07328001],50.07333690757446,943.1858728028303,1767.0000000000045
90.33999999999916,[50.07333411 50.07327491 50.07328156 50.07323592],50.073281623446846,943.0913033205468,1766.9999999999984
90.35999999999916,[50.07326433 50.07320677 50.07323776 50.07319062],50.073224867654154,943.2859214644129,1767.0000000000045
90.37999999999916,[50.07319198 50.0731362  50.07319204 50.0731434 ],50.07316590163863,943.2546304054906,1766.999999999993
90.39999999999915,[50.07312186 50.07306918 50.07314644 50.0730969 ],50.07310859512578,943.1235199897706,1767.0000000000039
90.41999999999915,[50.07305358 50.07300504 50.07310073 50.07305081],50.07305253829101,943.1270024695489,1767.0000000000002
90.43999999999915,[50.07298819 50.07294505 50.07305522 50.07300555],50.072998503108586,942.9312681221194,1766.9999999999989
90.45999999999914,[50.07292462 50.07288757 50.07300944 50.07296046],50.07294552204117,943.016357203602,1767.000000000002
90.47999999999914,[50.07286124 50.07283053 50.07296247 50.07291438],50.07289215759519,942.9424423183511,1766.9999999999984
90.49999999999913,[50.07279946 50.0727755  50.07291492 50.07286805],50.07283948252148,942.9374067857398,1766.9999999999964
90.51999999999913,[50.07273868 50.0727216  50.07286641 50.07282099],50.07278692087833,942.9124744277062,1766.9999999999995
90.53999999999913,[50.07267907 50.0726689  50.072817   50.07277323],50.07273455003765,942.9012889568526,1766.9999999999975
90.55999999999912,[50.07261971 50.07261608 50.07276624 50.07272414],50.07268154396516,942.9463821304535,1767.0000000000007
90.57999999999912,[50.07255985 50.07256209 50.07271372 50.07267322],50.07262721908825,942.9933247711542,1767.000000000005
90.59999999999911,[50.07249906 50.07250629 50.07265924 50.07262015],50.0725711846336,943.0718579323811,1766.9999999999945
90.61999999999911,[50.07244148 50.07245393 50.07260456 50.07256722],50.07251679682667,942.8363349272486,1767.0000000000025
90.6399999999991,[50.07238636 50.07240373 50.07254953 50.07251411],50.072463430286476,942.9673305921237,1766.9999999999911
90.6599999999991,[50.07233072 50.07235198 50.07249273 50.07245901],50.07240860783559,942.9411158186189,1766.9999999999989
90.6799999999991,[50.0722765  50.07230105 50.07243508 50.07240306],50.072353920785005,942.9381011539417,1767.000000000001
90.6999999999991,[50.07222303 50.07225004 50.07237632 50.07234589],50.072298819767916,942.9583347744284,1766.9999999999968
90.71999999999909,[50.07216806 50.07219606 50.07231551 50.07228627],50.07224147267489,943.1099549748169,1767.0000000000052
90.73999999999909,[50.07210925 50.07213623 50.07225159 50.07222284],50.07217998040046,943.2907735362319,1766.9999999999995
90.75999999999908,[50.07204876 50.07207341 50.0721855  50.07215684],50.07211612719489,943.2925116293292,1767.0000000000007
90.77999999999908,[50.07199435 50.07201754 50.07212075 50.0720928 ],50.072056359803526,942.9298560858043,1767.000000000001
90.79999999999907,[50.07194734 50.07197008 50.07205825 50.07203173],50.072001852759485,942.8316243133849,1766.9999999999989
90.81999999999907,[50.07190235 50.07192421 50.07199569 50.07197063],50.07194822058939,942.8382167351525,1766.9999999999993
90.83999999999907,[50.07185954 50.07188025 50.07193321 50.07190967],50.07189566789013,942.7225424139415,1767.0000000000014
90.85999999999906,[50.07182244 50.07184269 50.07187252 50.07185099],50.07184715925935,942.4787103602354,1767.0000000000048
90.87999999999906,[50.07178679 50.07180601 50.07181201 50.07179242],50.0717993068972,942.6478602026779,1767.0000000000002
90.89999999999905,[50.07174378 50.0717592  50.07174778 50.07172895],50.07174492785856,943.0097994566577,1766.9999999999982
90.91999999999905,[50.07169279 50.07170178 50.0716795  50.07166022],50.07168356959862,943.217897572086,1767.0000000000084
90.93999999999905,[50.07164299 50.07164566 50.07161128 50.07159159],50.07162287887432,942.9356167666574,1767.0000000000027
90.95999999999904,[50.07160112 50.0715993  50.07154644 50.07152724],50.07156852423448,942.6650033538939,1766.9999999999973
90.97999999999904,[50.07156496 50.07155984 50.07148427 50.07146614],50.071518802603805,942.5253018539211,1766.999999999999
90.99999999999903,[50.0715349  50.07152787 50.07142507 50.07140866],50.0714741251674,942.219263437833,1766.9999999999966
91.01999999999903,[50.07151039 50.07150258 50.0713689  50.07135474],50.07143415154831,942.1071527745548,1767.0000000000068
91.03999999999903,[50.07149042 50.07148275 50.07131541 50.07130392],50.07139812599189,941.864135542406,1766.9999999999968
91.05999999999902,[50.07147011 50.07146209 50.07126277 50.07125367],50.071362160567446,942.0789529305251,1767.000000000006
91.07999999999902,[50.07144672 50.07143734 50.0712097  50.07120242],50.0713240423785,942.0227307617503,1766.9999999999993
91.09999999999901,[50.07141529 50.07140217 50.07115428 50.0711476 ],50.071279837269195,942.5690760332695,1766.9999999999995
91.11999999999901,[50.07137077 50.07135058 50.07109407 50.07108623],50.07122541270166,942.8625281666173,1766.999999999995
91.139999999999,[50.07132069 50.07129238 50.07103245 50.07102271],50.07116705772401,942.8795121373537,1767.0000000000045
91.159999999999,[50.07127186 50.07123634 50.07097258 50.07096114],50.071110476911215,942.6921360075078,1766.9999999999966
91.179999999999,[50.07122321 50.07118103 50.0709142  50.07090112],50.0710548904166,942.7743917755538,1767.0000000000025
91.199999999999,[50.0711711  50.07112202 50.07085568 50.0708406 ],50.07099734967284,942.835692258734,1766.9999999999964
91.21999999999899,[50.07111628 50.07106044 50.07079734 50.07078005],50.07093852640535,942.8614607995131,1767.000000000002
91.23999999999899,[50.07105865 50.07099627 50.07073916 50.07071948],50.0708783862275,942.9257632647046,1766.9999999999961
91.25999999999898,[50.07099789 50.07092925 50.07068095 50.0706587 ],50.07081669704102,942.9713259106109,1766.999999999994
91.27999999999898,[50.07093335 50.07085865 50.07062238 50.07059735],50.070752934680606,943.0800663571337,1767.0000000000027
91.29999999999897,[50.07086881 50.07078946 50.07056501 50.07053753],50.0706902018302,942.8644546237723,1766.9999999999945
91.31999999999897,[50.07080484 50.07072227 50.07050921 50.07047965],50.070628991488455,942.9313373363314,1766.9999999999989
91.33999999999897,[50.07074078 50.0706564  50.07045451 50.07042324],50.07056873452184,942.763992056555,1767.0000000000002
91.35999999999896,[50.07067369 50.07058796 50.07039969 50.07036663],50.07050699191022,943.0364019992337,1766.9999999999984
91.37999999999896,[50.07059913 50.0705115  50.07034246 50.07030707],50.0704400387168,943.1840352096,1766.9999999999943
91.39999999999895,[50.07051594 50.07042559 50.07028221 50.07024379],50.07036688273296,943.5409697722707,1766.999999999998
91.41999999999895,[50.07042645 50.07033338 50.07021965 50.07017786],50.07028933511161,943.5372952720223,1767.0000000000039
91.43999999999895,[50.07033081 50.07023498 50.0701548  50.07010937],50.07020749094469,943.88686981841,1766.9999999999977
91.45999999999894,[50.07022964 50.07013136 50.07008759 50.07003836],50.07012173847953,943.8518449489171,1767.0000000000032
91.47999999999894,[50.07012844 50.07002941 50.07002036 50.0699679 ],50.07003652759347,943.8268602494248,1766.9999999999916
91.49999999999893,[50.07002565 50.06992707 50.06995228 50.06989695],50.06995048918236,943.9077422475773,1767.0
91.51999999999893,[50.06991699 50.06981884 50.06988121 50.06982283],50.069859969265174,944.191561647335,1767.0000000000018
91.53999999999893,[50.06980433 50.06970723 50.06980762 50.06974629],50.069766366011365,944.1558625244584,1766.9999999999995
91.55999999999892,[50.06969045 50.06959559 50.06973262 50.06966877],50.069671857889645,944.2566620723517,1767.0000000000073
91.57999999999892,[50.06956727 50.06947355 50.06965241 50.06958544],50.06956966796909,944.7931615032646,1767.000000000003
91.59999999999891,[50.06943483 50.06934142 50.06956646 50.06949585],50.069459639872754,944.9091201198352,1767.0000000000025
91.61999999999891,[50.06929877 50.06920624 50.06947712 50.06940305],50.06934629456932,945.0656561340959,1767.000000000003
91.6399999999989,[50.06916264 50.06907248 50.06938566 50.0693088 ],50.06923239358732,944.949894684443,1767.0000000000007
91.6599999999989,[50.06902337 50.06893596 50.06929066 50.06921123],50.069115304256506,945.3287820686947,1767.0000000000011
91.6799999999989,[50.06888184 50.06879798 50.06919202 50.06911039],50.06899555907529,945.1695693769677,1767.0000000000036
91.6999999999989,[50.068743   50.06866449 50.06909191 50.06900904],50.06887711126386,945.215527691257,1767.0000000000007
91.71999999999889,[50.06860743 50.06853613 50.06899034 50.06890723],50.06876028160905,945.0298251210703,1767.0000000000043
91.73999999999889,[50.06847343 50.06841038 50.06888652 50.06880387],50.06864354884722,945.2040650423529,1766.9999999999975
91.75999999999888,[50.06833619 50.06828107 50.06877805 50.06869591],50.0685228030637,945.3656014800396,1766.9999999999984
91.77999999999888,[50.06819533 50.06814757 50.06866456 50.06858289],50.06839758508949,945.579425818415,1766.9999999999948
91.79999999999887,[50.0680535  50.06801318 50.06854702 50.06846612],50.06826995483229,945.5682973863717,1766.9999999999939
91.81999999999887,[50.06791484 50.06788292 50.06842725 50.06834786],50.06814321633105,945.5040175642524,1767.0000000000036
91.83999999999887,[50.06777829 50.06775517 50.06830478 50.06822743],50.06801641832964,945.5732033453681,1767.0000000000045
91.85999999999886,[50.06764247 50.06762801 50.0681789  50.06810391],50.067888321941126,945.6136991564282,1766.9999999999993
91.87999999999886,[50.06751314 50.06750865 50.06805213 50.0679805 ],50.06776360707972,945.2886326639128,1767.0000000000045
91.89999999999885,[50.06739011 50.06739636 50.06792464 50.06785721],50.06764208114774,945.3446624816321,1767.0000000000018
91.91999999999885,[50.0672659  50.06728151 50.06779308 50.06772968],50.06751754093479,945.5424823858339,1767.0000000000025
91.93999999999885,[50.06713775 50.06716054 50.06765622 50.06759625],50.06738769075089,945.7924575169785,1767.0
91.95999999999884,[50.06701148 50.06704085 50.06751659 50.0674602 ],50.067257282608374,945.5902841648216,1766.9999999999968
91.97999999999884,[50.06689215 50.06692856 50.06737677 50.06732467],50.06713053874196,945.4838097548513,1767.0000000000068
91.99999999999883,[50.06677847 50.06682188 50.06723637 50.06718903],50.067006437541785,945.3671475040228,1767.0000000000052
92.01999999999883,[50.06666918 50.066719   50.06709508 50.06705272],50.066883992039955,945.3431836109492,1766.9999999999952
92.03999999999883,[50.06655999 50.06661441 50.0669512  50.06691345],50.0667597634868,945.5158650034485,1767.0000000000014
92.05999999999882,[50.0664455  50.06650127 50.06680249 50.06676826],50.06662937786969,945.8605567728114,1767.0000000000086
92.07999999999882,[50.06633111 50.06638668 50.06665136 50.06662028],50.06649735700304,945.6524929741514,1767.0000000000011
92.09999999999881,[50.06621971 50.06627412 50.0664996  50.06647161],50.06636626382546,945.7802902914091,1766.9999999999975
92.11999999999881,[50.06610645 50.06615756 50.06634521 50.06631964],50.066232217523535,945.8989929073937,1766.9999999999936
92.1399999999988,[50.06599246 50.0660386  50.06618893 50.06616527],50.066096313990634,945.9341190746799,1766.9999999999982
92.1599999999988,[50.06587809 50.06591781 50.06603119 50.06600899],50.065959020308156,946.0129265700284,1767.000000000002
92.1799999999988,[50.06576434 50.06579664 50.06587267 50.06585165],50.06582132706096,945.9640633737102,1767.0000000000077
92.1999999999988,[50.06564695 50.06566977 50.06571184 50.06569118],50.06567993406546,946.3202520229288,1767.0000000000018
92.21999999999879,[50.06552314 50.06553411 50.06554752 50.06552612],50.06553272073347,946.4502399505386,1767.000000000006
92.23999999999879,[50.06540027 50.06539928 50.06538319 50.06536097],50.065385926257065,946.2802765957837,1767.0000000000045
92.25999999999878,[50.06528195 50.06527    50.06522085 50.06519824],50.065242762178045,946.1384999237061,1767.0000000000048
92.27999999999878,[50.06516412 50.06514122 50.06505903 50.06503595],50.065100078940766,946.2328557884917,1766.999999999999
92.29999999999878,[50.06504324 50.06500875 50.0648963  50.06487228],50.0649551440888,946.3208156770282,1766.9999999999993
92.31999999999877,[50.06492129 50.06487542 50.06473373 50.06470863],50.06480976461434,946.2624093580214,1767.000000000004
92.33999999999877,[50.06479916 50.0647425  50.06457198 50.06454581],50.06466486004182,946.2721153250433,1767.000000000007
92.35999999999876,[50.06467871 50.0646126  50.06441206 50.06438512],50.06452212001594,946.0706713004005,1767.0000000000016
92.37999999999876,[50.06456223 50.06448868 50.0642553  50.06422822],50.06438360550433,945.9056005708858,1767.0000000000102
92.39999999999876,[50.06444653 50.06436674 50.06410055 50.06407354],50.064246839099994,945.91195408052,1767.0
92.41999999999875,[50.06433145 50.06424675 50.06394786 50.06392115],50.06411179937521,945.7481383081663,1767.0000000000066
92.43999999999875,[50.06421455 50.06412559 50.06379643 50.06376995],50.063976629273945,945.9102310273047,1767.0000000000045
92.45999999999874,[50.06409371 50.06400075 50.06364534 50.06361876],50.06383964041828,945.8887202814321,1766.9999999999975
92.47999999999874,[50.06397452 50.06387941 50.06349724 50.06347097],50.06370553568401,945.6541803762855,1766.9999999999948
92.49999999999874,[50.06385181 50.06375481 50.06335013 50.06332391],50.06357016501407,945.9817622664151,1766.9999999999934
92.51999999999873,[50.06372141 50.06362191 50.06320202 50.06317509],50.06343010768235,946.0361475974713,1767.0000000000061
92.53999999999873,[50.06358616 50.06348434 50.06305429 50.06302628],50.06328776456757,946.161642640489,1766.9999999999977
92.55999999999872,[50.06344592 50.06334195 50.06290686 50.0628774 ],50.0631430321656,946.2251827873265,1767.0000000000032
92.57999999999872,[50.06330153 50.06319583 50.06276013 50.06272898],50.06299661782634,946.2914375114402,1767.0000000000089
92.59999999999872,[50.06315852 50.06305305 50.06261651 50.06258416],50.06285305906387,945.9729287923902,1767.0000000000005
92.61999999999871,[50.06301484 50.06291069 50.06247529 50.06244192],50.06271068630367,946.1794747195538,1766.9999999999945
92.63999999999871,[50.06286695 50.06276441 50.06233467 50.06230004],50.06256651713975,946.1130367876297,1767.0000000000125
92.6599999999987,[50.06271714 50.06261695 50.06219565 50.06215979],50.062422380967114,946.1657365097207,1767.0000000000018
92.6799999999987,[50.06256606 50.06246914 50.06205839 50.06202142],50.06227875099827,946.0600124511891,1767.0000000000018
92.6999999999987,[50.06241513 50.0623226  50.06192349 50.06188567],50.062136720871585,946.0208744424767,1766.9999999999995
92.71999999999869,[50.06225819 50.06216932 50.06178811 50.0617489 ],50.06199113047599,946.3505971553834,1766.9999999999945
92.73999999999869,[50.06209764 50.06201253 50.06165294 50.06161213],50.06184381295059,946.1584232905059,1767.000000000001
92.75999999999868,[50.06193788 50.06185751 50.06151997 50.06147786],50.06169830446815,946.1905738050971,1767.0000000000027
92.77999999999868,[50.06177293 50.06169657 50.06138633 50.06134247],50.06154957667113,946.4230712585108,1766.9999999999966
92.79999999999868,[50.06160364 50.06153082 50.06125207 50.06120611],50.06139815880553,946.4120659947887,1766.9999999999998
92.81999999999867,[50.06143241 50.06136316 50.06111811 50.06106999],50.0612459179451,946.4882220453409,1767.0000000000034
92.83999999999867,[50.06125648 50.06119002 50.06098298 50.06093229],50.0610904401057,946.6818538147018,1766.99999999999
92.85999999999866,[50.0610745  50.06100969 50.06084576 50.06079193],50.06093046972366,946.8653522754893,1767.0
92.87999999999866,[50.06089277 50.06083021 50.06070891 50.06065219],50.06077102075156,946.6379550824049,1766.9999999999943
92.89999999999866,[50.06071157 50.06065164 50.0605725  50.06051317],50.06061221918388,946.8114529720746,1767.0000000000025
92.91999999999865,[50.06053262 50.06047629 50.06043689 50.06037543],50.06045530870401,946.4805853730605,1766.9999999999982
92.93999999999865,[50.06035581 50.06030364 50.06030203 50.06023886],50.06030008445427,946.6716902855873,1767.000000000002
92.95999999999864,[50.06017715 50.06012872 50.06016571 50.06010076],50.06014308667138,946.6337669207786,1767.0000000000027
92.97999999999864,[50.06000068 50.05995655 50.06002955 50.05996323],50.05998750360792,946.5571836645411,1767.0000000000014
92.99999999999864,[50.05982448 50.05978451 50.05989251 50.05982497],50.05983161745432,946.6648941170731,1767.0000000000007
93.01999999999863,[50.05964637 50.05960983 50.05975335 50.05968442],50.05967349284949,946.7526791151646,1767.0000000000102
93.03999999999863,[50.05946358 50.05942893 50.0596106  50.05953978],50.05951072263962,947.0645499860219,1766.999999999997
93.05999999999862,[50.05927746 50.05924365 50.05946449 50.05939148],50.05934427100599,947.0728602535606,1766.9999999999932
93.07999999999862,[50.05909078 50.05905744 50.05931614 50.05924099],50.05917633686735,947.2005560044636,1767.0000000000011
93.09999999999862,[50.05890446 50.05887148 50.05916571 50.05908859],50.05900756269472,947.1559645046867,1767.0000000000007
93.11999999999861,[50.0587225  50.05869078 50.05901487 50.05893646],50.05884114970015,947.0146799415012,1767.000000000002
93.13999999999861,[50.05854271 50.05851243 50.05886258 50.05878326],50.05867524542509,947.1266552099387,1767.0000000000007
93.1599999999986,[50.05836343 50.05833438 50.05870789 50.05862782],50.058508378237875,947.110314707568,1766.9999999999966
93.1799999999986,[50.05818544 50.05815755 50.05855106 50.05847048],50.058341132219255,947.1737399340374,1767.0000000000073
93.1999999999986,[50.05800559 50.05797792 50.05839057 50.05830934],50.05817085426204,947.3817597574321,1767.0000000000073
93.21999999999859,[50.05783042 50.057804   50.05822913 50.05814794],50.058002874264574,946.9970592635793,1766.999999999988
93.23999999999859,[50.05766217 50.05763824 50.05806797 50.05798776],50.05783903401923,947.0495388812185,1766.9999999999948
93.25999999999858,[50.05749426 50.05747236 50.05790407 50.0578249 ],50.05767389778328,947.1232925922092,1767.0000000000073
93.27999999999858,[50.0573286  50.05730878 50.05773823 50.0576604 ],50.057509000402746,947.04692826566,1766.9999999999905
93.29999999999858,[50.05716606 50.05714851 50.05757093 50.05749483],50.05734508174649,947.0584497791031,1767.0000000000052
93.31999999999857,[50.05700762 50.05699279 50.05740263 50.05732876],50.057182950078115,946.9141541804454,1766.9999999999936
93.33999999999857,[50.05685388 50.05684225 50.0572338  50.05716268],50.05702315438749,946.8791937419109,1767.0000000000095
93.35999999999856,[50.05669868 50.05668898 50.05706182 50.05699314],50.05686065512245,947.1595192478551,1766.9999999999945
93.37999999999856,[50.05653757 50.05652745 50.05688467 50.05681758],50.05669181442148,947.431781180712,1766.9999999999984
93.39999999999856,[50.05637919 50.05636885 50.05670618 50.05664096],50.05652379574755,947.1091287325105,1767.0000000000016
93.41999999999855,[50.0562285  50.05621922 50.056529   50.05646651],50.05636080708145,947.0260412960971,1766.9999999999952
93.43999999999855,[50.05608125 50.0560731  50.05635142 50.05629193],50.05619942549303,946.9913124424428,1767.0000000000064
93.45999999999854,[50.05593552 50.05592806 50.05617278 50.05611632],50.05603816845019,947.0327558806898,1767.000000000002
93.47999999999854,[50.05579017 50.0557827  50.05599275 50.05593918],50.05587620027405,947.0682044412625,1766.9999999999984
93.49999999999854,[50.05564618 50.05563828 50.05581197 50.05576126],50.055714422404066,947.033420101006,1766.9999999999989
93.51999999999853,[50.055505   50.05549667 50.05563134 50.05558365],50.055554168218734,946.956039252892,1766.9999999999975
93.53999999999853,[50.05536362 50.05535399 50.05544983 50.05540489],50.055393081174884,947.119224985112,1767.0000000000005
93.55999999999852,[50.0552208  50.05520885 50.05526702 50.05522443],50.05523027392677,947.1165090707259,1767.000000000001
93.57999999999852,[50.05507261 50.05505623 50.05508146 50.05504031],50.05506264981187,947.5402640070583,1767.0000000000025
93.59999999999852,[50.05491471 50.05489097 50.05489123 50.05485012],50.05488675834835,947.8288580612582,1766.9999999999957
93.61999999999851,[50.05475481 50.05472314 50.05469987 50.05465845],50.054709067487,947.7079721205918,1767.0000000000066
93.63999999999851,[50.05459489 50.05455522 50.05450864 50.05446682],50.05453139351843,947.8429184607763,1766.9999999999984
93.6599999999985,[50.0544352  50.05438782 50.05431774 50.05427555],50.05435407862465,947.6929693909785,1766.999999999997
93.6799999999985,[50.05427996 50.05422629 50.05412935 50.05408735],50.054180738869405,947.5223851011849,1767.0000000000036
93.6999999999985,[50.0541272  50.05406816 50.05394287 50.05390137],50.054009898202644,947.495828947233,1767.0000000000002
93.71999999999849,[50.05397275 50.05390826 50.05375659 50.05371539],50.053838249819336,947.6032483080862,1766.9999999999977
93.73999999999849,[50.05381438 50.05374393 50.05356963 50.05352826],50.05366405168837,947.7232566446098,1767.0000000000011
93.75999999999848,[50.05365905 50.05358422 50.05338512 50.05334409],50.05349311832849,947.3405959097415,1767.0000000000027
93.77999999999848,[50.05350591 50.05342785 50.05320316 50.05316278],50.05332492752769,947.5034148790118,1767.0000000000036
93.79999999999848,[50.05334683 50.05326466 50.05302008 50.05297969],50.0531528129418,947.6823944307104,1767.0000000000005
93.81999999999847,[50.0531834  50.05309688 50.05283663 50.05279579],50.052978173513566,947.7275398515811,1767.000000000001
93.83999999999847,[50.05301976 50.05292981 50.05265476 50.05261359],50.05280448024847,947.6140181413735,1767.0000000000011
93.85999999999846,[50.05285455 50.05276169 50.05247406 50.0524325 ],50.05263069775472,947.7460380221521,1766.9999999999961
93.87999999999846,[50.05268211 50.05258541 50.052292   50.0522493 ],50.052452205584714,948.022038791599,1766.9999999999973
93.89999999999846,[50.05250581 50.05240548 50.05210996 50.05206584],50.052271774362374,947.9212562321865,1767.0000000000005
93.91999999999845,[50.05233057 50.05222808 50.05193029 50.05188511],50.0520935119644,947.8510346937744,1767.0000000000005
93.93999999999845,[50.05215806 50.05205532 50.05175375 50.0517081 ],50.0519188066522,947.633132809819,1767.0000000000007
93.95999999999844,[50.05199105 50.05189059 50.05158169 50.05153647],50.051749948150146,947.3695118882796,1766.9999999999989
93.97999999999844,[50.05182837 50.0517322  50.05141368 50.05136961],50.05158596474141,947.2329044120963,1767.0000000000011
93.99999999999844,[50.05166177 50.05156951 50.05124611 50.05120278],50.05142003949329,947.543487789153,1767.0000000000011
94.01999999999843,[50.05148601 50.05139601 50.05107638 50.05103275],50.05124778544857,947.7774997754576,1767.000000000002
94.03999999999843,[50.0513019  50.05121274 50.05090472 50.05085986],50.051069805063996,948.0383978267623,1767.000000000002
94.05999999999842,[50.0511142  50.05102584 50.05073308 50.0506867 ],50.05088995442633,947.9486810535889,1766.9999999999995
94.07999999999842,[50.05092544 50.05083835 50.05056263 50.05051474],50.05071028923227,948.036818384112,1767.0000000000018
94.09999999999842,[50.0507361  50.0506509  50.0503934  50.05034411],50.05053112928508,947.9208786385461,1767.000000000003
94.11999999999841,[50.05054834 50.05046605 50.05022633 50.05017598],50.05035417568051,947.8660169993809,1767.0000000000027
94.13999999999841,[50.05036598 50.05028862 50.05006299 50.0500124 ],50.05018249590372,947.4919891872535,1766.9999999999948
94.1599999999984,[50.05018916 50.05011842 50.04990351 50.04985346],50.050016137988194,947.4327847450629,1766.999999999998
94.1799999999984,[50.05000847 50.04994336 50.04974357 50.04969358],50.04984724474848,947.7211759399714,1767.0000000000025
94.1999999999984,[50.04982641 50.04976678 50.04958392 50.04953384],50.049677736298435,947.5014760696967,1767.0000000000014
94.2199999999984,[50.04964908 50.04959611 50.0494273  50.04937773],50.049512557062,947.373577412568,1767.0000000000027
94.23999999999839,[50.04947843 50.04943371 50.04927449 50.04922623],50.049353216430376,947.0270334536438,1767.0000000000007
94.25999999999839,[50.04931164 50.04927561 50.0491243  50.04907771],50.04919731434634,947.1012660012188,1767.000000000001
94.27999999999838,[50.04914506 50.04911714 50.04897487 50.04892979],50.04904171760646,947.0195098595776,1767.0000000000034
94.29999999999838,[50.0489769  50.04895584 50.04882536 50.04878137],50.0488848677801,947.2256948373607,1766.9999999999995
94.31999999999837,[50.04880422 50.048788   50.04867423 50.04863052],50.048724241452945,947.3578437207244,1767.000000000001
94.33999999999837,[50.04863444 50.04862304 50.04852457 50.04848129],50.048565834619595,947.0599913759547,1767.0000000000011
94.35999999999837,[50.04846928 50.04846287 50.0483773  50.04833476],50.04841105285988,947.0739004721655,1766.9999999999995
94.37999999999836,[50.04830083 50.04829735 50.04822876 50.04818623],50.048253293702736,947.3331129350579,1767.0000000000023
94.39999999999836,[50.04813282 50.04813142 50.04808031 50.04803757],50.04809552994622,947.0978765307983,1766.9999999999957
94.41999999999835,[50.04797177 50.04797316 50.04793495 50.04789258],50.047943116062655,946.90621098622,1766.999999999996
94.43999999999835,[50.04781159 50.04781469 50.04778998 50.04774777],50.04779100823012,947.0961772134099,1767.0000000000036
94.45999999999835,[50.0476513  50.04765494 50.04764471 50.04760232],50.047638316890996,946.9804935776334,1766.9999999999982
94.47999999999834,[50.04749148 50.04749457 50.04749944 50.0474566 ],50.04748552418519,947.1303182814664,1766.9999999999995
94.49999999999834,[50.04732874 50.0473294  50.0473525  50.04730853],50.04732979365549,947.2546064825518,1767.0000000000048
94.51999999999833,[50.04717073 50.04716935 50.04720711 50.04716239],50.04717739703028,946.8769074748049,1766.999999999996
94.53999999999833,[50.04701904 50.04701621 50.04706423 50.04701926],50.0470296846787,946.8871820233607,1767.0000000000002
94.55999999999833,[50.0468669  50.04686148 50.04692071 50.04687517],50.0468810657449,946.9809858727331,1766.9999999999998
94.57999999999832,[50.04670875 50.04669824 50.04677401 50.04672689],50.04672697478889,947.376694116095,1767.000000000001
94.59999999999832,[50.04654633 50.04652907 50.04662462 50.0465752 ],50.046568804371596,947.3546120850267,1767.0000000000005
94.61999999999831,[50.04638398 50.04635953 50.04647451 50.0464227 ],50.046410183461795,947.4451601499044,1766.9999999999964
94.63999999999831,[50.04622398 50.04619273 50.04632462 50.04627065],50.04625299264721,947.2652697970706,1767.000000000002
94.6599999999983,[50.04606241 50.04602366 50.04617333 50.04611696],50.04609408983539,947.6206167064418,1766.9999999999995
94.6799999999983,[50.04589447 50.04584658 50.04601822 50.04595866],50.04592948342034,947.7781687045094,1767.0000000000036
94.6999999999983,[50.0457291  50.04567315 50.04586316 50.04580087],50.04576657102176,947.5110230262624,1767.0000000000025
94.7199999999983,[50.04556913 50.04550686 50.04570961 50.04564541],50.04560775121293,947.4662298167904,1767.0000000000007
94.73999999999829,[50.04541188 50.04534445 50.0455563  50.04549071],50.04545083627217,947.3834311514873,1767.0000000000034
94.75999999999829,[50.04525155 50.04517855 50.04540073 50.04533352],50.045291089909355,947.7377105272027,1766.9999999999984
94.77999999999828,[50.04508738 50.04500856 50.04524228 50.04517321],50.04512785699152,947.7110716391666,1767.0000000000036
94.79999999999828,[50.04492756 50.04484494 50.04508464 50.04501456],50.044967926171196,947.4936045698004,1767.0000000000018
94.81999999999827,[50.04477328 50.04468908 50.0449285  50.04485839],50.04481231094899,947.3812061570117,1767.0000000000025
94.83999999999827,[50.04462167 50.04453734 50.04477264 50.04470309],50.04465868627899,947.3593826519713,1766.9999999999986
94.85999999999827,[50.04447216 50.04438897 50.04461679 50.04454834],50.04450656433389,947.2880369743323,1766.9999999999993
94.87999999999826,[50.04432168 50.04423999 50.04445968 50.04439244],50.04435344638314,947.4766360387307,1767.0
94.89999999999826,[50.04416579 50.04408482 50.04429928 50.04423277],50.04419566481981,947.71478208915,1767.000000000001
94.91999999999825,[50.04400681 50.04392652 50.04413654 50.04407064],50.04403512860839,947.7432205115703,1767.0000000000011
94.93999999999825,[50.04385271 50.04377515 50.04397507 50.04391066],50.04387839863656,947.4287634155288,1767.000000000001
94.95999999999825,[50.0437044  50.04363158 50.04381558 50.04375359],50.04372628923636,947.3878829931823,1767.0000000000011
94.97999999999824,[50.04355795 50.04349071 50.04365635 50.04359716],50.043575543265995,947.3475734944034,1766.9999999999995
94.99999999999824,[50.04341093 50.0433493  50.0434964  50.04344004],50.04342416852871,947.4743548184938,1767.0000000000023
95.01999999999823,[50.04326403 50.04320825 50.04333602 50.0432826 ],50.04327272558511,947.3869913873555,1766.9999999999957
95.03999999999823,[50.04312099 50.0430721  50.04317704 50.04312707],50.04312429973887,947.2535631776448,1767.0000000000016
95.05999999999823,[50.04298359 50.04294293 50.0430204  50.04297459],50.042980376214544,947.040584636771,1767.0000000000027
95.07999999999822,[50.04284852 50.04281623 50.04286487 50.0428234 ],50.04283825414004,947.1340401170584,1767.000000000002
95.09999999999822,[50.04271443 50.04269026 50.04270985 50.04267268],50.042696806357156,947.0159859736997,1767.0000000000011
95.11999999999821,[50.04258285 50.04256675 50.04255624 50.04252347],50.042557326716185,947.0000277917164,1766.9999999999977
95.13999999999821,[50.04245038 50.04244122 50.04240264 50.04237389],50.042417030288874,947.1163970853759,1767.0000000000011
95.1599999999982,[50.04231542 50.04231162 50.0422484  50.04222304],50.042274621291476,947.2097362264572,1766.9999999999995
95.1799999999982,[50.04217786 50.04217774 50.04209357 50.04207092],50.04213002545689,947.3325003331548,1767.0000000000023
95.1999999999982,[50.04203738 50.04203918 50.04193809 50.04191743],50.04198301658138,947.4451066322679,1767.0
95.2199999999982,[50.04189248 50.04189404 50.04178137 50.04176178],50.0418324201879,947.6670368467446,1767.0000000000014
95.23999999999819,[50.04174249 50.04174159 50.0416231  50.04160361],50.0416776947181,947.8257292110641,1766.9999999999998
95.25999999999819,[50.0415841  50.04157771 50.04146187 50.0414411 ],50.04151619557017,948.2708655839518,1767.0000000000027
95.27999999999818,[50.04141941 50.04140541 50.04129842 50.04127534],50.04134964477868,948.285475852813,1766.9999999999995
95.29999999999818,[50.04125276 50.04123029 50.04113482 50.041109  ],50.04118171678865,948.4211866492919,1766.999999999999
95.31999999999817,[50.0410899  50.04105993 50.04097353 50.04094538],50.04101718575244,948.0337671426641,1767.0000000000002
95.33999999999817,[50.04093321 50.04089717 50.0408159  50.04078609],50.04085809093526,947.9967093399795,1767.0000000000014
95.35999999999817,[50.04077903 50.04073756 50.04066023 50.04062901],50.040701458063,947.8594714516967,1766.9999999999961
95.37999999999816,[50.04062276 50.04057526 50.04050455 50.04047158],50.04054353753669,948.1378785805899,1766.9999999999975
95.39999999999816,[50.04046485 50.04041122 50.04034881 50.04031389],50.04038469287532,947.9704939235586,1767.0000000000011
95.41999999999815,[50.04030949 50.04025072 50.04019501 50.04015849],50.04022842467841,947.9536633883998,1767.0000000000045
95.43999999999815,[50.04015243 50.04008848 50.04004123 50.04000294],50.040071269795845,948.0779758052311,1767.000000000001
95.45999999999815,[50.0399939  50.03992494 50.03988745 50.03984729],50.0399133938063,948.0475053906923,1766.9999999999998
95.47999999999814,[50.03983694 50.03976407 50.03973503 50.03969332],50.03975733845881,947.9577171228098,1767.0000000000036
95.49999999999814,[50.03968281 50.03960746 50.03958454 50.03954179],50.039604151546,947.8388381332646,1766.9999999999964
95.51999999999813,[50.03953017 50.03945339 50.03943542 50.03939195],50.039452731485056,947.8416603464057,1767.0
95.53999999999813,[50.03937698 50.03929928 50.03928669 50.03924256],50.03930137552982,947.8663282072226,1767.0000000000018
95.55999999999813,[50.03921873 50.03913941 50.0391363  50.03909101],50.0391463630709,948.182868455686,1767.0000000000016
95.57999999999812,[50.03905404 50.03897224 50.03898342 50.03893633],50.03898650903652,948.3083387251432,1766.9999999999977
95.59999999999812,[50.03888758 50.03880376 50.03883005 50.03878117],50.038825641195885,948.3030550372143,1767.0000000000016
95.61999999999811,[50.0387225  50.03863794 50.03867756 50.0386273 ],50.03866632813906,948.2124287268098,1766.9999999999984
95.63999999999811,[50.03855804 50.03847371 50.03852563 50.03847429],50.03850791826867,948.2620999717417,1766.9999999999993
95.6599999999981,[50.03839434 50.03831127 50.03837419 50.03832212],50.038350480406976,948.165987905522,1766.9999999999995
95.6799999999981,[50.03823477 50.03815482 50.03822473 50.03817268],50.03819674964628,947.9852457542128,1767.0000000000023
95.6999999999981,[50.0380761  50.03800003 50.03807586 50.03802413],50.038044029066114,948.116152997449,1767.0000000000016
95.7199999999981,[50.03792123 50.03785066 50.03792865 50.03787791],50.03789461313944,947.7425215704715,1767.0000000000025
95.73999999999809,[50.03777523 50.03771278 50.03778555 50.03773705],50.03775265190064,947.5231872842425,1767.0000000000011
95.75999999999809,[50.03762804 50.03757333 50.03764215 50.03759576],50.03760981845212,947.8507300184818,1766.9999999999993
95.77999999999808,[50.03747553 50.03742719 50.0374963  50.03745137],50.03746260022149,947.9282473597601,1766.9999999999973
95.79999999999808,[50.03732163 50.0372792  50.03734974 50.03730609],50.03731416639282,947.9893762371621,1766.9999999999977
95.81999999999807,[50.03716898 50.03713265 50.0372036  50.03716137],50.037166651515356,947.8875320950915,1767.0000000000025
95.83999999999807,[50.03701752 50.03698723 50.03705792 50.03701721],50.03701996997057,947.9559670003962,1766.9999999999977
95.85999999999807,[50.03686733 50.03684298 50.03691265 50.03687352],50.03687412025193,947.8546188046619,1767.0000000000023
95.87999999999806,[50.03671712 50.03669806 50.03676729 50.0367296 ],50.03672801532558,948.0146865035289,1766.9999999999952
95.89999999999806,[50.03656734 50.03655309 50.0366219  50.03658556],50.036581972381924,947.8871512726266,1766.9999999999968
95.91999999999805,[50.03641979 50.03641014 50.03647738 50.0364425 ],50.036437450745396,947.9242492288649,1767.0000000000011
95.93999999999805,[50.03627424 50.03626891 50.03633357 50.03630019],50.03629422874253,947.8155998146473,1766.9999999999993
95.95999999999805,[50.03613001 50.03612837 50.03619025 50.03615831],50.0361517352503,947.9007475968359,1767.0000000000084
95.97999999999804,[50.03598222 50.03598233 50.0360452  50.03601397],50.036005928340415,948.1329577163634,1767.0000000000016
95.99999999999804,[50.03583533 50.03583659 50.03590024 50.0358696 ],50.03586044081001,947.912721096259,1766.9999999999998
96.01999999999803,[50.0356905  50.03569243 50.0357561  50.03572605],50.0357162719156,948.0604817808915,1766.9999999999961
96.03999999999803,[50.03554469 50.03554613 50.03561132 50.03558148],50.03557090766044,948.0524105671783,1766.999999999998
96.05999999999803,[50.03539999 50.03540033 50.03546685 50.03543711],50.03542607184539,948.0550573100818,1767.0000000000061
96.07999999999802,[50.03525987 50.03525951 50.03532424 50.03529494],50.03528464136208,947.804645295306,1767.0000000000023
96.09999999999802,[50.03512379 50.03512285 50.03518342 50.03515482],50.03514621834946,947.8402722514345,1766.9999999999998
96.11999999999802,[50.0349916  50.0349903  50.03504427 50.03501661],50.035010694086814,947.5989689368728,1767.000000000001
96.13999999999801,[50.03486302 50.03486136 50.03490686 50.0348803 ],50.03487788565036,947.6494447333523,1767.0000000000007
96.159999999998,[50.0347307  50.03472678 50.03476788 50.03474165],50.034741753289424,947.9170227314869,1767.0000000000027
96.179999999998,[50.0345927  50.03458435 50.03462636 50.0345995 ],50.03460072714376,948.1003972775428,1766.9999999999986
96.199999999998,[50.03445638 50.03444361 50.03448553 50.03445805],50.03446089112618,947.8559134712827,1766.999999999998
96.219999999998,[50.03432403 50.03430737 50.03434665 50.03431887],50.03432422996461,947.871597402975,1767.0000000000027
96.23999999999799,[50.03418772 50.03416565 50.03420621 50.03417744],50.03418425390299,948.1738228165873,1767.0000000000002
96.25999999999799,[50.03405008 50.03402214 50.03406521 50.03403516],50.03404314666375,948.0061555654087,1767.000000000004
96.27999999999798,[50.03391479 50.03388146 50.03392547 50.03389434],50.03390401434833,948.0463868511289,1766.9999999999986
96.29999999999798,[50.03377701 50.03373758 50.03378484 50.03375224],50.03376291781962,948.2105859770961,1767.0000000000011
96.31999999999798,[50.03363732 50.03359149 50.0336435  50.03360918],50.03362037271893,948.2076978209975,1766.9999999999989
96.33999999999797,[50.03349629 50.03344397 50.03350175 50.03346555],50.03347689063123,948.3288098217262,1767.0000000000002
96.35999999999797,[50.03335434 50.03329575 50.03335972 50.03332159],50.033332850526634,948.2942133787778,1766.9999999999995
96.37999999999796,[50.03321672 50.03315362 50.0332198  50.0331804 ],50.033192633020796,948.0461379275798,1767.0000000000025
96.39999999999796,[50.03308561 50.03302023 50.03308308 50.03304335],50.03305806768722,947.8567124881084,1766.9999999999995
96.41999999999796,[50.03295574 50.03288886 50.03294733 50.03290752],50.032924862980096,947.9695698785447,1766.999999999995
96.43999999999795,[50.03282773 50.03276045 50.0328127  50.03277314],50.03279350493294,947.7392381247771,1767.0000000000011
96.45999999999795,[50.0327003  50.03263321 50.03267881 50.03263967],50.03266299809973,947.9354124005696,1766.9999999999952
96.47999999999794,[50.03257224 50.03250575 50.03254497 50.03250627],50.03253230786207,947.7925324037692,1766.9999999999982
96.49999999999794,[50.03245088 50.03238729 50.03241455 50.03237724],50.032407488881404,947.4782547652272,1767.0000000000005
96.51999999999794,[50.03233298 50.03227346 50.03228635 50.03225091],50.0322859249146,947.5549843706654,1767.0000000000025
96.53999999999793,[50.03221553 50.03216045 50.03215893 50.03212542],50.03216508152909,947.4542188343634,1766.999999999998
96.55999999999793,[50.03209991 50.03204988 50.03203303 50.03200167],50.03204612269934,947.4326275349872,1766.9999999999998
96.57999999999792,[50.03198606 50.03194159 50.03190864 50.03187961],50.03192897420471,947.3379925656938,1767.0000000000034
96.59999999999792,[50.0318707  50.03183124 50.03178443 50.03175744],50.03181095157862,947.5423591334447,1767.0000000000005
96.61999999999792,[50.03175158 50.03171599 50.03165928 50.03163375],50.031690152631136,947.6084349695018,1767.0000000000023
96.63999999999791,[50.03163226 50.03160034 50.03153483 50.03151062],50.03156951378293,947.5656527330171,1767.000000000004
96.65999999999791,[50.03151871 50.03149179 50.03141378 50.03139151],50.03145394513686,947.2179592950847,1766.9999999999995
96.6799999999979,[50.0314089  50.03138741 50.03129549 50.03127544],50.03134180830745,947.3124177923476,1767.0
96.6999999999979,[50.03129989 50.03128352 50.03117856 50.03116061],50.03123064434921,947.1719431504121,1766.9999999999973
96.7199999999979,[50.03119482 50.03118395 50.03106449 50.03104889],50.03112303604335,947.0484661231709,1766.9999999999986
96.73999999999789,[50.03109131 50.03108553 50.03095232 50.03093899],50.03101703725958,947.0716209276503,1766.9999999999957
96.75999999999789,[50.03098581 50.03098371 50.03084047 50.03082881],50.03090970003999,947.1965463514022,1766.9999999999995
96.77999999999788,[50.03087785 50.03087792 50.03072868 50.03071805],50.03080062309262,947.2538447333111,1766.9999999999968
96.79999999999788,[50.03076604 50.03076639 50.03061635 50.03060594],50.0306886806145,947.4738922215209,1767.0000000000066
96.81999999999788,[50.0306495  50.03064811 50.03050299 50.03049188],50.03057312208655,947.5950560201376,1766.999999999998
96.83999999999787,[50.03053373 50.0305302  50.030391   50.03037903],50.030458490262866,947.432806272715,1767.0000000000032
96.85999999999787,[50.03042084 50.03041526 50.03028144 50.03026872],50.03034656252503,947.4039861372055,1766.9999999999986
96.87999999999786,[50.03030502 50.03029592 50.03017171 50.03015761],50.03023256723115,947.6437348565116,1766.9999999999998
96.89999999999786,[50.03018766 50.03017421 50.03006222 50.03004634],50.030117608928435,947.5224461041303,1767.000000000001
96.91999999999786,[50.03008052 50.03006516 50.02995824 50.02994173],50.03001141283967,946.9426264518302,1767.000000000001
96.93999999999785,[50.02998325 50.02996797 50.02985992 50.02984382],50.02991373831093,946.8402752877959,1767.000000000002
96.95999999999785,[50.02988637 50.02987066 50.02976297 50.02974708],50.0298167698317,946.9185224089869,1766.9999999999989
96.97999999999784,[50.02978824 50.02977129 50.02966652 50.02965046],50.0297191292893,946.9324624874811,1766.9999999999964
96.99999999999784,[50.02968888 50.02966994 50.02957055 50.02955396],50.02962083598615,947.0092566914403,1767.0000000000027
97.01999999999784,[50.02959294 50.02957268 50.02947703 50.02946017],50.02952570564774,946.7019888393878,1767.0000000000027
97.03999999999783,[50.02950202 50.02948134 50.02938685 50.02937018],50.02943509609693,946.6638472147806,1767.0000000000007
97.05999999999783,[50.02941343 50.02939261 50.02929875 50.02928236],50.02934678745145,946.5435406184957,1766.9999999999998
97.07999999999782,[50.02932578 50.02930466 50.02921215 50.02919596],50.02925963743412,946.6014935382157,1767.0000000000016
97.09999999999782,[50.02923785 50.02921603 50.02912641 50.0291102 ],50.02917262084402,946.5678074603201,1767.000000000006
97.11999999999782,[50.02914803 50.02912469 50.02904083 50.02902417],50.029084432478214,946.735873125679,1766.9999999999968
97.13999999999781,[50.02905848 50.02903355 50.02895622 50.02893899],50.028996807868815,946.5565028957079,1766.9999999999995
97.15999999999781,[50.02897365 50.02894819 50.02887465 50.02885731],50.02891345235247,946.4121892074496,1766.999999999998
97.1799999999978,[50.02888908 50.02886286 50.0287942  50.02877662],50.02883068870097,946.5424520918027,1767.0000000000002
97.1999999999978,[50.02880168 50.0287738  50.02871333 50.028695  ],50.02874595116846,946.6147454374594,1766.9999999999977
97.2199999999978,[50.02871404 50.02868436 50.02863312 50.02861392],50.02866136222963,946.5665617039737,1767.0000000000048
97.23999999999779,[50.02862491 50.02859294 50.02855304 50.02853266],50.028575888205765,946.7260835397345,1766.9999999999945
97.25999999999779,[50.02853141 50.02849602 50.02847165 50.02844946],50.02848713488778,946.8801975168021,1767.0
97.27999999999778,[50.02843643 50.02839743 50.02839011 50.02836591],50.02839747154644,946.8407010568883,1767.0000000000066
97.29999999999778,[50.0283417  50.02829936 50.02830919 50.02828302],50.028308317402384,946.8754094020151,1766.999999999997
97.31999999999778,[50.02824278 50.02819621 50.02822682 50.02819817],50.02821599591231,947.145974400015,1766.9999999999973
97.33999999999777,[50.02814144 50.0280905  50.02814353 50.0281122 ],50.02812191911771,947.0625147960848,1767.0000000000005
97.35999999999777,[50.02803864 50.02798339 50.0280598  50.02802572],50.02802688812373,947.265696797878,1767.0000000000045
97.37999999999776,[50.02793503 50.02787591 50.02797566 50.02793889],50.02793136976638,947.1435028307915,1767.0000000000045
97.39999999999776,[50.0278302  50.02776747 50.02789096 50.02785153],50.0278350395826,947.374001732465,1767.0000000000011
97.41999999999776,[50.0277236  50.02765758 50.02780517 50.02776311],50.02773736569562,947.2972491632997,1767.0000000000039
97.43999999999775,[50.02762092 50.02755344 50.0277208  50.02767686],50.02764300366215,947.135515871381,1767.0000000000018
97.45999999999775,[50.02751891 50.0274508  50.0276364  50.02759093],50.02754925935471,947.2854975965024,1767.000000000004
97.47999999999774,[50.02741816 50.02735056 50.027552   50.02750543],50.02745653549496,947.090187312856,1767.0000000000016
97.49999999999774,[50.02732038 50.0272547  50.0274684  50.02742137],50.027366212111154,947.1235885317266,1766.9999999999973
97.51999999999774,[50.02722345 50.02716053 50.02738453 50.0273374 ],50.0272764779362,947.0809658529535,1767.0000000000052
97.53999999999773,[50.02712839 50.02706922 50.02730078 50.02725402],50.02718810075331,947.0496489826711,1766.999999999999
97.55999999999773,[50.02703571 50.02698138 50.02721733 50.02717145],50.02710146964045,946.9742033997554,1767.0000000000005
97.57999999999772,[50.02694935 50.02690186 50.02713589 50.02709188],50.02701974597491,946.6763288682033,1767.000000000004
97.59999999999772,[50.02686638 50.02682659 50.02705533 50.02701371],50.02694050175834,946.8047648832548,1767.0000000000025
97.61999999999772,[50.02677833 50.02674475 50.02697172 50.02693191],50.02685667556136,947.1020715692174,1767.0000000000039
97.63999999999771,[50.02668904 50.02666135 50.02688658 50.02684847],50.026771358231024,946.9707857311221,1766.9999999999945
97.65999999999771,[50.02660116 50.02657944 50.02680124 50.02676503],50.026686718440125,947.0851880408879,1767.0000000000032
97.6799999999977,[50.02651379 50.02649787 50.02671523 50.02668096],50.026601964534244,947.0207812494389,1767.0000000000018
97.6999999999977,[50.02642776 50.02641749 50.02662898 50.02659678],50.02651775184798,947.079787251357,1766.9999999999995
97.7199999999977,[50.02634333 50.02633858 50.0265426  50.02651257],50.026434267966934,946.9995603555493,1767.000000000003
97.73999999999769,[50.02626165 50.02626244 50.02645667 50.02642904],50.02635244860173,946.9794011078997,1767.0000000000027
97.75999999999769,[50.02617897 50.02618417 50.02636959 50.02634404],50.02626919111596,947.1603437566631,1767.0000000000014
97.77999999999768,[50.02608938 50.02609629 50.02627867 50.02625415],50.02617962312992,947.5509514872953,1766.9999999999964
97.79999999999768,[50.02599081 50.02599633 50.02618285 50.02615802],50.026082002407406,947.8794800436557,1767.0000000000002
97.81999999999768,[50.02588873 50.02589142 50.02608445 50.02605876],50.02598083974051,947.8907411378425,1767.0000000000014
97.83999999999767,[50.02578742 50.02578697 50.02598549 50.02595894],50.02587970733708,947.9182358253192,1767.0
97.85999999999767,[50.02568814 50.02568463 50.02588656 50.02585932],50.02577966351295,947.840108975886,1767.0000000000036
97.87999999999766,[50.02558993 50.02558317 50.02578731 50.02575944],50.02567996155874,947.930007716662,1767.0000000000048
97.89999999999766,[50.02549308 50.02548311 50.02568782 50.02565944],50.025580858838616,947.8299699570822,1766.999999999997
97.91999999999766,[50.02539926 50.02538655 50.02558893 50.02556037],50.025483776627354,947.7995031859327,1767.0000000000016
97.93999999999765,[50.02530987 50.02529534 50.02549129 50.02546306],50.02538989158199,947.5997569363808,1766.9999999999989
97.95999999999765,[50.02522703 50.02521212 50.02539598 50.02536886],50.02530099684113,947.4172509032351,1767.0000000000066
97.97999999999764,[50.02514268 50.02512654 50.02529959 50.02527328],50.02521052298817,947.7700727291989,1766.9999999999977
97.99999999999764,[50.02505556 50.02503732 50.02520133 50.02517541],50.02511740655741,947.6774322738213,1766.9999999999989
98.01999999999764,[50.02497509 50.02495641 50.02510556 50.02508083],50.02502947004094,947.3706136232298,1767.0000000000039
98.03999999999763,[50.02490238 50.02488506 50.02501303 50.02499039],50.0249477149319,947.1923799428172,1767.000000000002
98.05999999999763,[50.02483131 50.02481537 50.02492119 50.02490071],50.0248671448367,947.3055291306994,1766.9999999999945
98.07999999999763,[50.02475758 50.02474199 50.02482811 50.0248093 ],50.02478424549543,947.4231041083984,1767.0000000000036
98.09999999999762,[50.02468318 50.02466753 50.02473471 50.02471737],50.024700698424304,947.394424956087,1767.0000000000016
98.11999999999762,[50.02461203 50.02459697 50.0246429  50.02462728],50.02461979350379,947.2343343991281,1766.9999999999995
98.13999999999761,[50.02454424 50.02453032 50.02455292 50.0245393 ],50.0245416931755,947.191141360092,1767.0
98.15999999999761,[50.02447456 50.02446089 50.02446258 50.02445053],50.024462138307655,947.3893139618629,1767.0000000000005
98.1799999999976,[50.024403   50.02438884 50.02437184 50.02436094],50.02438115627578,947.3437989694422,1766.9999999999957
98.1999999999976,[50.02433065 50.0243155  50.02428138 50.02427136],50.024299722192566,947.4593699092374,1766.9999999999982
98.2199999999976,[50.02425334 50.02423567 50.0241894  50.02417944],50.02421446385867,947.6978543215882,1766.999999999999
98.2399999999976,[50.02417227 50.02415103 50.02409637 50.02408588],50.024126387275864,947.7288715331114,1766.9999999999989
98.25999999999759,[50.02409126 50.0240665  50.02400411 50.02399301],50.02403872273317,947.6949782854182,1766.9999999999977
98.27999999999759,[50.02400963 50.02398122 50.02391243 50.02390056],50.02395095791585,947.7687383098247,1767.0000000000057
98.29999999999758,[50.02392467 50.02389185 50.02382015 50.02380701],50.02386091965802,947.9177492692301,1767.0000000000027
98.31999999999758,[50.02383712 50.02379949 50.02372755 50.02371281],50.02376924210242,947.9381016760403,1766.9999999999952
98.33999999999757,[50.02374351 50.02369976 50.02363315 50.02361605],50.02367311910488,948.3233677632065,1767.000000000001
98.35999999999757,[50.02364226 50.02359098 50.02353605 50.02351569],50.02357124430513,948.4544158644545,1766.9999999999989
98.37999999999757,[50.02353581 50.02347638 50.02343731 50.02341319],50.02346567357773,948.6667029686744,1766.9999999999995
98.39999999999756,[50.0234269  50.02335967 50.02333803 50.02331007],50.02335867020448,948.6074006864129,1766.9999999999982
98.41999999999756,[50.02331447 50.0232395  50.02323781 50.02320582],50.02324939802932,948.8899217935494,1766.9999999999905
98.43999999999755,[50.02320008 50.02311816 50.02313705 50.02310114],50.0231391073491,948.7257145914494,1766.9999999999995
98.45999999999755,[50.02308528 50.02299753 50.02303657 50.02299705],50.023029106356745,948.8976105648809,1767.0000000000011
98.47999999999755,[50.02296777 50.02287492 50.02293511 50.02289205],50.02291746375278,948.8963131244336,1766.9999999999977
98.49999999999754,[50.02284641 50.02274882 50.02283211 50.02278547],50.02280320328103,949.1504378045978,1766.9999999999961
98.51999999999754,[50.02272114 50.0226194  50.02272728 50.02267706],50.02268621965501,949.1585337376274,1766.9999999999975
98.53999999999753,[50.02259723 50.02249335 50.02262288 50.02256981],50.0225708175152,949.0500762547433,1767.0000000000045
98.55999999999753,[50.02247666 50.0223731  50.02251977 50.02246479],50.022458578693865,948.9246398405062,1767.0000000000027
98.57999999999753,[50.0223544  50.0222521  50.02241566 50.02235908],50.022345308890664,949.1692388152748,1766.9999999999989
98.59999999999752,[50.02222736 50.02212651 50.02230889 50.02225061],50.02222834251457,949.2689137447661,1766.9999999999973
98.61999999999752,[50.0221015  50.02200389 50.02220197 50.02214268],50.02211250967418,949.1069468402238,1767.000000000003
98.63999999999751,[50.02198222 50.02189088 50.02209731 50.02203834],50.02200218677672,948.8376372034328,1767.000000000002
98.65999999999751,[50.02186608 50.02178276 50.02199344 50.02193561],50.02189447357621,948.9194056392589,1767.0000000000032
98.6799999999975,[50.02174731 50.02167208 50.02188761 50.02183095],50.02178448912994,949.0614607434301,1767.0000000000016
98.6999999999975,[50.02163089 50.02156511 50.02178186 50.02172701],50.02167621696214,948.8080213829638,1767.0000000000055
98.7199999999975,[50.02151281 50.0214563  50.02167458 50.02162156],50.02156631092868,949.2316052253233,1766.9999999999993
98.7399999999975,[50.02138742 50.02133855 50.02156289 50.02151098],50.02144995949472,949.3845290518427,1767.0000000000027
98.75999999999749,[50.02125865 50.02121669 50.02144848 50.02139745],50.02133031691909,949.5430242021691,1766.999999999994
98.77999999999749,[50.02113117 50.02109659 50.02133332 50.0212835 ],50.02121114394262,949.3796626639469,1767.000000000001
98.79999999999748,[50.02101008 50.02098442 50.02121977 50.0211721 ],50.02109659262575,949.1881202942027,1767.0000000000018
98.81999999999748,[50.0208892  50.02087196 50.02110519 50.02105969],50.02098151148786,949.4583106008146,1766.9999999999948
98.83999999999747,[50.02076252 50.02075161 50.02098668 50.02094259],50.020860850350914,949.692782321718,1766.9999999999982
98.85999999999747,[50.02063834 50.02063394 50.02086779 50.02082541],50.020741370307384,949.3939743107319,1766.9999999999975
98.87999999999747,[50.02052237 50.02052583 50.02075129 50.02071157],50.020627764795925,949.232412303678,1766.9999999999984
98.89999999999746,[50.02040698 50.02041734 50.02063388 50.02059671],50.020513729112594,949.4642045705938,1766.9999999999957
98.91999999999746,[50.02029646 50.02031405 50.02051727 50.02048309],50.0204027172921,949.0119298530125,1767.0000000000011
98.93999999999745,[50.02019575 50.02022177 50.02040403 50.02037378],50.0202988310726,948.8970442017546,1766.9999999999948
98.95999999999745,[50.02009877 50.02013264 50.02029149 50.0202653 ],50.02019705079522,948.8670131228674,1767.0000000000002
98.97999999999745,[50.02000458 50.02004538 50.02017931 50.02015709],50.02009658820499,948.8181714858081,1767.0000000000011
98.99999999999744,[50.01991196 50.01995832 50.02006706 50.02004854],50.01999647136135,948.8696639076179,1766.9999999999973
99.01999999999744,[50.01981653 50.01986586 50.0199529  50.0199372 ],50.0198931218264,949.122181833431,1766.9999999999989
99.03999999999743,[50.01971518 50.01976415 50.01983542 50.01982125],50.019784001667304,949.3878748773529,1766.9999999999964
99.05999999999743,[50.01961337 50.01966033 50.01971705 50.01970388],50.01967365588583,949.2579543226375,1766.9999999999995
99.07999999999743,[50.01951091 50.01955404 50.019598   50.01958524],50.01956204844948,949.5262711863055,1766.9999999999945
99.09999999999742,[50.01941038 50.0194489  50.01947932 50.01946679],50.01945134842361,949.2138525986832,1766.9999999999948
99.11999999999742,[50.01931579 50.01934988 50.01936319 50.01935119],50.01934501284835,949.1899688867975,1767.0000000000027
99.13999999999741,[50.01921994 50.01924792 50.01924649 50.01923441],50.019237188844876,949.37008029449,1766.9999999999968
99.15999999999741,[50.01912211 50.01914241 50.01912889 50.01911609],50.01912737329252,949.3885674225054,1766.9999999999961
99.1799999999974,[50.01902467 50.01903655 50.01901159 50.01899776],50.0190176437773,949.3933645695881,1766.9999999999989
99.1999999999974,[50.01892936 50.01893271 50.01889547 50.01888059],50.01890953016804,949.282580586625,1767.0000000000005
99.2199999999974,[50.01883742 50.01883262 50.01878126 50.0187655 ],50.01880419904583,949.1884290886978,1766.9999999999968
99.2399999999974,[50.01874939 50.01873711 50.01866933 50.01865297],50.01870220151622,949.0305180687716,1767.000000000002
99.25999999999739,[50.01866523 50.01864623 50.01855987 50.0185432 ],50.01860363356674,948.9274408518766,1767.0
99.27999999999739,[50.0185865  50.01856208 50.01845368 50.01843721],50.01850986846089,948.6530817961557,1766.9999999999993
99.29999999999738,[50.01851224 50.01848346 50.01835061 50.01833474],50.01842026145913,948.6032337941323,1766.9999999999948
99.31999999999738,[50.01844259 50.01841069 50.01825078 50.01823595],50.01833500226647,948.3122395665721,1767.0000000000039
99.33999999999737,[50.01837983 50.01834661 50.0181555  50.01814241],50.01825608958574,948.0929164290851,1767.0000000000027
99.35999999999737,[50.01831915 50.01828506 50.01806284 50.01805157],50.018179655254244,948.1268563314261,1767.0000000000018
99.37999999999737,[50.01826313 50.01822949 50.01797397 50.01796494],50.01810788143635,947.7233153600815,1767.0000000000011
99.39999999999736,[50.01821409 50.01818262 50.01789032 50.01788421],50.018042810373814,947.5839917697459,1766.9999999999961
99.41999999999736,[50.01816246 50.01813222 50.01780781 50.01780402],50.01797662646223,947.8382457230427,1766.9999999999993
99.43999999999735,[50.01810661 50.01807643 50.01772563 50.01772338],50.01790801146464,947.8103265704849,1766.9999999999995
99.45999999999735,[50.01804962 50.01801916 50.01764534 50.01764427],50.017839599422054,947.8425878288434,1766.9999999999995
99.47999999999735,[50.01798779 50.0179557  50.01756541 50.01756467],50.01776839430575,948.0671321333924,1766.9999999999993
99.49999999999734,[50.01792252 50.01788803 50.01748642 50.01748539],50.01769558581828,947.9996695180091,1767.0000000000025
99.51999999999734,[50.01785633 50.01781932 50.01740963 50.01740804],50.017623332000994,948.0423611056688,1766.9999999999957
99.53999999999733,[50.01778635 50.01774597 50.01733381 50.01733103],50.017549292284656,948.1722367504211,1766.999999999997
99.55999999999733,[50.01771153 50.0176668  50.01725844 50.01725375],50.0174726295394,948.2858665602811,1767.0000000000014
99.57999999999733,[50.01763425 50.01758497 50.01718451 50.01717756],50.01739532024813,948.2496598515154,1766.9999999999984
99.59999999999732,[50.01755336 50.017499   50.01711154 50.01710185],50.017316436122954,948.4416548037259,1766.9999999999995
99.61999999999732,[50.01747206 50.01741325 50.01704076 50.01702832],50.01723859778038,948.1852697041782,1767.000000000001
99.63999999999731,[50.01739009 50.0173272  50.01697218 50.01695698],50.01716161256771,948.3932513305964,1767.0000000000005
99.65999999999731,[50.01730382 50.01723651 50.01690391 50.0168855 ],50.01708243638977,948.393992894379,1766.9999999999952
99.6799999999973,[50.01722037 50.0171503  50.01683901 50.01681792],50.01700690132843,948.1109980682662,1766.9999999999948
99.6999999999973,[50.01714215 50.01707148 50.01677859 50.01675564],50.01693696576249,947.9464505385408,1766.999999999999
99.7199999999973,[50.01706689 50.01699714 50.01672154 50.01669726],50.01687071075803,947.8250094353281,1766.999999999995
99.7399999999973,[50.01699193 50.01692381 50.01666656 50.01664113],50.01680585749237,947.8525313204582,1767.0000000000005
99.75999999999729,[50.01691708 50.0168513  50.01661337 50.01658694],50.01674217486833,947.7510395327198,1767.0000000000025
99.77999999999729,[50.01684224 50.01677936 50.01656182 50.01653452],50.01667948555036,947.7938227016195,1767.0000000000055
99.79999999999728,[50.01676427 50.01670396 50.01651032 50.01648187],50.01661510446726,947.9192198984988,1766.9999999999966
99.81999999999728,[50.01668529 50.01662784 50.01645956 50.01642998],50.01655066978681,947.8249157037911,1767.0000000000027
99.83999999999727,[50.01660849 50.01655493 50.01641089 50.01638058],50.0164887226334,947.7367145441676,1767.0000000000011
99.85999999999727,[50.01653086 50.01648122 50.01636283 50.01633178],50.01642667343682,947.8610465987521,1766.9999999999995
99.87999999999727,[50.0164521  50.01640638 50.01631499 50.01628314],50.01636415222205,947.8049479365849,1766.9999999999955
99.89999999999726,[50.01636915 50.01632633 50.0162659  50.01623279],50.01629854241334,948.1503912519481,1767.0000000000018
99.91999999999726,[50.01627848 50.01623674 50.0162136  50.01617834],50.01622679023,948.3530974405079,1766.9999999999927
99.93999999999726,[50.0161877  50.01614734 50.0161612  50.01612391],50.016155035333675,948.1825976908074,1767.0000000000043
99.95999999999725,[50.01609711 50.01605828 50.01610883 50.01606964],50.01608346574939,948.3699187610731,1767.000000000004
99.97999999999725,[50.01600974 50.01597355 50.01605745 50.01601693],50.016014416044534,948.0037526226066,1767.0000000000052
99.99999999999724,[50.01592688 50.01589443 50.01600774 50.01596654],50.01594889827488,948.1057033547161,1766.9999999999977
100.01999999999724,[50.01584704 50.01581911 50.01595869 50.01591729],50.01588553275249,947.8564443900019,1767.000000000001
