frequency_rad,magnitude
0.0,2.9585145958787716e-14
0.06281928921395308,0.3498971434114723
0.12563857842790616,0.16599307276043304
0.18845786764185923,0.07208945068315906
0.2512771568558123,0.04387905751627924
0.31409644606976544,0.012287985451650623
0.37691573528371847,0.03479083899929169
0.43973502449767154,0.015183414686426575
0.5025543137116246,0.015416727426311363
0.5653736029255777,0.02899583330227462
0.6281928921395309,0.015623107544633997
0.6910121813534839,0.022846712876114752
0.7538314705674369,0.02738813918823691
0.81665075978139,0.01842313644183691
0.8794700489953431,0.009595779119367034
0.9422893382092962,0.009878252450487542
1.0051086274232492,0.016301586055402575
1.0679279166372024,0.013893559790157361
1.1307472058511554,0.01182265936936722
1.1935664950651086,0.0053147206978581794
1.2563857842790618,0.010794236699230884
1.3192050734930145,0.013349872303020567
1.3820243627069677,0.0042441680456296125
1.444843651920921,0.010632130963268581
1.5076629411348739,0.01548572720864729
1.570482230348827,0.005956743244442758
1.63330151956278,0.0043397521279837595
1.6961208087767332,0.001935764966377906
1.7589400979906862,0.009872872033851105
1.8217593872046394,0.0016652032661374522
1.8845786764185923,0.004478077821192761
1.9473979656325455,0.004015172760333888
2.0102172548464985,0.006557145460468793
2.0730365440604515,0.0055731178368204504
2.135855833274405,0.004182247563995947
2.198675122488358,0.005886830664297577
2.261494411702311,0.004360657566074785
2.3243137009162638,0.008588354325471536
2.387132990130217,0.008163589963482437
2.44995227934417,0.0047303218436738365
2.5127715685581236,0.002553894710749819
2.575590857772076,0.002865673995534182
2.638410146986029,0.005803616553874156
2.7012294361999825,0.007722170519964603
2.7640487254139354,0.006059038813160533
2.826868014627889,0.005148451203673273
2.889687303841842,0.003058675177415797
2.9525065930557948,0.008173620018724745
3.0153258822697477,0.0025492494538308192
3.0781451714837007,0.004679080620921112
3.140964460697654,0.006414276112421436
3.203783749911607,0.005090698585378667
3.26660303912556,0.007442443289875753
3.329422328339513,0.0031623208885471718
3.3922416175534664,0.004793551848406521
3.45506090676742,0.0057784633732720254
3.5178801959813724,0.0037723662392573237
3.5806994851953253,0.005747762641141021
3.6435187744092787,0.004151149445132363
3.7063380636232313,0.0026113088378473164
3.7691573528371847,0.005715606803180332
3.831976642051138,0.00408783060756169
3.894795931265091,0.0035657811420286714
3.9576152204790436,0.0034328670937611512
4.020434509692997,0.0034893133751763253
4.08325379890695,0.0020211542483459894
4.146073088120903,0.0036597017546165455
4.208892377334856,0.003089265977650277
4.27171166654881,0.0040518040669067674
4.334530955762763,0.0033949588680235675
4.397350244976716,0.0028645236607935127
4.460169534190668,0.0029621130405823003
4.522988823404622,0.003972109148056845
4.585808112618574,0.0030073349327273693
4.6486274018325275,0.0033109972924672128
4.711446691046481,0.0012812448766308267
4.774265980260434,0.002067766679002605
4.837085269474387,0.0032658694473045088
4.89990455868834,0.0017099722581783896
4.962723847902294,0.0033654374755369824
5.025543137116247,0.003838371643054565
5.0883624263302,0.0008204220110846727
5.151181715544152,0.0036431831178903667
5.214001004758106,0.00279567233305269
5.276820293972058,0.0025680278771240185
5.3396395831860115,0.0014299089542326902
5.402458872399965,0.001474671498048191
5.465278161613918,0.001581175743038928
5.528097450827871,0.000945277917358
5.590916740041824,0.002159921009116154
5.653736029255778,0.001960476770261039
5.71655531846973,0.002728953192658324
5.779374607683684,0.0023661201490065616
5.842193896897636,0.0031992970932858246
5.9050131861115895,0.0032414214108991363
5.967832475325542,0.000633162374727265
6.0306517645394955,0.002272782679053831
6.093471053753449,0.0013672211569490348
6.156290342967401,0.0019212084166267184
6.219109632181355,0.0016983794611512952
6.281928921395308,0.0015412273750377396
6.344748210609262,0.002451270369225317
6.407567499823214,0.001562794634245857
6.470386789037168,0.001961038334617617
6.53320607825112,0.000661450575046146
6.596025367465073,0.0021013092803049763
6.658844656679026,0.00220185953845987
6.721663945892979,0.002051594091313502
6.784483235106933,0.0018744356125431527
6.847302524320886,0.0008380868006644536
6.91012181353484,0.0016114734849613159
6.972941102748791,0.0019386823370481552
7.035760391962745,0.0017985265890001643
7.098579681176698,0.0021364670323363436
7.161398970390651,0.001521823420724119
7.224218259604604,0.0012296473510251666
7.2870375488185575,0.00208186845822734
7.349856838032511,0.0010074785320717471
7.4126761272464625,0.001441715164876905
7.475495416460416,0.0006645820013930575
7.538314705674369,0.001627494767450772
7.601133994888323,0.0022432038596344344
7.663953284102276,0.001082278044514316
7.72677257331623,0.0021974975573472557
7.789591862530182,0.0024711532430315188
7.852411151744135,0.0019994126836636963
7.915230440958087,0.0002817773207384685
7.9780497301720406,0.0010048697860239215
8.040869019385994,0.0018892430267032619
8.103688308599947,0.002794907529951457
8.1665075978139,0.0017762167099264266
8.229326887027854,0.001442021462444545
8.292146176241806,0.0008047338088028098
8.35496546545576,0.0011854389473613994
8.417784754669713,0.0007751279669131197
8.480604043883666,0.0017872590457078423
8.54342333309762,0.0009837001908578878
8.606242622311573,0.0011105611860435336
8.669061911525526,0.00222462533601367
8.731881200739478,0.0012220288954317782
8.794700489953431,0.0015927834245173856
8.857519779167385,0.0008972561428145311
8.920339068381336,0.0016709362146652628
8.98315835759529,0.0013016523256120793
9.045977646809243,0.0011319306955800473
9.108796936023197,0.001986414802959
9.171616225237148,0.0005497804241978302
9.234435514451102,0.0008003080161190199
9.297254803665055,0.002826598786641136
9.360074092879008,0.0006906430019455277
9.422893382092962,0.00236696538786595
9.485712671306915,0.001132228565027846
9.548531960520869,0.002131655846163094
9.61135124973482,0.0006845256423691301
9.674170538948774,0.0010289804735599383
9.736989828162727,0.0010142077445427988
9.79980911737668,0.000639734242955576
9.862628406590634,0.000625335255147618
9.925447695804587,0.001519667667151703
9.98826698501854,0.0012305780124003403
10.051086274232494,0.0016304709881833994
10.113905563446446,0.0012077324954850263
10.1767248526604,0.0011894107253507165
10.239544141874351,0.001527767689462229
10.302363431088304,0.0009263026906776529
10.365182720302258,0.0021017337338935065
10.428002009516211,0.0008349502237719808
10.490821298730165,0.0014655190734573402
10.553640587944116,0.0009495492097149959
10.61645987715807,0.0012153124318134937
10.679279166372023,0.0009562055643730029
10.742098455585976,0.0018304064219976902
10.80491774479993,0.0013644743200284391
10.867737034013883,0.0005415061934369261
10.930556323227837,0.0009431788156363296
10.993375612441788,0.001231912819128698
11.056194901655742,0.0012030592598174013
11.119014190869695,0.001136569575116399
11.181833480083649,0.0017930851135283478
11.244652769297602,0.0021657424895299266
11.307472058511555,0.0012386646543980605
11.370291347725509,0.0011729855339580124
11.43311063693946,0.0010905707672747512
11.495929926153414,0.0013632588083646886
11.558749215367367,0.00098766715502419
11.621568504581319,0.0013584604279908304
11.684387793795272,0.0012178726697922558
11.747207083009226,0.0009660947796503298
11.810026372223179,0.0011663906411263974
11.87284566143713,0.0010353222403931162
11.935664950651084,0.0017200414694038264
11.998484239865038,0.0008400724569146354
12.061303529078991,0.0008891090347786328
12.124122818292944,0.000823059051651248
12.186942107506898,0.000458926542048458
12.249761396720851,0.0011528306550123023
12.312580685934803,0.0003313771818636566
12.375399975148756,0.0007684247275171175
12.43821926436271,0.0009574859094418353
12.501038553576663,0.00046784210857878485
12.563857842790616,0.0003631935314205694
12.62667713200457,0.0007882128357340974
12.689496421218523,0.0015447170202320744
12.752315710432477,0.0004896944502868158
12.815134999646428,0.0010197969354535528
12.877954288860382,0.00154515942424106
12.940773578074335,0.0007704534094609013
13.003592867288287,0.000994682801883057
13.06641215650224,0.001252829249725284
13.129231445716192,0.0009111040742854388
13.192050734930145,0.0009284454802942657
13.254870024144099,0.0009611044846401162
13.317689313358052,0.0013771173961516147
13.380508602572005,0.00046951872500067287
13.443327891785959,0.0011087689740256939
13.506147180999912,0.0008918758081917358
13.568966470213866,0.0012097335364147286
13.63178575942782,0.0008572229264707545
13.694605048641773,0.0013540537439417873
13.757424337855726,0.0009119883033610554
13.82024362706968,0.00024979127014084055
13.88306291628363,0.001401302858763101
13.945882205497583,0.0008478711632647812
14.008701494711536,0.0015995510747320457
14.07152078392549,0.0009438143930313259
14.134340073139443,0.0011785294515531965
14.197159362353396,0.0014640488597042515
14.25997865156735,0.000711704392004809
14.322797940781301,0.0015381762781964841
14.385617229995255,0.0008830331341296449
14.448436519209208,0.0006518233546048485
14.511255808423162,0.0006457762025801562
14.574075097637115,0.0007652093276444745
14.636894386851068,0.0009817334278147316
14.699713676065022,0.00042311022729720724
14.762532965278972,0.0011173808909705502
14.825352254492925,0.0009851083126856388
14.888171543706878,0.0010261180732859822
14.950990832920832,0.00028078992595039783
15.013810122134785,0.001368492017711219
15.076629411348739,0.0009539557954642221
15.139448700562692,0.0007687147589986789
15.202267989776646,0.0003451877758390665
15.265087278990599,0.0013706768368761
15.327906568204552,0.0003034301506857592
15.390725857418506,0.0014234327470553023
15.45354514663246,0.0005552362819216305
15.51636443584641,0.0006882975458457164
15.579183725060364,0.0008568222633179975
15.642003014274316,0.001019581661518856
15.70482230348827,0.0004456915441903829
15.767641592702223,0.0008257214881588865
15.830460881916174,0.0007949192734523622
15.893280171130128,0.0006149259139031552
15.956099460344081,0.0008290716854305265
16.018918749558036,0.000708934599114681
16.081738038771988,0.0008513117167523526
16.144557327985943,0.0009851331716027043
16.207376617199895,0.0009364134847438089
16.270195906413846,0.00045200537260322096
16.3330151956278,0.0014049825099541064
16.395834484841753,0.0008386323708909223
16.45865377405571,0.000488477615100235
16.52147306326966,0.0007082543591102163
16.58429235248361,0.0005423713762531896
16.647111641697563,0.000906702057217194
16.70993093091152,0.0010441656359510849
16.77275022012547,0.0008317593298303344
16.835569509339425,0.0007182255148408259
16.898388798553377,0.0006535981231281715
16.961208087767332,0.0007643620699020374
17.024027376981284,0.00042226525901943693
17.08684666619524,0.00027419013609464917
17.14966595540919,0.000465340609811382
17.212485244623146,0.0007614370990118639
17.275304533837097,0.0008511195035353173
17.338123823051053,0.0010263501394908643
17.400943112265004,0.0004034985897686528
17.463762401478956,0.0007036699210638795
17.526581690692908,0.0006655230373597196
17.589400979906863,0.0006343897162126299
17.652220269120814,0.0006974881275215217
17.71503955833477,0.00038219382737361983
17.77785884754872,0.0006659119202890592
17.840678136762673,0.000770728653122237
17.903497425976628,0.000489171595925981
17.96631671519058,0.0008795875881940656
18.029136004404535,0.0006030847314742824
18.091955293618486,0.0007365652945293338
18.15477458283244,0.0002474310153218218
18.217593872046393,0.0006192172580936007
18.28041316126035,0.0005502289672837581
18.343232450474297,0.0010182704275932461
18.40605173968825,0.0007887482892247985
18.468871028902203,0.00035085278044757855
18.53169031811616,0.0009246232947191388
18.59450960733011,0.0009141887654299825
18.657328896544065,0.0005789775817768072
18.720148185758017,0.00045554278886693946
18.782967474971972,0.0008584540657001606
18.845786764185924,0.0006764049848328249
18.90860605339988,0.0007599870179432008
18.97142534261383,0.0006086364431001253
19.034244631827782,0.0007848536313371068
19.097063921041737,0.000691152296226163
19.15988321025569,0.0004962381434528357
19.22270249946964,0.00013513768062837808
19.285521788683596,0.0005985573129174232
19.348341077897548,0.0007710177566967408
19.4111603671115,0.0011151616387239539
19.473979656325454,0.0008921198567323014
19.536798945539406,0.00046660406242743813
19.59961823475336,0.0007029209355681544
19.662437523967313,0.0002979224482854219
19.725256813181268,0.0010673162364665352
19.78807610239522,0.0005995303124091639
19.850895391609175,0.0007035719222764979
19.913714680823126,0.0010477175433982616
19.97653397003708,0.0005145128896046597
20.039353259251033,0.0010131349355433754
20.10217254846499,0.00038548868528730864
20.164991837678937,0.0004946296491998747
20.22781112689289,0.0007172706458667959
20.290630416106843,0.00037498834076954093
20.3534497053208,0.0005307567339872132
20.41626899453475,0.0009360113747757893
20.479088283748702,0.0009900735150979048
20.541907572962657,0.0010360045312544197
20.60472686217661,0.0005397737061902777
20.667546151390564,0.00014570049995867113
20.730365440604515,0.0006829362151125938
20.79318472981847,0.0004868733015020209
20.856004019032422,0.0004613459889320989
20.918823308246377,0.0005206120973582427
20.98164259746033,0.0007235893718518345
21.04446188667428,0.0009554698730805967
21.107281175888232,0.0002546500974859896
21.170100465102188,0.0003195845654958024
21.23291975431614,0.00037883074294439457
21.295739043530094,0.0008025334783746087
21.358558332744046,0.0004998726756759755
21.421377621958,0.0009535302012274749
21.484196911171953,0.00013723422893499698
21.547016200385908,0.0005106830961674738
21.60983548959986,0.0002768810727231122
21.67265477881381,0.0010842282418144506
21.735474068027766,0.0006139405310592445
21.798293357241718,0.0004662041078215869
21.861112646455673,0.00020087853837480704
21.923931935669625,0.0007410564245751513
21.986751224883577,0.0007214414330001943
22.049570514097528,0.0007662662599923881
22.112389803311483,0.0005014013265522852
22.175209092525435,0.0008939620768843092
22.23802838173939,0.00035965416073806543
22.300847670953342,0.0005904705062156895
22.363666960167297,0.00029078719114667713
22.42648624938125,0.00040096223614817105
22.489305538595204,0.00043131725705802625
22.552124827809156,0.0007334490417951043
22.61494411702311,0.00011225061849799593
22.677763406237062,0.0003706401338593215
22.740582695451018,0.0008130617079368367
22.803401984664966,0.0006661209529113748
22.86622127387892,0.00043616265665879345
22.929040563092872,0.0005910644477044751
22.991859852306828,0.0004639213867937578
23.05467914152078,0.0008161769346659761
23.117498430734734,0.0004785286514080307
23.180317719948686,0.00029025511600985575
23.243137009162638,0.0006565895018050828
23.305956298376593,0.0008200797820827892
23.368775587590545,0.0010942031480856086
23.4315948768045,0.000820675888880894
23.49441416601845,0.00047147462723123553
23.557233455232407,0.0005842202082102235
23.620052744446358,0.0001535863069031935
23.68287203366031,0.00016666699511362688
23.74569132287426,0.0005838866097457088
23.808510612088217,0.0006148094035483163
23.87132990130217,0.0001315059942985279
23.934149190516123,0.00019141137576481485
23.996968479730075,0.0007640233264002184
24.05978776894403,0.0006613959353931457
24.122607058157982,0.0004736261404592493
24.185426347371937,0.0003405451496773524
24.24824563658589,0.0006184245890901155
24.311064925799844,0.0004144365705544837
24.373884215013796,0.0003689282263107206
24.436703504227747,0.00025630086485114463
24.499522793441702,0.00031606394446384036
24.562342082655654,0.000560335127454877
24.625161371869606,0.000684737979791581
24.68798066108356,0.0005524523132294512
24.750799950297512,0.0003139026393570108
24.813619239511464,0.0005221314058815651
24.87643852872542,0.0003439006668059262
24.93925781793937,0.0011234053016880745
25.002077107153326,0.00034238226253971687
25.064896396367278,0.000575904279672567
25.127715685581233,0.0006079385721267464
25.19053497479518,0.0007577415288714453
25.25335426400914,0.0005949619919516251
25.316173553223088,0.00092276494938718
25.378992842437047,0.0006183858091699154
25.441812131650995,0.0002967350230568865
25.504631420864953,0.00034730139023592067
25.5674507100789,0.00034388686164109767
25.630269999292857,0.000478482453968489
25.69308928850681,0.0001617188997594282
25.755908577720763,0.0005739597986933328
25.818727866934715,0.00038382328296566315
25.88154715614867,0.00034435270859553357
25.944366445362622,0.00043198022383535227
26.007185734576574,6.805116970578061e-05
26.07000502379053,0.0008139969463553524
26.13282431300448,0.0008149014040617707
26.195643602218436,0.0002875268769608005
26.258462891432384,0.0005664071155025966
26.321282180646342,0.00024186857737978513
26.38410146986029,0.0005150605755669514
26.44692075907425,0.00040008643762994174
26.509740048288197,0.00033875811153207165
26.572559337502156,0.00039769493192630303
26.635378626716104,0.000335197151295571
26.698197915930063,0.0005323226418047064
26.76101720514401,0.0005714407415855121
26.823836494357963,0.0003520260154085756
26.886655783571918,0.00013369450798431066
26.94947507278587,0.00010838966553356425
27.012294361999825,0.0004766705971048861
27.075113651213776,0.0007291284473224377
27.13793294042773,0.00047943133539998713
27.200752229641683,0.00043429844653727076
27.26357151885564,0.0005426915131144755
27.32639080806959,0.0003132616209070021
27.389210097283545,0.0005464965487356476
27.452029386497493,0.00018599575655016138
27.514848675711452,0.0005923742662652829
27.5776679649254,0.0005756882903143026
27.64048725413936,0.0004620130074535857
27.703306543353307,0.00022284379740872433
27.76612583256726,0.00041036339797260226
27.828945121781214,0.0006915982352882022
27.891764410995165,0.0002676309163019318
27.95458370020912,0.0002099702310023496
28.017402989423072,0.0005094884820803918
28.080222278637027,0.00046691415344547987
28.14304156785098,0.0005944782480005677
28.205860857064934,0.0006971590839092131
28.268680146278886,0.00036214381928643247
28.33149943549284,0.0004233051430622882
28.394318724706793,0.00036896189165220124
28.457138013920748,0.0004916604029002399
28.5199573031347,0.00039141860935251917
28.582776592348655,0.000501326237382435
28.645595881562603,0.0003612754581478709
28.708415170776554,0.00042073942673906487
28.77123445999051,0.00033631059884848635
28.83405374920446,0.00023896740939876535
28.896873038418416,0.0006508998308182943
28.959692327632368,0.00028498138337622905
29.022511616846323,0.0003761825942761573
29.085330906060275,0.0006482095448613514
29.14815019527423,0.0005031301621939074
29.21096948448818,0.0004717259464620845
29.273788773702137,0.000629556396072172
29.33660806291609,0.0002695239803643919
29.399427352130044,0.00034618728243806114
29.462246641343995,0.0002771995954708911
29.525065930557943,0.0007737706630396811
29.587885219771902,0.0007501422368756022
29.65070450898585,0.000256307484372555
29.71352379819981,0.00017932241719640282
29.776343087413757,0.00033122012858247146
29.839162376627712,0.00028330517006925943
29.901981665841664,0.0003965631282925666
29.96480095505562,0.0003246409603034676
30.02762024426957,0.0006927144107119428
30.090439533483526,0.00014688897857506226
30.153258822697477,0.000382838220320839
30.216078111911433,0.00041896752358640087
30.278897401125384,0.0004778553686032659
30.34171669033934,0.0005047872242725171
30.40453597955329,0.00023000538948819826
30.467355268767243,0.00021014733157617184
30.530174557981198,0.00028032250244615424
30.592993847195146,0.00037767422089747744
30.655813136409105,0.0004762259483610852
30.718632425623053,8.75476805357306e-05
30.78145171483701,0.00031721680115453366
30.84427100405096,0.0006940455428541352
30.90709029326492,0.00037953714101538394
30.969909582478866,0.0005938934381523595
31.03272887169282,0.0004804544692155182
31.095548160906773,0.00033357748052474125
31.15836745012073,0.000439142013097577
31.22118673933468,0.000775222866105371
31.28400602854863,0.0005192630741180701
31.346825317762587,0.0006841374334550151
31.40964460697654,0.00032460453973112414
31.472463896190494,0.0002585579035494729
31.535283185404445,0.00012748801705779873
31.5981024746184,0.00020757649302520143
31.66092176383235,0.0007295387707070902
31.723741053046307,0.00019787648346168414
31.786560342260255,0.00028068270093326985
31.849379631474214,0.00034575760509001355
31.912198920688162,0.00010270895187338988
31.97501820990212,0.00044043755762570913
32.03783749911607,0.00023579011881632886
32.10065678833003,0.00028931800642617697
32.163476077543976,0.0002457134837094656
32.226295366757924,0.0001683735932147702
32.289114655971886,0.0005550796068271891
32.351933945185834,0.0004815006749167611
32.41475323439979,0.0005228536827502767
32.47757252361374,0.0003430965348379917
32.54039181282769,0.00039910305855139555
32.60321110204165,0.0005672972585106633
32.6660303912556,0.00011459056676123724
32.72884968046955,0.000278288297635104
32.791668969683506,0.000575358888583153
32.85448825889746,0.0004319187565795191
32.91730754811142,0.000534250975026943
32.980126837325365,0.00014838029740253577
33.04294612653932,0.0006417622117781915
33.105765415753275,0.000383191539012719
33.16858470496722,0.0005611111011279852
33.23140399418118,0.00019050354113206536
33.29422328339513,0.0005499725382127212
33.35704257260909,0.0003330470589907526
33.41986186182304,0.0004957627567610927
33.48268115103699,0.00032144581123315727
33.54550044025094,0.0003612718154452717
33.6083197294649,0.0006712842932140109
33.67113901867885,0.000338434504386921
33.733958307892806,0.0002741195236250901
33.796777597106754,0.00015640942089781306
33.85959688632071,0.00022703004426525452
33.922416175534664,0.0003696194067203334
33.98523546474861,0.0005167395906312644
34.04805475396257,0.00019698412138638446
34.11087404317652,0.0002965442245162226
34.17369333239048,0.0003757341466485551
34.236512621604426,0.0002847930846268856
34.29933191081838,0.000492840139280039
34.36215120003233,0.00042050229535292794
34.42497048924629,0.0004092761996512737
34.48778977846024,0.000511808331512154
34.550609067674195,0.0001781062512618003
34.61342835688814,0.00015546580763552788
34.676247646102105,8.343720983242529e-05
34.73906693531605,0.0003198428378962944
34.80188622453001,0.00043854476418207116
34.86470551374396,0.0004903004258785903
34.92752480295791,0.00026064331594117184
34.99034409217187,0.00045185962988128383
35.053163381385815,0.0002314354103046881
35.11598267059977,0.0007641167857311154
35.178801959813725,0.00027753268799445523
35.24162124902768,0.00035777085029548353
35.30444053824163,0.0004548198434750969
35.367259827455584,0.0004921338405908685
35.43007911666954,0.000326041223803043
35.492898405883494,0.00038653357755585275
35.55571769509744,0.0005007644430285982
35.6185369843114,0.0004764027763578086
35.681356273525346,0.00035035661316365566
35.7441755627393,0.0004601064115351515
35.806994851953256,0.0003393465468418388
35.869814141167204,0.000255877425395744
35.93263343038116,0.00037067255887131924
35.995452719595114,9.345652217068964e-05
36.05827200880907,0.0002557769092172708
36.12109129802302,0.00012985236509347158
36.18391058723697,0.0003407522009563599
36.24672987645093,0.0003035863868471904
36.30954916566488,0.0002144220244737353
36.37236845487883,0.0005746463290383259
36.43518774409279,0.00043649846185118827
36.49800703330674,0.0003878572412161591
36.5608263225207,0.0003846084990310764
36.623645611734645,0.0004828904434634389
36.68646490094859,0.00042305719112734606
36.74928419016255,0.00023766147007068543
36.8121034793765,0.0002832115622521973
36.87492276859046,0.000374623073459412
36.93774205780441,0.0004530715310260508
37.00056134701836,0.00027019480592457346
37.06338063623232,0.0004024245632920479
37.12619992544627,0.00020110747229150287
37.18901921466022,0.00011278535012425379
37.251838503874176,0.0004124531219784914
37.31465779308813,0.00031740221821342427
37.377477082302086,0.00022840768216279153
37.440296371516034,0.00043276199503096023
37.50311566072999,7.297306134347183e-05
37.565934949943944,0.00041391783673914566
37.62875423915789,0.0004333198582948798
37.69157352837185,0.00010426045038844648
37.754392817585796,0.00040692134311287777
37.81721210679976,0.00025867215446301567
37.880031396013706,0.000500754836552344
37.94285068522766,0.0005540245003368408
38.00566997444161,0.0002257810411984271
38.068489263655565,0.0002611762353961559
38.13130855286952,0.00013132176094531086
38.194127842083475,0.00022705585273559892
38.25694713129742,0.00038644934893409627
38.31976642051138,0.0006087004950380418
38.38258570972533,0.00029367356439690784
38.44540499893928,0.00023765309077432875
38.50822428815324,0.00039599580316609044
38.57104357736719,0.0003967938038098615
38.63386286658115,0.0003794516704328113
38.696682155795095,0.00039872699007713737
38.75950144500905,0.0004000820716629174
38.822320734223,0.0005278605081331932
38.88514002343696,0.00033266978888221976
38.94795931265091,0.00021722656776382982
39.010778601864864,0.00021469615430097681
39.07359789107881,0.00013286504630589116
39.13641718029277,0.00019081694546295143
39.19923646950672,0.0004421760269133784
39.26205575872068,0.000416630422586107
39.324875047934626,0.0004802519971332302
39.38769433714858,0.0004905439506015029
39.450513626362536,0.00023980704637462574
39.513332915576484,0.0003715915149016707
39.57615220479044,0.00022926260264245025
39.638971494004394,0.0002282457698511372
39.70179078321835,0.0003002707177859518
39.7646100724323,0.0003087317008234515
39.82742936164625,0.0003425541523086251
39.8902486508602,0.00045066811668235815
39.95306794007416,0.00045714399994936536
40.01588722928811,0.0003299281153253321
40.07870651850207,0.0004583566285246043
40.141525807716015,0.00023927972929529325
40.20434509692998,0.0003107259250850264
40.267164386143925,0.000474665197642176
40.32998367535787,0.000515653040192807
40.39280296457183,0.00027181625251006036
40.45562225378578,0.0002898299348683697
40.51844154299974,0.00028549521187807534
40.58126083221369,0.0002457600695819164
40.64408012142764,0.000259374606761447
40.7068994106416,0.0002933765178554267
40.76971869985555,0.00022181347486087413
40.8325379890695,0.00044002600120922835
40.895357278283456,0.0004280877327372942
40.958176567497404,0.0001165762893956124
41.020995856711366,0.00036341707284411105
41.083815145925314,0.00020445076176962094
41.14663443513926,0.0001647640617840569
41.20945372435322,0.0003117361462486761
41.27227301356717,0.000546734937312401
41.33509230278113,0.00020805441019150462
41.397911591995076,0.00024838983350542176
41.46073088120903,0.00028779624032536073
41.523550170422986,0.0003075212455653976
41.58636945963694,0.0003910271274368386
41.64918874885089,0.00039448091616255874
41.712008038064845,0.0005420424782930153
41.7748273272788,0.0002923749283840823
41.837646616492755,0.0004131775164068656
41.9004659057067,0.00031399481444739554
41.96328519492066,0.0001853558385076491
42.02610448413461,0.0007033249846341229
42.08892377334856,0.00018822837109343048
42.15174306256252,0.00037439718351644645
42.214562351776465,0.0002544326583127507
42.27738164099042,0.0004276776643396358
42.340200930204375,0.00014326037130955283
42.40302021941833,0.000491481353484937
42.46583950863228,0.0004180289809513719
42.528658797846234,0.00034834752253349465
42.59147808706019,0.00038567321885834535
42.654297376274144,0.0004055714553621793
42.71711666548809,0.00035795114154828526
42.77993595470205,0.0004948816197975795
42.842755243916,0.00043230087410417337
42.90557453312995,0.0003304350160095657
42.968393822343906,0.0003360691992205131
43.031213111557854,0.0002536716179316052
43.094032400771816,0.000566347005017928
43.156851689985764,0.00021141490651331457
43.21967097919972,0.00028420689322621766
43.28249026841367,0.0004482721942124959
43.34530955762762,0.00014133536940115688
43.40812884684158,0.0002737444869888639
43.47094813605553,0.0003610553135384055
43.53376742526948,0.0002807303273659511
43.596586714483436,1.1573612723870667e-05
43.65940600369739,0.00024193107635194725
43.72222529291135,0.0002075567322690837
43.785044582125295,0.00037910630450421767
43.84786387133925,0.0004410471662312994
43.910683160553205,0.00035879553561911945
43.97350244976715,0.00021145822732641698
44.03632173898111,0.0003858060749555427
44.099141028195056,0.0004027195403928018
44.16196031740902,0.0002930149256866725
44.22477960662297,0.000370646449796128
44.28759889583692,0.00013261839197118558
44.35041818505087,0.00023767035344918823
44.41323747426483,0.00018858099549550747
44.47605676347878,0.00043244514535629563
44.538876052692736,0.00037976139412690955
44.601695341906684,0.0003031954930512038
44.66451463112064,0.00030931400985392723
44.727333920334594,0.00023369583867456742
44.79015320954854,0.00036168325690660435
44.8529724987625,0.00034881902223836875
44.91579178797645,0.00025840008929814043
44.97861107719041,0.00038981918160885904
45.041430366404356,0.00043090733917872847
45.10424965561831,0.0003790546682824952
45.167068944832266,0.00020042516650332947
45.22988823404622,0.0003884185718656665
45.29270752326017,0.00020673824658177026
45.355526812474125,0.00022035317679612582
45.41834610168807,0.00043434769668251953
45.481165390902035,0.0001999050066578315
45.54398468011598,0.00020621667316255159
45.60680396932993,0.0003517874674705304
45.669623258543886,0.000256208883925315
45.73244254775784,0.0004335781216534341
45.7952618369718,0.00015475565260252225
45.858081126185745,5.18819041531961e-05
45.9209004153997,0.0002499084753713314
45.983719704613655,0.00025866056280527273
46.04653899382761,0.0003028207189846438
46.10935828304156,6.0273960263682505e-05
46.172177572255514,0.00024879866633343537
46.23499686146947,0.0004531240935748051
46.297816150683424,0.000331431455304609
46.36063543989737,0.0001850798004069648
46.42345472911133,0.00044144235706114287
46.486274018325275,0.00033911978968129754
46.54909330753923,0.00034038021670796553
46.611912596753186,0.0002556329453599808
46.674731885967134,0.0003272844573610783
46.73755117518109,6.490460958280466e-05
46.800370464395044,0.00015895388463390154
46.863189753609,0.00038346931754295737
46.92600904282295,0.0002889653669371606
46.9888283320369,0.0003980699004022788
47.05164762125086,0.00033802220726939517
47.11446691046481,0.0005075611214473538
47.17728619967876,0.0004894514807772302
47.240105488892716,0.00030108986750565747
47.30292477810667,0.0004342060414640016
47.36574406732062,0.00021201787024434731
47.428563356534575,0.00034774675377277484
47.49138264574852,0.0002706750195873872
47.55420193496248,0.00012994194221766506
47.61702122417643,0.00028245869800593747
47.67984051339039,0.00016378912226567042
47.74265980260434,0.00017937900985310896
47.80547909181829,0.0005064213095708849
47.86829838103225,0.00012759641166287268
47.9311176702462,0.000496519199847385
47.99393695946015,0.0004054310863753805
48.056756248674105,0.00019145605661243556
48.11957553788806,0.0002963843298197294
48.182394827102016,0.0004067808915687098
48.245214116315964,0.0003323605104407693
48.30803340552991,0.0002579356705581994
48.370852694743874,0.0002802168888678301
48.43367198395782,0.00016931559432056608
48.49649127317178,0.00034642360383019955
48.559310562385726,0.00035074634554692954
48.62212985159969,0.00022809753243768899
48.684949140813636,0.00045142763979820553
48.74776843002759,0.0001982084155261644
48.81058771924154,0.0003864728733731735
48.873407008455494,0.0002128672049681399
48.93622629766945,0.00028769512932796205
48.999045586883405,0.00020741496049352933
49.06186487609735,0.0003421050332700134
49.12468416531131,0.00032016102596547295
49.18750345452526,0.0004766853459112192
49.25032274373921,0.00017104684916252966
49.31314203295317,0.00019121430399103372
49.37596132216712,0.0004043521681684747
49.43878061138108,0.00030141864327421446
49.501599900595025,0.000325964478888149
49.56441918980898,0.00026944682128498073
49.62723847902293,0.00033291651316403595
49.69005776823689,0.00021584347761672613
49.75287705745084,0.00020913883057604706
49.815696346664794,0.00018664103132894324
49.87851563587874,0.0002822089357682422
49.9413349250927,0.0002949572458080193
50.00415421430665,0.00016789683315769443
50.0669735035206,0.000396158788681507
50.129792792734555,0.00018196689276628547
50.19261208194851,0.00021921481076297191
50.255431371162466,0.00027323555773102335
50.318250660376414,0.00040573913449711046
50.38106994959036,0.0001956544339716593
50.443889238804324,0.00026981724964715104
50.50670852801828,0.0002673299329608495
50.56952781723223,0.00021580368084630052
50.632347106446176,0.00014462720612065774
50.69516639566014,0.0003158783708196699
50.75798568487409,0.0003266499949924526
50.82080497408804,0.00021462127339578853
50.88362426330199,0.00037309770110619905
50.946443552515944,0.00028957119967623336
51.00926284172991,0.00021759059267663768
51.072082130943855,0.00019144152818684624
51.1349014201578,0.00033395610521046767
51.19772070937176,0.0002888537099004158
51.26053999858571,0.00027655263067092044
51.32335928779967,0.00041278623041349053
51.38617857701362,0.00025584830755165074
51.448997866227565,0.00023128065639844704
51.51181715544153,0.00013306220597990366
51.57463644465548,0.00045160712724500205
51.63745573386943,0.00016741249534088748
51.70027502308338,0.0002697639823746772
51.76309431229734,0.00016346051002933998
51.825913601511296,0.00018961393880316595
51.888732890725244,0.00035537261971929315
51.95155217993919,0.00039578482506575686
52.01437146915315,0.00028669257049985543
52.07719075836711,0.0002979454013669445
52.14001004758106,0.0002769081173087623
52.202829336795006,0.0004422294779502569
52.26564862600896,0.0002325196516442545
52.328467915222916,0.00015855890942177708
52.39128720443687,0.0003461185528030839
52.45410649365082,0.00027729853709043526
52.51692578286477,0.00018034949728612924
52.57974507207873,0.0003217595305937869
52.642564361292685,0.0002745408089018624
52.70538365050663,0.00014459978205324964
52.76820293972058,0.0003004664905656515
52.831022228934536,0.00028510982916321945
52.8938415181485,0.00014064968106148798
52.95666080736245,0.00012943802796003577
53.019480096576395,0.00020937538748653158
53.08229938579035,0.00032638186218286226
53.14511867500431,0.00017354980336326936
53.20793796421826,0.00020231975750361784
53.27075725343221,0.00022724116100886942
53.33357654264616,0.00015614859733440885
53.396395831860126,0.0003174738299206793
53.459215121074074,0.0001352076002100436
53.52203441028802,0.0005515483825133561
53.58485369950198,0.00021758429885348053
53.647672988715925,4.613009948972457e-05
53.71049227792989,0.0003869239918504523
53.773311567143836,0.000302667969813834
53.836130856357784,0.0001857042670562659
53.89895014557174,0.0001799371715141941
53.9617694347857,0.00011360409528480304
54.02458872399965,0.00024340323207867372
54.0874080132136,0.00015705731361849153
54.15022730242755,0.00013061945508772345
54.213046591641515,0.00039430505490660326
54.27586588085546,0.00036490271922011197
54.33868517006941,0.00017405780849137032
54.401504459283366,0.00010892996282057153
54.46432374849733,0.0003894677095303784
54.52714303771128,0.00036397221185309594
54.589962326925225,0.0001573558248063209
54.65278161613918,0.00030397431675541296
54.71560090535313,0.0002447419144137098
54.77842019456709,0.000332705785130809
54.84123948378104,0.00019197771126674854
54.904058772994986,0.0002735964456041024
54.96687806220894,0.00011535674169288327
55.029697351422904,0.00017769772568402675
55.09251664063685,0.00022866564747905853
55.1553359298508,0.0003547799530137061
55.218155219064755,0.0002778502295385335
55.28097450827872,0.0001957022380313209
55.343793797492665,0.0001541902083301345
55.406613086706614,0.00014689690302828196
55.46943237592057,0.0002751317488435648
55.53225166513452,0.00019583468616629176
55.59507095434848,0.00018335520177535113
55.65789024356243,0.00037522339562852565
55.72070953277638,0.00031916248990465396
55.78352882199033,0.0002124607631987711
55.84634811120429,0.00014024611835100642
55.90916740041824,0.00015787122574890735
55.971986689632196,0.00014081068307778067
56.034805978846144,0.00023312828672265005
56.097625268060106,0.00024007534270911035
56.160444557274054,0.00027224923472226676
56.223263846488,0.00023135980592509502
56.28608313570196,0.0002582796149316556
56.348902424915906,0.00021430601662397142
56.41172171412987,0.00028916902062764926
56.474541003343816,0.0001084630812491846
56.53736029255777,0.00037262638249461186
56.60017958177172,0.0002158587786570995
56.66299887098568,0.00014281557381939824
56.72581816019963,0.00017790219164291052
56.788637449413585,0.0002438063567606089
56.85145673862753,0.00024569983629505474
56.914276027841495,0.00020279848287292493
56.97709531705544,0.00013773280959552224
57.0399146062694,0.00011301017988994007
57.10273389548335,0.000337340244048709
57.16555318469731,0.00028742020561334355
57.22837247391126,0.00031992365361669035
57.291191763125205,8.600227869487238e-06
57.35401105233916,0.0001987704510673478
57.41683034155311,0.0004677346427478021
57.47964963076707,0.00030702347957746055
57.54246891998102,0.00016975564755248226
57.605288209194974,0.0003550128263326275
57.66810749840892,0.00024028073858637532
57.730926787622884,0.00025491077228832114
57.79374607683683,0.00030535885089820583
57.85656536605079,0.0001792074539157402
57.919384655264736,0.0001388175493451188
57.9822039444787,0.0002709776132065581
58.045023233692646,0.00013685176365359517
58.1078425229066,0.00018109884631906567
58.17066181212055,0.0002792506861176953
58.2334811013345,0.0004942080302482823
58.29630039054846,0.00010225209338369968
58.359119679762415,0.00020740280966247344
58.42193896897636,0.0001102168853527714
58.48475825819031,0.00017542074931022958
58.54757754740427,0.0003638433657342021
58.61039683661822,0.0002691476794990799
58.67321612583218,0.00036636040748178083
58.736035415046125,0.00021011744338270344
58.79885470426009,0.0003011928812553317
58.861673993474035,0.00021847844079526894
58.92449328268799,0.0002286182298626355
58.98731257190194,5.741363181830412e-05
59.05013186111589,0.00024019663756004466
59.11295115032985,0.0001771132786691475
59.175770439543804,0.00018165752847390973
59.23858972875775,0.0003370030261111061
59.3014090179717,0.0002215802059831912
59.36422830718566,0.0002388789774922494
59.42704759639962,0.00032311559109066357
59.489866885613566,0.0003166535788203302
59.552686174827514,0.00023225033785019726
59.615505464041476,0.00018639656749005942
59.678324753255424,0.00029845282382139364
59.74114404246938,0.00011992717013512679
59.80396333168333,0.00018813289603278286
59.866782620897276,0.00020429550566099464
59.92960191011124,0.0002793539383357288
59.99242119932519,0.00025806071059383356
60.05524048853914,0.0002713264632090201
60.11805977775309,0.0002982087684769722
60.18087906696705,0.00017076665507425985
60.24369835618101,0.00011623126655031184
60.306517645394955,0.00031382576796606026
60.3693369346089,0.0003574724590420403
60.432156223822865,0.00019057272776456987
60.49497551303682,0.0002952730088031375
60.55779480225077,0.00024642716952583035
60.62061409146472,0.00019560505307629201
60.68343338067868,8.359508421574389e-05
60.74625266989263,0.0001688209658887025
60.80907195910658,0.00025437666149274123
60.87189124832053,0.00028386157111434164
60.934710537534485,0.00028828487032065813
60.99752982674844,0.0002522552981634384
61.060349115962396,0.0002127724736445565
61.123168405176344,0.0002652808102508166
61.18598769439029,0.0003129053938471969
61.248806983604254,0.0003321154113987967
61.31162627281821,0.00015860991481528593
61.37444556203216,0.000247477102659416
61.437264851246105,0.0003412829737097498
61.50008414046007,0.00023749806713719006
61.56290342967402,0.0002305542866843638
61.62572271888797,0.0001271924026248384
61.68854200810192,9.968257930589638e-05
61.751361297315874,0.0003859391362478498
61.81418058652984,0.00022382088601677994
61.876999875743785,0.00020199486113782204
61.93981916495773,0.00038479780785877573
62.00263845417169,0.00036774348857793567
62.06545774338564,0.00021589207504860885
62.1282770325996,0.0001967539049093376
62.191096321813546,0.00027919925147498054
62.253915611027494,0.00014577866222367666
62.31673490024146,0.0001804624210148833
62.37955418945541,0.0003467701024876905
62.44237347866936,0.0002464597864052808
62.50519276788331,0.00019138296691525376
62.56801205709726,2.610205742076023e-06
62.630831346311226,0.00027665072704763827
62.693650635525174,0.0003091551502307843
62.75646992473912,0.00023894627661860527
62.81928921395308,0.0002593107907738768
62.88210850316704,0.0002231575587925835
62.94492779238099,0.0002071806510048241
63.007747081594935,0.00015618419992371533
63.07056637080889,0.00023927138167716518
63.133385660022846,0.0002596418517324845
63.1962049492368,0.00039077076302334197
63.25902423845075,0.0004058102082774185
63.3218435276647,0.00018255877163023487
63.38466281687866,0.00025391018606908943
63.447482106092615,0.0001246683349150539
63.51030139530656,0.0003540219800508349
63.57312068452051,0.00010982825019855573
63.635939973734466,0.00019589633522973122
63.69875926294843,0.0003214445169446332
63.761578552162376,0.0002431787949289449
63.824397841376324,0.00020382756849203877
63.88721713059028,0.00015049953274367116
63.95003641980424,0.00012070052136580451
64.01285570901818,0.0003121328596020545
64.07567499823215,0.00031334750982978766
64.1384942874461,0.00018618710491273286
64.20131357666006,0.0002913110690344323
64.264132865874,0.00013178080649121354
64.32695215508795,0.00032037004188541815
64.3897714443019,0.00023350037368555658
64.45259073351585,0.00012035911351944689
64.51541002272981,0.00021702738748032705
64.57822931194377,0.00031790801165526735
64.64104860115772,0.0003418430779801166
64.70386789037167,0.00021518716195270522
64.76668717958563,0.0002458041727177147
64.82950646879958,0.0002460261640765522
64.89232575801353,0.00019141700038648797
64.95514504722748,0.0002961641724650805
65.01796433644144,0.0001571587616039922
65.08078362565539,0.0003478108227134553
65.14360291486935,0.000162061753136901
65.2064222040833,9.419383005583957e-05
65.26924149329724,0.00019218599117530288
65.3320607825112,7.040916726853581e-05
65.39488007172515,0.0002727948479346335
65.4576993609391,0.0003287956361613875
65.52051865015305,0.00018189365231833282
65.58333793936701,0.0002727986444980641
65.64615722858098,0.0002739984138971278
65.70897651779492,0.00014141398904989394
65.77179580700887,0.00029369331488793076
65.83461509622283,0.0002232655326130182
65.89743438543678,0.00027892215493860754
65.96025367465073,0.00020401121157370607
66.02307296386468,0.00027546489365826794
66.08589225307864,0.00012813635358114252
66.14871154229259,0.00016854688004693536
66.21153083150655,0.0003912180026657294
66.2743501207205,0.0002323514277562687
66.33716940993445,0.00029973479776519653
66.39998869914841,0.00010364316911331631
66.46280798836236,7.729984999893236e-05
66.5256272775763,0.00025373765952793116
66.58844656679025,0.00020504916472408619
66.65126585600422,0.0002160160428632297
66.71408514521818,0.00022241187449750677
66.77690443443213,0.0003743135761576896
66.83972372364607,0.00012385919690669728
66.90254301286004,0.00022780311198871388
66.96536230207398,0.00013134726060282277
67.02818159128793,0.00015990826474287655
67.09100088050188,0.00017890335049079752
67.15382016971584,0.00030722148917611166
67.2166394589298,0.00022240215166348837
67.27945874814375,0.00018763428358699173
67.3422780373577,0.0002072650274303247
67.40509732657165,7.73251247708366e-05
67.46791661578561,0.00031404251150662037
67.53073590499956,0.00014166345081943822
67.59355519421351,0.00026055020101604167
67.65637448342746,0.00030801895144405485
67.71919377264142,0.0003176680656718477
67.78201306185538,0.00018540228625427193
67.84483235106933,0.0003700594099151414
67.90765164028328,9.426386181925398e-05
67.97047092949722,0.00016626878375476791
68.03329021871119,0.0002623257502759746
68.09610950792514,0.00022121437789262348
68.15892879713908,0.0002698064895455621
68.22174808635305,0.00017622519398018208
68.28456737556701,0.00015181908170973257
68.34738666478096,0.00021699465156011348
68.4102059539949,0.00022961008315464047
68.47302524320885,6.659546294869527e-05
68.53584453242281,0.00021477712947343854
68.59866382163676,0.00011227018096611
68.66148311085071,0.0002666090459349139
68.72430240006466,0.0002348058032377483
68.78712168927862,0.00022147369669917372
68.84994097849258,0.00025051347026184683
68.91276026770653,0.0001159734636844291
68.97557955692048,0.00010957233475392347
69.03839884613443,0.00025753464494257636
69.10121813534839,0.00026085665426441376
69.16403742456234,0.00018111320585469898
69.22685671377629,9.372339642722797e-05
69.28967600299025,0.000136937021752212
69.35249529220421,0.00033563061002498567
69.41531458141816,0.0001270718156328807
69.4781338706321,0.00027749231169149044
69.54095315984605,0.0001940674705421062
69.60377244906002,0.00031973967755142765
69.66659173827397,0.00021770217028029202
69.72941102748791,0.00039578740411623053
69.79223031670188,0.00014531247373013664
69.85504960591582,0.00019542990507163434
69.91786889512979,0.00037657804221967597
69.98068818434373,0.00025183426854860907
70.04350747355768,0.00013982531056046024
70.10632676277163,9.393165179598947e-05
70.16914605198559,0.0002512825286557229
70.23196534119954,0.00024692142597595643
70.29478463041349,0.00016289645358887454
70.35760391962745,3.5575047556765963e-05
70.42042320884141,0.0002111685297496623
70.48324249805536,8.69162393118995e-05
70.54606178726931,0.00019621730066277427
70.60888107648326,0.0003125408587310704
70.6717003656972,0.00024785693258622577
70.73451965491117,0.00020513049736676174
70.79733894412512,0.0002071859214803334
70.86015823333908,0.00012306140912736048
70.92297752255303,0.00015130149988455455
70.98579681176699,9.249393007417985e-05
71.04861610098094,0.00017720621960085162
71.11143539019488,0.00018731303985086833
71.17425467940883,0.00011757216436351473
71.2370739686228,0.00024899937452747454
71.29989325783674,0.0001849372271198593
71.36271254705069,0.0002741493560092794
71.42553183626465,0.00020172290245819822
71.4883511254786,0.0003136953548319851
71.55117041469256,0.00010990270475335705
71.61398970390651,0.00018874720879174953
71.67680899312046,8.782076498194645e-05
71.73962828233441,0.00018219799082999118
71.80244757154837,0.00023112827765399906
71.86526686076232,9.213221909756028e-05
71.92808614997628,0.00014111302700136827
71.99090543919023,0.00011515385482054985
72.05372472840419,0.00041257873514712333
72.11654401761814,0.0002503235402244201
72.17936330683209,9.958076166607368e-05
72.24218259604604,0.00021679723898598467
72.30500188526,0.0001971326779560404
72.36782117447395,7.482089689096116e-05
72.4306404636879,0.000188964805324416
72.49345975290186,0.0002943488397372335
72.5562790421158,0.0002326547611988614
72.61909833132977,0.00016232340704054761
72.68191762054371,0.00018750564486360018
72.74473690975766,0.00022949485217083448
72.80755619897161,0.00017311052593861167
72.87037548818557,0.00022133353763892724
72.93319477739952,0.00015109996912373064
72.99601406661348,0.0001969228088116559
73.05883335582743,0.0002359981725169288
73.1216526450414,0.00016998988380750033
73.18447193425534,0.0001234667973935784
73.24729122346929,0.00016832797593169246
73.31011051268324,0.000231396584135001
73.37292980189719,0.00034853667645019917
73.43574909111115,0.0002055541887246118
73.4985683803251,8.554553017533025e-05
73.56138766953906,0.0002786100886630878
73.624206958753,0.00023280617940513127
73.68702624796697,0.00017525893626600222
73.74984553718092,0.00036213081956523686
73.81266482639487,0.0002576728726851915
73.87548411560881,0.00012891298844548617
73.93830340482278,0.00010419387799181622
74.00112269403672,0.00030099887590129135
74.06394198325069,0.00031492074407528213
74.12676127246463,5.522666551743919e-05
74.18958056167858,0.0001754356811131628
74.25239985089254,0.0002552691814075656
74.31521914010649,0.00014687069429932643
74.37803842932044,9.735363369304432e-05
74.44085771853439,0.00010300717582532
74.50367700774835,0.0002287288482612049
74.56649629696231,0.00012897408674080783
74.62931558617626,0.00022035412380263134
74.69213487539021,0.00024054846298771063
74.75495416460417,0.00020284003475018496
74.81777345381812,1.534590153213738e-05
74.88059274303207,0.0002444288905887371
74.94341203224602,3.20864316426506e-05
75.00623132145998,0.00026554702234420525
75.06905061067393,0.0001271548862755618
75.13186989988789,0.00016726925856896558
75.19468918910184,9.146480714926136e-05
75.25750847831578,0.00033389961316047424
75.32032776752975,0.00020744359261546318
75.3831470567437,3.3234635682749285e-05
75.44596634595764,0.0003052339259983846
75.50878563517159,0.00023616375978529483
75.57160492438555,0.0001878396395260059
75.63442421359952,0.000165425615572238
75.69724350281346,0.00010820627464341234
75.76006279202741,0.00015849802680478444
75.82288208124137,0.00023471739379423294
75.88570137045532,0.000269025129523657
75.94852065966927,0.00015270872267307737
76.01133994888322,0.00022087334649698414
76.07415923809717,6.668655998270363e-05
76.13697852731113,0.00025166265871668346
76.19979781652509,0.0001673448107298676
76.26261710573904,0.00019322120833640974
76.32543639495299,0.00018406508942539522
76.38825568416695,0.00016058713700263847
76.4510749733809,0.00029146734362494307
76.51389426259485,0.00021234373504038157
76.5767135518088,0.00016412107765507924
76.63953284102276,0.00013537690085200496
76.70235213023672,0.00016560336171540126
76.76517141945067,0.0002932634896182375
76.82799070866461,0.00021721489817838263
76.89080999787856,0.00015109344405841142
76.95362928709253,0.0003087749486461496
77.01644857630647,0.0002489394420898486
77.07926786552042,0.0001460947912763049
77.14208715473438,0.00027265891756551505
77.20490644394833,0.0002449613225202966
77.2677257331623,0.00025362874937498594
77.33054502237624,0.00023084566416358684
77.39336431159019,0.0001688633653599127
77.45618360080415,0.0001659811231554724
77.5190028900181,0.0002436017059918679
77.58182217923205,0.00016487831482833978
77.644641468446,0.00025006729965409215
77.70746075765996,0.00015792191913827037
77.77028004687392,0.00015433340660033122
77.83309933608787,0.00018527068372783042
77.89591862530182,0.00025404308228669235
77.95873791451577,0.00017058482007375485
78.02155720372973,0.0001745903572050631
78.08437649294368,0.0002979490542772692
78.14719578215762,0.00022234931389604007
78.21001507137159,0.00018456547905568483
78.27283436058553,0.00014674343900480325
78.3356536497995,0.00019456345848876844
78.39847293901344,0.00016961459714434285
78.46129222822739,0.00020903679676470975
78.52411151744136,4.8213406271143735e-05
78.5869308066553,0.00023460653821804004
78.64975009586925,0.00023251266925521113
78.7125693850832,0.00013710857353954365
78.77538867429716,0.00016289525952223178
78.83820796351112,0.00015669363513872618
78.90102725272507,0.0002031799574550674
78.96384654193902,8.448000826320634e-05
79.02666583115297,0.00025319508364509536
79.08948512036693,0.0001523359493338228
79.15230440958088,0.0002305529702106439
79.21512369879483,0.00020367943318603182
79.27794298800879,0.00021891723140790383
79.34076227722274,0.00017073297991344538
79.4035815664367,0.0001994945185292049
79.46640085565065,0.0002470774695333026
79.5292201448646,0.0002101655986894872
79.59203943407854,0.00017809286482759975
79.6548587232925,0.00010275302554790592
79.71767801250645,0.00019422186870653716
79.7804973017204,0.0001660665619950558
79.84331659093436,0.0001429889191660417
79.90613588014833,0.000269463972919304
79.96895516936227,0.00021765727607621534
80.03177445857622,0.00015916343654412247
80.09459374779017,9.749193033326274e-05
80.15741303700413,9.743527139799057e-05
80.22023232621808,0.00017557526249989175
80.28305161543203,0.00010416799853371254
80.34587090464599,0.00017602884045780782
80.40869019385995,0.0002775771558824102
80.4715094830739,0.0001398039818229209
80.53432877228785,0.0002345028861040155
80.5971480615018,0.00011254250476251895
80.65996735071575,8.680115831387251e-05
80.72278663992971,0.00011974020664890551
80.78560592914366,0.00018372321095651948
80.8484252183576,0.00012733910084621852
80.91124450757157,0.00020049208912509243
80.97406379678553,0.00020011531042327845
81.03688308599948,0.00016610798641672185
81.09970237521343,0.00019185271834147683
81.16252166442737,0.0001078912288023954
81.22534095364134,0.00014834588866105132
81.28816024285528,0.00023089330402203544
81.35097953206923,7.72265659144514e-05
81.4137988212832,0.0001113862600798838
81.47661811049714,0.00026165913575224844
81.5394373997111,0.0002685136626868239
81.60225668892505,0.00018026042742986967
81.665075978139,0.00017624495138292523
81.72789526735295,0.00015496790732953577
81.79071455656691,0.00020068693657171737
81.85353384578086,0.00010784313742776801
81.91635313499481,0.0002284969894228274
81.97917242420877,0.00014537930543895733
82.04199171342273,0.00026294924576786223
82.10481100263668,0.00022939079674031256
82.16763029185063,0.00018476273887197501
82.23044958106458,6.072343981402915e-05
82.29326887027852,0.00011919754799632229
82.35608815949249,0.0002410236153000874
82.41890744870643,0.0002975053866246836
82.4817267379204,0.0001803253882796225
82.54454602713434,0.00031489405918082915
82.60736531634831,0.0002808878604126477
82.67018460556226,0.0003174919367110398
82.7330038947762,0.00014878593852521067
82.79582318399015,0.00010039164316437456
82.85864247320411,0.00021954659883065383
82.92146176241806,0.00019803363628989734
82.98428105163202,0.00016899080691484678
83.04710034084597,0.00018700873732716475
83.10991963005992,0.00016398972724290326
83.17273891927388,0.00024102899976621994
83.23555820848783,0.0001517611185165947
83.29837749770178,0.00019454838566655743
83.36119678691573,5.607638324172115e-05
83.42401607612969,0.00011705984678905171
83.48683536534364,0.00025706602157391976
83.5496546545576,8.419499162454005e-05
83.61247394377155,0.0002930002912918814
83.67529323298551,0.0002269459270663409
83.73811252219946,0.00014971500847725595
83.8009318114134,0.00023542975721642942
83.86375110062735,0.0001703709987674123
83.92657038984132,0.0002233017830662961
83.98938967905526,0.0001271200686943223
84.05220896826923,0.000228202556243618
84.11502825748317,0.00023136215178916382
84.17784754669712,0.00015397159815990538
84.24066683591109,0.00015113122324354178
84.30348612512503,7.709288622401481e-05
84.36630541433898,0.0001097953573853493
84.42912470355293,0.00018869541606259376
84.49194399276689,0.0001837539821264867
84.55476328198084,0.00017482452460171961
84.6175825711948,0.00010195937294497539
84.68040186040875,5.450712246941034e-05
84.74322114962271,0.0002772071156542865
84.80604043883666,5.034527426176312e-05
84.86885972805061,0.00017718920241317125
84.93167901726456,0.00017646153369627559
84.9944983064785,0.00012977010964374628
85.05731759569247,0.00020619238088919272
85.12013688490643,0.0001459684640527366
85.18295617412038,0.00023513194187890798
85.24577546333433,0.00023953908021153578
85.30859475254829,0.0001400979300669372
85.37141404176224,0.0001018613410793287
85.43423333097618,0.00018556954949604032
85.49705262019013,0.00015692366886482545
85.5598719094041,0.0002566091622750893
85.62269119861804,0.00024236279467843288
85.685510487832,0.00015967110137048583
85.74832977704595,0.00019165176170678663
85.8111490662599,0.0002901787157236956
85.87396835547386,0.00020848321018791078
85.93678764468781,0.0001704435457040891
85.99960693390176,0.00016001826129160584
86.06242622311571,0.00019101176053506496
86.12524551232967,0.00019082842583645668
86.18806480154363,0.00011718609124008257
86.25088409075758,9.140208918998465e-05
86.31370337997153,0.00023024490335031998
86.37652266918549,0.00013816627327842949
86.43934195839944,0.0002887462405549719
86.50216124761339,0.00020529095091969738
86.56498053682733,0.00014034025101402885
86.6277998260413,0.00011453349208200265
86.69061911525525,0.00024877791606465246
86.75343840446921,0.00015288236054668587
86.81625769368316,0.00014743608246290597
86.8790769828971,0.00015139530537994333
86.94189627211107,0.00026795135961510787
87.00471556132501,0.00014026561881285985
87.06753485053896,0.00026287197324935304
87.13035413975291,9.137274025789206e-05
87.19317342896687,6.80524826708029e-05
87.25599271818083,0.0002775920053822266
87.31881200739478,0.00011627281262908967
87.38163129660873,0.00032210680509024757
87.4444505858227,0.0002237685456045243
87.50726987503664,0.00014129196790810071
87.57008916425059,0.000356299217343929
87.63290845346454,0.00019779322463738666
87.6957277426785,0.00016727924058921936
87.75854703189246,0.00018562661031639054
87.82136632110641,0.00017459990001816514
87.88418561032036,0.00012826074360759555
87.9470048995343,0.00026342825045001973
88.00982418874827,0.00022547167969025157
88.07264347796222,0.00021532917300146436
88.13546276717616,0.00018972110408229642
88.19828205639011,9.776276812009512e-05
88.26110134560408,7.484411403377438e-05
88.32392063481804,0.00016677457525862577
88.38673992403199,7.233320134353139e-05
88.44955921324593,0.00016575812175657925
88.51237850245988,0.00018826463722158244
88.57519779167384,9.794771361828666e-05
88.63801708088779,0.00022801191624051393
88.70083637010174,0.00012695122425684723
88.7636556593157,0.00022378744202734577
88.82647494852966,8.193616433340554e-05
88.88929423774361,8.649036291410914e-05
88.95211352695756,0.00016317380532941634
89.01493281617151,0.00014645534037241619
89.07775210538547,8.365650480782006e-05
89.14057139459942,0.00019694363024624605
89.20339068381337,0.00013526998519316892
89.26620997302732,0.00023782358072180736
89.32902926224128,0.00017672910244862113
89.39184855145524,0.00011635732991273274
89.45466784066919,0.00015086790523228494
89.51748712988314,0.00012948378176131712
89.58030641909708,0.00028315393787304406
89.64312570831105,0.00019095576895654598
89.705944997525,0.0001542395132286445
89.76876428673894,0.00015729066996586152
89.8315835759529,0.00026718114369418883
89.89440286516687,8.877523099302128e-05
89.95722215438082,0.00027147998811966295
90.02004144359476,0.00017803936854189452
90.08286073280871,0.000193039855840716
90.14568002202267,0.0001840516406776442
90.20849931123662,0.00018369414676195722
90.27131860045057,8.375503817101817e-05
90.33413788966453,0.00011731735657978577
90.39695717887848,0.00013549912580176424
90.45977646809244,0.00021165208774677436
90.52259575730639,0.00015867428305934442
90.58541504652034,0.0001610878106516177
90.64823433573429,0.00019729615937591068
90.71105362494825,0.0002070063476076466
90.7738729141622,0.00028299892039162914
90.83669220337615,0.00010521431847991572
90.89951149259011,0.000298134663918611
90.96233078180407,9.825147620773338e-05
91.02515007101802,0.00014284479779057345
91.08796936023197,5.4379522821606106e-05
91.15078864944591,0.00020372943586930776
91.21360793865986,4.154836218428005e-05
91.27642722787382,0.0002129884164439276
91.33924651708777,0.00019164239619193343
91.40206580630174,0.00010102545916047732
91.46488509551568,0.00024262768092787664
91.52770438472965,0.00021221475521397
91.5905236739436,0.00016281112805367572
91.65334296315754,0.0003383284371257916
91.71616225237149,7.607631170606716e-05
91.77898154158545,5.58109407575088e-05
91.8418008307994,0.00015430058179264735
91.90462012001335,0.0003457707862832429
91.96743940922731,0.0001634324739106673
92.03025869844126,3.788687145895464e-05
92.09307798765522,0.0002096432553541815
92.15589727686917,0.0001162114564400834
92.21871656608312,0.00011624830266911198
92.28153585529707,7.288652107117557e-05
92.34435514451103,0.00010246957037060017
92.40717443372498,0.00022600264955652933
92.46999372293894,0.0001224114103165999
92.53281301215289,0.0002592531498284103
92.59563230136685,0.0002090211532091946
92.6584515905808,0.00020725799127656663
92.72127087979474,0.0002182557910773618
92.78409016900869,0.00013836009163923255
92.84690945822265,0.00026617181446105903
92.9097287474366,0.00015627507960154334
92.97254803665055,0.0001535114056643952
93.03536732586451,0.0001200387463257913
93.09818661507846,0.00024051826349872921
93.16100590429242,0.0001717852990281128
93.22382519350637,0.0001537010992828686
93.28664448272032,0.00018784947010726775
93.34946377193427,0.00010875634698228229
93.41228306114823,0.00012430240920915307
93.47510235036218,0.00013251527934315087
93.53792163957614,0.00018746961780284163
93.60074092879009,4.639802597415072e-05
93.66356021800405,0.00022838499509153086
93.726379507218,0.00014298673017564193
93.78919879643195,0.0001307299532645592
93.8520180856459,0.00022949996068631566
93.91483737485984,6.75499277802606e-05
93.9776566640738,9.387857955788919e-05
94.04047595328775,0.00019601140002577553
94.10329524250172,7.596272226744461e-05
94.16611453171566,0.0001459058123033696
94.22893382092963,0.00017164075229921075
94.29175311014357,0.00016282150549083225
94.35457239935752,0.0002582509130892447
94.41739168857147,0.00017908136410298194
94.48021097778543,0.00023934376360312882
94.54303026699938,0.00022916824461193344
94.60584955621334,0.00011790998730367822
94.66866884542729,3.880710818507172e-05
94.73148813464124,0.00017963986257756297
94.7943074238552,6.80419214702947e-05
94.85712671306915,0.00019806374472442357
94.9199460022831,7.629628647239023e-05
94.98276529149705,0.00015263558595641686
95.04558458071101,0.0002700394506705615
95.10840386992496,0.0001337506465967558
95.17122315913892,0.00020276480196367624
95.23404244835287,0.000196406309377763
95.29686173756683,0.00019720140030093125
95.35968102678078,3.6645298276285404e-05
95.42250031599472,0.000255821083990468
95.48531960520867,9.465102076443025e-05
95.54813889442264,0.00022536400745249243
95.61095818363658,0.0002981277809437739
95.67377747285055,0.00014415895931749832
95.7365967620645,8.604622883244184e-05
95.79941605127844,0.0001784104206762221
95.8622353404924,0.00011936031805055735
95.92505462970635,0.00017865875440548027
95.9878739189203,0.0001355356056958194
96.05069320813425,0.00014381566420218838
96.11351249734821,0.00010844732240407714
96.17633178656217,8.044296035665869e-05
96.23915107577612,0.00011844011254285837
96.30197036499007,0.00023537225975064533
96.36478965420403,0.00016729928131370504
96.42760894341798,0.0001926673751089696
96.49042823263193,0.0001492749531912378
96.55324752184588,0.0002475216729962395
96.61606681105982,5.473139123744363e-05
96.67888610027379,0.00015539926562656436
96.74170538948775,0.00017194017314427416
96.8045246787017,0.000172128826630888
96.86734396791564,0.00015623932269459714
96.9301632571296,0.00019822784832906895
96.99298254634355,0.00020930120325498674
97.0558018355575,0.00012845281059818093
97.11862112477145,0.00015916266137090638
97.18144041398541,0.00014716597361236154
97.24425970319938,8.86093610545561e-05
97.30707899241332,0.00021413420760380857
97.36989828162727,0.0002307911637590892
97.43271757084122,0.00016744904466905867
97.49553686005518,0.00027495436476583066
97.55835614926913,0.0001863017877129031
97.62117543848308,0.0002193856267193548
97.68399472769703,0.00016943935608794306
97.74681401691099,0.0002027710772649808
97.80963330612495,0.00023252791695933602
97.8724525953389,0.00013712950852020427
97.93527188455285,2.6442562141009057e-05
97.99809117376681,8.92525602374407e-05
98.06091046298076,3.613674905803466e-05
98.1237297521947,0.0002814496412661117
98.18654904140865,0.0001750433201239019
98.24936833062262,0.00018286439606498848
98.31218761983658,0.00018794968740648593
98.37500690905053,0.00023697134074732252
98.43782619826447,6.488313663037973e-05
98.50064548747842,0.00012043630534492801
98.56346477669238,0.0003666111144622338
98.62628406590633,0.0001624518218939928
98.68910335512028,0.00019760071477432567
98.75192264433424,0.0001325792901526643
98.81474193354819,0.00023466153904002387
98.87756122276215,9.478011949664791e-05
98.9403805119761,0.00023941166827237489
99.00319980119005,0.0002869470834731217
99.06601909040401,0.0001113297588887962
99.12883837961796,0.00021611202382674496
99.19165766883191,0.0001300302514421779
99.25447695804586,0.00012489803173790795
99.31729624725982,0.00017577464730482678
99.38011553647378,0.00022734995475351974
99.44293482568773,0.0003744217574342456
99.50575411490168,0.00016385745081183795
99.56857340411563,0.00016261779681447106
99.63139269332959,0.0001739126518852738
99.69421198254354,0.000126942000897229
99.75703127175748,6.201024071172988e-05
99.81985056097145,0.00010411117625459659
99.8826698501854,0.00020760573976038023
99.94548913939936,0.0002271867100124659
100.0083084286133,0.00034551279262910864
100.07112771782725,4.179472216140073e-05
100.1339470070412,0.0001879830583437606
100.19676629625516,7.653281888810414e-05
100.25958558546911,0.0002253155300960104
100.32240487468306,0.00015153073930421258
100.38522416389702,0.00015983881327706894
100.44804345311098,0.00018613629793803836
100.51086274232493,0.0001711510636533574
100.5736820315389,0.00012188360982452154
100.63650132075283,8.13888764188766e-05
100.69932060996679,0.00011793524760654955
100.76213989918072,0.0002011718520482483
100.82495918839469,0.00021719227184644653
100.88777847760865,0.00013517794722903284
100.9505977668226,0.00010498540858002779
101.01341705603656,0.00016719674030449126
101.07623634525049,0.0001567250185375047
101.13905563446446,8.771405696987471e-05
101.20187492367842,7.331798623310173e-05
101.26469421289235,0.0001963051789459231
101.32751350210631,0.00019273059693626063
101.39033279132028,0.00016074552773828887
101.45315208053422,0.0002560979711835013
101.51597136974819,0.00011047816471826538
101.57879065896212,0.0001221856698767767
101.64160994817608,0.00012341217833655537
101.70442923739004,0.00011486631103272806
101.76724852660398,0.00018087755671683276
101.83006781581794,0.00014191613936590975
101.89288710503189,0.00014025448882798864
101.95570639424585,0.0001778411481924809
102.01852568345981,0.00010496776440013242
102.08134497267375,5.769513741616035e-05
102.14416426188771,0.00025828920417951865
102.20698355110167,0.00014420959354545117
102.2698028403156,4.943154116389504e-05
102.33262212952957,0.00018778507844030082
102.39544141874352,0.00013656966917069608
102.45826070795746,0.0001370588529752857
102.52107999717143,0.00017174430292447951
102.58389928638537,0.000296444624973858
102.64671857559934,0.00011479762646857357
102.7095378648133,0.00015468278210942617
102.77235715402723,0.00018065434218122363
102.8351764432412,0.0001654512944869603
102.89799573245513,5.7412706309551975e-05
102.96081502166909,0.0002550727816775896
103.02363431088305,0.00021191677120414073
103.086453600097,0.00016104281752250723
103.14927288931096,0.00015203403168289746
103.2120921785249,0.00015296710007479668
103.27491146773886,0.00013434185869290235
103.33773075695282,0.0001581908158366324
103.40055004616676,8.812176171870552e-05
103.46336933538072,0.0001862583043440626
103.52618862459468,0.00017010645823123123
103.58900791380863,0.00020483923844455138
103.65182720302259,0.00019621868128468948
103.71464649223653,0.00020134549926783716
103.77746578145049,0.00015681139975813174
103.84028507066445,0.0001636533214774151
103.90310435987838,0.000217985822492499
103.96592364909235,0.00016880474840255485
104.0287429383063,0.00025149026900818443
104.09156222752026,0.0001234944289943139
104.15438151673422,0.00012380526454766464
104.21720080594815,9.235585032619648e-05
104.28002009516212,0.00011900771525247164
104.34283938437608,0.00011663787460436597
104.40565867359001,0.00018952133026667973
104.46847796280397,0.00015122781135606817
104.53129725201792,0.0001699587121713409
104.59411654123188,0.0001706630657741654
104.65693583044583,8.329018260224443e-05
104.71975511965978,0.0001370958869515789
104.78257440887374,8.800695707408882e-05
104.84539369808768,0.00017379981169882519
104.90821298730164,9.3402993585042e-05
104.9710322765156,8.880192387148719e-05
105.03385156572953,0.0002382500895987581
105.0966708549435,7.878774404316805e-05
105.15949014415746,0.00014133715758663935
105.22230943337141,0.00016356965367398418
105.28512872258537,0.00022658687588905963
105.3479480117993,0.00019282976700349933
105.41076730101327,0.0001595089210732543
105.47358659022723,0.00020174298404837125
105.53640587944116,0.00023190860903256891
105.59922516865512,6.257341402257222e-05
105.66204445786907,0.00017226232482179355
105.72486374708303,0.0001319185953351167
105.787683036297,0.00019288589474398196
105.85050232551093,9.368688369042766e-05
105.9133216147249,0.00011321369226388694
105.97614090393886,0.00017520653173428504
106.03896019315279,0.0001091017753820058
106.10177948236675,0.00010857939989249927
106.1645987715807,0.0001283489675381204
106.22741806079466,0.00012732169038833473
106.29023735000862,8.956265442025988e-05
106.35305663922256,4.354392245499596e-05
106.41587592843652,0.00016210800622653863
106.47869521765045,0.0001133943382914176
106.54151450686442,0.00012860365950233317
106.60433379607838,0.00010782037120022894
106.66715308529233,0.00014286836615995334
106.72997237450629,0.00019334036974834928
106.79279166372025,7.660611572893227e-05
106.85561095293419,0.00015624848454870332
106.91843024214815,6.528895737084893e-05
106.98124953136208,9.034367193131218e-05
107.04406882057604,0.00016559929309946882
107.10688810979,0.0001112031188583974
107.16970739900395,8.673828297809074e-05
107.2325266882179,9.309123172981368e-05
107.29534597743185,7.752793174139887e-05
107.35816526664581,0.00016879443538929097
107.42098455585977,0.00022238576824088336
107.48380384507371,0.00012566265004251826
107.54662313428767,0.00010358138299010255
107.60944242350163,0.00020296907352330366
107.67226171271557,0.00017835698735488886
107.73508100192953,0.00024066933441337419
107.79790029114348,0.00011862816879913243
107.86071958035744,0.0001260526936751551
107.9235388695714,0.00011782731816679182
107.98635815878534,0.00016710078862256717
108.0491774479993,0.00013985154455260993
108.11199673721323,0.00011961576925629853
108.1748160264272,0.00024143485894134357
108.23763531564116,0.0001197069209809616
108.3004546048551,9.054577308328938e-05
108.36327389406907,0.00018031523243967836
108.42609318328303,0.0002155017029682755
108.48891247249696,0.00018944159791601977
108.55173176171093,0.00016561681706537239
108.61455105092486,0.00013590386707907384
108.67737034013882,0.00017002136663118238
108.74018962935278,3.1319776322733064e-05
108.80300891856673,1.5675906857870507e-05
108.8658282077807,0.0001648893719116433
108.92864749699466,8.951014965244766e-05
108.99146678620859,0.00014040257174250593
109.05428607542255,0.00016650012307495545
109.11710536463649,0.00020939655143276784
109.17992465385045,0.0001920058855800045
109.24274394306441,2.878012606090933e-05
109.30556323227836,0.00017985241982207526
109.36838252149232,0.0001310701654442305
109.43120181070626,6.323978541816773e-05
109.49402109992022,0.0001265875020793304
109.55684038913418,0.0001426687526352042
109.61965967834811,0.00018422938842312705
109.68247896756208,0.00019734733499216612
109.74529825677604,0.00021648172090706546
109.80811754598997,0.0001340079684318557
109.87093683520393,8.041991798127005e-05
109.93375612441788,0.00024894729142961494
109.99657541363185,0.00026562679736980525
110.05939470284581,8.124767895572678e-05
110.12221399205974,0.0001321590057806248
110.1850332812737,0.00017987777357436038
110.24785257048764,7.192207306713925e-05
110.3106718597016,0.00021401176436022361
110.37349114891556,0.0001396143034686604
110.43631043812951,0.00017316769458544998
110.49912972734347,0.00012832666577013087
110.56194901655743,0.00020936955279698106
110.62476830577137,0.00016950834990598634
110.68758759498533,0.00016331766776848358
110.75040688419926,0.00026877626370491004
110.81322617341323,5.442568961463447e-05
110.87604546262719,0.00026356260284552974
110.93886475184114,0.0002222894373950938
111.0016840410551,8.367219620538506e-05
111.06450333026903,0.00028129623049334473
111.127322619483,0.0002094039334813355
111.19014190869696,0.00015110546524534595
111.25296119791089,0.0002596560283135344
111.31578048712485,0.00013569148138628564
111.37859977633882,5.8724973172197086e-05
111.44141906555276,9.391013335513129e-05
111.50423835476673,6.93863036258555e-05
111.56705764398066,0.00013976185029875777
111.62987693319462,0.00011401824204602751
111.69269622240859,0.00021849785142479152
111.75551551162252,0.00017087314404875493
111.81833480083648,0.0001249632488569418
111.88115409005043,0.00016504227982038917
111.94397337926439,0.00020188311310950872
112.00679266847834,0.00015839654997997155
112.06961195769229,0.0001860075304838098
112.13243124690625,8.900617449456818e-05
112.19525053612021,0.00012354892787492285
112.25806982533415,8.013643298320634e-05
112.32088911454811,0.0001301617971758122
112.38370840376204,0.0002657728044865794
112.446527692976,0.00014586138000244182
112.50934698218997,0.0002144496481183113
112.57216627140392,0.0001936498838137697
112.63498556061788,4.244094863816078e-05
112.69780484983181,0.00010329742652434838
112.76062413904577,0.0001371318586747331
112.82344342825974,0.00015861552884668487
112.88626271747367,0.00015216834339700167
112.94908200668763,0.0001458201918705943
113.0119012959016,0.00016927169037023385
113.07472058511554,2.827160644584763e-05
113.1375398743295,0.00016557131375246947
113.20035916354344,0.000145189726926405
113.2631784527574,0.00013544384937126528
113.32599774197136,0.00011429626018433243
113.3888170311853,0.00018766851412560872
113.45163632039926,3.299379300821078e-05
113.51445560961321,0.00017578776540695172
113.57727489882717,0.00017260668149831403
113.64009418804113,0.00018286721769531682
113.70291347725507,0.00014911202134755127
113.76573276646903,9.816740106866256e-05
113.82855205568299,9.925951924415678e-05
113.89137134489692,0.0001195378696394053
113.95419063411089,0.00011662706525292575
114.01700992332484,0.0001241946149851508
114.0798292125388,0.00010022423089264766
114.14264850175275,0.00022709636060346813
114.2054677909667,0.00018611011317654574
114.26828708018066,0.00021056432669768906
114.33110636939462,8.345429435364097e-05
114.39392565860855,0.00017786844800244308
114.45674494782251,0.00010697263029008708
114.51956423703646,0.00012422443326261863
114.58238352625041,4.6174976033448686e-05
114.64520281546437,0.00016067698704604243
114.70802210467832,0.00013931675121219594
114.77084139389228,0.00014907670295164128
114.83366068310622,0.0001731250871290619
114.89647997232018,0.00015907676631927528
114.95929926153414,0.0001159449109080333
115.02211855074808,0.00022041347305089027
115.08493783996204,9.970902586391963e-05
115.147757129176,7.98962435201077e-05
115.21057641838995,0.00012801594920310716
115.27339570760391,0.00019747893115377768
115.33621499681784,7.446956666233149e-05
115.3990342860318,0.00013462533158694587
115.46185357524577,7.955552003310355e-05
115.5246728644597,0.00012350828585272594
115.58749215367367,0.00015451817945086308
115.65031144288761,0.00021460976246699074
115.71313073210158,0.00016295527496260032
115.77595002131554,0.00015259658423229404
115.83876931052947,9.426918550647193e-05
115.90158859974343,0.00010013347142401953
115.9644078889574,0.0002627752944340648
116.02722717817133,8.352848530393695e-05
116.09004646738529,0.00010807376819667696
116.15286575659924,0.0001917627148581128
116.2156850458132,6.322538052475226e-05
116.27850433502716,0.0001555865849681072
116.3413236242411,9.609758755730665e-05
116.40414291345506,0.00010145634285394115
116.466962202669,0.00011302124907998854
116.52978149188296,0.00012659903494001044
116.59260078109692,5.967157776349966e-05
116.65542007031087,0.00019202468325163217
116.71823935952483,0.00011723082355667693
116.78105864873878,0.00022653059411574308
116.84387793795273,0.0001253725351269749
116.90669722716669,0.00019364326293077095
116.96951651638062,0.0001962830836274669
117.03233580559458,7.92616065386284e-05
117.09515509480855,2.8301609230780345e-05
117.15797438402248,0.00026623772207963063
117.22079367323644,0.00017290857200873253
117.28361296245039,0.00011391379725344293
117.34643225166435,7.94630880702991e-05
117.40925154087832,0.0001641805871765398
117.47207083009225,0.00015908254781425677
117.53489011930621,0.00017657730384325866
117.59770940852017,0.00015352086923116332
117.66052869773411,0.00011769771229174879
117.72334798694807,0.00020998433559826397
117.78616727616202,6.507239473892672e-05
117.84898656537598,0.00015764529542180948
117.91180585458994,0.000209608503023853
117.97462514380388,4.453567765376898e-05
118.03744443301784,0.00023343550766034133
118.10026372223177,2.955434484970699e-05
118.16308301144574,0.00012188409948580357
118.2259023006597,0.00011890182235915563
118.28872158987365,6.984853385115024e-05
118.35154087908761,7.688356532479391e-05
118.41436016830157,0.00012409410694671548
118.4771794575155,8.415070942220032e-05
118.53999874672947,0.00015035616750153877
118.6028180359434,0.00013229662077025132
118.66563732515736,0.00019894285953255857
118.72845661437132,0.00012866135556025539
118.79127590358527,0.0001517340251337006
118.85409519279924,5.9582787514980764e-05
118.91691448201317,8.40525002270621e-05
118.97973377122713,0.00013537710429265372
119.0425530604411,0.00012701838713327288
119.10537234965503,4.0381725025170555e-05
119.16819163886899,0.0001815170943750552
119.23101092808295,0.00018295591793419637
119.2938302172969,0.00010622072296300086
119.35664950651085,0.00014989267324719524
119.4194687957248,0.00020243108724296338
119.48228808493876,0.000109609211704637
119.54510737415272,0.00015540488560804284
119.60792666336665,0.00011079035964413242
119.67074595258062,9.103677738225893e-05
119.73356524179455,0.00012093433100916314
119.79638453100851,0.00010822296530135358
119.85920382022248,7.512493137902472e-05
119.92202310943642,9.827592415996912e-05
119.98484239865039,0.00016219818032435062
120.04766168786435,0.00020925815330605316
120.11048097707828,9.87273597904398e-05
120.17330026629224,0.00012117230524576954
120.23611955550618,0.00015962591927734678
120.29893884472014,9.658005052761283e-05
120.3617581339341,0.00010549248568686532
120.42457742314805,0.00010494673414817
120.48739671236201,0.00016869809260809543
120.55021600157598,0.0002549460210562513
120.61303529078991,0.00019504559772854144
120.67585458000387,6.375737551211536e-05
120.7386738692178,0.00011317155646813441
120.80149315843177,9.69779047742567e-05
120.86431244764573,6.65876264291421e-05
120.92713173685968,0.00012217583250377916
120.98995102607364,0.00017569523772053013
121.05277031528757,0.00019368693415735394
121.11558960450154,3.4689977806010144e-05
121.1784088937155,0.00022311659627784007
121.24122818292943,5.912165244733843e-05
121.3040474721434,7.005351460935231e-05
121.36686676135736,0.00014437821665208879
121.4296860505713,0.00019820126427148188
121.49250533978525,9.7385537201113e-05
121.5553246289992,5.426551631070725e-05
121.61814391821316,0.00013443535331897496
121.68096320742713,9.096719329887515e-05
121.74378249664106,0.0001567929847085435
121.80660178585502,0.00014756973183929157
121.86942107506897,0.00015252401000178176
121.93224036428292,0.00015342631926453264
121.99505965349688,0.00017841314491584835
122.05787894271083,0.00011135360914328975
122.12069823192479,5.5316143593995645e-05
122.18351752113875,3.638293978815228e-05
122.24633681035269,0.00013800010434023225
122.30915609956665,3.0613136276441385e-05
122.37197538878058,0.00012868336643359998
122.43479467799455,0.0001613093509544038
122.49761396720851,0.0001520968173962486
122.56043325642246,6.440765581229502e-05
122.62325254563642,0.00020542819335783404
122.68607183485035,0.00013452965474839443
122.74889112406431,9.086210230093554e-05
122.81171041327828,0.00011333219853899416
122.87452970249221,0.00016164766311999889
122.93734899170617,5.59341756412752e-05
123.00016828092014,0.00015521552244566258
123.06298757013408,0.0001327067760236335
123.12580685934805,8.153486203931441e-05
123.18862614856198,0.00014447599905358048
123.25144543777594,9.703548764195754e-05
123.3142647269899,0.00019043630106739033
123.37708401620384,0.00012095228126948588
123.4399033054178,0.00011685938139828562
123.50272259463175,8.03171460682239e-05
123.56554188384571,0.00015791172242899252
123.62836117305967,0.00010557281592159351
123.6911804622736,0.00014902637633590116
123.75399975148757,0.0001488289751594964
123.81681904070153,0.000142865084337547
123.87963832991547,0.0001129936370194031
123.94245761912943,0.00017637487110447252
124.00527690834338,0.00011198541901234081
124.06809619755732,0.00012854162756081934
124.13091548677129,0.00015063770455488109
124.19373477598523,0.0001692260672651484
124.2565540651992,0.00010759398925216846
124.31937335441313,0.0001390369939092708
124.38219264362709,0.00014628278735773204
124.44501193284106,0.000227705644381566
124.50783122205499,0.0001905903871837284
124.57065051126895,8.699736489519816e-05
124.63346980048291,0.0001736346592540307
124.69628908969686,0.00016491895274341702
124.75910837891082,0.00011321548430718396
124.82192766812476,0.00017833387979351221
124.88474695733872,6.993753619282464e-05
124.94756624655268,0.00012967103271272038
125.01038553576662,0.00015725252615296937
125.07320482498058,0.0001690693579019321
125.13602411419453,0.00010040860107180938
125.19884340340849,6.328681877525416e-05
125.26166269262245,0.00015983629580277876
125.32448198183639,0.000172850261438775
125.38730127105035,0.00019051548807924853
125.45012056026431,0.00010634748383704785
125.51293984947824,8.463694314971987e-05
125.5757591386922,0.0001266777352949042
125.63857842790615,0.00018473872256525824
125.70139771712012,0.00016079382512342014
125.76421700633408,0.00010751876169734709
125.82703629554801,0.00013284612252403616
125.88985558476197,9.897873334761985e-05
125.95267487397594,0.00018110655318918958
126.01549416318987,0.00016495810774612652
126.07831345240383,0.00012277890542801076
126.14113274161778,0.00010807939419436218
126.20395203083174,0.00011668178304665238
126.26677132004569,0.00018131750463838144
126.32959060925964,8.296154422835477e-05
126.3924098984736,0.00020090727795790458
126.45522918768754,0.00017813506467882748
126.5180484769015,0.00010358057628910326
126.58086776611546,0.0001438422298982524
126.6436870553294,0.00019172609139185508
126.70650634454336,0.0001628495245807176
126.76932563375732,0.00013184382718170668
126.83214492297127,9.763185358424646e-05
126.89496421218523,5.749201873579604e-05
126.95778350139916,0.00010743100919809976
127.02060279061313,0.00017877708079832634
127.08342207982709,5.4559604839057966e-05
127.14624136904102,3.338723885437288e-05
127.20906065825498,0.00013676416606016355
127.27187994746893,0.00013323822708416182
127.3346992366829,0.0001989832050755286
127.39751852589686,0.0001363311599127943
127.46033781511079,0.00013702681410657317
127.52315710432475,0.00015897976316359033
127.58597639353872,0.00012970567354550985
127.64879568275265,0.00014015625247282035
127.71161497196661,9.428033305632736e-05
127.77443426118056,0.00012980672720858965
127.83725355039452,0.00010275697268771708
127.90007283960848,0.00011484948271132071
127.96289212882242,0.00014360164168282456
128.02571141803637,8.337430949162558e-05
128.08853070725033,8.585109449430713e-05
128.1513499964643,0.00011033020645049392
128.21416928567825,0.0001335187406119428
128.2769885748922,8.829436947685903e-05
128.33980786410615,0.00020104025897296643
128.4026271533201,0.00019389352590830133
128.46544644253404,0.00011953734477330813
128.528265731748,0.00017509262513219084
128.59108502096194,0.00015763728601758635
128.6539043101759,0.00011115011041886904
128.71672359938987,7.577915070281119e-05
128.7795428886038,0.00015608293871467152
128.84236217781776,0.00012491997491932236
128.9051814670317,0.00011203153996229414
128.96800075624566,0.00021713099226108613
129.03082004545962,0.0001818937734505259
129.09363933467358,9.552231026078034e-05
129.15645862388754,8.543373311800595e-05
129.2192779131015,0.00011944059068438234
129.28209720231544,0.00011055650757718653
129.3449164915294,0.00012087827255323305
129.40773578074334,0.00019756658146320496
129.4705550699573,0.00011382811304879914
129.53337435917126,0.00015113448198981683
129.5961936483852,0.00016817411949187724
129.65901293759916,0.00021292458129933622
129.7218322268131,9.263193182465036e-05
129.78465151602705,7.111782459614919e-05
129.84747080524102,9.260984860324054e-05
129.91029009445495,0.00020171828606594676
129.9731093836689,0.00012763052918923174
130.03592867288287,0.00018846718814396042
130.09874796209684,7.855328053834503e-05
130.16156725131077,0.00012083398425246593
130.22438654052473,0.00012063470441376474
130.2872058297387,8.043095313621256e-05
130.35002511895266,0.00022786848392459017
130.4128444081666,2.0059733373486815e-05
130.47566369738055,0.0001682681033818605
130.5384829865945,0.00017036881553823276
130.60130227580845,0.00015418390195017875
130.6641215650224,0.00017198302047965162
130.72694085423635,0.0001862173402108437
130.7897601434503,8.097400286143455e-05
130.85257943266427,0.00011894135393688521
130.9153987218782,9.960499068651185e-05
130.97821801109217,8.773761579293688e-05
131.0410373003061,7.054668048977216e-05
131.10385658952006,0.0001688412310380541
131.16667587873403,0.00015428567811844987
131.229495167948,0.00012789282242484307
131.29231445716195,0.00015980021452753973
131.35513374637588,0.00014749901504296074
131.41795303558985,0.00022553996990116388
131.4807723248038,0.00010174592072686317
131.54359161401774,0.00016417627396978111
131.6064109032317,0.00014190596615843633
131.66923019244567,6.61185498168925e-05
131.7320494816596,0.00012098990345100813
131.79486877087356,0.0001395598990882003
131.8576880600875,0.00013111361780303058
131.92050734930146,0.0001307685042781906
131.98332663851542,0.00010387468155611602
132.04614592772936,0.0001278410803898651
132.10896521694332,9.054450129462452e-05
132.17178450615728,0.00015448919087575905
132.23460379537124,0.00010756832224166888
132.29742308458518,0.00015056112826259205
132.36024237379914,0.00013053356833497785
132.4230616630131,0.00018478953238499526
132.48588095222706,0.00012247169545230108
132.548700241441,0.00010262976122993718
132.61151953065496,0.0001316389816513124
132.6743388198689,0.00014354677072652764
132.73715810908286,0.00013162404698309414
132.79997739829682,0.00010940322794803917
132.86279668751075,5.9354316395136756e-05
132.9256159767247,8.218060813296379e-05
132.98843526593868,0.00013852740588842467
133.0512545551526,0.0001603987056150243
133.11407384436657,0.00016596789899961953
133.1768931335805,0.00014690090316738443
133.23971242279447,0.00011852548479948926
133.30253171200843,0.00022169133384847316
133.3653510012224,9.023837110270427e-05
133.42817029043636,1.3656372598612806e-05
133.4909895796503,0.0001509250140535287
133.55380886886425,5.112826462664212e-05
133.6166281580782,0.000183123606246957
133.67944744729215,0.0001652616382852045
133.7422667365061,0.00014652855499499754
133.80508602572007,0.00018106026297378197
133.867905314934,0.00011080114948042378
133.93072460414797,0.0002075349681294065
133.9935438933619,7.767432210066874e-05
134.05636318257586,0.00014709581377088683
134.11918247178983,0.00010118339383117545
134.18200176100376,5.256922050278595e-05
134.24482105021772,8.613736784503882e-05
134.30764033943169,0.0002353767027974807
134.37045962864565,0.0001817118167824788
134.4332789178596,0.00015886372878146145
134.49609820707354,0.00016651148211385415
134.5589174962875,0.00019354571223827028
134.62173678550147,7.921196755424836e-05
134.6845560747154,5.670423065581263e-05
134.74737536392936,0.00013950697985969695
134.8101946531433,9.178450883548738e-05
134.87301394235726,0.00011239064322854936
134.93583323157122,0.00010891306353733355
134.99865252078516,0.00010145617045684768
135.06147180999912,0.00014992157333802331
135.12429109921305,3.8415101496931794e-05
135.18711038842702,0.00020715405001384002
135.24992967764098,7.265110296842913e-05
135.3127489668549,4.4230281678566595e-05
135.37556825606887,0.00016617179552781903
135.43838754528284,0.0001754274645714125
135.5012068344968,0.00014970842039393903
135.56402612371076,0.00013268370862311947
135.6268454129247,0.0001329300225315073
135.68966470213866,0.0001062052871885884
135.75248399135262,0.0001472179622731436
135.81530328056655,0.0002327335523360145
135.87812256978052,0.00011696969467802635
135.94094185899445,7.823192718803173e-05
136.0037611482084,0.00018955635780267053
136.06658043742237,7.3001223038926e-05
136.1293997266363,0.00013785165723143695
136.19221901585027,0.00012786777352352365
136.25503830506423,9.366298342092385e-05
136.31785759427817,0.00011417282903996688
136.38067688349213,0.00018508416176002973
136.4434961727061,0.00010073158071912025
136.50631546192005,9.530528912202222e-05
136.56913475113402,0.0001433678413772296
136.63195404034795,0.00023151011144168654
136.6947733295619,0.0001364769195145627
136.75759261877585,9.222216906042138e-05
136.8204119079898,7.617479950473704e-05
136.88323119720377,0.00010481121542260335
136.9460504864177,0.00010421590394726286
137.00886977563167,3.530667076856987e-05
137.07168906484563,0.00011666561248820522
137.13450835405956,0.00023202316707834284
137.19732764327352,0.0002485671129564271
137.26014693248746,0.00010254446520928021
137.32296622170142,0.0001586540978049996
137.38578551091538,9.739465173004567e-05
137.44860480012932,9.716850940803396e-05
137.51142408934328,9.635820103130127e-05
137.57424337855724,0.00016505291665160407
137.6370626677712,0.00017963895275571195
137.69988195698517,0.00011336423602879146
137.7627012461991,0.0001387124159699664
137.82552053541306,9.467133403495897e-05
137.88833982462702,8.790142287203452e-05
137.95115911384096,0.00015051550549424983
138.01397840305492,0.00016860130538672133
138.07679769226885,0.00018397934553056038
138.13961698148282,0.00018453627826556994
138.20243627069678,2.891751116928849e-05
138.2652555599107,0.00011517601161901075
138.32807484912468,0.00014594870949205394
138.39089413833864,0.00022891426249809998
138.45371342755257,8.712588200056475e-05
138.51653271676653,0.00010536017294282833
138.5793520059805,0.0001654015699084264
138.64217129519446,7.74232094213098e-05
138.70499058440842,0.0001187791599024587
138.76780987362235,0.00015772567792686674
138.83062916283632,8.825117921053883e-05
138.89344845205025,0.0001747650941522052
138.9562677412642,0.00014916131070726266
139.01908703047818,0.00013319682680754417
139.0819063196921,0.00019399408174824092
139.14472560890607,0.00013677976522672987
139.20754489812003,0.00015132960509646438
139.27036418733397,6.793330225749166e-05
139.33318347654793,0.0001714271241752271
139.39600276576186,0.00011149019713303486
139.45882205497583,0.0001277440568822127
139.5216413441898,0.00011312664226669434
139.58446063340375,0.0001014800428625992
139.64727992261768,3.804507838215274e-05
139.71009921183165,0.00014158797996978922
139.7729185010456,0.00023525225574566732
139.83573779025957,0.0001818899175158931
139.8985570794735,9.539885799522764e-05
139.96137636868747,4.204574644696021e-05
140.02419565790143,4.445049977418591e-05
140.08701494711536,0.0001708761299270021
140.14983423632933,0.00020060624833945058
140.21265352554326,0.00017127947265901903
140.27547281475722,9.496421185342066e-05
140.33829210397118,0.00014393896190898186
140.40111139318512,0.00014884373907848422
140.46393068239908,0.00017711634204215873
140.52674997161301,0.00013679498456839077
140.58956926082698,0.00012205922201726489
140.65238855004094,0.00026241247991697043
140.7152078392549,0.0002417705869407117
140.77802712846886,5.5867544410747866e-05
140.84084641768283,0.00017342696946179225
140.90366570689676,0.00010248432995690716
140.96648499611072,9.676177261325699e-05
141.02930428532466,0.00014926278982571874
141.09212357453862,3.262732436194695e-05
141.15494286375258,0.0001362073426889121
141.21776215296651,0.00015630674393975834
141.28058144218048,0.00011363636741664563
141.3434007313944,0.0001450191550782224
141.40622002060837,5.745336276520252e-05
141.46903930982234,0.00023984320526903425
141.53185859903627,0.00017467628814787464
141.59467788825023,0.00012720907655823974
141.6574971774642,9.465693114418133e-05
141.72031646667816,7.797534597288284e-05
141.78313575589212,0.0001639817460856699
141.84595504510605,0.00019105421751642188
141.90877433432001,2.3538802425488676e-05
141.97159362353398,2.8285301806863668e-05
142.0344129127479,9.3287849130317e-05
142.09723220196187,0.00014452375714581647
142.1600514911758,0.00010076371522458729
142.22287078038977,0.00018891157564357506
142.28569006960373,0.00017646050299417862
142.34850935881767,0.00016078260064099752
142.41132864803163,0.00021202262020841213
142.4741479372456,0.0002212345489377094
142.53696722645952,0.00014416232390365648
142.5997865156735,0.0001589591877995339
142.66260580488742,0.00016534949518848502
142.72542509410138,0.0001971386078330086
142.78824438331534,6.273666635632306e-05
142.8510636725293,0.0001636151589414921
142.91388296174327,6.480095653417746e-05
142.9767022509572,0.00014490686482736037
143.03952154017117,0.00013984650534748408
143.10234082938513,0.00011449730269969471
143.16516011859906,0.00015050515748718152
143.22797940781302,6.06182686316293e-05
143.290798697027,0.00012010850793013907
143.35361798624092,0.0002042085966903904
143.41643727545488,0.0002493000826555876
143.47925656466882,8.6130344215057e-05
143.54207585388278,0.00016950682964283226
143.60489514309674,0.00014855892398596648
143.66771443231067,0.00012651290524965978
143.73053372152464,0.00014238245323627136
143.7933530107386,0.00014636131388498966
143.85617229995256,9.323018252880213e-05
143.91899158916652,0.00017629091663996866
143.98181087838046,0.0001148194736513489
144.04463016759442,0.000170004229525048
144.10744945680838,0.0001003379581837963
144.17026874602232,0.000142331682925397
144.23308803523628,0.00012320926789630786
144.2959073244502,0.00010742032153823884
144.35872661366417,9.942870614244599e-05
144.42154590287814,0.0002082272307489952
144.48436519209207,7.580647104379518e-05
144.54718448130603,9.522374424966692e-05
144.61000377052,0.00021979182029112306
144.67282305973393,6.101571727805467e-05
144.7356423489479,0.00013902846175012232
144.79846163816183,0.00010415690228749913
144.8612809273758,0.00011251156922265398
144.92410021658975,0.00016696439310923575
144.9869195058037,0.0001926195940260976
145.04973879501767,0.00018838187754515674
145.1125580842316,0.00014908852262855374
145.17537737344557,5.6167514274242724e-05
145.23819666265953,0.00013303490227410125
145.30101595187347,0.00011768747009643426
145.36383524108743,0.00017491541439443819
145.4266545303014,1.270837474782253e-05
145.48947381951533,9.085601807610485e-05
145.5522931087293,0.00020521577822269998
145.61511239794322,8.117682088434869e-05
145.67793168715718,0.00016623351195814456
145.74075097637115,0.00021110531846525585
145.80357026558508,0.00017670340809296128
145.86638955479904,0.00016384553893067187
145.929208844013,0.00011012554403199059
145.99202813322697,0.00016377739927641327
146.05484742244093,4.9479210120899363e-05
146.11766671165486,0.00013733282463930489
146.18048600086883,0.00017970070959508671
146.2433052900828,0.00018109740511407707
146.30612457929672,0.00015264665466159071
146.36894386851068,0.00015909791920355808
146.43176315772462,0.00011182228997723161
146.49458244693858,0.0001566382019463124
146.55740173615254,5.2931107708974435e-05
146.62022102536648,0.00015377156269547466
146.68304031458044,7.006901437009993e-05
146.74585960379437,0.0001849317618540704
146.80867889300833,0.00017397750013745672
146.8714981822223,0.00015532388538905804
146.93431747143626,7.078053933656136e-05
146.9971367606502,0.00012726433053639847
147.05995604986416,0.00019965719112300526
147.12277533907812,9.490961368382355e-05
147.18559462829208,0.0001829903684191275
147.248413917506,0.00012104317456571819
147.31123320671998,7.0363470655490135e-06
147.37405249593394,6.586924091856964e-05
147.43687178514787,0.00019263597455679437
147.49969107436183,0.00013395483149459563
147.56251036357577,0.00018694216118403918
147.62532965278973,9.066258764791794e-05
147.6881489420037,0.00014075421692030023
147.75096823121763,0.0001070751623129725
147.8137875204316,0.0001296230360852687
147.87660680964555,0.00012460158092573914
147.93942609885949,5.774646391932525e-05
148.00224538807345,0.0001462670123157116
148.0650646772874,9.454757805370332e-05
148.12788396650137,9.612712821472762e-05
148.19070325571533,0.0001754311156613792
148.25352254492927,6.161907032301889e-05
148.31634183414323,0.00012796710953457915
148.37916112335716,0.00019491037969830312
148.44198041257113,0.0001360668208448363
148.5047997017851,0.0001452744730215704
148.56761899099902,0.0001482114262858823
148.63043828021299,0.00018044508784227807
148.69325756942695,0.0001998904177179861
148.75607685864088,0.0001707167380501727
148.81889614785484,0.0001206306487778972
148.88171543706878,2.4604521180156693e-05
148.94453472628274,0.00010684590874063436
149.0073540154967,8.65746030667811e-05
149.07017330471066,0.00012250453269817594
149.13299259392463,6.713570836875638e-05
149.19581188313856,0.00011619969891181622
149.25863117235252,0.00012940445198069588
149.32145046156649,2.7404545125754843e-05
149.38426975078042,0.00011404982836590658
149.44708903999438,7.754499245544723e-05
149.50990832920834,2.2605984257039883e-05
149.57272761842228,3.7283710208582925e-05
149.63554690763624,0.0002458911278551743
149.69836619685017,0.00021333634600052012
149.76118548606414,0.00023268583386730612
149.8240047752781,0.00017953606982356457
149.88682406449203,7.078962708873663e-05
149.949643353706,9.755289396040786e-05
150.01246264291996,0.00012528233445749956
150.0752819321339,0.00014547434582911985
150.13810122134785,7.304027138362501e-05
150.20092051056182,0.00011990396587283189
150.26373979977578,0.00010029537059738395
150.32655908898974,0.00013448288565467046
150.38937837820367,6.705961987880646e-05
150.45219766741764,6.436092703869962e-05
150.51501695663157,0.00010210555564379054
150.57783624584553,0.0001469695551755895
150.6406555350595,0.00012402902353896405
150.70347482427343,0.00018047136580553205
150.7662941134874,0.0001661695113235534
150.82911340270135,0.0001730516206817878
150.8919326919153,0.00010819545743939783
150.95475198112925,0.00011418135027853222
151.01757127034318,7.394224866255583e-05
151.08039055955715,0.00022681747470990158
151.1432098487711,8.09468974330677e-05
151.20602913798507,0.00014419160522424778
151.26884842719903,0.00026615028348373425
151.33166771641297,0.00016371379247743804
151.39448700562693,0.00012508069744358825
151.4573062948409,0.00010723163507907527
151.52012558405482,0.0001230976110372658
151.5829448732688,0.0002382366643607871
151.64576416248275,3.3228720439534216e-05
151.70858345169668,0.00010518257331523804
151.77140274091064,0.00013391411203349485
151.83422203012458,0.00013496620274386408
151.89704131933854,0.00018111286068475205
151.9598606085525,9.463840442672343e-05
152.02267989776644,0.0001605311870266079
152.0854991869804,0.00024529903529860257
152.14831847619433,0.0002523552324610495
152.2111377654083,0.0001077668147657154
152.27395705462226,8.200042706781636e-05
152.33677634383622,0.00011093907461443975
152.39959563305018,0.00013772866777336627
152.46241492226414,0.00018561458792244642
152.52523421147808,0.0001293273323132325
152.58805350069204,0.0001244519281042837
152.65087278990597,8.82746995590471e-05
152.71369207911994,0.00018680917875729932
152.7765113683339,0.00016166314018348102
152.83933065754783,7.106218588036681e-05
152.9021499467618,0.00013720837483826098
152.96496923597573,0.00020180134177240022
153.0277885251897,0.00010164889955133156
153.09060781440365,0.00010017133913679567
153.1534271036176,6.139866074665034e-05
153.21624639283155,0.00015976648110428742
153.2790656820455,9.83943698512243e-05
153.34188497125947,7.631944151340552e-05
153.40470426047344,0.0001328156295081827
153.46752354968737,0.00017521820393790158
153.53034283890133,0.00015991798087086926
153.5931621281153,0.0001545103006764735
153.65598141732923,0.00015400054984774001
153.7188007065432,8.457616448299058e-05
153.78161999575713,1.4981863750410622e-05
153.8444392849711,0.00012392602366266916
153.90725857418505,0.00010656002712572556
153.97007786339898,0.00011272967723937506
154.03289715261295,9.556366310366095e-05
154.0957164418269,0.00015674172020297753
154.15853573104084,0.00013133055980985668
154.2213550202548,0.00013559600782940225
154.28417430946877,0.00011559909695153815
154.3469935986827,9.92897074820662e-05
154.40981288789666,9.634713219301435e-05
154.47263217711063,0.00014208926340332107
154.5354514663246,0.00016261492608723462
154.59827075553852,4.070735127736668e-05
154.66109004475248,0.0001304905917164677
154.72390933396645,0.00024931883023424024
154.78672862318038,0.00010078582841574688
154.84954791239434,0.00017530470569482006
154.9123672016083,8.85436518996127e-05
154.97518649082224,0.00018797695896245373
155.0380057800362,0.00011924678083471942
155.10082506925013,0.00015698951485438605
155.1636443584641,0.00024405375839115355
155.22646364767806,0.00010998168886023347
155.289282936892,0.0002352125374125753
155.35210222610596,0.0001700508930240722
155.41492151531992,5.3083528307616526e-05
155.47774080453388,0.00013315275958273147
155.54056009374784,0.00017214889246725795
155.60337938296178,8.876054411535103e-05
155.66619867217574,0.00011925002522455949
155.7290179613897,0.00012986049356865622
155.79183725060363,0.00011477446546233637
155.8546565398176,0.00018627310219570997
155.91747582903153,0.0001517122359191205
155.9802951182455,0.00014753173328726482
156.04311440745946,8.885881497978172e-05
156.1059336966734,0.00016713968890558475
156.16875298588735,6.767809097001871e-05
156.2315722751013,8.240678527319025e-05
156.29439156431525,0.00023829099364512665
156.3572108535292,0.00023656282094556132
156.42003014274317,4.5912377908934476e-05
156.48284943195713,8.269518957813224e-05
156.54566872117107,0.00010266690681324172
156.60848801038503,0.00015884356976276435
156.671307299599,0.00013812096996212894
156.73412658881293,0.0001474731294123816
156.7969458780269,0.0001823748657149746
156.85976516724085,0.00013284541888143408
156.92258445645479,2.8635078906433893e-05
156.98540374566875,0.00013981249469266244
