frequency_rad,magnitude
0.0,1.3186318223451716e-14
0.06281928921395308,0.10736556578759053
0.12563857842790616,0.034670981587141964
0.18845786764185923,0.04535064450758519
0.2512771568558123,0.02876440721661577
0.31409644606976544,0.013021642824911053
0.37691573528371847,0.015742816750788338
0.43973502449767154,0.001220041133040074
0.5025543137116246,0.013800868432729247
0.5653736029255777,0.013461129661841674
0.6281928921395309,0.014910441226659518
0.6910121813534839,0.018364395980779803
0.7538314705674369,0.00871035634727234
0.81665075978139,0.005967734597173226
0.8794700489953431,0.008988150876537331
0.9422893382092962,0.0034099282155394504
1.0051086274232492,0.013352694462530793
1.0679279166372024,0.0038687046020733297
1.1307472058511554,0.0033086564956195173
1.1935664950651086,0.0020969548920005488
1.2563857842790618,0.010277592950221905
1.3192050734930145,0.003438769506793281
1.3820243627069677,0.004447319370782163
1.444843651920921,0.006713334381004629
1.5076629411348739,0.008837833955243264
1.570482230348827,0.002534585124076481
1.63330151956278,0.00729444931665555
1.6961208087767332,0.00420945137765939
1.7589400979906862,0.004156348207301421
1.8217593872046394,0.002159064691989148
1.8845786764185923,0.0014658326019499153
1.9473979656325455,0.007441002542632568
2.0102172548464985,0.003404839410334528
2.0730365440604515,0.003505295372072
2.135855833274405,0.0013512970429362921
2.198675122488358,0.0032535738266971726
2.261494411702311,0.0025956345558920554
2.3243137009162638,0.0011508341969605086
2.387132990130217,0.002850159588987479
2.44995227934417,0.002762702834786439
2.5127715685581236,0.00181074788718216
2.575590857772076,0.001997389397750872
2.638410146986029,0.0015098024916623187
2.7012294361999825,0.005478980893743239
2.7640487254139354,0.0027962698726940933
2.826868014627889,0.001873886165329991
2.889687303841842,0.002437219034478837
2.9525065930557948,0.0035755580350348894
3.0153258822697477,0.0035335671816850633
3.0781451714837007,0.003209748125531717
3.140964460697654,0.0011405481491878586
3.203783749911607,0.0043922589820786645
3.26660303912556,0.004090100865142752
3.329422328339513,0.0021489048124898706
3.3922416175534664,0.004077988456608693
3.45506090676742,0.00031290952338980686
3.5178801959813724,0.0017846324880710668
3.5806994851953253,0.0027459004406858428
3.6435187744092787,0.0007828865379314885
3.7063380636232313,0.00028150388882585033
3.7691573528371847,0.0026000755995820354
3.831976642051138,0.001608073435199585
3.894795931265091,0.0007307151810711974
3.9576152204790436,0.0014262746781043341
4.020434509692997,0.0018847534010964129
4.08325379890695,0.0029093401680818235
4.146073088120903,0.0023716413797478055
4.208892377334856,0.000720939686785925
4.27171166654881,0.0016030206447822971
4.334530955762763,0.0019061102942081443
4.397350244976716,0.002291566872110778
4.460169534190668,0.003272198294018673
4.522988823404622,0.0018806752791352055
4.585808112618574,0.0024441882294366345
4.6486274018325275,0.0013184412007723261
4.711446691046481,0.0011938224527801929
4.774265980260434,0.002550547715351608
4.837085269474387,0.0021063985040262237
4.89990455868834,0.0008282452450768231
4.962723847902294,0.0016713765462714508
5.025543137116247,0.00122605807873282
5.0883624263302,0.0015967551847032716
5.151181715544152,0.000339632433105354
5.214001004758106,0.00034731342081062384
5.276820293972058,0.0020251708387779574
5.3396395831860115,0.003122677621855041
5.402458872399965,0.0014358572849562138
5.465278161613918,0.0016993980467368526
5.528097450827871,0.00013869676854861266
5.590916740041824,0.0016080941407975128
5.653736029255778,0.0011338973273722962
5.71655531846973,0.0004351587066416668
5.779374607683684,0.0010246423347548854
5.842193896897636,0.0014338177586346705
5.9050131861115895,0.0004502547439020361
5.967832475325542,0.0015462838595215738
6.0306517645394955,0.0006411674835867706
6.093471053753449,0.0005722300903829885
6.156290342967401,0.0005457236236227916
6.219109632181355,0.0019103971388891808
6.281928921395308,0.0014024053568112533
6.344748210609262,0.001279826408847641
6.407567499823214,0.0007490731214272843
6.470386789037168,0.0019457938526524653
6.53320607825112,0.000577687457395691
6.596025367465073,0.0012042751552701193
6.658844656679026,0.001587634241755616
6.721663945892979,0.0016999626911889075
6.784483235106933,0.0018657486460736152
6.847302524320886,0.0008130327294072422
6.91012181353484,0.0004868790661496667
6.972941102748791,0.0014529872132218982
7.035760391962745,0.0004341448286427667
7.098579681176698,0.0006360875852229684
7.161398970390651,0.0008102698125640619
7.224218259604604,0.0009792762217179958
7.2870375488185575,0.0019769041407985987
7.349856838032511,0.0006338459229683957
7.4126761272464625,0.001303673749228594
7.475495416460416,0.0010384612236558172
7.538314705674369,0.0013605692492167072
7.601133994888323,0.0012870504827128106
7.663953284102276,0.0003405962138793859
7.72677257331623,0.000375603046419273
7.789591862530182,0.0007050677363391737
7.852411151744135,0.0009399946541213845
7.915230440958087,0.000922855048054008
7.9780497301720406,0.001323947361468153
8.040869019385994,0.0015053286587973298
8.103688308599947,0.0009167908738569195
8.1665075978139,0.0001726845655577996
8.229326887027854,0.0004576573173967363
8.292146176241806,0.0011397590851991819
8.35496546545576,0.0002704128766157185
8.417784754669713,0.0002810241106372212
8.480604043883666,0.001651988300289183
8.54342333309762,0.0014337639566922424
8.606242622311573,0.0005739586369036347
8.669061911525526,0.00046906999518312565
8.731881200739478,0.0008190357304688918
8.794700489953431,0.000972539201292787
8.857519779167385,0.0005018961354721976
8.920339068381336,0.0008352228609167968
8.98315835759529,0.0006695169209232485
9.045977646809243,0.0004306946893329915
9.108796936023197,0.0007783192689750399
9.171616225237148,0.0007137728952043053
9.234435514451102,0.0005431888662822971
9.297254803665055,0.00035667066275347044
9.360074092879008,0.000482822881999361
9.422893382092962,0.0005965691794276857
9.485712671306915,0.0009724353683852736
9.548531960520869,0.00043301249217788713
9.61135124973482,0.0009040627277503048
9.674170538948774,0.000790711852311695
9.736989828162727,0.0006669783400778096
9.79980911737668,0.0009688033664967462
9.862628406590634,0.0015260013237479316
9.925447695804587,0.00040166342430728984
9.98826698501854,0.0008129299217307846
10.051086274232494,0.0011971792256001493
10.113905563446446,0.0007574725343125662
10.1767248526604,0.0002039095153146087
10.239544141874351,0.000740771677507299
10.302363431088304,0.0007943673266782044
10.365182720302258,0.0005927681510466799
10.428002009516211,0.0007193404158976702
10.490821298730165,0.0009636650851738512
10.553640587944116,0.0014615403415981119
10.61645987715807,0.0006717906915994813
10.679279166372023,0.001202124475789543
10.742098455585976,0.0009479509364111998
10.80491774479993,0.0003546158747979239
10.867737034013883,0.00046552710125792227
10.930556323227837,0.0011879169980660237
10.993375612441788,0.0005995995186957263
11.056194901655742,0.000535016074001541
11.119014190869695,0.001458041702290053
11.181833480083649,0.0010623615590665304
11.244652769297602,0.00013885561288648948
11.307472058511555,0.0002590480200077378
11.370291347725509,0.0008339487936104592
11.43311063693946,0.0009981650523341378
11.495929926153414,0.00014591778205685324
11.558749215367367,0.0007713893024344642
11.621568504581319,0.0006271183820800983
11.684387793795272,0.00011605857070281528
11.747207083009226,0.0010592314680818596
11.810026372223179,0.00041242735324938454
11.87284566143713,0.0006608114129023758
11.935664950651084,0.00041847978073304183
11.998484239865038,0.0007249681575356511
12.061303529078991,0.000405061979773509
12.124122818292944,0.000892002433273205
12.186942107506898,0.0005232257805289065
12.249761396720851,0.0005965656486737011
12.312580685934803,0.0006802386947972263
12.375399975148756,0.0006276500726241689
12.43821926436271,0.000616438850182586
12.501038553576663,0.0002368233927782374
12.563857842790616,0.0007106472645476673
12.62667713200457,0.0004735187298000518
12.689496421218523,0.000634528629983385
12.752315710432477,0.0008311582785340039
12.815134999646428,0.00021495206864443388
12.877954288860382,0.0009083540414714827
12.940773578074335,0.0009012690055817593
13.003592867288287,0.0005624473289921687
13.06641215650224,0.0005064195302729594
13.129231445716192,0.0003542169278876823
13.192050734930145,0.000677554970885138
13.254870024144099,0.0003476252282016956
13.317689313358052,0.0006346807847853236
13.380508602572005,0.0012027374261068414
13.443327891785959,0.0003190683333216722
13.506147180999912,0.0007700158952287582
13.568966470213866,0.00011295223765181886
13.63178575942782,0.0005737348476207351
13.694605048641773,0.0005444473407891157
13.757424337855726,0.0005780802775194686
13.82024362706968,0.0004184642594982959
13.88306291628363,0.00047768713093744445
13.945882205497583,0.0004211364836476566
14.008701494711536,0.0005874527204275209
14.07152078392549,0.0007744555948882391
14.134340073139443,0.000571534984675999
14.197159362353396,0.0012302862118459194
14.25997865156735,0.0006716982857738728
14.322797940781301,0.000606472777980573
14.385617229995255,0.0003858094630946065
14.448436519209208,0.0003166251929447712
14.511255808423162,0.00026039599909910126
14.574075097637115,0.00047164944922743686
14.636894386851068,0.00016462574365029743
14.699713676065022,0.0007949420135742476
14.762532965278972,0.00032369342713097984
14.825352254492925,0.0010129946891468291
14.888171543706878,0.00043708283711771503
14.950990832920832,0.0001239285849465463
15.013810122134785,0.0006295931527417761
15.076629411348739,0.0007419676630384014
15.139448700562692,0.0003443475794808843
15.202267989776646,0.0003908590911464984
15.265087278990599,0.00020019349847564212
15.327906568204552,0.00036399672266481054
15.390725857418506,0.00032936221292292965
15.45354514663246,0.00043420894739031225
15.51636443584641,0.0008394690076786457
15.579183725060364,0.0002572188550874811
15.642003014274316,0.000687492951137794
15.70482230348827,0.00041692106911120136
15.767641592702223,0.0004672621627370651
15.830460881916174,0.000486877075735866
15.893280171130128,0.0008676123094319195
15.956099460344081,0.0002888147890783975
16.018918749558036,0.00024348611040823473
16.081738038771988,0.0007945264874198505
16.144557327985943,0.0004955699203500337
16.207376617199895,6.885677669142482e-05
16.270195906413846,0.0008929298866002012
16.3330151956278,0.00014752312946168802
16.395834484841753,9.14285759886022e-05
16.45865377405571,0.0003938086444291525
16.52147306326966,0.0006699732832659439
16.58429235248361,0.0004954823599854891
16.647111641697563,0.00015811576789924583
16.70993093091152,0.00021777116702668283
16.77275022012547,0.0003115799885907159
16.835569509339425,0.0005366302887953658
16.898388798553377,0.0006147573812446863
16.961208087767332,0.00022909078280591074
17.024027376981284,0.0006675772917089901
17.08684666619524,0.0006796736876004139
17.14966595540919,0.0007846356600637526
17.212485244623146,0.0007264706126751543
17.275304533837097,0.0007606755751299096
17.338123823051053,0.00010828385929205729
17.400943112265004,0.00030567684895010363
17.463762401478956,0.000135215967214257
17.526581690692908,0.00033039696711289313
17.589400979906863,0.0003709509586283273
17.652220269120814,0.00022488432725179008
17.71503955833477,0.0002939705896985839
17.77785884754872,0.00015649176061943975
17.840678136762673,0.00017332350887322271
17.903497425976628,0.00015432605804026892
17.96631671519058,0.00035569513314790633
18.029136004404535,0.0002955586065001126
18.091955293618486,0.0004918243815422086
18.15477458283244,0.0005071149894712529
18.217593872046393,0.0006741071750779233
18.28041316126035,0.0003536681950514445
18.343232450474297,0.00024876831962145535
18.40605173968825,0.00042281657005589226
18.468871028902203,0.0004901036055053277
18.53169031811616,0.00034434857723825954
18.59450960733011,9.122738093598217e-05
18.657328896544065,0.00037592657236657124
18.720148185758017,0.0004547546953281187
18.782967474971972,0.0003863456505110645
18.845786764185924,0.00035210468132537985
18.90860605339988,0.000541449409006037
18.97142534261383,0.0003853217092590444
19.034244631827782,0.0005240154991722541
19.097063921041737,0.0004092513392861017
19.15988321025569,0.00033092354403283864
19.22270249946964,7.298438370372871e-05
19.285521788683596,0.00035140632860801343
19.348341077897548,0.0002423886233906559
19.4111603671115,0.0007018619587804303
19.473979656325454,0.0003527329034895606
19.536798945539406,0.0005866717353928632
19.59961823475336,0.00012852582924427608
19.662437523967313,0.0002837346766090268
19.725256813181268,0.0005411307403121991
19.78807610239522,0.0008272914262035487
19.850895391609175,0.00031448623975913827
19.913714680823126,0.0001383784634525107
19.97653397003708,0.0005091226899763042
20.039353259251033,0.0004599205322937481
20.10217254846499,5.742589325932289e-05
20.164991837678937,9.488181999671292e-05
20.22781112689289,0.00017494381952852815
20.290630416106843,0.0002819622085730806
20.3534497053208,0.00028541660582576047
20.41626899453475,0.00047070338698022916
20.479088283748702,0.00037856730298712563
20.541907572962657,0.0005405736029747222
20.60472686217661,0.00013375352945568702
20.667546151390564,0.00048594887979831974
20.730365440604515,0.0004732173057598712
20.79318472981847,0.0005386258197931735
20.856004019032422,0.0003550531617676947
20.918823308246377,0.00035101238515605803
20.98164259746033,0.0004710987712141266
21.04446188667428,0.0005949889021290872
21.107281175888232,0.0002266547163911453
21.170100465102188,0.0003760228158653321
21.23291975431614,0.00023856006049573995
21.295739043530094,0.0006210152269278314
21.358558332744046,0.0007794036184752142
21.421377621958,0.00018859054864034643
21.484196911171953,0.0005881707484784265
21.547016200385908,0.000358881753818605
21.60983548959986,0.00045100273767505373
21.67265477881381,0.000362723136083221
21.735474068027766,0.00016586855572257403
21.798293357241718,0.00018091351595217372
21.861112646455673,0.00045419925784822836
21.923931935669625,0.00038406879202401825
21.986751224883577,0.00041330484328568035
22.049570514097528,0.00036357009172629037
22.112389803311483,0.00035164599848335696
22.175209092525435,0.0004954096947408198
22.23802838173939,0.00047284934448740546
22.300847670953342,0.0001658143578928698
22.363666960167297,0.00044336380065300007
22.42648624938125,0.0004909685923750446
22.489305538595204,0.0004652497464213362
22.552124827809156,0.00017192807345815531
22.61494411702311,0.00048072034072352293
22.677763406237062,0.0002924131149007731
22.740582695451018,0.0004547104237762454
22.803401984664966,0.0002467551987795096
22.86622127387892,0.00047021835510482933
22.929040563092872,0.00022163082497445204
22.991859852306828,0.0003894934437916583
23.05467914152078,0.0002049915444113342
23.117498430734734,0.0004272053807364418
23.180317719948686,0.0001640220088806179
23.243137009162638,0.0005294094124238326
23.305956298376593,0.000306291622827727
23.368775587590545,0.000250682387123232
23.4315948768045,0.00038040922813811485
23.49441416601845,0.0005860898082388924
23.557233455232407,0.00035038484611460814
23.620052744446358,0.00028832683041374394
23.68287203366031,0.0002970208558182348
23.74569132287426,0.0003090941744495097
23.808510612088217,0.0005626802419385753
23.87132990130217,0.00021085448618974361
23.934149190516123,0.00020162501604362501
23.996968479730075,0.00018878725913092217
24.05978776894403,0.0002482562459745589
24.122607058157982,0.0002739344547682699
24.185426347371937,0.0004584516040708785
24.24824563658589,0.00020410624388014523
24.311064925799844,0.0003728706448419931
24.373884215013796,0.0002127748247217146
24.436703504227747,0.00042199495064975214
24.499522793441702,9.645339759348294e-05
24.562342082655654,0.00013530687041778277
24.625161371869606,0.0004987681648895228
24.68798066108356,0.00017265661595232192
24.750799950297512,0.00030154561991621945
24.813619239511464,0.00033798083678909633
24.87643852872542,0.00026782684490429055
24.93925781793937,0.00017087402402499895
25.002077107153326,0.00031127870608854463
25.064896396367278,0.00021936869646279217
25.127715685581233,0.00024142265076561995
25.19053497479518,0.00024571530050584783
25.25335426400914,5.9184623124550495e-05
25.316173553223088,0.0002141280078708197
25.378992842437047,0.0002957948928045737
25.441812131650995,0.00015401019524705658
25.504631420864953,0.00016821468292158693
25.5674507100789,0.0003201533705385043
25.630269999292857,0.00043488567291732097
25.69308928850681,8.049428473851513e-05
25.755908577720763,0.00012778690502710603
25.818727866934715,0.00043739573968697745
25.88154715614867,0.00020493728058790022
25.944366445362622,0.0006086426959156243
26.007185734576574,0.00010271066432062302
26.07000502379053,0.00018192760587267603
26.13282431300448,0.00023534279828027726
26.195643602218436,0.00041235811720938335
26.258462891432384,0.00033256116097072193
26.321282180646342,0.00034798860154890707
26.38410146986029,0.00018139937532097919
26.44692075907425,0.0006240930935029925
26.509740048288197,0.00023883924804733196
26.572559337502156,0.0002478433059934507
26.635378626716104,0.0002435423242080815
26.698197915930063,0.0004869516014183047
26.76101720514401,0.0002146628080157805
26.823836494357963,0.00029780107924976424
26.886655783571918,9.442789916097831e-05
26.94947507278587,0.00013529538243609507
27.012294361999825,0.00023929935160614464
27.075113651213776,0.00013375421336540041
27.13793294042773,0.00017054462386931204
27.200752229641683,0.0007507346075274502
27.26357151885564,0.00024562950864592033
27.32639080806959,0.00016329992662577808
27.389210097283545,0.0006149953098217481
27.452029386497493,0.00010670914079375781
27.514848675711452,0.00016330601023516487
27.5776679649254,0.00014729399079988005
27.64048725413936,0.00027647027834404287
27.703306543353307,0.00040516640713395414
27.76612583256726,0.00015276008771492768
27.828945121781214,0.00029512747257089947
27.891764410995165,0.0003462761544746665
27.95458370020912,0.0003764838293177525
28.017402989423072,0.000421970740388746
28.080222278637027,0.00031346345525537094
28.14304156785098,0.00016664811873037222
28.205860857064934,0.00015532474754408786
28.268680146278886,0.00024502266911100284
28.33149943549284,0.00024941948578132187
28.394318724706793,0.00023947357945990994
28.457138013920748,0.0003417957233120329
28.5199573031347,0.0001812161381425247
28.582776592348655,0.0002663660551644838
28.645595881562603,0.0006463041805988101
28.708415170776554,0.00011504422748320962
28.77123445999051,0.0001048156161123887
28.83405374920446,0.0002519711742862951
28.896873038418416,0.00018081475299958487
28.959692327632368,0.00021132957186110083
29.022511616846323,0.00011674343276156487
29.085330906060275,2.075900341151368e-05
29.14815019527423,0.00022088707175782718
29.21096948448818,0.0005476321338799159
29.273788773702137,0.00020504955327029593
29.33660806291609,0.00029429931256741833
29.399427352130044,0.0005577448758699012
29.462246641343995,0.00022137025107068028
29.525065930557943,0.00018736869915374587
29.587885219771902,0.00021388580852735607
29.65070450898585,0.0002650865462811698
29.71352379819981,0.0001766607234605683
29.776343087413757,0.00011476418650744838
29.839162376627712,0.0001964413451741475
29.901981665841664,0.00032388687792942947
29.96480095505562,0.0001688010263544167
30.02762024426957,0.0002256774394586639
30.090439533483526,0.00017435015384693886
30.153258822697477,0.0002624245636019303
30.216078111911433,0.00023856394729606205
30.278897401125384,0.00026210149871469225
30.34171669033934,0.0004132372752658142
30.40453597955329,0.00011267606553954508
30.467355268767243,0.0003158898528211038
30.530174557981198,0.00020014974136245238
30.592993847195146,0.000396052278507933
30.655813136409105,0.00015502389535175442
30.718632425623053,0.00015473085543347157
30.78145171483701,0.0003478895084479986
30.84427100405096,0.00020671516223209625
30.90709029326492,0.0004125128530498444
30.969909582478866,0.0001616923974620028
31.03272887169282,0.00029000745906241417
31.095548160906773,0.0002613981891060545
31.15836745012073,0.0002028746479784422
31.22118673933468,0.00032328022987245376
31.28400602854863,0.00020868985126567757
31.346825317762587,8.344460203575695e-05
31.40964460697654,0.00010516538144064062
31.472463896190494,0.0001236704982091303
31.535283185404445,6.437610562805358e-05
31.5981024746184,0.0003099739344071465
31.66092176383235,0.00028853970204113777
31.723741053046307,0.00023453960401115904
31.786560342260255,0.0001242031267475801
31.849379631474214,0.00032631147438566077
31.912198920688162,0.0005108789883750854
31.97501820990212,0.0002126200799000995
32.03783749911607,0.00034205730439180586
32.10065678833003,0.00015464560399024713
32.163476077543976,0.00017826335996748294
32.226295366757924,0.000340437430957153
32.289114655971886,0.00037029104540102346
32.351933945185834,0.0003114596623013507
32.41475323439979,0.0002171663673492398
32.47757252361374,0.00024255571126145312
32.54039181282769,0.00016037682882829172
32.60321110204165,0.00011022067551393235
32.6660303912556,0.00018128888888157136
32.72884968046955,0.00027151207295926164
32.791668969683506,4.253437657863624e-05
32.85448825889746,0.00031710621843402054
32.91730754811142,0.00030284824910621974
32.980126837325365,0.00024367392997999448
33.04294612653932,0.0002002317302382921
33.105765415753275,0.00015902679960025926
33.16858470496722,0.00015056007985478746
33.23140399418118,0.0002891731303411568
33.29422328339513,0.0002241995531457447
33.35704257260909,0.00017516621463094326
33.41986186182304,0.00043497152045002637
33.48268115103699,0.00028948736534091616
33.54550044025094,0.00019954241660938098
33.6083197294649,0.00020610847738903478
33.67113901867885,0.0001767148464562067
33.733958307892806,0.0003053951427832735
33.796777597106754,0.0002172614988880683
33.85959688632071,0.00021442336769775586
33.922416175534664,3.846708653452016e-05
33.98523546474861,0.00018894437806932872
34.04805475396257,5.084183896687285e-05
34.11087404317652,0.00031841743805093557
34.17369333239048,0.00013089690338245134
34.236512621604426,0.0002650557991347391
34.29933191081838,0.00021703506609205815
34.36215120003233,0.0003105689217054794
34.42497048924629,0.00022710859804711108
34.48778977846024,0.00011866421318807219
34.550609067674195,0.0002741011542020171
34.61342835688814,0.00020253230053196876
34.676247646102105,0.00023691552644687682
34.73906693531605,0.00031473257670169087
34.80188622453001,0.00013506363487770037
34.86470551374396,0.0003152098289185901
34.92752480295791,5.543280616061965e-05
34.99034409217187,0.0003395357041758515
35.053163381385815,0.00020016777342307408
35.11598267059977,0.0003069814358606502
35.178801959813725,0.00016598747365453013
35.24162124902768,0.0004507634301519451
35.30444053824163,0.0001085518483938589
35.367259827455584,0.000113444565188425
35.43007911666954,0.0002655858613500479
35.492898405883494,0.00024201578823289526
35.55571769509744,4.273850427537999e-05
35.6185369843114,0.00047396625667618246
35.681356273525346,0.00019009383086967087
35.7441755627393,5.63127535272533e-05
35.806994851953256,0.0004137071575617954
35.869814141167204,0.0002658447777204001
35.93263343038116,0.0001635591991515679
35.995452719595114,0.000260107728164441
36.05827200880907,0.00016352901867981828
36.12109129802302,0.00010499525199631615
36.18391058723697,0.00019104894224960528
36.24672987645093,0.00017464053731723852
36.30954916566488,8.439933295763922e-05
36.37236845487883,6.425020416189265e-05
36.43518774409279,0.00023246212925442334
36.49800703330674,0.0003001844116341645
36.5608263225207,0.00015052530710903803
36.623645611734645,9.458962360918821e-05
36.68646490094859,0.0003709074614323438
36.74928419016255,0.00022613326767602495
36.8121034793765,0.0001457846148569919
36.87492276859046,0.00015325859230851617
36.93774205780441,0.00012523741630265223
37.00056134701836,0.00027861750785253313
37.06338063623232,0.0002165734877354965
37.12619992544627,0.00010644459089239948
37.18901921466022,0.00032074180602668223
37.251838503874176,0.00027807162927567976
37.31465779308813,0.00020621213432422177
37.377477082302086,0.00030271140979559855
37.440296371516034,0.00019141763011099307
37.50311566072999,0.00028056960350259343
37.565934949943944,0.00025868602380641403
37.62875423915789,0.00023078849912467798
37.69157352837185,0.00020497462163317996
37.754392817585796,6.673161695258942e-05
37.81721210679976,0.00025727465523508135
37.880031396013706,4.931225451970808e-05
37.94285068522766,0.00021411781593035794
38.00566997444161,0.0001511021821096888
38.068489263655565,3.725688843224056e-05
38.13130855286952,0.00012432452762426756
38.194127842083475,5.33237917718691e-05
38.25694713129742,0.00014010466102103058
38.31976642051138,0.00015711752133764931
38.38258570972533,0.00044690863566432655
38.44540499893928,0.0003318114276279842
38.50822428815324,0.00010223886185132764
38.57104357736719,0.00029994164147276495
38.63386286658115,0.0002305179909408843
38.696682155795095,7.128699636081449e-06
38.75950144500905,0.00012813133458471995
38.822320734223,0.00014758393729206323
38.88514002343696,0.00023498791697093915
38.94795931265091,0.00012585115646510456
39.010778601864864,0.00014768607454327317
39.07359789107881,0.0005268824660615127
39.13641718029277,0.00031104838218638396
39.19923646950672,6.752805220197891e-05
39.26205575872068,0.00018308729466650337
39.324875047934626,0.00022633102507800675
39.38769433714858,6.582997777309462e-05
39.450513626362536,0.00017260006033119994
39.513332915576484,0.00023938657254716502
39.57615220479044,0.00028868949723347186
39.638971494004394,0.00016194032632032307
39.70179078321835,0.0001685857312751882
39.7646100724323,0.0002354853512576264
39.82742936164625,0.00019706240565805285
39.8902486508602,0.0002128944319148787
39.95306794007416,9.49175754016025e-05
40.01588722928811,0.0003113833622589061
40.07870651850207,0.0002282900878734241
40.141525807716015,7.130435486066018e-05
40.20434509692998,0.00017069722200718207
40.267164386143925,0.0002642896587517662
40.32998367535787,2.2876752368634562e-05
40.39280296457183,0.0002745980282395296
40.45562225378578,0.0002683995261615138
40.51844154299974,0.00019686654428786792
40.58126083221369,8.095984862148678e-05
40.64408012142764,0.000144657232662898
40.7068994106416,9.305937322576628e-05
40.76971869985555,0.00023807339411933295
40.8325379890695,0.00038180557350350904
40.895357278283456,0.0003188783065831687
40.958176567497404,0.00023609227702626716
41.020995856711366,3.424203406137835e-05
41.083815145925314,0.0002609648574661837
41.14663443513926,0.00014531728256366645
41.20945372435322,0.00016590770271140797
41.27227301356717,0.00011343738075676386
41.33509230278113,0.00026372218217867707
41.397911591995076,0.00010323220530070225
41.46073088120903,0.00019527082157292375
41.523550170422986,0.00020309408746787029
41.58636945963694,0.00010523205317273368
41.64918874885089,0.00018873695653929032
41.712008038064845,0.0002492159901540285
41.7748273272788,0.00011286983477514723
41.837646616492755,0.00027991558961914587
41.9004659057067,0.0001690494486483435
41.96328519492066,0.00016555987489732667
42.02610448413461,0.00018073473661945827
42.08892377334856,0.00028582190431778137
42.15174306256252,7.753165551780021e-05
42.214562351776465,0.0002011212177042151
42.27738164099042,0.00032274349908554444
42.340200930204375,8.782170864629487e-05
42.40302021941833,0.00023594261965444516
42.46583950863228,0.0001934846504076573
42.528658797846234,0.00016668273272950403
42.59147808706019,0.00021800278155248965
42.654297376274144,4.380490286461449e-06
42.71711666548809,9.478852589103912e-05
42.77993595470205,0.00023853848099901105
42.842755243916,0.0001450586567925919
42.90557453312995,0.00022665376322960406
42.968393822343906,0.00016451248813358432
43.031213111557854,0.0001815455471574275
43.094032400771816,0.00012841994753781324
43.156851689985764,0.00013113164346060247
43.21967097919972,0.0001338568058458445
43.28249026841367,0.0002045595778321969
43.34530955762762,0.00021882563580949066
43.40812884684158,0.00024552125546044887
43.47094813605553,0.0002502146962916879
43.53376742526948,0.000247469328102959
43.596586714483436,0.0002924838336655935
43.65940600369739,9.638593880503787e-05
43.72222529291135,0.00012963145616373825
43.785044582125295,0.0003055239252321675
43.84786387133925,0.00031411119476801416
43.910683160553205,0.00012312503063764465
43.97350244976715,0.00014880254510386072
44.03632173898111,0.00020031723118834336
44.099141028195056,1.5059692151822945e-05
44.16196031740902,0.00016800927236159034
44.22477960662297,0.00021792521914358845
44.28759889583692,0.0002289369197864537
44.35041818505087,8.926607281010556e-05
44.41323747426483,5.0610014900042177e-05
44.47605676347878,9.166619986593153e-05
44.538876052692736,0.0003960222228604783
44.601695341906684,0.0002602766264136071
44.66451463112064,0.000126942394769448
44.727333920334594,0.00026293769099178455
44.79015320954854,0.0003002413886417513
44.8529724987625,2.87752827385049e-05
44.91579178797645,0.00014610083143777703
44.97861107719041,0.00014386739264183584
45.041430366404356,7.740366399152534e-05
45.10424965561831,0.00016033437512022342
45.167068944832266,0.0002750344699938283
45.22988823404622,0.00022440326871504262
45.29270752326017,8.975761792768344e-05
45.355526812474125,8.830059576590898e-05
45.41834610168807,0.00014456305758408087
45.481165390902035,8.427420425543203e-05
45.54398468011598,0.00016162801198283828
45.60680396932993,0.00028217683266398537
45.669623258543886,0.00012266462023328157
45.73244254775784,0.00032067791193756654
45.7952618369718,0.00012625419286653905
45.858081126185745,0.0003444647332484752
45.9209004153997,0.0002199758561307831
45.983719704613655,0.00015812692790855473
46.04653899382761,9.431791986275397e-05
46.10935828304156,9.177612961838545e-05
46.172177572255514,8.254877822883772e-05
46.23499686146947,0.00024127332183941
46.297816150683424,0.00019656318548639482
46.36063543989737,7.086283433361702e-05
46.42345472911133,5.253057976721714e-05
46.486274018325275,0.000172651289172163
46.54909330753923,0.00026100646436223436
46.611912596753186,0.00021429637622304477
46.674731885967134,0.00027389482233379216
46.73755117518109,0.0003541570846251168
46.800370464395044,0.00013546771467757725
46.863189753609,2.820716690398381e-05
46.92600904282295,0.00016916317258576844
46.9888283320369,0.00011728518025533991
47.05164762125086,0.00023765081353110013
47.11446691046481,0.00022063041952927588
47.17728619967876,0.00010763014762364973
47.240105488892716,2.266287743721004e-05
47.30292477810667,0.00017748007207421158
47.36574406732062,0.00010067137235920666
47.428563356534575,0.0002476820053472793
47.49138264574852,0.00011267904437988895
47.55420193496248,0.00021100837744522424
47.61702122417643,0.0003472692022863603
47.67984051339039,0.00016083821870529046
47.74265980260434,0.00012326393075888745
47.80547909181829,0.0002109125296617698
47.86829838103225,0.0001779198537971759
47.9311176702462,0.00026661047314290633
47.99393695946015,0.00016825038772093462
48.056756248674105,3.353627707638219e-05
48.11957553788806,5.942860510264721e-05
48.182394827102016,0.00026014495836383043
48.245214116315964,8.460873301934974e-05
48.30803340552991,0.00010198169426415402
48.370852694743874,0.00010384011964162573
48.43367198395782,0.00016732877439103584
48.49649127317178,0.00018300380538093398
48.559310562385726,0.00023242848990991439
48.62212985159969,0.00024074751281741755
48.684949140813636,8.519861077635628e-05
48.74776843002759,0.00013857116616713844
48.81058771924154,0.00023859891821132793
48.873407008455494,0.00011431215483398091
48.93622629766945,0.0003861466888354129
48.999045586883405,4.894237615550905e-05
49.06186487609735,0.000183931704504481
49.12468416531131,0.00020892387347833485
49.18750345452526,0.00023977348280942678
49.25032274373921,0.0001202215663130991
49.31314203295317,0.0001733246153048288
49.37596132216712,0.000326322116093537
49.43878061138108,7.820270434570354e-05
49.501599900595025,0.00022706013751080758
49.56441918980898,0.00027126402453980314
49.62723847902293,9.358699354189916e-05
49.69005776823689,0.00029765964065040456
49.75287705745084,0.0001576938611760021
49.815696346664794,9.463498475916396e-05
49.87851563587874,0.00012804480765488918
49.9413349250927,0.00022863546922124664
50.00415421430665,0.000234098136441047
50.0669735035206,0.0003272191675987509
50.129792792734555,0.0001384891863920299
50.19261208194851,5.6053133296711e-05
50.255431371162466,0.00010003455690690938
50.318250660376414,5.402984182498662e-05
50.38106994959036,0.0001178227670564929
50.443889238804324,0.00016701040036703528
50.50670852801828,7.721463649873911e-05
50.56952781723223,6.148017671255414e-05
50.632347106446176,0.00015492577348298083
50.69516639566014,0.00026233519833737163
50.75798568487409,7.356951666144907e-05
50.82080497408804,0.00030471800404612047
50.88362426330199,9.846799325241417e-05
50.946443552515944,0.0002777669818897143
51.00926284172991,3.929656479501145e-05
51.072082130943855,4.54969168732101e-05
51.1349014201578,0.000139107169115123
51.19772070937176,3.915893126343102e-05
51.26053999858571,0.0002762127903867897
51.32335928779967,7.689240867908097e-05
51.38617857701362,0.00015078150816336453
51.448997866227565,0.00026312761692907547
51.51181715544153,0.00013150676098367339
51.57463644465548,3.094062367409109e-05
51.63745573386943,0.00025044166296818204
51.70027502308338,0.0003643457365097577
51.76309431229734,0.00028268224616775206
51.825913601511296,0.00016659789523760404
51.888732890725244,0.00011467043795032104
51.95155217993919,3.06317582867549e-05
52.01437146915315,0.0001468972672389767
52.07719075836711,0.00021601655404870706
52.14001004758106,0.00023759838989618015
52.202829336795006,0.00029760318313956955
52.26564862600896,5.111356469659936e-05
52.328467915222916,0.00020516158142863233
52.39128720443687,0.00025141304137412746
52.45410649365082,8.797964483478196e-05
52.51692578286477,3.5497406396524285e-05
52.57974507207873,9.064720660915356e-05
52.642564361292685,0.00019738425204017513
52.70538365050663,0.00013104122236584265
52.76820293972058,0.0001487073710879886
52.831022228934536,0.00011853571647856638
52.8938415181485,0.0001953885010465313
52.95666080736245,3.3384339726809365e-05
53.019480096576395,0.00013278834479673153
53.08229938579035,0.00020870786516551234
53.14511867500431,4.6923885467545096e-05
53.20793796421826,0.00025471164320707454
53.27075725343221,0.00010345325573996714
53.33357654264616,9.806000920012675e-05
53.396395831860126,2.185232684833801e-05
53.459215121074074,4.663536325061237e-05
53.52203441028802,4.2584909105098755e-05
53.58485369950198,0.00014984487766121388
53.647672988715925,0.0002526385727808919
53.71049227792989,0.0001234194943740546
53.773311567143836,0.0001390233584924827
53.836130856357784,0.00010112085956105916
53.89895014557174,0.00013410271439115443
53.9617694347857,0.0003975350885363379
54.02458872399965,0.00017154495230088066
54.0874080132136,0.00013692102817771618
54.15022730242755,5.4926077971802045e-05
54.213046591641515,6.527057297461023e-05
54.27586588085546,0.00015366926243280424
54.33868517006941,0.00017735922629610738
54.401504459283366,0.00016030423626585617
54.46432374849733,0.00022532096697214856
54.52714303771128,0.00019871404556983378
54.589962326925225,2.3840073512291627e-05
54.65278161613918,0.00014965013224701432
54.71560090535313,5.334431577795479e-05
54.77842019456709,7.741030357860615e-05
54.84123948378104,4.256204624915861e-05
54.904058772994986,0.00010520912613377422
54.96687806220894,0.0001804233355759922
55.029697351422904,0.00024953141798492374
55.09251664063685,0.00014074036193166485
55.1553359298508,0.00022313953045437657
55.218155219064755,0.00020910390688486737
55.28097450827872,0.00010774827616364542
55.343793797492665,0.00011725850583556749
55.406613086706614,0.00020503704013780026
55.46943237592057,0.00020719812205872816
55.53225166513452,7.0561621308052e-05
55.59507095434848,0.00017854609702143138
55.65789024356243,6.779129512375953e-05
55.72070953277638,0.00012918707999621637
55.78352882199033,0.00011280263454644362
55.84634811120429,0.00010553319846795966
55.90916740041824,0.00020817540929721022
55.971986689632196,5.1952581598690005e-05
56.034805978846144,9.379477757799039e-05
56.097625268060106,9.6329923793692e-05
56.160444557274054,8.64192426495144e-05
56.223263846488,8.462970324454873e-05
56.28608313570196,0.0001504395627068781
56.348902424915906,0.00014728330849769612
56.41172171412987,7.11267501128908e-05
56.474541003343816,0.0002433007574435666
56.53736029255777,0.00020043577286480528
56.60017958177172,0.0001985924220620623
56.66299887098568,0.0002528045990297065
56.72581816019963,1.597322524086661e-05
56.788637449413585,0.0001259745463533023
56.85145673862753,9.687620888614543e-05
56.914276027841495,0.00015665639073014786
56.97709531705544,0.00016379854445356878
57.0399146062694,0.0001612938810408888
57.10273389548335,9.843379473368034e-05
57.16555318469731,0.00026723085265873233
57.22837247391126,9.512973350771856e-05
57.291191763125205,0.00019434777846837986
57.35401105233916,0.00018895018712815196
57.41683034155311,9.281162731255981e-05
57.47964963076707,5.3742056615604655e-05
57.54246891998102,9.661478775215549e-05
57.605288209194974,0.00016742448402900468
57.66810749840892,6.013451961192781e-05
57.730926787622884,7.478237426967514e-05
57.79374607683683,6.254318014153834e-05
57.85656536605079,0.0001329640104903546
57.919384655264736,0.0001355992096498758
57.9822039444787,9.665635960722829e-05
58.045023233692646,6.87473635980151e-05
58.1078425229066,0.0001251154944619013
58.17066181212055,0.0003409506935025211
58.2334811013345,5.193212101169454e-05
58.29630039054846,0.00015561993751391675
58.359119679762415,6.491974976948292e-05
58.42193896897636,0.00012640838995927085
58.48475825819031,0.0001661707196692093
58.54757754740427,0.00027192834257227106
58.61039683661822,0.00022338026242470403
58.67321612583218,8.765002750782336e-05
58.736035415046125,0.00016193944964219356
58.79885470426009,4.383506310234393e-05
58.861673993474035,0.00026428119466885135
58.92449328268799,0.00012240147184340198
58.98731257190194,9.780613496205089e-05
59.05013186111589,1.4047301171018837e-05
59.11295115032985,3.2735822156506575e-05
59.175770439543804,8.519561376290835e-05
59.23858972875775,0.0003667626817391868
59.3014090179717,0.0003218113673532749
59.36422830718566,0.00014215979337505903
59.42704759639962,0.00021330808414182488
59.489866885613566,5.9808414336264904e-05
59.552686174827514,0.00011507996221232143
59.615505464041476,0.00015548169764266067
59.678324753255424,6.873985449109758e-05
59.74114404246938,0.0001264153312508166
59.80396333168333,9.96690271502619e-05
59.866782620897276,0.00011868692237216395
59.92960191011124,4.237515153109851e-05
59.99242119932519,0.0002729576176168681
60.05524048853914,0.00013904265591067983
60.11805977775309,7.62381611857374e-05
60.18087906696705,0.00013866187657419072
60.24369835618101,4.965991450265549e-05
60.306517645394955,0.00015255241693807068
60.3693369346089,8.772786016047443e-05
60.432156223822865,7.944675156110008e-05
60.49497551303682,9.965473785741773e-05
60.55779480225077,0.00018878208339625333
60.62061409146472,8.819208617756908e-05
60.68343338067868,0.00013726034261663038
60.74625266989263,7.27461192045772e-05
60.80907195910658,1.6089732885511998e-05
60.87189124832053,9.007133984904645e-05
60.934710537534485,0.00013252195661628884
60.99752982674844,0.00020420645325999097
61.060349115962396,0.0001161132120668317
61.123168405176344,7.373124162055869e-05
61.18598769439029,0.00013353855633754013
61.248806983604254,6.350968146761441e-05
61.31162627281821,7.046693403113027e-05
61.37444556203216,0.0001623225818607611
61.437264851246105,0.00016610934210538485
61.50008414046007,4.067443618856649e-05
61.56290342967402,6.88010770446399e-05
61.62572271888797,0.00017846670655714676
61.68854200810192,0.00016770412196583892
61.751361297315874,6.636705140744027e-05
61.81418058652984,0.00019383659179874604
61.876999875743785,5.971804036273561e-05
61.93981916495773,0.00021648503192438017
62.00263845417169,8.929671395943864e-05
62.06545774338564,0.00011698953310089195
62.1282770325996,0.00019659762515096077
62.191096321813546,0.00012320705179860936
62.253915611027494,0.00011533965334925725
62.31673490024146,1.9793337246464216e-05
62.37955418945541,8.691308966393684e-05
62.44237347866936,2.1331038555019975e-05
62.50519276788331,6.0528726870348925e-05
62.56801205709726,7.338625641887758e-05
62.630831346311226,0.00016511730728533268
62.693650635525174,0.0002432452887769425
62.75646992473912,0.00015661826281692724
62.81928921395308,4.49925900131982e-05
62.88210850316704,9.227637688164713e-05
62.94492779238099,5.514886854957206e-05
63.007747081594935,2.665875694940394e-05
63.07056637080889,7.12603142927207e-05
63.133385660022846,0.00020619753952315933
63.1962049492368,0.0002319162278535828
63.25902423845075,0.00014988906692257756
63.3218435276647,0.00017148330339705748
63.38466281687866,2.066849248136005e-05
63.447482106092615,0.00020430761126346208
63.51030139530656,6.231056487594518e-06
63.57312068452051,0.00022775760190518139
63.635939973734466,3.566783506237675e-05
63.69875926294843,0.00018881291592412827
63.761578552162376,6.663078405526252e-05
63.824397841376324,0.0001882523144663448
63.88721713059028,0.0001500706368822273
63.95003641980424,8.234465981195019e-05
64.01285570901818,0.00028572655524462587
64.07567499823215,0.0002950952601691087
64.1384942874461,0.00018003829391380582
64.20131357666006,5.383774503550846e-05
64.264132865874,0.0001554683273863479
64.32695215508795,0.00015138619289100286
64.3897714443019,4.2494730385781515e-05
64.45259073351585,0.00014696694490445338
64.51541002272981,2.4538013324909787e-05
64.57822931194377,2.9240830992685573e-05
64.64104860115772,0.0002080872582072618
64.70386789037167,0.00031804457405784913
64.76668717958563,8.773691420631788e-05
64.82950646879958,7.41938314710656e-05
64.89232575801353,0.00017014357168281942
64.95514504722748,0.00019621336253850905
65.01796433644144,0.00010541985898577602
65.08078362565539,9.035713957818026e-05
65.14360291486935,0.000213864336275015
65.2064222040833,0.0001520580691759204
65.26924149329724,7.134177938267683e-05
65.3320607825112,0.00013803757686341596
65.39488007172515,3.811208546029803e-05
65.4576993609391,7.319535892554648e-05
65.52051865015305,0.00012848812564269027
65.58333793936701,0.00018951044067524385
65.64615722858098,0.0001555938934083287
65.70897651779492,0.0002442560919810593
65.77179580700887,0.00010286891336489293
65.83461509622283,0.00010440928794463117
65.89743438543678,0.00022013040915056312
65.96025367465073,0.00012024659888289895
66.02307296386468,0.00011492981656117002
66.08589225307864,0.00011441154837609795
66.14871154229259,0.0002396604440746658
66.21153083150655,0.00010025929813965157
66.2743501207205,5.7993774386306305e-05
66.33716940993445,0.00011954749830212421
66.39998869914841,1.5136432427603007e-05
66.46280798836236,0.00012209078931032095
66.5256272775763,7.881453655553144e-05
66.58844656679025,6.587038624254975e-05
66.65126585600422,0.00012678333489233657
66.71408514521818,0.00028003669469649006
66.77690443443213,0.0002890691465428314
66.83972372364607,3.765393083818595e-05
66.90254301286004,4.582095930578075e-05
66.96536230207398,8.974888935042553e-05
67.02818159128793,6.145712870455249e-05
67.09100088050188,0.00027044563997136775
67.15382016971584,8.339370244685117e-05
67.2166394589298,9.231513623386348e-05
67.27945874814375,7.17240132688677e-05
67.3422780373577,0.0001727921086828199
67.40509732657165,0.00024049071899094702
67.46791661578561,0.0001118751567631139
67.53073590499956,0.00010261668328647327
67.59355519421351,7.50228206434442e-05
67.65637448342746,4.097870507306991e-05
67.71919377264142,6.668175159437568e-05
67.78201306185538,0.00014543661944490326
67.84483235106933,7.916872522174527e-05
67.90765164028328,1.5913326455814633e-05
67.97047092949722,0.0002138411343388504
68.03329021871119,0.00015890684023883107
68.09610950792514,6.229825420768406e-05
68.15892879713908,0.0001017539946144833
68.22174808635305,5.349035173310106e-05
68.28456737556701,0.0001771125488191792
68.34738666478096,8.178238636007811e-05
68.4102059539949,7.642976275387534e-05
68.47302524320885,7.714242284517473e-05
68.53584453242281,0.00018117336419075378
68.59866382163676,0.00010534249165580738
68.66148311085071,0.00017301681547382316
68.72430240006466,0.00013509654739610197
68.78712168927862,4.5514583472903305e-05
68.84994097849258,0.00018888485557666442
68.91276026770653,0.0001307616052943289
68.97557955692048,6.902994632343555e-05
69.03839884613443,7.270295603251843e-05
69.10121813534839,0.00011924350608049974
69.16403742456234,7.943700540833007e-05
69.22685671377629,6.0834049872598754e-05
69.28967600299025,0.00020336273525103923
69.35249529220421,0.00022801570185396587
69.41531458141816,0.0001551653060894537
69.4781338706321,7.668207958858588e-05
69.54095315984605,0.00013398054066752005
69.60377244906002,6.085647267829175e-05
69.66659173827397,0.00011654567679386809
69.72941102748791,0.00010515026366906135
69.79223031670188,0.00010208784792566715
69.85504960591582,0.00019408608048603334
69.91786889512979,8.747561678522001e-05
69.98068818434373,0.00015684565752487192
70.04350747355768,1.2088237705193931e-05
70.10632676277163,3.0206726887100917e-05
70.16914605198559,2.1736539575062175e-05
70.23196534119954,6.141083561744205e-05
70.29478463041349,0.0001450849559519059
70.35760391962745,7.024531347290523e-05
70.42042320884141,0.0001182702516629378
70.48324249805536,0.00016655870054431275
70.54606178726931,6.388756437469767e-05
70.60888107648326,0.00017783531791689308
70.6717003656972,4.754963591349686e-05
70.73451965491117,0.0001310978801295469
70.79733894412512,0.00021002974744260445
70.86015823333908,2.496189481077997e-05
70.92297752255303,0.0001326924498034795
70.98579681176699,0.00010185733817261983
71.04861610098094,9.555304577813715e-05
71.11143539019488,7.351563558069427e-05
71.17425467940883,7.753420242973642e-05
71.2370739686228,6.8630578781281e-05
71.29989325783674,0.00012444040137131118
71.36271254705069,4.968462583049912e-05
71.42553183626465,0.00016873248923228427
71.4883511254786,2.9206021120846518e-05
71.55117041469256,0.0001036364794274173
71.61398970390651,0.0002311108603403642
71.67680899312046,7.814873999420408e-05
71.73962828233441,6.29381941495009e-05
71.80244757154837,0.00013756328370741232
71.86526686076232,6.33413728928751e-05
71.92808614997628,4.3490906949224305e-05
71.99090543919023,0.00015995119389970307
72.05372472840419,3.679425250518047e-05
72.11654401761814,0.00010833538760029217
72.17936330683209,9.264219438740443e-05
72.24218259604604,6.5427679526391e-05
72.30500188526,7.819945733460308e-05
72.36782117447395,3.601708109508454e-05
72.4306404636879,3.8698442500679884e-05
72.49345975290186,0.0001896846573565726
72.5562790421158,8.379135687592677e-05
72.61909833132977,3.595879231284775e-05
72.68191762054371,7.688429622906037e-05
72.74473690975766,0.00017145543417441887
72.80755619897161,8.206841884945267e-05
72.87037548818557,0.00011089906728559068
72.93319477739952,3.428859844927255e-05
72.99601406661348,0.00011308103639557886
73.05883335582743,9.125574570244697e-05
73.1216526450414,8.518652344899016e-05
73.18447193425534,3.280772190708001e-05
73.24729122346929,6.0128044883881704e-05
73.31011051268324,3.722738753460261e-05
73.37292980189719,0.00018440596796685192
73.43574909111115,0.00010089039761613257
73.4985683803251,0.00010515450907359277
73.56138766953906,0.00012152753996738982
73.624206958753,0.00011425352508364894
73.68702624796697,0.00011621154040470197
73.74984553718092,0.0001500676206744393
73.81266482639487,7.318102806325532e-05
73.87548411560881,0.00017304572446911033
73.93830340482278,4.855046565851748e-05
74.00112269403672,0.00014132015727861435
74.06394198325069,0.00013729969229822622
74.12676127246463,0.00011605831710279924
74.18958056167858,9.978920046606381e-05
74.25239985089254,7.46643054998407e-05
74.31521914010649,0.00018364930173694725
74.37803842932044,0.0002585840986199933
74.44085771853439,0.00017076410775549336
74.50367700774835,7.156529619209228e-05
74.56649629696231,0.00013732597829952723
74.62931558617626,0.00012338295181215303
74.69213487539021,0.0001328509155769372
74.75495416460417,0.000216308381956586
74.81777345381812,5.512345792690556e-05
74.88059274303207,0.00013092953454094239
74.94341203224602,7.655188887177799e-05
75.00623132145998,4.084002745767345e-05
75.06905061067393,0.0001290010531454003
75.13186989988789,5.212051329933696e-05
75.19468918910184,0.00010095850840996244
75.25750847831578,0.00024219039100022974
75.32032776752975,0.00013427156136164777
75.3831470567437,5.220847672727737e-05
75.44596634595764,0.00010305707478326781
75.50878563517159,0.00014555641434772388
75.57160492438555,0.0002126375991183433
75.63442421359952,0.00013689505580495652
75.69724350281346,0.00023031860641641372
75.76006279202741,8.013204274461805e-05
75.82288208124137,9.25759668654823e-05
75.88570137045532,9.539536849308829e-05
75.94852065966927,4.470218081503416e-05
76.01133994888322,5.6383892349372575e-05
76.07415923809717,0.00015377880245499577
76.13697852731113,0.00011192336315603577
76.19979781652509,0.00010597839244641416
76.26261710573904,0.00014889743920575629
76.32543639495299,7.77855793273106e-05
76.38825568416695,0.00011722961764247044
76.4510749733809,0.00015770558451891326
76.51389426259485,8.584057239753159e-05
76.5767135518088,0.00014732301453385934
76.63953284102276,0.00011486427195704121
76.70235213023672,2.3783904529477326e-05
76.76517141945067,4.876937454639824e-05
76.82799070866461,0.00012796460201087572
76.89080999787856,3.830460744209793e-05
76.95362928709253,1.412021416382605e-05
77.01644857630647,0.00016840995088151614
77.07926786552042,0.00017067654932346866
77.14208715473438,0.00010367259911077062
77.20490644394833,8.316736824151382e-05
77.2677257331623,9.272033951929795e-05
77.33054502237624,6.427771273915435e-05
77.39336431159019,2.302521462008284e-05
77.45618360080415,5.3662867235632715e-05
77.5190028900181,0.0002127148467776844
77.58182217923205,9.459870145262002e-05
77.644641468446,0.00020312609418606545
77.70746075765996,0.00016080557741626498
77.77028004687392,8.68379360438702e-05
77.83309933608787,4.217066121011157e-05
77.89591862530182,0.00019725040814228854
77.95873791451577,0.0001919131327857147
78.02155720372973,8.808068821545073e-05
78.08437649294368,0.00010465083847627411
78.14719578215762,0.00011371379013102583
78.21001507137159,8.991981393004064e-05
78.27283436058553,0.00011530464292105655
78.3356536497995,0.0001343293247367708
78.39847293901344,0.0002468636351149313
78.46129222822739,4.720167773793251e-05
78.52411151744136,9.191318778782942e-05
78.5869308066553,0.00014725704292927684
78.64975009586925,6.589807212107011e-05
78.7125693850832,6.402113273999146e-05
78.77538867429716,8.084005753022873e-05
78.83820796351112,6.803465141441295e-05
78.90102725272507,0.00016192333787137475
78.96384654193902,0.0001415003439545731
79.02666583115297,0.00016869064213936058
79.08948512036693,5.797658702021061e-05
79.15230440958088,7.463263976159762e-05
79.21512369879483,5.3517252738351436e-05
79.27794298800879,0.00012028240814259715
79.34076227722274,0.00017246311705828126
79.4035815664367,5.373234300969101e-05
79.46640085565065,3.474982227232548e-05
79.5292201448646,0.00014820768795746546
79.59203943407854,4.945154779482094e-05
79.6548587232925,6.959008681312214e-05
79.71767801250645,7.96034935677303e-05
79.7804973017204,0.00017341361885886287
79.84331659093436,0.00011573269246733806
79.90613588014833,0.00012832515969898292
79.96895516936227,0.00010247831239744037
80.03177445857622,8.679633117343454e-05
80.09459374779017,1.727189510232257e-05
80.15741303700413,0.00017240630710739575
80.22023232621808,6.419738670796683e-05
80.28305161543203,5.5664689181668495e-05
80.34587090464599,9.879648635629745e-05
80.40869019385995,9.932412384537101e-05
80.4715094830739,3.6767478481156296e-05
80.53432877228785,7.752545792640045e-05
80.5971480615018,5.588243440899116e-05
80.65996735071575,4.135204880282471e-05
80.72278663992971,0.00013149421429162694
80.78560592914366,7.770804721099216e-05
80.8484252183576,9.01418030689579e-05
80.91124450757157,0.00014772682268540538
80.97406379678553,1.1156044490645886e-05
81.03688308599948,8.587105524542518e-05
81.09970237521343,5.69845502988411e-05
81.16252166442737,9.852362189456832e-05
81.22534095364134,8.66561137503414e-05
81.28816024285528,4.148071146823344e-05
81.35097953206923,0.00010192348085547354
81.4137988212832,0.00012808249659164144
81.47661811049714,0.00011333417798245024
81.5394373997111,7.950369873829791e-05
81.60225668892505,0.00015246473520620876
81.665075978139,0.00012762219585568224
81.72789526735295,8.823195307245597e-05
81.79071455656691,0.0001021906501784386
81.85353384578086,7.011986950901134e-05
81.91635313499481,0.00010124184148711534
81.97917242420877,7.680513118369694e-05
82.04199171342273,8.66344755331175e-05
82.10481100263668,0.00018077743059762393
82.16763029185063,9.80747357984644e-05
82.23044958106458,0.0001612047375250864
82.29326887027852,0.00022097359668934172
82.35608815949249,0.0001262231458141228
82.41890744870643,0.00027160467112911886
82.4817267379204,0.00013480377873642278
82.54454602713434,0.00010952792024501905
82.60736531634831,0.00012822514340617497
82.67018460556226,0.00014449692358209387
82.7330038947762,5.995124557481906e-05
82.79582318399015,7.34643441875946e-05
82.85864247320411,2.664745239669435e-05
82.92146176241806,3.104454945910246e-05
82.98428105163202,0.00017023212738623384
83.04710034084597,0.00010597326771150465
83.10991963005992,0.00016567025080699416
83.17273891927388,9.123040557169672e-05
83.23555820848783,0.00013708196796446634
83.29837749770178,9.866943239643548e-05
83.36119678691573,0.0001243816233483045
83.42401607612969,6.522938416132227e-05
83.48683536534364,0.00014892023692782342
83.5496546545576,8.80332355587337e-05
83.61247394377155,9.814377891973447e-05
83.67529323298551,0.00012849475160837465
83.73811252219946,6.177671441715918e-05
83.8009318114134,7.752610210126248e-05
83.86375110062735,4.8392608749422575e-05
83.92657038984132,0.0001737477598231706
83.98938967905526,0.00021538727409267856
84.05220896826923,4.616374434213255e-05
84.11502825748317,1.6245282110925144e-05
84.17784754669712,0.00019584020331179266
84.24066683591109,0.00011881203799419347
84.30348612512503,0.00016861990586014433
84.36630541433898,4.824096442088383e-05
84.42912470355293,6.149920205614963e-05
84.49194399276689,0.0001471041994699656
84.55476328198084,0.00012124202838997589
84.6175825711948,0.0001584178359855245
84.68040186040875,0.00017599853259034527
84.74322114962271,0.00011776068112673116
84.80604043883666,4.289077538688145e-05
84.86885972805061,5.812755916956126e-05
84.93167901726456,1.589077664908279e-05
84.9944983064785,1.2449535658615873e-05
85.05731759569247,2.688625262570795e-05
85.12013688490643,0.00010881140532028641
85.18295617412038,2.8741087950139835e-05
85.24577546333433,8.130387530826939e-05
85.30859475254829,0.00017187791612988798
85.37141404176224,5.470491867483321e-05
85.43423333097618,0.00010489698008447855
85.49705262019013,1.9712590543940067e-05
85.5598719094041,8.833675046980818e-05
85.62269119861804,1.636590840754457e-05
85.685510487832,0.00010852530427618747
85.74832977704595,0.00016376508603894077
85.8111490662599,3.188432194893708e-05
85.87396835547386,6.727557180809313e-05
85.93678764468781,9.17591877663425e-05
85.99960693390176,0.00012187686185067025
86.06242622311571,4.759553042461706e-05
86.12524551232967,9.611481617208093e-06
86.18806480154363,0.0001231487516514716
86.25088409075758,5.7497014333475286e-05
86.31370337997153,0.00010317618619547537
86.37652266918549,3.4146949534969696e-05
86.43934195839944,6.377831567268161e-05
86.50216124761339,0.00010718454337020159
86.56498053682733,0.00011558863420715182
86.6277998260413,0.00015032591509471773
86.69061911525525,1.4863078208775613e-05
86.75343840446921,9.448951803853097e-05
86.81625769368316,0.0001318132461122601
86.8790769828971,6.626047861709084e-05
86.94189627211107,2.5185102479790188e-05
87.00471556132501,5.3875061295339554e-05
87.06753485053896,6.154642209884626e-05
87.13035413975291,0.00016557088983721
87.19317342896687,0.00015256623389924066
87.25599271818083,8.19403421547512e-05
87.31881200739478,2.9057198387798475e-05
87.38163129660873,9.480999517622556e-05
87.4444505858227,0.00011116958060912327
87.50726987503664,0.0002583613185785454
87.57008916425059,4.918807555817785e-05
87.63290845346454,6.656998607313876e-05
87.6957277426785,5.692514402826027e-05
87.75854703189246,7.35817579563346e-05
87.82136632110641,9.94983881744153e-05
87.88418561032036,0.00010029284174981474
87.9470048995343,7.247460448669884e-05
88.00982418874827,0.0001163391342438466
88.07264347796222,3.602602694848544e-05
88.13546276717616,0.00011290718085532248
88.19828205639011,6.0631085984295655e-05
88.26110134560408,0.00012127718686734034
88.32392063481804,7.74459376482236e-05
88.38673992403199,0.00012028125461133069
88.44955921324593,4.11194692425271e-05
88.51237850245988,9.023737601292281e-05
88.57519779167384,5.6196516383859394e-05
88.63801708088779,7.530584311732664e-05
88.70083637010174,0.0001205961742288863
88.7636556593157,6.594720009998428e-05
88.82647494852966,0.0001290812093074744
88.88929423774361,0.0001272460380074808
88.95211352695756,0.00016183479629071414
89.01493281617151,6.258819348438713e-05
89.07775210538547,5.123749445168474e-05
89.14057139459942,0.00025386354450098017
89.20339068381337,0.00014482139459144397
89.26620997302732,0.00012588852125967252
89.32902926224128,0.00015567864793181773
89.39184855145524,0.00018638370404550737
89.45466784066919,5.359126200931398e-05
89.51748712988314,6.681482435731222e-05
89.58030641909708,0.0001688742351035529
89.64312570831105,0.00019840976021540715
89.705944997525,0.00016112693578541556
89.76876428673894,0.0001691831952921187
89.8315835759529,6.513876675063813e-05
89.89440286516687,0.00012147856497212939
89.95722215438082,1.6679821467068966e-05
90.02004144359476,7.028341032060104e-05
90.08286073280871,3.8607168801389063e-05
90.14568002202267,0.0001126494042425296
90.20849931123662,2.6647420272828072e-05
90.27131860045057,6.13962360604091e-05
90.33413788966453,0.0001506310778136811
90.39695717887848,0.00015967173800735207
90.45977646809244,0.00012477587585927723
90.52259575730639,7.837993327204682e-05
90.58541504652034,7.068817824230592e-05
90.64823433573429,0.00018467561222160826
90.71105362494825,0.00010998987874483413
90.7738729141622,0.0001376603327565246
90.83669220337615,0.0001643909472106093
90.89951149259011,0.0001528526656741862
90.96233078180407,0.00012027932376756029
91.02515007101802,0.00013087522161774867
91.08796936023197,0.0001577383551896687
91.15078864944591,3.6637215507978896e-05
91.21360793865986,8.64846526291934e-05
91.27642722787382,0.0001125880239394151
91.33924651708777,7.176600640138393e-05
91.40206580630174,0.00017850613580419264
91.46488509551568,0.00011430638564577889
91.52770438472965,0.0001258951791078046
91.5905236739436,5.658193955670509e-05
91.65334296315754,0.00014209597525051827
91.71616225237149,0.00012781302914734679
91.77898154158545,9.987359549217208e-05
91.8418008307994,0.00011774072273101065
91.90462012001335,0.00013628626316025387
91.96743940922731,0.00011606032212851447
92.03025869844126,8.758837031985612e-05
92.09307798765522,4.559916497977849e-05
92.15589727686917,2.0783779843830748e-05
92.21871656608312,5.3200943627816055e-05
92.28153585529707,0.00010873553331247809
92.34435514451103,0.00010981278698191706
92.40717443372498,0.0002417919308293138
92.46999372293894,5.890147642847828e-05
92.53281301215289,0.00011199629038472622
92.59563230136685,7.692439108490622e-05
92.6584515905808,0.00014097363502727617
92.72127087979474,0.00016756943596219333
92.78409016900869,9.523048693443514e-05
92.84690945822265,0.00013814649795001305
92.9097287474366,4.366187640244257e-05
92.97254803665055,0.00012681737865781606
93.03536732586451,4.836287537112762e-05
93.09818661507846,6.171470394847156e-05
93.16100590429242,0.00013593781160689658
93.22382519350637,0.00011736102852783724
93.28664448272032,0.00012632623607473632
93.34946377193427,0.00014022491083561222
93.41228306114823,2.1128048196021493e-05
93.47510235036218,3.909877827157667e-05
93.53792163957614,4.556547119046019e-05
93.60074092879009,8.812342101252501e-05
93.66356021800405,9.83564201060502e-05
93.726379507218,0.00011377538767441154
93.78919879643195,0.00011196327427786452
93.8520180856459,0.0001473076536437387
93.91483737485984,0.00010988652596489428
93.9776566640738,1.64117626659477e-05
94.04047595328775,5.7414404033822786e-05
94.10329524250172,9.509662271860339e-05
94.16611453171566,0.00011766654715125128
94.22893382092963,2.8298919055911384e-05
94.29175311014357,0.00011468369208370034
94.35457239935752,0.00010728961028922346
94.41739168857147,8.582286391670198e-05
94.48021097778543,8.525989555622701e-05
94.54303026699938,0.000163416853881685
94.60584955621334,8.569601473817367e-05
94.66866884542729,0.00015182785309226281
94.73148813464124,0.0001327588366566952
94.7943074238552,7.203227288622552e-05
94.85712671306915,6.720408105767582e-05
94.9199460022831,1.7402517516954373e-05
94.98276529149705,8.741883538270172e-05
95.04558458071101,8.90712301667462e-05
95.10840386992496,2.1415860767093732e-05
95.17122315913892,2.8607677258944993e-05
95.23404244835287,0.00011820527338592654
95.29686173756683,2.7990621877901637e-05
95.35968102678078,3.955625530691701e-05
95.42250031599472,4.467369977409355e-05
95.48531960520867,7.324281042960738e-05
95.54813889442264,1.784957206048825e-05
95.61095818363658,6.912724854812647e-05
95.67377747285055,4.8640397543821676e-05
95.7365967620645,2.6832250678997223e-05
95.79941605127844,8.514214847824826e-05
95.8622353404924,6.029135878338771e-05
95.92505462970635,6.0266925170236755e-05
95.9878739189203,1.7532949849612214e-05
96.05069320813425,0.00015522075008816
96.11351249734821,7.213676572603587e-05
96.17633178656217,4.4353638784232446e-05
96.23915107577612,0.0001378281772364839
96.30197036499007,4.108496481655252e-05
96.36478965420403,0.000198190346023459
96.42760894341798,0.00015924585583987423
96.49042823263193,6.238963083842742e-05
96.55324752184588,0.00015550819321298427
96.61606681105982,7.020915819562131e-05
96.67888610027379,3.92399743768296e-05
96.74170538948775,0.00012785463730696772
96.8045246787017,7.10098460737361e-05
96.86734396791564,9.362336257463044e-05
96.9301632571296,7.683826644597215e-05
96.99298254634355,0.00017608474456249046
97.0558018355575,0.00018814776127231577
97.11862112477145,0.00012404938918174035
97.18144041398541,0.00018105086237285787
97.24425970319938,2.8809199201828753e-05
97.30707899241332,0.00016504035207555237
97.36989828162727,5.6989062374656634e-05
97.43271757084122,0.0001391515950377861
97.49553686005518,6.464577413823832e-05
97.55835614926913,6.64897756261953e-05
97.62117543848308,5.216905412518037e-05
97.68399472769703,4.259375327166975e-05
97.74681401691099,4.006036094972054e-05
97.80963330612495,0.00010378555061824396
97.8724525953389,7.344019534703094e-05
97.93527188455285,3.774726622413328e-05
97.99809117376681,8.14854473269839e-05
98.06091046298076,6.608885325074952e-05
98.1237297521947,9.37574923229871e-05
98.18654904140865,7.623335747775095e-05
98.24936833062262,6.962960400997987e-05
98.31218761983658,3.2831130353687945e-05
98.37500690905053,3.417452027252953e-05
98.43782619826447,2.9696885590220187e-05
98.50064548747842,0.00019233714144491673
98.56346477669238,6.594360520504105e-05
98.62628406590633,0.00017082622431816518
98.68910335512028,0.00010849154187818017
98.75192264433424,0.00018346248850991867
98.81474193354819,6.060725097311431e-05
98.87756122276215,5.636375785409779e-05
98.9403805119761,5.5042793213980806e-05
99.00319980119005,3.4826402663775235e-06
99.06601909040401,7.97706874160627e-05
99.12883837961796,0.00016990063511097115
99.19165766883191,0.0001108613529708025
99.25447695804586,3.6361224442584546e-05
99.31729624725982,8.774610110484774e-05
99.38011553647378,2.5954444240979356e-05
99.44293482568773,8.617391515376454e-05
99.50575411490168,0.00010852437133018925
99.56857340411563,0.00010652682165827961
99.63139269332959,0.00012642852052555285
99.69421198254354,0.00011689396537102136
99.75703127175748,6.818968905174629e-05
99.81985056097145,0.00015220711532464338
99.8826698501854,9.348416653276886e-05
99.94548913939936,1.8995952917391767e-05
100.0083084286133,8.670736147701275e-05
100.07112771782725,8.384766172054924e-05
100.1339470070412,0.00011790366184209992
100.19676629625516,7.49025181265992e-05
100.25958558546911,1.949541887658186e-05
100.32240487468306,8.485241738549863e-05
100.38522416389702,0.00016718747784749008
100.44804345311098,9.055281483120445e-05
100.51086274232493,0.0001225213006723662
100.5736820315389,5.12635522132433e-05
100.63650132075283,0.00010580736273401525
100.69932060996679,0.00013275948379427676
100.76213989918072,3.934538595003114e-05
100.82495918839469,0.00013868064802206206
100.88777847760865,9.495917480691982e-05
100.9505977668226,4.659306400858348e-05
101.01341705603656,7.44990669337438e-05
101.07623634525049,4.634036392173996e-05
101.13905563446446,0.00012413466800519765
101.20187492367842,9.026039016195196e-05
101.26469421289235,8.38750497831838e-05
101.32751350210631,4.7174018720092045e-05
101.39033279132028,0.00013618320927635908
101.45315208053422,8.09039045338005e-05
101.51597136974819,0.00010991422838828175
101.57879065896212,6.137243117790464e-05
101.64160994817608,8.762509901946982e-05
101.70442923739004,0.0001720406495933559
101.76724852660398,0.00012060938169636094
101.83006781581794,1.8881074050594606e-05
101.89288710503189,0.00011772639775128746
101.95570639424585,3.0338960099052357e-05
102.01852568345981,1.9994263964593827e-05
102.08134497267375,0.0001237856358345304
102.14416426188771,5.294038984939739e-05
102.20698355110167,6.908837750369787e-05
102.2698028403156,4.896686945664314e-05
102.33262212952957,8.272112181832144e-05
102.39544141874352,6.251850486755007e-05
102.45826070795746,0.00010509736766636622
102.52107999717143,0.00010037106336864897
102.58389928638537,9.944313378861642e-05
102.64671857559934,0.00010801647743456925
102.7095378648133,0.00010020237680327627
102.77235715402723,6.726203605010383e-05
102.8351764432412,0.00015406636073429865
102.89799573245513,1.9662584501713522e-05
102.96081502166909,8.089749896939729e-05
103.02363431088305,3.23522227628844e-05
103.086453600097,0.00013654604974589512
103.14927288931096,2.4446284335930265e-05
103.2120921785249,5.8308856991777874e-05
103.27491146773886,9.36224613854282e-05
103.33773075695282,3.6314317829603834e-05
103.40055004616676,5.496930185131963e-05
103.46336933538072,6.490487113760278e-06
103.52618862459468,8.420172716961462e-05
103.58900791380863,8.417144138896043e-05
103.65182720302259,5.945997483719227e-05
103.71464649223653,3.670629922852053e-05
103.77746578145049,9.95914081135075e-05
103.84028507066445,2.5938127840622194e-05
103.90310435987838,0.00013572139074497782
103.96592364909235,0.00015240953451577512
104.0287429383063,0.0001429453898699725
104.09156222752026,0.0001000805935329082
104.15438151673422,7.210891705679423e-05
104.21720080594815,6.489312802851341e-05
104.28002009516212,0.00017914665845890053
104.34283938437608,3.306231668333264e-05
104.40565867359001,8.958772639613105e-05
104.46847796280397,9.088348056891396e-05
104.53129725201792,4.2466859778080345e-05
104.59411654123188,9.218174687908433e-05
104.65693583044583,6.620802346427761e-05
104.71975511965978,0.00019892971749584085
104.78257440887374,6.390494746784964e-05
104.84539369808768,7.903387760128491e-05
104.90821298730164,6.88368142603005e-05
104.9710322765156,0.00022022795316968858
105.03385156572953,0.00012490551792330732
105.0966708549435,3.9556391305553205e-05
105.15949014415746,6.695047700062441e-05
105.22230943337141,0.0001026351719583316
105.28512872258537,7.570172537094427e-05
105.3479480117993,6.270816929199717e-05
105.41076730101327,0.00016211215364529772
105.47358659022723,0.00011613471758990487
105.53640587944116,6.652499517329856e-05
105.59922516865512,0.00010697968254234254
105.66204445786907,0.00010754556255675688
105.72486374708303,0.0001651838716994592
105.787683036297,6.868153032120751e-05
105.85050232551093,8.199409159635149e-05
105.9133216147249,3.9916255589063527e-05
105.97614090393886,0.00010692572825404031
106.03896019315279,8.422044351665415e-05
106.10177948236675,0.00019840594753608523
106.1645987715807,0.0001269288570511601
106.22741806079466,8.574100149827643e-05
106.29023735000862,0.00014177500335121882
106.35305663922256,2.113312292456004e-05
106.41587592843652,0.00017810405398821887
106.47869521765045,0.00012389091206399915
106.54151450686442,7.60199807314478e-05
106.60433379607838,6.297343874822553e-05
106.66715308529233,0.00014995060959472313
106.72997237450629,0.00011926640973618788
106.79279166372025,5.473362720653335e-05
106.85561095293419,0.00012166042166335962
106.91843024214815,0.00013424664708430004
106.98124953136208,7.589328218579848e-05
107.04406882057604,0.00010162931080927686
107.10688810979,0.0001270525991945848
107.16970739900395,0.00010722145680097814
107.2325266882179,0.00011360484720150545
107.29534597743185,0.00010444338456288473
107.35816526664581,4.2633462845274826e-05
107.42098455585977,1.6259189695585257e-05
107.48380384507371,0.0002090661031259981
107.54662313428767,5.293920659949671e-05
107.60944242350163,4.540977321364503e-05
107.67226171271557,2.4942449140389956e-05
107.73508100192953,1.5944388630542253e-05
107.79790029114348,2.080090990409349e-05
107.86071958035744,7.135930479691506e-05
107.9235388695714,6.92948733743827e-05
107.98635815878534,3.936404677128869e-05
108.0491774479993,2.7348666061759417e-05
108.11199673721323,0.00010133256047686494
108.1748160264272,9.798080389041157e-05
108.23763531564116,3.796112712114943e-05
108.3004546048551,0.00014904242369881377
108.36327389406907,0.0001259972736920609
108.42609318328303,4.127667881114866e-05
108.48891247249696,3.5137131285569566e-05
108.55173176171093,8.093861475866103e-05
108.61455105092486,8.582351476277293e-05
108.67737034013882,6.709334109939174e-05
108.74018962935278,2.8617975661232036e-05
108.80300891856673,0.0001228403399871342
108.8658282077807,4.173801112517187e-05
108.92864749699466,0.0001774202141557097
108.99146678620859,7.542463951728177e-05
109.05428607542255,0.0001317643828618764
109.11710536463649,3.4116181893515254e-05
109.17992465385045,5.794273698295451e-05
109.24274394306441,8.818402482683237e-05
109.30556323227836,0.00017425097128572915
109.36838252149232,2.7144676680024737e-05
109.43120181070626,4.282312670520911e-05
109.49402109992022,0.00010790813557661769
109.55684038913418,5.077565969867037e-05
109.61965967834811,4.6546807389437694e-05
109.68247896756208,0.00012053294389846116
109.74529825677604,7.07878613679695e-05
109.80811754598997,9.188801477599686e-05
109.87093683520393,9.257824336273816e-05
109.93375612441788,0.0001630178365076538
109.99657541363185,0.00011562601480061243
110.05939470284581,0.00011583881648400874
110.12221399205974,4.242107673140574e-05
110.1850332812737,0.00019260037671082052
110.24785257048764,0.00015913722897168347
110.3106718597016,0.00011115710407176917
110.37349114891556,4.542106124216864e-05
110.43631043812951,0.00019368487245960707
110.49912972734347,3.2210198847102804e-05
110.56194901655743,8.55075608243024e-05
110.62476830577137,8.668819186418851e-05
110.68758759498533,2.4432459790356446e-05
110.75040688419926,4.837484296651388e-05
110.81322617341323,0.00012655830741587528
110.87604546262719,0.0001575221594577198
110.93886475184114,7.472865444519474e-05
111.0016840410551,8.460428618117288e-05
111.06450333026903,0.0001094193949068802
111.127322619483,0.0001105636883068326
111.19014190869696,5.947112222487871e-05
111.25296119791089,3.441579260473705e-05
111.31578048712485,4.833427628350872e-05
111.37859977633882,0.00018250736042585091
111.44141906555276,8.94816866007643e-05
111.50423835476673,3.525071189622483e-05
111.56705764398066,8.263488442333673e-05
111.62987693319462,1.008152259060137e-05
111.69269622240859,0.00011895712403437589
111.75551551162252,2.550286463869963e-05
111.81833480083648,3.8325134208800435e-05
111.88115409005043,8.259935517555582e-05
111.94397337926439,5.5750392069936196e-05
112.00679266847834,9.287879310247124e-05
112.06961195769229,8.28077759219583e-05
112.13243124690625,2.306931436803713e-05
112.19525053612021,0.00023265484157492398
112.25806982533415,3.968048731438801e-05
112.32088911454811,9.571349871013449e-05
112.38370840376204,1.6974244522475524e-05
112.446527692976,2.4240652456240706e-05
112.50934698218997,3.463774579451635e-05
112.57216627140392,0.00011942634795001371
112.63498556061788,6.493526414233686e-05
112.69780484983181,3.9666080684900035e-05
112.76062413904577,2.1497589886380052e-05
112.82344342825974,6.629366128293395e-05
112.88626271747367,3.7862705899302835e-05
112.94908200668763,5.484820094025736e-05
113.0119012959016,0.0001567526554603336
113.07472058511554,9.963905349746325e-05
113.1375398743295,6.602253154933977e-05
113.20035916354344,3.484618264396703e-05
113.2631784527574,9.238820897872054e-05
113.32599774197136,5.829008636099272e-05
113.3888170311853,9.88586991566322e-05
113.45163632039926,9.671111434652387e-05
113.51445560961321,7.277458130637568e-05
113.57727489882717,5.694656214840463e-05
113.64009418804113,6.851211915062459e-05
113.70291347725507,8.271484117419588e-05
113.76573276646903,8.89939362691331e-05
113.82855205568299,0.00010162054572821676
113.89137134489692,3.8295330264805336e-05
113.95419063411089,4.2910169568165526e-05
114.01700992332484,8.348305406653726e-05
114.0798292125388,5.632507674422079e-05
114.14264850175275,8.817411154397519e-05
114.2054677909667,6.03037195481172e-05
114.26828708018066,8.710462984599479e-05
114.33110636939462,2.6221022977944287e-05
114.39392565860855,9.096701975204104e-05
114.45674494782251,5.631513531781322e-05
114.51956423703646,0.00011747683756355821
114.58238352625041,8.527310646013004e-05
114.64520281546437,8.664725518653617e-05
114.70802210467832,6.451819398430619e-05
114.77084139389228,0.00010796361308003327
114.83366068310622,0.00014179048557152614
114.89647997232018,8.279860920044659e-05
114.95929926153414,0.00010335632654160038
115.02211855074808,6.70099374319345e-06
115.08493783996204,9.112388993465573e-05
115.147757129176,4.3647985145338845e-05
115.21057641838995,3.0878684326021514e-05
115.27339570760391,7.225130670140117e-05
115.33621499681784,8.747287446124332e-05
115.3990342860318,8.393505439437745e-05
115.46185357524577,4.8257679829000523e-05
115.5246728644597,4.119328772584606e-05
115.58749215367367,9.844648710157602e-05
115.65031144288761,0.00010932573621747437
115.71313073210158,2.136174400712345e-05
115.77595002131554,9.986817109753778e-05
115.83876931052947,0.00010749446858437224
115.90158859974343,7.369775953017792e-05
115.9644078889574,6.898585697244862e-05
116.02722717817133,3.431885340933894e-05
116.09004646738529,9.101240216627092e-05
116.15286575659924,4.14982566551877e-05
116.2156850458132,0.00011565114517188457
116.27850433502716,2.3162461645624458e-05
116.3413236242411,5.062272725514803e-05
116.40414291345506,7.418837901479516e-05
116.466962202669,8.802739000469654e-06
116.52978149188296,0.00016680138977805145
116.59260078109692,7.838805970344036e-05
116.65542007031087,6.373152760546488e-05
116.71823935952483,4.1826653784413545e-05
116.78105864873878,0.00017718790813070232
116.84387793795273,0.0001611303336788693
116.90669722716669,4.9126620647753294e-05
116.96951651638062,6.574062746683953e-05
117.03233580559458,2.2933278887548447e-05
117.09515509480855,0.00010174156721384419
117.15797438402248,3.1254993295837145e-05
117.22079367323644,0.00010043048048122181
117.28361296245039,0.00011965146292601166
117.34643225166435,2.2283325517412707e-05
117.40925154087832,5.198818706990689e-05
117.47207083009225,0.000122532984504185
117.53489011930621,0.00012495088725609482
117.59770940852017,0.00010394981222236924
117.66052869773411,0.00012344791968431687
117.72334798694807,4.864228305190501e-05
117.78616727616202,6.532232254479809e-05
117.84898656537598,7.524256664588953e-05
117.91180585458994,0.0001386262237927387
117.97462514380388,7.875739953099723e-05
118.03744443301784,0.00014749023010583712
118.10026372223177,6.675950407587891e-05
118.16308301144574,6.656466640352681e-05
118.2259023006597,0.00012122227152006361
118.28872158987365,7.514375359923833e-05
118.35154087908761,0.0001345188594838306
118.41436016830157,4.355362328575756e-05
118.4771794575155,6.109260405756984e-05
118.53999874672947,6.363933838936501e-05
118.6028180359434,7.158654935979718e-05
118.66563732515736,9.860670302893225e-05
118.72845661437132,8.831305172000117e-05
118.79127590358527,3.521890147272242e-05
118.85409519279924,1.6102677874496965e-05
118.91691448201317,5.884344620940348e-05
118.97973377122713,0.00012838740944123183
119.0425530604411,4.831215666311999e-05
119.10537234965503,9.543070037435205e-05
119.16819163886899,3.8554289068061274e-05
119.23101092808295,0.0001230169621834726
119.2938302172969,6.438953126602193e-05
119.35664950651085,2.2455489836755187e-05
119.4194687957248,0.00016499850114650523
119.48228808493876,0.0001033329222962104
119.54510737415272,4.929254975322492e-05
119.60792666336665,5.434316195556841e-05
119.67074595258062,8.244849085965035e-05
119.73356524179455,0.00014753208318183815
119.79638453100851,7.242793866390724e-05
119.85920382022248,5.206858384180978e-05
119.92202310943642,0.00019046595705921875
119.98484239865039,3.524532337805037e-05
120.04766168786435,0.00013887049678156825
120.11048097707828,3.983736843411837e-05
120.17330026629224,0.00011348411110291512
120.23611955550618,7.370546288529775e-05
120.29893884472014,7.112987654789959e-05
120.3617581339341,0.00011753233513224357
120.42457742314805,0.00011326463044960541
120.48739671236201,0.00014212210396888312
120.55021600157598,0.00015404404740488293
120.61303529078991,9.221919249534455e-05
120.67585458000387,3.525411328836563e-05
120.7386738692178,9.487379141736229e-05
120.80149315843177,8.819873365461555e-05
120.86431244764573,9.123268542276344e-05
120.92713173685968,7.798683247521513e-05
120.98995102607364,5.473920378796236e-05
121.05277031528757,7.316233057972603e-05
121.11558960450154,8.038909095846101e-05
121.1784088937155,5.0068819322437555e-05
121.24122818292943,4.620183704305688e-05
121.3040474721434,7.26067412108344e-05
121.36686676135736,0.0001487335429165634
121.4296860505713,8.664314911646012e-05
121.49250533978525,8.695745772356475e-05
121.5553246289992,5.628523468598351e-05
121.61814391821316,0.00010956618796719109
121.68096320742713,3.1190383593142125e-05
121.74378249664106,0.0001310318652468764
121.80660178585502,3.717914342584602e-05
121.86942107506897,2.653771033133954e-05
121.93224036428292,8.637295823851232e-05
121.99505965349688,0.00010584427738576189
122.05787894271083,9.996896004142509e-05
122.12069823192479,5.226797726792526e-05
122.18351752113875,3.190519589773783e-05
122.24633681035269,8.653670365474997e-05
122.30915609956665,4.4636216920158015e-05
122.37197538878058,8.2966426988225e-05
122.43479467799455,0.00010023741142673965
122.49761396720851,5.20777323918946e-05
122.56043325642246,0.00010199669719065493
122.62325254563642,3.7979691722827526e-05
122.68607183485035,0.00015595717082527612
122.74889112406431,3.6965048685199314e-05
122.81171041327828,8.518515108695639e-05
122.87452970249221,6.769646765622846e-05
122.93734899170617,4.316258852217092e-05
123.00016828092014,9.006463538653558e-05
123.06298757013408,0.0001229933047028404
123.12580685934805,0.00012322447092419342
123.18862614856198,5.692012879699537e-06
123.25144543777594,1.5124716863454673e-05
123.3142647269899,6.912203761141784e-05
123.37708401620384,0.00014768821112648943
123.4399033054178,3.576412590392443e-05
123.50272259463175,4.911404278215702e-05
123.56554188384571,5.1156342583975364e-05
123.62836117305967,4.797282987777739e-05
123.6911804622736,8.865579872339928e-05
123.75399975148757,0.0001123706390721635
123.81681904070153,9.375233654052145e-05
123.87963832991547,6.02891165925588e-05
123.94245761912943,0.0001175922195789058
124.00527690834338,4.4347170904611475e-05
124.06809619755732,0.00014482598040366196
124.13091548677129,8.700283927127718e-05
124.19373477598523,0.00010706198716770127
124.2565540651992,8.668750083000044e-05
124.31937335441313,0.00012473860817301222
124.38219264362709,9.780917117919996e-05
124.44501193284106,6.242607821715167e-05
124.50783122205499,0.00011248470948640608
124.57065051126895,6.531117215963058e-05
124.63346980048291,4.678818414939793e-05
124.69628908969686,5.1637169382324864e-05
124.75910837891082,5.458562239776701e-05
124.82192766812476,1.0176862819767065e-05
124.88474695733872,0.00011674499428946916
124.94756624655268,6.839607663493254e-05
125.01038553576662,0.00011112904190120782
125.07320482498058,5.3410152232739664e-05
125.13602411419453,7.167868946118059e-05
125.19884340340849,0.00013360006713489744
125.26166269262245,7.927744362753115e-05
125.32448198183639,8.334927530823636e-05
125.38730127105035,0.0001372711394829238
125.45012056026431,6.254223412247592e-05
125.51293984947824,0.0001104465084625291
125.5757591386922,0.00018609881205422317
125.63857842790615,0.0001380383493205754
125.70139771712012,2.188643460803899e-05
125.76421700633408,0.00015406317437074068
125.82703629554801,5.190385448406279e-05
125.88985558476197,7.964446086479432e-05
125.95267487397594,6.95045946587863e-05
126.01549416318987,9.399484923412048e-05
126.07831345240383,2.630624593161241e-05
126.14113274161778,3.4675942292973964e-05
126.20395203083174,0.00011415866898891021
126.26677132004569,7.041085810348048e-05
126.32959060925964,3.39166712401119e-05
126.3924098984736,8.429088078576173e-05
126.45522918768754,8.368863814563252e-05
126.5180484769015,2.8216795105144172e-05
126.58086776611546,4.322596932088649e-05
126.6436870553294,7.561749555090642e-06
126.70650634454336,0.0001040842358936186
126.76932563375732,5.202019039288442e-05
126.83214492297127,0.00011559637203840027
126.89496421218523,9.718222513893532e-05
126.95778350139916,6.301217436252068e-05
127.02060279061313,8.359664466472312e-05
127.08342207982709,2.535040112197931e-05
127.14624136904102,7.938343478024698e-05
127.20906065825498,6.277953058068382e-05
127.27187994746893,4.510193820976147e-05
127.3346992366829,1.2490300086075639e-05
127.39751852589686,5.000939912922865e-05
127.46033781511079,3.694267248747162e-05
127.52315710432475,2.3571214284537483e-05
127.58597639353872,0.00016529196214091837
127.64879568275265,3.751694440347441e-05
127.71161497196661,5.044528563927757e-05
127.77443426118056,9.384644447663255e-05
127.83725355039452,8.037215759348379e-05
127.90007283960848,4.5904328501524085e-05
127.96289212882242,8.1568634687582e-05
128.02571141803637,0.00013668401988913077
128.08853070725033,6.4168299000046e-05
128.1513499964643,6.242761707255591e-05
128.21416928567825,0.00010084872000731945
128.2769885748922,2.2754025669341143e-05
128.33980786410615,0.00010711939659526856
128.4026271533201,0.00014091488938654522
128.46544644253404,4.7317023831510205e-05
128.528265731748,3.1234448650512696e-05
128.59108502096194,0.000129780977936415
128.6539043101759,8.671997301177336e-05
128.71672359938987,0.00010421320330410715
128.7795428886038,9.071892296904842e-05
128.84236217781776,8.327605189861765e-05
128.9051814670317,3.0104221743471568e-05
128.96800075624566,5.811374635796128e-05
129.03082004545962,8.248815287267619e-05
129.09363933467358,9.443837940400807e-05
129.15645862388754,7.224431422269235e-05
129.2192779131015,9.472338134032959e-05
129.28209720231544,0.00015773786061731875
129.3449164915294,0.00011634401567671105
129.40773578074334,7.433895210102316e-05
129.4705550699573,9.6994050737336e-05
129.53337435917126,7.323134524032793e-05
129.5961936483852,8.273176412085884e-05
129.65901293759916,8.79014238709736e-06
129.7218322268131,6.080063857040415e-05
129.78465151602705,5.3870084273956016e-05
129.84747080524102,3.075607533978748e-05
129.91029009445495,5.461576155112506e-05
129.9731093836689,0.0001257074360102876
130.03592867288287,0.0001086428493647205
130.09874796209684,8.513931903338723e-05
130.16156725131077,9.321033504134616e-05
130.22438654052473,1.4284256820569457e-05
130.2872058297387,0.00012039863429834614
130.35002511895266,0.00010134890437450948
130.4128444081666,6.2312227487984265e-06
130.47566369738055,4.6744944886163193e-05
130.5384829865945,3.8105148027011684e-05
130.60130227580845,6.64848443677936e-05
130.6641215650224,0.00012835113648548637
130.72694085423635,0.00012589830734519082
130.7897601434503,0.00011459478220525545
130.85257943266427,8.067864071318666e-05
130.9153987218782,0.00010134766914419119
130.97821801109217,7.609463941212013e-05
131.0410373003061,0.00018456400872893933
131.10385658952006,0.00010071477426758705
131.16667587873403,0.00011777558564671152
131.229495167948,6.564836302882947e-05
131.29231445716195,8.073988445443772e-05
131.35513374637588,0.00012818534462843674
131.41795303558985,3.42936289057001e-05
131.4807723248038,3.887221608756734e-05
131.54359161401774,6.381091394376054e-05
131.6064109032317,1.625887193934847e-05
131.66923019244567,0.00010855660512066623
131.7320494816596,0.0001457702025453686
131.79486877087356,3.766983100403561e-05
131.8576880600875,0.00013109087733482132
131.92050734930146,0.00018644202444339185
131.98332663851542,6.057557438560703e-05
132.04614592772936,0.00010122174867596873
132.10896521694332,3.423538301538963e-05
132.17178450615728,0.00015928424674731758
132.23460379537124,5.297683289838815e-05
132.29742308458518,0.00010294524953755442
132.36024237379914,1.8089488216067613e-05
132.4230616630131,9.494569941661633e-05
132.48588095222706,0.00014488857866454887
132.548700241441,9.825212620190614e-05
132.61151953065496,6.960298287312951e-05
132.6743388198689,9.075101518518224e-05
132.73715810908286,2.7461116027385897e-05
132.79997739829682,0.00014209044941194843
132.86279668751075,7.948663858670437e-05
132.9256159767247,5.1314245433544165e-05
132.98843526593868,4.771281923258519e-05
133.0512545551526,5.4519810004550613e-05
133.11407384436657,5.5139937317517075e-05
133.1768931335805,7.342162905166293e-05
133.23971242279447,0.00012094551907436724
133.30253171200843,0.00016710950049795588
133.3653510012224,6.92703766443254e-05
133.42817029043636,0.00011450396688240778
133.4909895796503,4.609061523730874e-05
133.55380886886425,3.963748925926548e-05
133.6166281580782,8.91459002690252e-05
133.67944744729215,2.161324714767553e-05
133.7422667365061,0.0001245117451650643
133.80508602572007,6.704344286476645e-05
133.867905314934,3.279514357519768e-05
133.93072460414797,5.9851126776085716e-05
133.9935438933619,2.658358193262827e-05
134.05636318257586,4.8497083416756175e-05
134.11918247178983,0.00011209806679840307
134.18200176100376,9.279591017257892e-05
134.24482105021772,0.00011703363637664382
134.30764033943169,7.517074507875224e-05
134.37045962864565,0.00012741720244895357
134.4332789178596,0.00011252991944296995
134.49609820707354,3.376008575858022e-05
134.5589174962875,7.467904228842006e-05
134.62173678550147,4.7908871970749026e-05
134.6845560747154,0.00013542794420426412
134.74737536392936,4.7884033402573104e-05
134.8101946531433,4.091313676838942e-05
134.87301394235726,0.00013398296892323366
134.93583323157122,8.8801335404481e-05
134.99865252078516,9.302110099161908e-05
135.06147180999912,2.0245708864155163e-05
135.12429109921305,3.813395026371427e-05
135.18711038842702,8.572543774867665e-05
135.24992967764098,7.234062159021263e-05
135.3127489668549,5.075204924330923e-05
135.37556825606887,9.557349971168904e-05
135.43838754528284,6.17672300632156e-05
135.5012068344968,0.00013891785202436305
135.56402612371076,3.391615112885716e-05
135.6268454129247,2.384523626459322e-05
135.68966470213866,2.4077649051309897e-05
135.75248399135262,3.7748129382074815e-05
135.81530328056655,9.08026216741318e-05
135.87812256978052,4.915681370538585e-05
135.94094185899445,4.1636235414167346e-05
136.0037611482084,4.599563153254266e-05
136.06658043742237,2.5892132359913603e-05
136.1293997266363,6.773330765021518e-05
136.19221901585027,0.000144429843244021
136.25503830506423,7.275318858590134e-05
136.31785759427817,5.222419447005575e-05
136.38067688349213,0.00010615571350153336
136.4434961727061,0.00017224252100783783
136.50631546192005,5.2668980883329534e-05
136.56913475113402,6.000921927770099e-05
136.63195404034795,5.968878917709829e-05
136.6947733295619,0.00010568259445270377
136.75759261877585,9.864026256488878e-05
136.8204119079898,0.00010412421442875013
136.88323119720377,6.754290216808321e-05
136.9460504864177,7.223259565715484e-05
137.00886977563167,2.4220578227580256e-06
137.07168906484563,0.00012306433302361377
137.13450835405956,4.5453242847153885e-05
137.19732764327352,0.00011452456031688319
137.26014693248746,8.484652015302641e-05
137.32296622170142,2.06485639944212e-05
137.38578551091538,0.00011321125098625314
137.44860480012932,0.00010728870151504067
137.51142408934328,0.00011725841172739706
137.57424337855724,4.107086412352241e-05
137.6370626677712,6.596411401219444e-05
137.69988195698517,5.430325232602471e-05
137.7627012461991,0.00014962075323647126
137.82552053541306,0.00011977728628602602
137.88833982462702,4.795650746070627e-05
137.95115911384096,0.0001147481609220469
138.01397840305492,9.635362468765529e-05
138.07679769226885,0.00011222741014449756
138.13961698148282,4.591404578560736e-05
138.20243627069678,1.8177827439010832e-05
138.2652555599107,6.206228612367787e-05
138.32807484912468,0.00014245668706219328
138.39089413833864,0.00010816803234272858
138.45371342755257,4.418996807491607e-05
138.51653271676653,0.00017078818818423532
138.5793520059805,4.4550260252016686e-05
138.64217129519446,0.0001122389617736491
138.70499058440842,8.652254317283254e-05
138.76780987362235,5.881740284213111e-05
138.83062916283632,5.3496825527515525e-05
138.89344845205025,2.9247168555550654e-05
138.9562677412642,0.00010781494053715976
139.01908703047818,0.00011717305577173121
139.0819063196921,4.710037908038572e-05
139.14472560890607,4.293535289297338e-05
139.20754489812003,5.719700027936058e-05
139.27036418733397,4.6917632702233424e-05
139.33318347654793,0.00017817952246593417
139.39600276576186,2.5319532473167517e-05
139.45882205497583,6.075460959466701e-06
139.5216413441898,5.8212987221879993e-05
139.58446063340375,9.541885209044487e-05
139.64727992261768,7.166266275208445e-05
139.71009921183165,6.361513724128697e-05
139.7729185010456,5.850033722508831e-05
139.83573779025957,4.917061972790361e-05
139.8985570794735,0.00010088399455090191
139.96137636868747,0.00010801476854530356
140.02419565790143,4.845431913426859e-05
140.08701494711536,7.492512749032555e-05
140.14983423632933,3.89627908667235e-05
140.21265352554326,0.00011125614862626123
140.27547281475722,5.27615774253048e-05
140.33829210397118,7.014700412949242e-05
140.40111139318512,0.0001535541437599559
140.46393068239908,5.9838322838115865e-05
140.52674997161301,6.0953401496578264e-05
140.58956926082698,0.00012715100465020306
140.65238855004094,0.00013151822693103376
140.7152078392549,0.00010398489146470085
140.77802712846886,0.00010252040735230918
140.84084641768283,6.21226617388484e-05
140.90366570689676,7.439338821321047e-05
140.96648499611072,6.632859317681314e-05
141.02930428532466,0.00011210158727623825
141.09212357453862,4.549477965741593e-05
141.15494286375258,1.918646032725049e-05
141.21776215296651,7.307776476697545e-05
141.28058144218048,1.970951747856478e-05
141.3434007313944,9.72472366861185e-05
141.40622002060837,4.300477266091107e-05
141.46903930982234,7.43499644240804e-05
141.53185859903627,8.02476952062873e-05
141.59467788825023,2.0314777250751332e-05
141.6574971774642,9.378795992070304e-05
141.72031646667816,0.00012737599238642832
141.78313575589212,0.00010769705745765723
141.84595504510605,6.589086968665163e-05
141.90877433432001,0.00010474016091892944
141.97159362353398,5.535371202954489e-05
142.0344129127479,0.00012125508011858751
142.09723220196187,7.660368363527077e-05
142.1600514911758,0.00014897812986355315
142.22287078038977,0.00011153402145156533
142.28569006960373,5.009935582544447e-05
142.34850935881767,7.700978058170674e-05
142.41132864803163,0.0001026359353279246
142.4741479372456,1.191062086432794e-05
142.53696722645952,0.0001376934877706949
142.5997865156735,3.682327333542436e-05
142.66260580488742,5.5671603917334404e-05
142.72542509410138,4.704056605763067e-05
142.78824438331534,9.681028703493734e-05
142.8510636725293,0.00014426241546048116
142.91388296174327,6.766943887466222e-05
142.9767022509572,8.727873315353535e-05
143.03952154017117,7.644292545078756e-05
143.10234082938513,0.00018905423590544453
143.16516011859906,0.00010449922292794012
143.22797940781302,6.638774074041493e-05
143.290798697027,9.022770485672403e-05
143.35361798624092,4.0152003249017005e-06
143.41643727545488,7.774553856388166e-05
143.47925656466882,6.0992310685681874e-05
143.54207585388278,6.31994264248702e-05
143.60489514309674,0.00019458109166583073
143.66771443231067,4.46093299533082e-05
143.73053372152464,3.019965304446419e-05
143.7933530107386,4.1182756391597116e-05
143.85617229995256,9.951838636056595e-05
143.91899158916652,0.00010249828737552154
143.98181087838046,5.051936141654932e-05
144.04463016759442,0.00010413418948624179
144.10744945680838,5.549189990183322e-05
144.17026874602232,5.485458844859935e-05
144.23308803523628,3.490406436953473e-05
144.2959073244502,1.8755325682343167e-05
144.35872661366417,3.662835080542426e-05
144.42154590287814,6.830651430569492e-05
144.48436519209207,7.614989418578646e-05
144.54718448130603,6.585761068821956e-05
144.61000377052,9.660842385899104e-05
144.67282305973393,2.7419494431806355e-05
144.7356423489479,4.896603687509924e-05
144.79846163816183,4.8713967076558285e-05
144.8612809273758,0.00014613057475123528
144.92410021658975,8.582045291363584e-06
144.9869195058037,4.487989406871517e-05
145.04973879501767,0.00011316431408403497
145.1125580842316,4.9566243715316137e-05
145.17537737344557,4.415087962736553e-05
145.23819666265953,6.429367237163877e-05
145.30101595187347,4.634693869123562e-05
145.36383524108743,5.8784688467984416e-05
145.4266545303014,0.00012546561785983004
145.48947381951533,5.5557018371288835e-05
145.5522931087293,0.00014490824088014546
145.61511239794322,3.39219470324788e-05
145.67793168715718,5.172816552538432e-05
145.74075097637115,0.00010780267432354158
145.80357026558508,4.128253047643465e-05
145.86638955479904,4.34008548985758e-05
145.929208844013,0.00011765298931893465
145.99202813322697,6.191625217519312e-05
146.05484742244093,5.277088794544925e-05
146.11766671165486,1.6997886334935788e-05
146.18048600086883,9.192276317968304e-05
146.2433052900828,9.383408699078515e-05
146.30612457929672,4.873499322447015e-05
146.36894386851068,0.00012505526549261712
146.43176315772462,4.672944670754676e-05
146.49458244693858,4.305174271698639e-05
146.55740173615254,6.253248902966116e-05
146.62022102536648,0.0001765139029717217
146.68304031458044,9.333959798648884e-05
146.74585960379437,5.65024933669626e-05
146.80867889300833,0.00011044494267756852
146.8714981822223,0.00015843851996967444
146.93431747143626,9.883927866569373e-05
146.9971367606502,6.361733790782935e-05
147.05995604986416,0.00011000609077988505
147.12277533907812,9.537732820901975e-05
147.18559462829208,6.13125573268148e-05
147.248413917506,7.175199216205317e-05
147.31123320671998,3.4159930210298135e-05
147.37405249593394,7.359207524698662e-05
147.43687178514787,0.00011671089334741651
147.49969107436183,8.435919647970971e-05
147.56251036357577,7.767383946330043e-05
147.62532965278973,4.9461250271774435e-05
147.6881489420037,4.243475284049476e-05
147.75096823121763,0.00011115383314600249
147.8137875204316,5.990070355156364e-05
147.87660680964555,0.00013532732632025259
147.93942609885949,0.00011896748570232515
148.00224538807345,9.592971514344649e-05
148.0650646772874,4.086357450270836e-05
148.12788396650137,9.999600366325355e-05
148.19070325571533,7.08697833166188e-05
148.25352254492927,6.364633439476244e-05
148.31634183414323,3.979982658720445e-05
148.37916112335716,6.428345807647231e-05
148.44198041257113,0.0001434415051666175
148.5047997017851,6.582058877017091e-05
148.56761899099902,7.134261718925312e-05
148.63043828021299,3.5113961240938654e-05
148.69325756942695,9.973180659158006e-05
148.75607685864088,9.96064627617584e-05
148.81889614785484,5.96315239565333e-05
148.88171543706878,3.978518333478987e-07
148.94453472628274,4.059678241370104e-05
149.0073540154967,8.676968277018527e-05
149.07017330471066,6.578810944811778e-05
149.13299259392463,6.635826728933477e-05
149.19581188313856,5.9275652957040424e-05
149.25863117235252,6.1039752477859e-05
149.32145046156649,7.117558748273273e-05
149.38426975078042,5.8480667297334904e-05
149.44708903999438,8.248689840752125e-05
149.50990832920834,4.693483504180646e-05
149.57272761842228,0.0001131994487192066
149.63554690763624,5.242802563712755e-05
149.69836619685017,8.996642036498747e-05
149.76118548606414,5.928563170545275e-05
149.8240047752781,7.664837021066612e-05
149.88682406449203,6.516673882204036e-05
149.949643353706,9.001337004747798e-05
150.01246264291996,2.9430538604266345e-05
150.0752819321339,0.00011909608697778249
150.13810122134785,4.408762820857277e-05
150.20092051056182,3.573248294357758e-05
150.26373979977578,8.785983250053185e-05
150.32655908898974,1.9091701088093176e-05
150.38937837820367,8.675335882598419e-05
150.45219766741764,1.6963181445317457e-05
150.51501695663157,9.911492669647284e-05
150.57783624584553,4.978398707699419e-05
150.6406555350595,7.652709759180177e-05
150.70347482427343,2.439421954200066e-05
150.7662941134874,8.673917859177417e-05
150.82911340270135,4.2582130887869804e-05
150.8919326919153,9.426310267564793e-05
150.95475198112925,1.0354148580728546e-05
151.01757127034318,3.392310753076941e-05
151.08039055955715,0.00014898151464556752
151.1432098487711,4.245170610639575e-05
151.20602913798507,2.2441297086217437e-05
151.26884842719903,7.664413917677577e-05
151.33166771641297,2.7094122054075463e-05
151.39448700562693,0.00013231060368784517
151.4573062948409,4.6375319148999175e-05
151.52012558405482,9.239874723450408e-06
151.5829448732688,0.00017750386418524243
151.64576416248275,3.9546384834034665e-05
151.70858345169668,9.689921679907759e-05
151.77140274091064,3.839083192989668e-05
151.83422203012458,0.00012454661879053624
151.89704131933854,3.1979204015628366e-05
151.9598606085525,6.167866439142882e-05
152.02267989776644,6.119803953351818e-05
152.0854991869804,5.473353327377693e-05
152.14831847619433,9.44259059262076e-05
152.2111377654083,5.909582918542342e-05
152.27395705462226,5.1420583933099105e-05
152.33677634383622,7.389307829714067e-05
152.39959563305018,6.088198053679081e-05
152.46241492226414,9.373462382580763e-05
152.52523421147808,0.00013016921932245296
152.58805350069204,1.984821151982618e-05
152.65087278990597,6.99399987766999e-05
152.71369207911994,3.8420964215275245e-05
152.7765113683339,5.906293610992276e-05
152.83933065754783,6.105428838007465e-05
152.9021499467618,9.601364192467888e-05
152.96496923597573,8.658405422814115e-05
153.0277885251897,4.299549187434947e-05
153.09060781440365,0.00010654869640522844
153.1534271036176,4.573680482535873e-05
153.21624639283155,0.00014335459327810944
153.2790656820455,2.2513238012533415e-05
153.34188497125947,6.008517116999713e-05
153.40470426047344,3.824092551979793e-05
153.46752354968737,3.061377210474611e-05
153.53034283890133,4.211001103480775e-05
153.5931621281153,6.960284497913094e-05
153.65598141732923,6.991500300855067e-05
153.7188007065432,2.5549176284468477e-05
153.78161999575713,9.017633867846393e-05
153.8444392849711,2.213837118483153e-05
153.90725857418505,5.351556412532163e-05
153.97007786339898,5.7671795361571116e-05
154.03289715261295,0.0001342052831893128
154.0957164418269,3.7611668572240575e-05
154.15853573104084,0.00010620998670802362
154.2213550202548,6.265022874905099e-06
154.28417430946877,8.681971910475514e-05
154.3469935986827,9.848257410440017e-05
154.40981288789666,5.274955432079221e-05
154.47263217711063,5.354287773704212e-05
154.5354514663246,8.160522281239332e-05
154.59827075553852,7.975478738520848e-05
154.66109004475248,6.096299906368432e-05
154.72390933396645,6.201112582341138e-05
154.78672862318038,5.558001053034246e-05
154.84954791239434,4.9999581827091335e-05
154.9123672016083,0.00010057180565551386
154.97518649082224,0.00010678902421246883
155.0380057800362,8.075079655593673e-05
155.10082506925013,0.00010361223051936123
155.1636443584641,8.254607987718281e-05
155.22646364767806,5.730666873222652e-05
155.289282936892,6.939166553280652e-05
155.35210222610596,9.057106285448344e-05
155.41492151531992,8.498133195747067e-05
155.47774080453388,0.00015268642435206555
155.54056009374784,7.336146614949996e-05
155.60337938296178,9.321343076605521e-05
155.66619867217574,3.6353714566507286e-05
155.7290179613897,1.9875016386046544e-05
155.79183725060363,6.190289695264629e-05
155.8546565398176,4.455771719435786e-05
155.91747582903153,9.109034631317564e-05
155.9802951182455,5.274193866685057e-05
156.04311440745946,5.529078712920365e-05
156.1059336966734,1.314033334668616e-06
156.16875298588735,4.640405109965089e-05
156.2315722751013,4.519477923233502e-05
156.29439156431525,0.00011180616896190178
156.3572108535292,6.613214471247468e-05
156.42003014274317,4.370749141501166e-05
156.48284943195713,2.5702518056223444e-05
156.54566872117107,3.3296633171503395e-05
156.60848801038503,6.006106002014031e-05
156.671307299599,9.684636988204643e-05
156.73412658881293,5.9968807664201055e-05
156.7969458780269,5.9660038249969904e-05
156.85976516724085,5.8460614817655804e-05
156.92258445645479,5.304585329654289e-05
156.98540374566875,8.33213887662582e-05
