w_Gen1,mag_Gen1,w_k2a_Gen1,mag_k2a_Gen1,w_Gen2,mag_Gen2,w_k2a_Gen2,mag_k2a_Gen2,w_Gen3,mag_Gen3,w_k2a_Gen3,mag_k2a_Gen3,w_Gen4,mag_Gen4,w_k2a_Gen4,mag_k2a_Gen4
1e-05,0.8878505273261955,1e-05,0.9500000661934067,1e-05,0.8878505273261955,1e-05,0.9500000661934067,1e-05,0.8878505273341505,1e-05,0.9500000661964472,1e-05,0.8878505273261955,1e-05,0.9500000661934067
1.0376050197669118e-05,0.8878505319264411,1.0376050197669118e-05,0.9500000712654216,1.0376050197669118e-05,0.8878505319264411,1.0376050197669118e-05,0.9500000712654216,1.0376050197669118e-05,0.8878505319350053,1.0376050197669118e-05,0.9500000712686953,1.0376050197669118e-05,0.8878505319264411,1.0376050197669118e-05,0.9500000712654216
1.0766241770454934e-05,0.8878505368791765,1.0766241770454934e-05,0.9500000767260759,1.0766241770454934e-05,0.8878505368791765,1.0766241770454934e-05,0.9500000767260759,1.0766241770454934e-05,0.887850536888397,1.0766241770454934e-05,0.9500000767295999,1.0766241770454934e-05,0.8878505368791765,1.0766241770454934e-05,0.9500000767260759
1.1171106505048242e-05,0.8878505422114109,1.1171106505048242e-05,0.9500000826051482,1.1171106505048242e-05,0.8878505422114109,1.1171106505048242e-05,0.9500000826051482,1.1171106505048242e-05,0.8878505422213382,1.1171106505048242e-05,0.9500000826089424,1.1171106505048242e-05,0.8878505422114109,1.1171106505048242e-05,0.9500000826051482
1.1591196185988858e-05,0.8878505479522237,1.1591196185988858e-05,0.9500000889346992,1.1591196185988858e-05,0.8878505479522237,1.1591196185988858e-05,0.9500000889346992,1.1591196185988858e-05,0.8878505479629115,1.1591196185988858e-05,0.9500000889387842,1.1591196185988858e-05,0.8878505479522237,1.1591196185988858e-05,0.9500000889346992
1.202708334768512e-05,0.8878505541329214,1.202708334768512e-05,0.950000095749247,1.202708334768512e-05,0.8878505541329214,1.202708334768512e-05,0.950000095749247,1.202708334768512e-05,0.887850554144428,1.202708334768512e-05,0.9500000957536452,1.202708334768512e-05,0.8878505541329214,1.202708334768512e-05,0.950000095749247
1.2479362054713115e-05,0.8878505607872098,1.2479362054713115e-05,0.9500001030859542,1.2479362054713115e-05,0.8878505607872098,1.2479362054713115e-05,0.9500001030859542,1.2479362054713115e-05,0.8878505607995983,1.2479362054713115e-05,0.9500001030906893,1.2479362054713115e-05,0.8878505607872098,1.2479362054713115e-05,0.9500001030859542
1.2948648711459049e-05,0.8878505679513777,1.2948648711459049e-05,0.9500001109848301,1.2948648711459049e-05,0.8878505679513777,1.2948648711459049e-05,0.9500001109848301,1.2948648711459049e-05,0.8878505679647154,1.2948648711459049e-05,0.9500001109899279,1.2948648711459049e-05,0.8878505679513777,1.2948648711459049e-05,0.9500001109848301
1.3435582902208263e-05,0.8878505756644943,1.3435582902208263e-05,0.9500001194889508,1.3435582902208263e-05,0.8878505756644943,1.3435582902208263e-05,0.9500001194889508,1.3435582902208263e-05,0.8878505756788535,1.3435582902208263e-05,0.9500001194944395,1.3435582902208263e-05,0.8878505756644943,1.3435582902208263e-05,0.9500001194889508
1.3940828262825786e-05,0.8878505839686216,1.3940828262825786e-05,0.950000128644693,1.3940828262825786e-05,0.8878505839686216,1.3940828262825786e-05,0.950000128644693,1.3940828262825786e-05,0.8878505839840813,1.3940828262825786e-05,0.9500001286506019,1.3940828262825786e-05,0.8878505839686216,1.3940828262825786e-05,0.950000128644693
1.4465073385216472e-05,0.8878505929090457,1.4465073385216472e-05,0.9500001385019862,1.4465073385216472e-05,0.8878505929090457,1.4465073385216472e-05,0.9500001385019862,1.4465073385216472e-05,0.8878505929256904,1.4465073385216472e-05,0.9500001385083477,1.4465073385216472e-05,0.8878505929090457,1.4465073385216472e-05,0.9500001385019862
1.5009032755797366e-05,0.8878506025345224,1.5009032755797366e-05,0.9500001491145862,1.5009032755797366e-05,0.8878506025345224,1.5009032755797366e-05,0.9500001491145862,1.5009032755797366e-05,0.8878506025524425,1.5009032755797366e-05,0.9500001491214354,1.5009032755797366e-05,0.8878506025345224,1.5009032755797366e-05,0.9500001491145862
1.557344772926135e-05,0.8878506128975434,1.557344772926135e-05,0.9500001605403678,1.557344772926135e-05,0.8878506128975434,1.557344772926135e-05,0.9500001605403678,1.557344772926135e-05,0.8878506129168364,1.557344772926135e-05,0.9500001605477417,1.557344772926135e-05,0.8878506128975434,1.557344772926135e-05,0.9500001605403678
1.615908753895919e-05,0.8878506240546222,1.615908753895919e-05,0.9500001728416404,1.615908753895919e-05,0.8878506240546222,1.615908753895919e-05,0.9500001728416404,1.615908753895919e-05,0.8878506240753934,1.615908753895919e-05,0.9500001728495794,1.615908753895919e-05,0.8878506240546222,1.615908753895919e-05,0.9500001728416404
1.676675034527701e-05,0.8878506360666027,1.676675034527701e-05,0.9500001860854879,1.676675034527701e-05,0.8878506360666027,1.676675034527701e-05,0.9500001860854879,1.676675034527701e-05,0.8878506360889658,1.676675034527701e-05,0.950000186094035,1.676675034527701e-05,0.8878506360666027,1.676675034527701e-05,0.9500001860854879
1.7397264323438025e-05,0.8878506489989915,1.7397264323438025e-05,0.9500002003441338,1.7397264323438025e-05,0.8878506489989915,1.7397264323438025e-05,0.9500002003441338,1.7397264323438025e-05,0.8878506490230678,1.7397264323438025e-05,0.950000200353336,1.7397264323438025e-05,0.8878506489989915,1.7397264323438025e-05,0.9500002003441338
1.80514887922111e-05,0.8878506629223132,1.80514887922111e-05,0.9500002156953365,1.80514887922111e-05,0.8878506629223132,1.80514887922111e-05,0.9500002156953365,1.80514887922111e-05,0.8878506629482347,1.80514887922111e-05,0.950000215705244,1.80514887922111e-05,0.8878506629223132,1.80514887922111e-05,0.9500002156953365
1.8730315385064383e-05,0.887850677912498,1.8730315385064383e-05,0.9500002322228126,1.8730315385064383e-05,0.887850677912498,1.8730315385064383e-05,0.9500002322228126,1.8730315385064383e-05,0.8878506779404055,1.8730315385064383e-05,0.9500002322334794,1.8730315385064383e-05,0.887850677912498,1.8730315385064383e-05,0.9500002322228126
1.943466926536022e-05,0.887850694051293,1.943466926536022e-05,0.9500002500166927,1.943466926536022e-05,0.887850694051293,1.943466926536022e-05,0.9500002500166927,1.943466926536022e-05,0.8878506940813391,1.943466926536022e-05,0.9500002500281766,1.943466926536022e-05,0.887850694051293,1.943466926536022e-05,0.9500002500166927
2.0165510387247484e-05,0.8878507114267099,2.0165510387247484e-05,0.9500002691740137,2.0165510387247484e-05,0.8878507114267099,2.0165510387247484e-05,0.9500002691740137,2.0165510387247484e-05,0.8878507114590579,2.0165510387247484e-05,0.9500002691863775,2.0165510387247484e-05,0.8878507114267099,2.0165510387247484e-05,0.9500002691740137
2.092383480396979e-05,0.887850730133503,2.092383480396979e-05,0.9500002897992483,2.092383480396979e-05,0.887850730133503,2.092383480396979e-05,0.9500002897992483,2.092383480396979e-05,0.8878507301683299,2.092383480396979e-05,0.9500002898125596,2.092383480396979e-05,0.887850730133503,2.092383480396979e-05,0.9500002897992483
2.1710676025372672e-05,0.8878507502736888,2.1710676025372672e-05,0.9500003120048742,2.1710676025372672e-05,0.8878507502736888,2.1710676025372672e-05,0.9500003120048742,2.1710676025372672e-05,0.8878507503111845,2.1710676025372672e-05,0.9500003120192055,2.1710676025372672e-05,0.8878507502736888,2.1710676025372672e-05,0.9500003120048742
2.2527106426459828e-05,0.8878507719570989,2.2527106426459828e-05,0.9500003359119874,2.2527106426459828e-05,0.8878507719570989,2.2527106426459828e-05,0.9500003359119874,2.2527106426459828e-05,0.8878507719974672,2.2527106426459828e-05,0.9500003359274166,2.2527106426459828e-05,0.8878507719570989,2.2527106426459828e-05,0.9500003359119874
2.3374238708918172e-05,0.887850795301982,2.3374238708918172e-05,0.9500003616509628,2.3374238708918172e-05,0.887850795301982,2.3374238708918172e-05,0.9500003616509628,2.3374238708918172e-05,0.8878507953454436,2.3374238708918172e-05,0.9500003616675743,2.3374238708918172e-05,0.887850795301982,2.3374238708918172e-05,0.9500003616509628
2.4253227417603554e-05,0.8878508204356472,2.4253227417603554e-05,0.9500003893621659,2.4253227417603554e-05,0.8878508204356472,2.4253227417603554e-05,0.9500003893621659,2.4253227417603554e-05,0.887850820482439,2.4253227417603554e-05,0.9500003893800499,2.4253227417603554e-05,0.8878508204356472,2.4253227417603554e-05,0.9500003893621659
2.516527051405389e-05,0.8878508474951575,2.516527051405389e-05,0.9500004191967155,2.516527051405389e-05,0.8878508474951575,2.516527051405389e-05,0.9500004191967155,2.516527051405389e-05,0.8878508475455349,2.516527051405389e-05,0.9500004192159704,2.516527051405389e-05,0.8878508474951575,2.516527051405389e-05,0.9500004191967155
2.6111611009174623e-05,0.88785087662808,2.6111611009174623e-05,0.9500004513173128,2.6111611009174623e-05,0.88785087662808,2.6111611009174623e-05,0.9500004513173128,2.6111611009174623e-05,0.8878508766823173,2.6111611009174623e-05,0.9500004513380427,2.6111611009174623e-05,0.88785087662808,2.6111611009174623e-05,0.9500004513173128
2.709353865732049e-05,0.8878509079932876,2.709353865732049e-05,0.9500004858991228,2.709353865732049e-05,0.8878509079932876,2.709353865732049e-05,0.9500004858991228,2.709353865732049e-05,0.887850908051681,2.709353865732049e-05,0.9500004859214414,2.709353865732049e-05,0.8878509079932876,2.709353865732049e-05,0.9500004858991228
2.811239171408461e-05,0.8878509417618271,2.811239171408461e-05,0.9500005231307349,2.811239171408461e-05,0.8878509417618271,2.811239171408461e-05,0.9500005231307349,2.811239171408461e-05,0.887850941824695,2.811239171408461e-05,0.9500005231547631,2.811239171408461e-05,0.8878509417618271,2.811239171408461e-05,0.9500005231307349
2.916955876018793e-05,0.887850978117852,2.916955876018793e-05,0.9500005632151871,2.916955876018793e-05,0.887850978117852,2.916955876018793e-05,0.9500005632151871,2.916955876018793e-05,0.887850978185537,2.916955876018793e-05,0.9500005632410563,2.916955876018793e-05,0.887850978117852,2.916955876018793e-05,0.9500005632151871
3.026648059395689e-05,0.8878510172596258,3.026648059395689e-05,0.9500006063710754,3.026648059395689e-05,0.8878510172596258,3.026648059395689e-05,0.9500006063710754,3.026648059395689e-05,0.8878510173324972,3.026648059395689e-05,0.9500006063989276,3.026648059395689e-05,0.8878510172596258,3.026648059395689e-05,0.9500006063710754
3.140465219496749e-05,0.8878510594006038,3.140465219496749e-05,0.950000652833747,3.140465219496749e-05,0.8878510594006038,3.140465219496749e-05,0.950000652833747,3.140465219496749e-05,0.8878510594790587,3.140465219496749e-05,0.950000652863733,3.140465219496749e-05,0.8878510594006038,3.140465219496749e-05,0.950000652833747
3.258562476153223e-05,0.8878511047705979,3.258562476153223e-05,0.95000070285658,3.258562476153223e-05,0.8878511047705979,3.258562476153223e-05,0.95000070285658,3.258562476153223e-05,0.8878511048550644,3.258562476153223e-05,0.950000702888864,3.258562476153223e-05,0.8878511047705979,3.258562476153223e-05,0.95000070285658
3.381100782480682e-05,0.8878511536170272,3.381100782480682e-05,0.950000756712369,3.381100782480682e-05,0.8878511536170272,3.381100782480682e-05,0.950000756712369,3.381100782480682e-05,0.8878511537079662,3.381100782480682e-05,0.9500007567471266,3.381100782480682e-05,0.8878511536170272,3.381100782480682e-05,0.950000756712369
3.5082471442397884e-05,0.8878512062062714,3.5082471442397884e-05,0.950000814694811,3.5082471442397884e-05,0.8878512062062714,3.5082471442397884e-05,0.950000814694811,3.5082471442397884e-05,0.8878512063041788,3.5082471442397884e-05,0.950000814732232,3.5082471442397884e-05,0.8878512062062714,3.5082471442397884e-05,0.950000814694811
3.640174847446138e-05,0.8878512628251204,3.640174847446138e-05,0.9500008771201066,3.640174847446138e-05,0.8878512628251204,3.640174847446138e-05,0.9500008771201066,3.640174847446138e-05,0.8878512629305294,3.640174847446138e-05,0.9500008771603944,3.640174847446138e-05,0.8878512628251204,3.640174847446138e-05,0.9500008771201066
3.7770636945393644e-05,0.8878513237823378,3.7770636945393644e-05,0.9500009443286846,3.7770636945393644e-05,0.8878513237823378,3.7770636945393644e-05,0.9500009443286846,3.7770636945393644e-05,0.8878513238958238,3.7770636945393644e-05,0.9500009443720598,3.7770636945393644e-05,0.8878513237823378,3.7770636945393644e-05,0.9500009443286846
3.919100249433402e-05,0.8878513894103472,3.919100249433402e-05,0.9500010166870607,3.919100249433402e-05,0.8878513894103472,3.919100249433402e-05,0.9500010166870607,3.919100249433402e-05,0.8878513895325295,3.919100249433402e-05,0.9500010167337595,3.919100249433402e-05,0.8878513894103472,3.919100249433402e-05,0.9500010166870607
4.066478091781854e-05,0.8878514600670441,4.066478091781854e-05,0.9500010945898325,4.066478091781854e-05,0.8878514600670441,4.066478091781854e-05,0.9500010945898325,4.066478091781854e-05,0.887851460198588,4.066478091781854e-05,0.9500010946401097,4.066478091781854e-05,0.8878514600670441,4.066478091781854e-05,0.9500010945898325
4.219398080805024e-05,0.8878515361377459,4.219398080805024e-05,0.9500011784618344,4.219398080805024e-05,0.8878515361377459,4.219398080805024e-05,0.9500011784618344,4.219398080805024e-05,0.8878515362793696,4.219398080805024e-05,0.9500011785159638,4.219398080805024e-05,0.8878515361377459,4.219398080805024e-05,0.9500011784618344
4.3780686290381665e-05,0.8878516180372962,4.3780686290381665e-05,0.9500012687604525,4.3780686290381665e-05,0.8878516180372962,4.3780686290381665e-05,0.9500012687604525,4.3780686290381665e-05,0.8878516181897712,4.3780686290381665e-05,0.9500012688187293,4.3780686290381665e-05,0.8878516180372962,4.3780686290381665e-05,0.9500012687604525
4.542705986374043e-05,0.8878517062123237,4.542705986374043e-05,0.9500013659781195,4.542705986374043e-05,0.8878517062123237,4.542705986374043e-05,0.9500013659781195,4.542705986374043e-05,0.8878517063764821,4.542705986374043e-05,0.9500013660408622,4.542705986374043e-05,0.8878517062123237,4.542705986374043e-05,0.9500013659781195
4.713534534786907e-05,0.8878518011436808,4.713534534786907e-05,0.9500014706450012,4.713534534786907e-05,0.8878518011436808,4.713534534786907e-05,0.9500014706450012,4.713534534786907e-05,0.887851801320418,4.713534534786907e-05,0.9500014707125514,4.713534534786907e-05,0.8878518011436808,4.713534534786907e-05,0.9500014706450012
4.89078709413959e-05,0.8878519033490644,4.89078709413959e-05,0.9500015833318854,4.89078709413959e-05,0.8878519033490644,4.89078709413959e-05,0.9500015833318854,4.89078709413959e-05,0.8878519035393437,4.89078709413959e-05,0.9500015834046117,4.89078709413959e-05,0.8878519033490644,4.89078709413959e-05,0.9500015833318854
5.074705239490466e-05,0.8878520133858387,5.074705239490466e-05,0.9500017046532976,5.074705239490466e-05,0.8878520133858387,5.074705239490466e-05,0.9500017046532976,5.074705239490466e-05,0.8878520135906982,5.074705239490466e-05,0.9500017047315961,5.074705239490466e-05,0.8878520133858387,5.074705239490466e-05,0.9500017046532976
5.265539630332755e-05,0.887852131854076,5.265539630332755e-05,0.9500018352708481,5.265539630332755e-05,0.887852131854076,5.265539630332755e-05,0.9500018352708481,5.265539630332755e-05,0.8878521320746328,5.265539630332755e-05,0.9500018353551466,5.265539630332755e-05,0.887852131854076,5.265539630332755e-05,0.9500018352708481
5.463550352214876e-05,0.8878522593998276,5.463550352214876e-05,0.9500019758968449,5.463550352214876e-05,0.8878522593998276,5.463550352214876e-05,0.9500019758968449,5.463550352214876e-05,0.8878522596372844,5.463550352214876e-05,0.9500019759876024,5.463550352214876e-05,0.8878522593998276,5.463550352214876e-05,0.9500019758968449
5.669007271207434e-05,0.8878523967186482,5.669007271207434e-05,0.9500021272981727,5.669007271207434e-05,0.8878523967186482,5.669007271207434e-05,0.9500021272981727,5.669007271207434e-05,0.8878523969742997,5.669007271207434e-05,0.9500021273958845,5.669007271207434e-05,0.8878523967186482,5.669007271207434e-05,0.9500021272981727
5.8821904016999556e-05,0.8878525445593879,5.8821904016999556e-05,0.9500022903004808,5.8821904016999556e-05,0.8878525445593879,5.8821904016999556e-05,0.9500022903004808,5.8821904016999556e-05,0.8878525448346286,5.8821904016999556e-05,0.9500022904056795,5.8821904016999556e-05,0.8878525445593879,5.8821904016999556e-05,0.9500022903004808
6.103390288028621e-05,0.8878527037282761,6.103390288028621e-05,0.9500024657926802,6.103390288028621e-05,0.8878527037282761,6.103390288028621e-05,0.9500024657926802,6.103390288028621e-05,0.887852704024607,6.103390288028621e-05,0.9500024659059397,6.103390288028621e-05,0.8878527037282761,6.103390288028621e-05,0.9500024657926802
6.332908400455115e-05,0.8878528750933193,6.332908400455115e-05,0.9500026547317945,6.332908400455115e-05,0.8878528750933193,6.332908400455115e-05,0.9500026547317945,6.332908400455115e-05,0.8878528754123567,6.332908400455115e-05,0.950002654853733,6.332908400455115e-05,0.8878528750933193,6.332908400455115e-05,0.9500026547317945
6.57105754603627e-05,0.8878530595890327,6.57105754603627e-05,0.9500028581481781,6.57105754603627e-05,0.8878530595890327,6.57105754603627e-05,0.9500028581481781,6.57105754603627e-05,0.887853059932516,6.57105754603627e-05,0.9500028582794602,6.57105754603627e-05,0.8878530595890327,6.57105754603627e-05,0.9500028581481781
6.818162294944479e-05,0.8878532582215378,6.818162294944479e-05,0.9500030771511344,6.818162294944479e-05,0.8878532582215378,6.818162294944479e-05,0.9500030771511344,6.818162294944479e-05,0.8878532585913403,6.818162294944479e-05,0.9500030772924754,6.818162294944479e-05,0.8878532582215378,6.818162294944479e-05,0.9500030771511344
7.074559422819878e-05,0.8878534720740477,7.074559422819878e-05,0.9500033129349642,7.074559422819878e-05,0.8878534720740477,7.074559422819878e-05,0.9500033129349642,7.074559422819878e-05,0.8878534724721862,7.074559422819878e-05,0.9500033130871356,7.074559422819878e-05,0.8878534720740477,7.074559422819878e-05,0.9500033129349642
7.340598369757212e-05,0.8878537023127754,7.340598369757212e-05,0.9500035667854819,7.340598369757212e-05,0.8878537023127754,7.340598369757212e-05,0.9500035667854819,7.340598369757212e-05,0.8878537027414213,7.340598369757212e-05,0.9500035669493133,7.340598369757212e-05,0.8878537023127754,7.340598369757212e-05,0.9500035667854819
7.616641716552892e-05,0.8878539501932932,7.616641716552892e-05,0.9500038400870231,7.616641716552892e-05,0.8878539501932932,7.616641716552892e-05,0.9500038400870231,7.616641716552892e-05,0.8878539506547839,7.616641716552892e-05,0.9500038402634079,7.616641716552892e-05,0.8878539501932932,7.616641716552892e-05,0.9500038400870231
7.903065678861348e-05,0.887854217067378,7.903065678861348e-05,0.9500041343299964,7.903065678861348e-05,0.887854217067378,7.903065678861348e-05,0.9500041343299964,7.903065678861348e-05,0.88785421756423,7.903065678861348e-05,0.9500041345198967,7.903065678861348e-05,0.887854217067378,7.903065678861348e-05,0.9500041343299964
8.200260619934131e-05,0.8878545043903845,8.200260619934131e-05,0.9500044511190108,8.200260619934131e-05,0.8878545043903845,8.200260619934131e-05,0.9500044511190108,8.200260619934131e-05,0.8878545049253077,8.200260619934131e-05,0.9500044513234621,8.200260619934131e-05,0.8878545043903845,8.200260619934131e-05,0.9500044511190108
8.508631582640582e-05,0.8878548137291812,8.508631582640582e-05,0.9500047921816239,8.508631582640582e-05,0.8878548137291812,8.508631582640582e-05,0.9500047921816239,8.508631582640582e-05,0.8878548143050929,8.508631582640582e-05,0.9500047924017412,8.508631582640582e-05,0.8878548137291812,8.508631582640582e-05,0.9500047921816239
8.82859884149515e-05,0.8878551467706942,8.82859884149515e-05,0.950005159377765,8.82859884149515e-05,0.8878551467706942,8.82859884149515e-05,0.950005159377765,8.82859884149515e-05,0.8878551473907349,8.82859884149515e-05,0.9500051596147485,8.82859884149515e-05,0.8878551467706942,8.82859884149515e-05,0.950005159377765
9.16059847544371e-05,0.8878555053311067,9.16059847544371e-05,0.9500055547098754,9.16059847544371e-05,0.8878555053311067,9.16059847544371e-05,0.9500055547098754,9.16059847544371e-05,0.8878555059986577,9.16059847544371e-05,0.9500055549650182,9.16059847544371e-05,0.8878555053311067,9.16059847544371e-05,0.9500055547098754
9.505082962189511e-05,0.8878558913657619,9.505082962189511e-05,0.9500059803338299,9.505082962189511e-05,0.8878558913657619,9.505082962189511e-05,0.9500059803338299,9.505082962189511e-05,0.8878558920844639,9.505082962189511e-05,0.950005980608523,9.505082962189511e-05,0.8878558913657619,9.505082962189511e-05,0.9500059803338299
9.862521794868784e-05,0.8878563069798265,9.862521794868784e-05,0.9500064385706924,9.862521794868784e-05,0.8878563069798265,9.862521794868784e-05,0.9500064385706924,9.862521794868784e-05,0.8878563077535988,9.862521794868784e-05,0.9500064388664334,9.862521794868784e-05,0.8878563069798265,9.862521794868784e-05,0.9500064385706924
0.00010233402121916423,0.8878567544397703,0.00010233402121916423,0.9500069319193706,0.00010233402121916423,0.8878567544397703,0.00010233402121916423,0.9500069319193706,0.00010233402121916423,0.8878567552728326,0.00010233402121916423,0.9500069322377731,0.00010233402121916423,0.8878567544397703,0.00010233402121916423,0.9500069319193706
0.00010618229410993846,0.8878572361857247,0.00010618229410993846,0.9500074630702461,0.00010618229410993846,0.8878572361857247,0.00010618229410993846,0.9500074630702461,0.00010618229410993846,0.8878572370826204,0.00010618229410993846,0.9500074634130463,0.00010618229410993846,0.8878572361857247,0.00010618229410993846,0.9500074630702461
0.00011017528137883873,0.8878577548447883,0.00011017528137883873,0.9500080349198435,0.00011017528137883873,0.8878577548447883,0.00011017528137883873,0.9500080349198435,0.00011017528137883873,0.8878577558104086,0.00011017528137883873,0.9500080352889104,0.00011017528137883873,0.8878577548447883,0.00011017528137883873,0.9500080349198435
0.00011431842501291502,0.8878583132453546,0.00011431842501291502,0.9500086505866246,0.00011431842501291502,0.8878583132453546,0.00011431842501291502,0.9500086505866246,0.00011431842501291502,0.8878583142849656,0.00011431842501291502,0.9500086509839717,0.00011431842501291502,0.8878583132453546,0.00011431842501291502,0.9500086505866246
0.00011861737164524792,0.8878589144325317,0.00011861737164524792,0.9500093134279938,0.00011861737164524792,0.8878589144325317,0.00011861737164524792,0.9500093134279938,0.00011861737164524792,0.8878589155518026,0.00011861737164524792,0.9500093138557875,0.00011861737164524792,0.8878589144325317,0.00011861737164524792,0.9500093134279938
0.00012307798025066658,0.8878595616847492,0.00012307798025066658,0.9500100270586062,0.00012307798025066658,0.8878595616847492,0.00012307798025066658,0.9500100270586062,0.00012307798025066658,0.8878595628897845,0.00012307798025066658,0.9500100275191794,0.00012307798025066658,0.8878595616847492,0.00012307798025066658,0.9500100270586062
0.00012770633013086446,0.8878602585316345,0.00012770633013086446,0.9500107953700763,0.00012770633013086446,0.8878602585316345,0.00012770633013086446,0.9500107953700763,0.00012770633013086446,0.8878602598290055,0.00012770633013086446,0.9500107958659412,0.00012770633013086446,0.8878602585316345,0.00012770633013086446,0.9500107953700763
0.0001325087291997954,0.8878610087732576,0.0001325087291997954,0.9500116225522008,0.0001325087291997954,0.8878610087732576,0.0001325087291997954,0.9500116225522008,0.0001325087291997954,0.8878610101700403,0.0001325087291997954,0.950011623086062,0.0001325087291997954,0.8878610087732576,0.0001325087291997954,0.9500116225522008
0.00013749172258064192,0.8878618165008545,0.00013749172258064192,0.9500125131158029,0.00013749172258064192,0.8878618165008545,0.00013749172258064192,0.9500125131158029,0.00013749172258064192,0.887861818004666,0.00013749172258064192,0.9500125136905714,0.00013749172258064192,0.8878618165008545,0.00013749172258064192,0.9500125131158029
0.00014266210152607368,0.8878626861191339,0.00014266210152607368,0.9500134719173293,0.00014266210152607368,0.8878626861191339,0.00014266210152607368,0.9500134719173293,0.00014266210152607368,0.8878626877381758,0.00014266210152607368,0.9500134725361395,0.00014266210152607368,0.8878626861191339,0.00014266210152607368,0.9500134719173293
0.00014802691267395087,0.8878636223702937,0.00014802691267395087,0.9500145041853307,0.00014802691267395087,0.8878636223702937,0.00014802691267395087,0.9500145041853307,0.00014802691267395087,0.8878636241133953,0.00014802691267395087,0.9500145048515578,0.00014802691267395087,0.8878636223702937,0.00014802691267395087,0.9500145041853307
0.0001535934676510897,0.8878646303598798,0.0001535934676510897,0.9500156155489716,0.0001535934676510897,0.8878646303598798,0.0001535934676510897,0.9500156155489716,0.0001535934676510897,0.8878646322365474,0.0001535934676510897,0.9500156162662492,0.0001535934676510897,0.8878646303598798,0.0001535934676510897,0.9500156155489716
0.00015936935303817744,0.8878657155846231,0.00015936935303817744,0.9500168120687239,0.00015936935303817744,0.8878657155846231,0.00015936935303817744,0.9500168120687239,0.00015936935303817744,0.8878657176050916,0.00015936935303817744,0.9500168128409637,0.00015936935303817744,0.8878657155846231,0.00015936935303817744,0.9500168120687239
0.00016536244070941805,0.8878668839624111,0.00016536244070941805,0.9500181002694115,0.00016536244070941805,0.8878668839624111,0.00016536244070941805,0.9500181002694115,0.00016536244070941805,0.8878668861376997,0.00016536244070941805,0.950018101100825,0.00016536244070941805,0.8878668839624111,0.00016536244070941805,0.9500181002694115
0.0001715808985610005,0.8878681418645528,0.0001715808985610005,0.9500194871757868,0.0001715808985610005,0.8878681418645528,0.0001715808985610005,0.9500194871757868,0.0001715808985610005,0.8878681442065249,0.0001715808985610005,0.9500194880709085,0.0001715808985610005,0.8878681418645528,0.0001715808985610005,0.9500194871757868
0.0001780332016430114,0.8878694961505185,0.0001780332016430114,0.9500209803508322,0.0001780332016430114,0.8878694961505185,0.0001780332016430114,0.9500209803508322,0.0001780332016430114,0.8878694986719465,0.0001780332016430114,0.9500209813145445,0.0001780332016430114,0.8878694961505185,0.0001780332016430114,0.9500209803508322
0.00018472814370996341,0.887870954205338,0.00018472814370996341,0.9500225879369976,0.00018472814370996341,0.887870954205338,0.00018472814370996341,0.9500225879369976,0.00018472814370996341,0.8878709569199739,0.00018472814370996341,0.9500225889745558,0.00018472814370996341,0.887870954205338,0.00018472814370996341,0.9500225879369976
0.0001916748492056815,0.8878725239798663,0.0001916748492056815,0.9500243187005913,0.0001916748492056815,0.8878725239798663,0.0001916748492056815,0.9500243187005913,0.0001916748492056815,0.8878725269025142,0.0001916748492056815,0.9500243198176546,0.0001916748492056815,0.8878725239798663,0.0001916748492056815,0.9500243187005913
0.00019888278569888098,0.8878742140341285,0.00019888278569888098,0.9500261820795791,0.00019888278569888098,0.8878742140341285,0.00019888278569888098,0.9500261820795791,0.00019888278569888098,0.8878742171807286,0.00019888278569888098,0.9500261832822399,0.00019888278569888098,0.8878742140341285,0.00019888278569888098,0.9500261820795791
0.00020636177678638588,0.8878760335839917,0.00020636177678638588,0.9500281882350387,0.00020636177678638588,0.8878760335839917,0.00020636177678638588,0.9500281882350387,0.00020636177678638588,0.8878760369717054,0.00020636177678638588,0.9500281895298561,0.00020636177678638588,0.8878760335839917,0.00020636177678638588,0.9500281882350387
0.00021412201548157294,0.8878779925514061,0.00021412201548157294,0.9500303481065564,0.00021412201548157294,0.8878779925514061,0.00021412201548157294,0.9500303481065564,0.00021412201548157294,0.8878779961987099,0.00021412201548157294,0.9500303495005926,0.00021412201548157294,0.8878779925514061,0.00021412201548157294,0.9500303481065564
0.00022217407810628823,0.8878801016184971,0.00022217407810628823,0.9500326734718699,0.00022217407810628823,0.8878801016184971,0.00022217407810628823,0.9500326734718699,0.00022217407810628823,0.8878801055452834,0.00022217407810628823,0.9500326749727283,0.00022217407810628823,0.8878801016184971,0.00022217407810628823,0.9500326734718699
0.00023052893870517061,0.887882372285799,0.00023052893870517061,0.9500351770110764,0.00023052893870517061,0.887882372285799,0.00023052893870517061,0.9500351770110764,0.00023052893870517061,0.8878823765134838,0.00023052893870517061,0.9500351786269431,0.00023052893870517061,0.887882372285799,0.00023052893870517061,0.9500351770110764
0.00023919798400202374,0.8878848169349475,0.00023919798400202374,0.950037872375759,0.00023919798400202374,0.8878848169349475,0.00023919798400202374,0.950037872375759,0.00023919798400202374,0.8878848214865896,0.00023919798400202374,0.9500378741154469,0.00023919798400202374,0.8878848169349475,0.00023919798400202374,0.950037872375759
0.00024819302891862527,0.8878874488961782,0.00024819302891862527,0.9500407742634072,0.00024819302891862527,0.8878874488961782,0.00024819302891862527,0.9500407742634072,0.00024819302891862527,0.8878874537966026,0.00024819302891862527,0.9500407761364054,0.00024819302891862527,0.8878874488961782,0.00024819302891862527,0.9500407742634072
0.00025752633267711985,0.8878902825209873,0.00025752633267711985,0.9500438984975379,0.00025752633267711985,0.8878902825209873,0.00025752633267711985,0.9500438984975379,0.00025752633267711985,0.8878902877969219,0.00025752633267711985,0.9500439005140625,0.00025752633267711985,0.8878902825209873,0.00025752633267711985,0.9500438984975379
0.00026721061550794326,0.8878933332603632,0.00026721061550794326,0.9500472621139515,0.00026721061550794326,0.8878933332603632,0.00026721061550794326,0.9500472621139515,0.00026721061550794326,0.8878933389405841,0.00026721061550794326,0.950047264285002,0.00026721061550794326,0.8878933332603632,0.00026721061550794326,0.9500472621139515
0.0002772590759860481,0.8878966177490029,0.0002772590759860481,0.9500508834535937,0.0002772590759860481,0.8878966177490029,0.0002772590759860481,0.9500508834535937,0.0002772590759860481,0.8878966238644916,0.0002772590759860481,0.9500508857910117,0.0002772590759860481,0.8878966177490029,0.0002772590759860481,0.9500508834535937
0.00028768540901905916,0.8879001538959801,0.00028768540901905916,0.9500547822625265,0.00028768540901905916,0.8879001538959801,0.00028768540901905916,0.9500547822625265,0.00028768540901905916,0.8879001604800926,0.00028768540901905916,0.9500547847790624,0.00028768540901905916,0.8879001538959801,0.00028768540901905916,0.9500547822625265
0.00029850382451187293,0.887903960982355,0.00029850382451187293,0.9500589797995571,0.00029850382451187293,0.887903960982355,0.00029850382451187293,0.9500589797995571,0.00029850382451187293,0.8879039680710044,0.00029850382451187293,0.9500589825089372,0.00029850382451187293,0.887903960982355,0.00029850382451187293,0.9500589797995571
0.0003097290667331407,0.8879080597662569,0.0003097290667331407,0.9500634989521046,0.0003097290667331407,0.8879080597662569,0.0003097290667331407,0.9500634989521046,0.0003097290667331407,0.8879080673981081,0.0003097290667331407,0.9500635018691087,0.0003097290667331407,0.8879080597662569,0.0003097290667331407,0.9500634989521046
0.00032137643441002754,0.8879124725960115,0.00032137643441002754,0.950068364360941,0.00032137643441002754,0.8879124725960115,0.00032137643441002754,0.950068364360941,0.00032137643441002754,0.8879124808126931,0.00032137643441002754,0.9500683675014807,0.00032137643441002754,0.8879124725960115,0.00032137643441002754,0.950068364360941
0.00033346180157863627,0.8879172235319264,0.00033346180157863627,0.9500736025544776,0.00033346180157863627,0.8879172235319264,0.00033346180157863627,0.9500736025544776,0.00033346180157863627,0.8879172323782583,0.00033346180157863627,0.9500736059356855,0.00033346180157863627,0.8879172235319264,0.00033346180157863627,0.9500736025544776
0.0003460016392185109,0.8879223384774035,0.0003460016392185109,0.9500792420933369,0.0003460016392185109,0.8879223384774035,0.0003460016392185109,0.9500792420933369,0.0003460016392185109,0.8879223480016403,0.0003460016392185109,0.9500792457336579,0.0003460016392185109,0.8879223384774035,0.0003460016392185109,0.9500792420933369
0.00035901303770070685,0.8879278453200808,0.00035901303770070685,0.9500853137259869,0.00035901303770070685,0.8879278453200808,0.00035901303770070685,0.9500853137259869,0.00035901303770070685,0.8879278555741764,0.00035901303770070685,0.9500853176452806,0.00035901303770070685,0.8879278453200808,0.00035901303770070685,0.9500853137259869
0.00037251373008002095,0.8879337740837816,0.00037251373008002095,0.95009185055629,0.00037251373008002095,0.8879337740837816,0.00037251373008002095,0.95009185055629,0.00037251373008002095,0.8879337851236725,0.00037251373008002095,0.9500918547759378,0.00037251373008002095,0.8879337740837816,0.00037251373008002095,0.95009185055629
0.00038652211626312617,0.8879401570920871,0.00038652211626312617,0.9500988882238729,0.00038652211626312617,0.8879401570920871,0.00038652211626312617,0.9500988882238729,0.00038652211626312617,0.887940168977997,0.00038652211626312617,0.9500988927668959,0.00038652211626312617,0.8879401570920871,0.00038652211626312617,0.9500988882238729
0.0004010572880855496,0.8879470291444286,0.0004010572880855496,0.9501064650983053,0.0004010572880855496,0.8879470291444286,0.0004010572880855496,0.9501064650983053,0.0004010572880855496,0.8879470419411988,0.0004010572880855496,0.9501064699894893,0.0004010572880855496,0.8879470291444286,0.0004010572880855496,0.9501064650983053
0.0004161390553316707,0.8879544277056517,0.0004161390553316707,0.9501146224881293,0.0004161390553316707,0.8879544277056517,0.0004161390553316707,0.9501146224881293,0.0004161390553316707,0.8879544414830944,0.0004161390553316707,0.9501146277541613,0.0004161390553316707,0.8879544277056517,0.0004161390553316707,0.9501146224881293
0.00043178797273320214,0.8879623931100821,0.00043178797273320214,0.9501234048658913,0.00043178797273320214,0.8879623931100821,0.00043178797273320214,0.9501234048658913,0.00043178797273320214,0.8879624079433607,0.00043178797273320214,0.9501234105355033,0.00043178797273320214,0.8879623931100821,0.00043178797273320214,0.9501234048658913
0.00044802536798294897,0.8879709687812001,0.00044802536798294897,0.9501328601103813,0.00044802536798294897,0.8879709687812001,0.00044802536798294897,0.9501328601103813,0.00044802536798294897,0.8879709847512409,0.00044802536798294897,0.9501328662145094,0.00044802536798294897,0.8879709687812001,0.00044802536798294897,0.9501328601103813
0.0004648733708020257,0.8879802014681187,0.0004648733708020257,0.95014303976741,0.0004648733708020257,0.8879802014681187,0.0004648733708020257,0.95014303976741,0.0004648733708020257,0.887980218662053,0.0004648733708020257,0.9501430463393626,0.0004648733708020257,0.8879802014681187,0.0004648733708020257,0.95014303976741
0.00048235494310014675,0.8879901415001423,0.00048235494310014675,0.9501539993305262,0.00048235494310014675,0.8879901415001423,0.00048235494310014675,0.9501539993305262,0.00048235494310014675,0.8879901600117827,0.00048235494310014675,0.9501540064061665,0.00048235494310014675,0.8879901415001423,0.00048235494310014675,0.9501539993305262
0.0005004939102700954,0.8880008430607922,0.0005004939102700954,0.950165798543205,0.0005004939102700954,0.8880008430607922,0.0005004939102700954,0.950165798543205,0.0005004939102700954,0.8880008629911433,0.0005004939102700954,0.9501658061611452,0.0005004939102700954,0.8880008430607922,0.0005004939102700954,0.950165798543205
0.0005193149936590213,0.8880123644827785,0.0005193149936590213,0.9501785017241413,0.0005193149936590213,0.8880123644827785,0.0005193149936590213,0.9501785017241413,0.0005193149936590213,0.8880123859405916,0.0005193149936590213,0.9501785099259569,0.0005193149936590213,0.8880123644827785,0.0005193149936590213,0.9501785017241413
0.0005388438442608224,0.8880247685655168,0.0005388438442608224,0.950192178117413,0.0005388438442608224,0.8880247685655168,0.0005388438442608224,0.950192178117413,0.0005388438442608224,0.888024791667883,0.0005388438442608224,0.9501921869478678,0.0005388438442608224,0.8880247685655168,0.0005388438442608224,0.950192178117413
0.0005591070776755293,0.8880381229169125,0.0005591070776755293,0.9502069022694102,0.0005591070776755293,0.8880381229169125,0.0005591070776755293,0.9502069022694102,0.0005591070776755293,0.888038147789902,0.0005591070776755293,0.9502069117767019,0.0005591070776755293,0.8880381229169125,0.0005591070776755293,0.9502069022694102
0.0005801323103833379,0.8880525003212552,0.0005801323103833379,0.9502227544345696,0.0005801323103833379,0.8880525003212552,0.0005801323103833379,0.9502227544345696,0.0005801323103833379,0.8880525271006078,0.0005801323103833379,0.9502227646705943,0.0005801323103833379,0.8880525003212552,0.0005801323103833379,0.9502227544345696
0.0006019481973827274,0.8880679791352163,0.0006019481973827274,0.9502398210121134,0.0006019481973827274,0.8880679791352163,0.0006019481973827274,0.9502398210121134,0.0006019481973827274,0.8880680079670841,0.0006019481973827274,0.9502398320327476,0.0006019481973827274,0.8880679791352163,0.0006019481973827274,0.9502398210121134
0.0006245844712439618,0.8880846437140888,0.0006245844712439618,0.9502581950161467,0.0006245844712439618,0.8880846437140888,0.0006245844712439618,0.9502581950161467,0.0006245844712439618,0.8880846747558341,0.0006245844712439618,0.9502582068815567,0.0006245844712439618,0.8880846437140888,0.0006245844712439618,0.9502581950161467
0.0006480719826311971,0.8881025848705696,0.0006480719826311971,0.9502779765816655,0.0006480719826311971,0.8881025848705696,0.0006480719826311971,0.9502779765816655,0.0006480719826311971,0.8881026182916273,0.0006480719826311971,0.9502779893566329,0.0006480719826311971,0.8881025848705696,0.0006480719826311971,0.9502779765816655
0.0006724427423484249,0.888121900368556,0.0006724427423484249,0.950299273509193,0.0006724427423484249,0.888121900368556,0.0006724427423484249,0.950299273509193,0.0006724427423484249,0.8881219363513616,0.0006724427423484249,0.9502992872634727,0.0006724427423484249,0.888121900368556,0.0006724427423484249,0.950299273509193
0.0006977299649665538,0.8881426954546293,0.0006977299649665538,0.9503222018509975,0.0006977299649665538,0.8881426954546293,0.0006977299649665538,0.9503222018509975,0.0006977299649665538,0.8881427341956143,0.0006977299649665538,0.9503222166596987,0.0006977299649665538,0.8881426954546293,0.0006977299649665538,0.9503222018509975
0.0007239681140910877,0.8881650834300684,0.0007239681140910877,0.9503468865420428,0.0007239681140910877,0.8881650834300684,0.0007239681140910877,0.9503468865420428,0.0007239681140910877,0.8881651251407403,0.0007239681140910877,0.9503469024860406,0.0007239681140910877,0.8881650834300684,0.0007239681140910877,0.9503468865420428
0.0007511929493320969,0.8881891862664926,0.0007511929493320969,0.9503734620790716,0.0007511929493320969,0.8881891862664926,0.0007511929493320969,0.9503734620790716,0.0007511929493320969,0.8881892311745903,0.0007511929493320969,0.9503734792454519,0.0007511929493320969,0.8881891862664926,0.0007511929493320969,0.9503734620790716
0.0007794415750404951,0.8882151352684243,0.0007794415750404951,0.9504020732514825,0.0007794415750404951,0.8882151352684243,0.0007794415750404951,0.9504020732514825,0.0007794415750404951,0.8882151836191675,0.0007794415750404951,0.9504020917340184,0.0007794415750404951,0.8882151352684243,0.0007794415750404951,0.9504020732514825
0.0008087524908770458,0.8882430717863379,0.0008087524908770458,0.9504328759279218,0.0008087524908770458,0.8882430717863379,0.0008087524908770458,0.9504328759279218,0.0008087524908770458,0.8882431238437709,0.0008087524908770458,0.950432895827589,0.0008087524908770458,0.8882430717863379,0.0008087524908770458,0.9504328759279218
0.0008391656442830162,0.888273147984017,0.0008391656442830162,0.9504660379028184,0.0008391656442830162,0.888273147984017,0.0008391656442830162,0.9504660379028184,0.0008391656442830162,0.8882732040324571,0.0008391656442830162,0.9504660593283507,0.0008391656442830162,0.888273147984017,0.0008391656442830162,0.9504660379028184
0.0008707224849239922,0.8883055276643248,0.0008707224849239922,0.9505017398074054,0.0008707224849239922,0.8883055276643248,0.0008707224849239922,0.9505017398074054,0.0008707224849239922,0.8883055880099213,0.0008707224849239922,0.950501762875891,0.0008707224849239922,0.8883055276643248,0.0008707224849239922,0.9505017398074054
0.0009034660211810525,0.8883403871578084,0.0009034660211810525,0.9505401760901021,0.0009034660211810525,0.8883403871578084,0.0009034660211810525,0.9505401760901021,0.0009034660211810525,0.8883404521302238,0.0009034660211810525,0.950540200927628,0.0009034660211810525,0.8883403871578084,0.0009034660211810525,0.9505401760901021
0.0009374408787662991,0.8883779162788764,0.0009374408787662991,0.9505815560715082,0.0009374408787662991,0.8883779162788764,0.0009374408787662991,0.9505815560715082,0.0009374408787662991,0.8883779862330963,0.0009374408787662991,0.950581582813855,0.0009374408787662991,0.8883779162788764,0.0009374408787662991,0.9505815560715082
0.0009726933615426169,0.8884183193546503,0.0009726933615426169,0.9506261050796415,0.0009726933615426169,0.8884183193546503,0.0009726933615426169,0.9506261050796415,0.0009726933615426169,0.8884183946729337,0.0009726933615426169,0.9506261338730286,0.0009726933615426169,0.8884183193546503,0.0009726933615426169,0.9506261050796415
0.0010092715146305707,0.8884618163319625,0.0010092715146305707,0.9506740656714752,0.0010092715146305707,0.8884618163319625,0.0010092715146305707,0.9506740656714752,0.0010092715146305707,0.8884618974259432,0.0010092715146305707,0.9506740966733694,0.0010092715146305707,0.8884618163319625,0.0010092715146305707,0.9506740656714752
0.0010472251898884343,0.8885086439683788,0.0010472251898884343,0.9507256989472807,0.0010472251898884343,0.8885086439683788,0.0010472251898884343,0.9507256989472807,0.0010472251898884343,0.8885087312813299,0.0010472251898884343,0.950725732327263,0.0010472251898884343,0.8885086439683788,0.0010472251898884343,0.9507256989472807
0.001086606113854597,0.8885590571135574,0.001086606113854597,0.9507812859647573,0.001086606113854597,0.8885590571135574,0.001086606113854597,0.9507812859647573,0.001086606113854597,0.8885591511228318,0.001086606113854597,0.9507813219054594,0.001086606113854597,0.8885590571135574,0.001086606113854597,0.9507812859647573
0.0011274679582449461,0.888613330087725,0.0011274679582449461,0.9508411292604501,0.0011274679582449461,0.888613330087725,0.0011274679582449461,0.9508411292604501,0.0011274679582449461,0.8886134313073836,0.0011274679582449461,0.9508411679585637,0.0011274679582449461,0.888613330087725,0.0011274679582449461,0.9508411292604501
0.001169866413101307,0.8886717581645354,0.001169866413101307,0.9509055544865131,0.001169866413101307,0.8886717581645354,0.001169866413101307,0.9509055544865131,0.001169866413101307,0.8886718671481815,0.001169866413101307,0.9509055961538768,0.001169866413101307,0.8886717581645354,0.001169866413101307,0.9509055544865131
0.0012138592626906278,0.8887346591661157,0.0012138592626906278,0.9509749121714524,0.0012138592626906278,0.8887346591661157,0.0012138592626906278,0.9509749121714524,0.0012138592626906278,0.8887347765099497,0.0012138592626906278,0.9509749570362257,0.0012138592626906278,0.8887346591661157,0.0012138592626906278,0.9509749121714524
0.0012595064642583577,0.8888023751786732,0.0012595064642583577,0.9510495796141284,0.0012595064642583577,0.8888023751786732,0.0012595064642583577,0.9510495796141284,0.0012595064642583577,0.8888025015247836,0.0012595064642583577,0.9510496279220542,0.0012595064642583577,0.8888023751786732,0.0012595064642583577,0.9510495796141284
0.0013068702297433464,0.888875274397632,0.0013068702297433464,0.9511299629209644,0.0013068702297433464,0.888875274397632,0.0013068702297433464,0.9511299629209644,0.0013068702297433464,0.8888754104375448,0.0013068702297433464,0.9511300149367355,0.0013068702297433464,0.888875274397632,0.0013068702297433464,0.9511299629209644
0.0013560151105656334,0.8889537531119241,0.0013560151105656334,0.9512164991970334,0.0013560151105656334,0.8889537531119241,0.0013560151105656334,0.9512164991970334,0.0013560151105656334,0.8889538995904287,0.0013560151105656334,0.9512165552057615,0.0013560151105656334,0.8889537531119241,0.0013560151105656334,0.9512164991970334
0.001407008085602685,0.889038237837748,0.001407008085602685,0.9513096589024601,0.001407008085602685,0.889038237837748,0.001407008085602685,0.9513096589024601,0.001407008085602685,0.8890383955570229,0.001407008085602685,0.9513097192112621,0.001407008085602685,0.889038237837748,0.001407008085602685,0.9513096589024601
0.0014599186524739786,0.8891291876128383,0.0014599186524739786,0.9514099483864017,0.0014599186524739786,0.8891291876128383,0.0014599186524739786,0.9514099483864017,0.0014599186524739786,0.8891293574368971,0.0014599186524739786,0.9514100133261125,0.0014599186524739786,0.8891291876128383,0.0014599186524739786,0.9514099483864017
0.0015148189222583457,0.8892270964630712,0.0015148189222583457,0.951517912611749,0.0015148189222583457,0.8892270964630712,0.0015148189222583457,0.951517912611749,0.0015148189222583457,0.8892272793225627,0.0015148189222583457,0.951517982538767,0.0015148189222583457,0.8892270964630712,0.0015148189222583457,0.951517912611749
0.0015717837177731627,0.8893324960540775,0.0015717837177731627,0.951634138084608,0.0015717837177731627,0.8893324960540775,0.0015717837177731627,0.951634138084608,0.0015717837177731627,0.889332692951458,0.0015717837177731627,0.9516342133828877,0.0015717837177731627,0.8893324960540775,0.0015717837177731627,0.951634138084608
0.0016308906755493327,0.8894459585413983,0.0016308906755493327,0.9517592560036381,0.0016308906755493327,0.8894459585413983,0.0016308906755493327,0.9517592560036381,0.0016308906755493327,0.8894461705565129,0.0016308906755493327,0.9517593370868433,0.0016308906755493327,0.8894459585413983,0.0016308906755493327,0.9517592560036381
0.0016922203516410374,0.8895680996336757,0.0016922203516410374,0.9518939456453633,0.0016922203516410374,0.8895680996336757,0.0016922203516410374,0.9518939456453633,0.0016922203516410374,0.8895683279297796,0.0016922203516410374,0.9518940329591868,0.0016922203516410374,0.8895680996336757,0.0016922203516410374,0.9518939456453633
0.0017558563314144689,0.8896995818843585,0.0017558563314144689,0.9520389380026941,0.0017558563314144689,0.8896995818843585,0.0017558563314144689,0.9520389380026941,0.0017558563314144689,0.8896998277146155,0.0017558563314144689,0.9520390320273657,0.0017558563314144689,0.8896995818843585,0.0017558563314144689,0.9520389380026941
0.0018218853434651652,0.8898411182284602,0.0018218853434651652,0.9521950196951003,0.0018218853434651652,0.8898411182284602,0.0018218853434651652,0.9521950196951003,0.0018218853434651652,0.8898413829429537,0.0018218853434651652,0.952195120948095,0.0018218853434651652,0.8898411182284602,0.0018218853434651652,0.9521950196951003
0.0018903973778192195,0.8899934757820245,0.0018903973778192195,0.9523630371701258,0.0018903973778192195,0.8899934757820245,0.0018903973778192195,0.9523630371701258,0.0018903973778192195,0.8899937608353274,0.0018903973778192195,0.9523631462090895,0.0018903973778192195,0.8899934757820245,0.0018903973778192195,0.9523630371701258
0.0019614858085794293,0.890157479923125,0.0019614858085794293,0.9525439012172782,0.0019614858085794293,0.890157479923125,0.0019614858085794293,0.9525439012172782,0.0019614858085794293,0.8901577868824712,0.0019614858085794293,0.9525440186431867,0.0019614858085794293,0.890157479923125,0.0019614858085794293,0.9525439012172782
0.002035247521183576,0.8903340186744796,0.002035247521183576,0.9527385918167334,0.002035247521183576,0.8903340186744796,0.002035247521183576,0.9527385918167334,0.002035247521183576,0.8903343492285878,0.002035247521183576,0.9527387182773096,0.002035247521183576,0.8903340186744796,0.002035247521183576,0.9527385918167334
0.0021117830444482423,0.8905240474090513,0.0021117830444482423,0.9529481633467843,0.0021117830444482423,0.8905240474090513,0.0021117830444482423,0.9529481633467843,0.0021117830444482423,0.8905244033776551,0.0021117830444482423,0.9529482995401913,0.0021117830444482423,0.8905240474090513,0.0021117830444482423,0.9529481633467843
0.0021911966875781475,0.8907285939013885,0.0021911966875781475,0.9531737501755357,0.0021911966875781475,0.8907285939013885,0.0021911966875781475,0.9531737501755357,0.0021911966875781475,0.8907289772455335,0.0021911966875781475,0.9531738968543694,0.0021911966875781475,0.8907285939013885,0.0021911966875781475,0.9531737501755357
0.0022735966823277153,0.890948763748892,0.0022735966823277153,0.9534165726639879,0.0022735966823277153,0.890948763748892,0.0022735966823277153,0.9534165726639879,0.0022735966823277153,0.8909491765820599,0.0022735966823277153,0.9534167306395976,0.0022735966823277153,0.890948763748892,0.0022735966823277153,0.9534165726639879
0.0023590953305086338,0.8911857461886885,0.0023590953305086338,0.9536779436093826,0.0023590953305086338,0.8911857461886885,0.0023590953305086338,0.9536779436093826,0.0023590953305086338,0.8911861907888249,0.0023590953305086338,0.9536781137565458,0.0023590953305086338,0.8911857461886885,0.0023590953305086338,0.9536779436093826
0.0024478091570444404,0.8914408203373609,0.0024478091570444404,0.9539592751594946,0.0024478091570444404,0.8914408203373609,0.0024478091570444404,0.9539592751594946,0.0024478091570444404,0.8914412991598732,0.0024478091570444404,0.953959458421478,0.0024478091570444404,0.8914408203373609,0.0024478091570444404,0.9539592751594946
0.002539859068780724,0.8917153618823906,0.002539859068780724,0.954262086230434,0.002539859068780724,0.8917153618823906,0.002539859068780724,0.954262086230434,0.002539859068780724,0.8917158775742138,0.002539859068780724,0.9542622836244725,0.002539859068780724,0.8917153618823906,0.002539859068780724,0.954262086230434
0.002635370519267393,0.8920108502558571,0.002635370519267393,0.9545880104624845,0.002635370519267393,0.8920108502558571,0.002635370519267393,0.9545880104624845,0.002635370519267393,0.8920114056706607,0.002635370519267393,0.9545882230857198,0.002635370519267393,0.8920108502558571,0.002635370519267393,0.9545880104624845
0.00273447367973758,0.892328876322647,0.00273447367973758,0.9549388047505394,0.00273447367973758,0.892328876322647,0.00273447367973758,0.9549388047505394,0.00273447367973758,0.8923294745373018,0.00273447367973758,0.954939033786454,0.00273447367973758,0.892328876322647,0.00273447367973758,0.9549388047505394
0.0028373036165162116,0.8926711506171922,0.0028373036165162116,0.9553163583877895,0.0028373036165162116,0.8926711506171922,0.0028373036165162116,0.9553163583877895,0.0028373036165162116,0.8926717949495903,0.0028373036165162116,0.9553166051131851,0.0028373036165162116,0.8926711506171922,0.0028373036165162116,0.9553163583877895
0.0029440004751000335,0.8930395121645549,0.0029440004751000335,0.9557227028634756,0.0029440004751000335,0.8930395121645549,0.0029440004751000335,0.9557227028634756,0.0029440004751000335,0.893040206192913,0.0029440004751000335,0.9557229686560419,0.0029440004751000335,0.8930395121645549,0.0029440004751000335,0.9557227028634756
0.003054709671159968,0.8934359379234807,0.003054709671159968,0.956160022357719,0.003054709671159968,0.8934359379234807,0.003054709671159968,0.956160022357719,0.003054709671159968,0.8934366855072511,0.003054709671159968,0.9561603087042526,0.003054709671159968,0.8934359379234807,0.003054709671159968,0.956160022357719
0.003169582088726115,0.8938625528908601,0.003169582088726115,0.9566306649786894,0.003169582088726115,0.8938625528908601,0.003169582088726115,0.9566306649786894,0.003169582088726115,0.8938633581934012,0.003169582088726115,0.9566309734840153,0.003169582088726115,0.8938625528908601,0.003169582088726115,0.9566306649786894
0.00328877428582551,0.8943216409088511,0.00328877428582551,0.9571371547896207,0.00328877428582551,0.8943216409088511,0.00328877428582551,0.9571371547896207,0.00328877428582551,0.8943225084220064,0.00328877428582551,0.9571374871862919,0.00328877428582551,0.8943216409088511,0.00328877428582551,0.9571371547896207
0.0034124487078528894,0.8948156562176646,0.0034124487078528894,0.9576822046754642,0.0034124487078528894,0.8948156562176646,0.0034124487078528894,0.9576822046754642,0.0034124487078528894,0.8948165907884356,0.0034124487078528894,0.9576825628343052,0.0034124487078528894,0.8948156562176646,0.0034124487078528894,0.9576822046754642
0.00354077390896527,0.8953472357987431,0.00354077390896527,0.9582687301011937,0.00354077390896527,0.8953472357987431,0.00354077390896527,0.9582687301011937,0.00354077390896527,0.8953482426582372,0.00354077390896527,0.9582691160427746,0.00354077390896527,0.8953472357987431,0.00354077390896527,0.9582687301011937
0.0036739247818020743,0.8959192125546608,0.0036739247818020743,0.9588998638160018,0.0036739247818020743,0.8959192125546608,0.0036739247818020743,0.9588998638160018,0.0036739247818020743,0.8959202973495373,0.0036739247818020743,0.9589002797231301,0.0036739247818020743,0.8959192125546608,0.0036739247818020743,0.9588998638160018
0.003812082795843888,0.8965346293735866,0.003812082795843888,0.9595789715597275,0.003812082795843888,0.8965346293735866,0.003812082795843888,0.9595789715597275,0.003812082795843888,0.8965357982002238,0.003812082795843888,0.95957941979106,0.003812082795843888,0.8965346293735866,0.003812082795843888,0.9595789715597275
0.003955436244734702,0.8971967541274518,0.003955436244734702,0.9603096688298923,0.003955436244734702,0.8971967541274518,0.003955436244734702,0.9603096688298923,0.003955436244734702,0.8971980135691023,0.003955436244734702,0.960310151934779,0.003955436244734702,0.8971967541274518,0.003955436244734702,0.9603096688298923
0.004104180502904709,0.8979090956541087,0.004104180502904709,0.9610958387695724,0.004104180502904709,0.8979090956541087,0.004104180502904709,0.9610958387695724,0.004104180502904709,0.8979104528213282,0.004104180502904709,0.9610963595042532,0.004104180502904709,0.8979090956541087,0.004104180502904709,0.9610958387695724
0.004258518291843414,0.8986754207745966,0.004258518291843414,0.9619416512380038,0.004258518291843414,0.8986754207745966,0.004258518291843414,0.9619416512380038,0.004258518291843414,0.8986768833492572,0.004258518291843414,0.9619422125833043,0.004258518291843414,0.8986754207745966,0.004258518291843414,0.9619416512380038
0.004418659956385941,0.899499772397166,0.004418659956385941,0.9628515831272435,0.004418659956385941,0.899499772397166,0.004418659956385941,0.9628515831272435,0.004418659956385941,0.8995013486804135,0.004418659956385941,0.9628521883079131,0.004418659956385941,0.899499772397166,0.004418659956385941,0.9628515831272435
0.004584823751389096,0.9003864887598511,0.004584823751389096,0.9638304399893063,0.004584823751389096,0.9003864887598511,0.004584823751389096,0.9638304399893063,0.004584823751389096,0.9003881877243934,0.004584823751389096,0.9638310924951832,0.004584823751389096,0.9003864887598511,0.004584823751389096,0.9638304399893063
0.004757236139187885,0.9013402238630418,0.004757236139187885,0.964883379038939,0.004757236139187885,0.9013402238630418,0.004757236139187885,0.964883379038939,0.004757236139187885,0.9013420552102039,0.004757236139187885,0.9648840826481309,0.004757236139187885,0.9013402238630418,0.004757236139187885,0.964883379038939
0.004936132098237912,0.9023659691426381,0.004936132098237912,0.9660159335974872,0.004936132098237912,0.9023659691426381,0.004936132098237912,0.9660159335974872,0.004936132098237912,0.9023679433646654,0.004936132098237912,0.9660166924017839,0.004936132098237912,0.9023659691426381,0.004936132098237912,0.9660159335974872
0.005121755443364236,0.9034690764328381,0.005121755443364236,0.9672340390430639,0.005121755443364236,0.9034690764328381,0.005121755443364236,0.9672340390430639,0.005121755443364236,0.9034712048809913,0.005121755443364236,0.9672348574758289,0.005121755443364236,0.9034690764328381,0.005121755443364236,0.9672340390430639
0.005314359158053236,0.9046552822653651,0.005314359158053236,0.9685440603313965,0.005314359158053236,0.9046552822653651,0.005314359158053236,0.9685440603313965,0.005314359158053236,0.9046575772244041,0.005314359158053236,0.9685449431982102,0.005314359158053236,0.9046552822653651,0.005314359158053236,0.9685440603313965
0.005514205739240296,0.9059307335488288,0.005514205739240296,0.9699528211501854,0.005514205739240296,0.9059307335488288,0.005514205739240296,0.9699528211501854,0.005514205739240296,0.9059332083185587,0.005514205739240296,0.969953773662552,0.005514205739240296,0.9059307335488288,0.005514205739240296,0.9699528211501854
0.005721567555063246,0.9073020146678615,0.005721567555063246,0.9714676347674873,0.005721567555063246,0.9073020146678615,0.005721567555063246,0.9714676347674873,0.005721567555063246,0.9073046836524957,0.005721567555063246,0.9714686625799485,0.005721567555063246,0.9073020146678615,0.005721567555063246,0.9714676347674873
0.00593672721606912,0.9087761760365415,0.00593672721606912,0.973096336631407,0.00593672721606912,0.9087761760365415,0.00593672721606912,0.973096336631407,0.00593672721606912,0.9087790548427157,0.00593672721606912,0.9730974458824677,0.00593672721606912,0.9087761760365415,0.00593672721606912,0.973096336631407
0.006159977960380162,0.9103607641342826,0.006159977960380162,0.9748473187742291,0.006159977960380162,0.9103607641342826,0.006159977960380162,0.9748473187742291,0.006159977960380162,0.9103638696786711,0.006159977960380162,0.9748485161315246,0.006159977960380162,0.9103607641342826,0.006159977960380162,0.9748473187742291
0.006391624053343999,0.9120638530447478,0.006391624053343999,0.9767295660688299,0.006391624053343999,0.9120638530447478,0.006391624053343999,0.9767295660688299,0.006391624053343999,0.9120672036723311,0.006391624053343999,0.9767308587790565,0.006391624053343999,0.9120638530447478,0.006391624053343999,0.9767295660688299
0.006631981202212669,0.9138940775092642,0.006631981202212669,0.9787526943788613,0.006631981202212669,0.9138940775092642,0.006631981202212669,0.9787526943788613,0.006631981202212669,0.9138976931234429,0.006631981202212669,0.9787540903230271,0.006631981202212669,0.9138940775092642,0.006631981202212669,0.9787526943788613
0.006881376986415663,0.9158606674956233,0.006881376986415663,0.9809269906365569,0.006881376986415663,0.9158606674956233,0.006881376986415663,0.9809269906365569,0.006881376986415663,0.9158645697015073,0.006881376986415663,0.9809284983912134,0.006881376986415663,0.9158606674956233,0.006881376986415663,0.9809269906365569
0.007140151304013396,0.9179734842709125,0.007140151304013396,0.983263454873186,0.007140151304013396,0.9179734842709125,0.007140151304013396,0.983263454873186,0.007140151304013396,0.9179776965332938,0.007140151304013396,0.9832650837783746,0.007140151304013396,0.9179734842709125,0.007140151304013396,0.983263454873186
0.00740865683493956,0.9202430579530843,0.00740865683493956,0.985773844217038,0.00740865683493956,0.9202430579530843,0.00740865683493956,0.985773844217038,0.00740865683493956,0.9202476057707759,0.00740865683493956,0.9857756044517897,0.00740865683493956,0.9202430579530843,0.00740865683493956,0.985773844217038
0.007687259521663728,0.9226806265002709,0.007687259521663728,0.9884707188624621,0.007687259521663728,0.9226806265002709,0.007687259521663728,0.9884707188624621,0.007687259521663728,0.9226855375987268,0.007687259521663728,0.9884726215288138,0.007687259521663728,0.9226806265002709,0.007687259521663728,0.9884707188624621
0.007976339067929272,0.9252981760793967,0.007976339067929272,0.9913674900009305,0.007976339067929272,0.9252981760793967,0.007976339067929272,0.9913674900009305,0.007976339067929272,0.9253034806237593,0.007976339067929272,0.9913695472175481,0.007976339067929272,0.9252981760793967,0.007976339067929272,0.9913674900009305
0.008276289456246344,0.9281084827364662,0.008276289456246344,0.9944784696915154,0.008276289456246344,0.9281084827364662,0.008276289456246344,0.9944784696915154,0.008276289456246344,0.9281142135674655,0.008276289456246344,0.9944806946981741,0.008276289456246344,0.9281084827364662,0.008276289456246344,0.9944784696915154
0.008587519484845171,0.9311251552700883,0.008587519484845171,0.9978189226337489,0.008587519484845171,0.9311251552700883,0.008587519484845171,0.9978189226337489,0.008587519484845171,0.9311313481655408,0.008587519484845171,0.9978213299081009,0.008587519484845171,0.9311251552700883,0.008587519484845171,0.9978189226337489
0.008910453324821512,0.9343626791875611,0.008910453324821512,1.0014051197908775,0.008910453324821512,0.9343626791875611,0.008910453324821512,1.0014051197908775,0.008910453324821512,0.934369373152563,0.008910453324821512,1.001407725179143,0.008910453324821512,0.9343626791875611,0.008910453324821512,1.0014051197908775
0.00924553109823357,0.9378364615993703,0.00924553109823357,1.0052543937964475,0.00924553109823357,0.9378364615993703,0.00924553109823357,1.0052543937964475,0.00924553109823357,0.937843699188693,0.00924553109823357,1.005257214659912,0.00924553109823357,0.9378364615993703,0.00924553109823357,1.0052543937964475
0.009593209477938241,0.941562876883677,0.009593209477938241,1.0093851960624673,0.009593209477938241,0.941562876883677,0.009593209477938241,1.0093851960624673,0.009593209477938241,0.9415707045603382,0.009593209477938241,1.0093882514419386,0.009593209477938241,0.941562876883677,0.009593209477938241,1.0093851960624673
0.009953962309984233,0.945559312927705,0.009953962309984233,1.0138171554937863,0.009953962309984233,0.945559312927705,0.009953962309984233,1.0138171554937863,0.009953962309984233,0.9455677814622033,0.009953962309984233,1.0138204662944956,0.009953962309984233,0.945559312927705,0.009953962309984233,1.0138171554937863
0.010328281259410285,0.9498442177284866,0.010328281259410285,1.0185711387015781,0.010328281259410285,0.9498442177284866,0.010328281259410285,1.0185711387015781,0.010328281259410285,0.949853382643801,0.010328281259410285,1.0185747279013775,0.010328281259410285,0.9498442177284866,0.010328281259410285,1.0185711387015781
0.010716676480328632,0.954437146111921,0.010716676480328632,1.0236693115999551,0.010716676480328632,0.954437146111921,0.010716676480328632,1.0236693115999551,0.010716676480328632,0.9544470681800535,0.010716676480328632,1.023673204484114,0.010716676480328632,0.954437146111921,0.010716676480328632,1.0236693115999551
0.011119677311206989,0.9593588063073868,0.011119677311206989,1.0291352022648932,0.011119677311206989,0.9593588063073868,0.011119677311206989,1.0291352022648932,0.011119677311206989,0.9593695521039993,0.011119677311206989,1.0291394266912854,0.011119677311206989,0.9593588063073868,0.011119677311206989,1.0291352022648932
0.011537832996296609,0.9646311060962078,0.011537832996296609,1.0349937649351275,0.011537832996296609,0.9646311060962078,0.011537832996296609,1.0349937649351275,0.011537832996296609,0.9646427486208009,0.011537832996296609,1.0349983516342172,0.011537832996296609,0.9646311060962078,0.011537832996296609,1.0349937649351275
0.011971713434189657,0.9702771982372311,0.011971713434189657,1.0412714450420626,0.011971713434189657,0.9702771982372311,0.011971713434189657,1.0412714450420626,0.011971713434189657,0.970289817607318,0.011971713434189657,1.0412764279567663,0.011971713434189657,0.9702771982372311,0.011971713434189657,1.0412714450420626
0.012421909954526161,0.9763215248628554,0.012421909954526161,1.047996245171587,0.012421909954526161,0.9763215248628554,0.012421909954526161,1.047996245171587,0.012421909954526161,0.9763352090917387,0.012421909954526161,1.048001661842922,0.012421909954526161,0.9763215248628554,0.012421909954526161,1.047996245171587
0.012889036123908916,0.9827898605353226,0.012889036123908916,1.0551977918869004,0.012889036123908916,0.9827898605353226,0.012889036123908916,1.0551977918869004,0.012889036123908916,0.9828047064044038,0.012889036123908916,1.0552036838922618,0.012889036123908916,0.9827898605353226,0.012889036123908916,1.0551977918869004
0.01337372858212495,0.9897093536573216,0.01337372858212495,1.0629074033798467,0.01337372858212495,0.9897093536573216,0.01337372858212495,1.0629074033798467,0.01337372858212495,0.9897254676953785,0.01337372858212495,1.062913816831885,0.01337372858212495,0.9897093536573216,0.01337372858212495,1.0629074033798467
0.013876647909813071,0.9971085659442573,0.013876647909813071,1.0711581579708735,0.013876647909813071,0.9971085659442573,0.013876647909813071,1.0711581579708735,0.013876647909813071,0.9971260655278475,0.013876647909813071,1.0711651440862433,0.013876647909813071,0.9971085659442573,0.013876647909813071,1.0711581579708735
0.014398479528760066,1.0050175096891385,0.014398479528760066,1.0799849635464456,0.014398479528760066,1.0050175096891385,0.014398479528760066,1.0799849635464456,0.014398479528760066,1.0050365242802688,0.014398479528760066,1.079992579295248,0.014398479528760066,1.0050175096891385,0.014398479528760066,1.0799849635464456
0.014939934636052562,1.0134676825860383,0.014939934636052562,1.0894246281095183,0.014939934636052562,1.0134676825860383,0.014939934636052562,1.0894246281095183,0.014939934636052562,1.0134883551254934,0.014939934636052562,1.0894329369580822,0.014939934636052562,1.0134676825860383,0.014939934636052562,1.0894246281095183
0.015501751173357689,1.022492099925277,0.015501751173357689,1.0995159317252017,0.015501751173357689,1.022492099925277,0.015501751173357689,1.0995159317252017,0.015501751173357689,1.022514588402607,0.015501751173357689,1.0995250044869955,0.015501751173357689,1.022492099925277,0.015501751173357689,1.0995159317252017
0.01608469483265355,1.0321253240333663,0.01608469483265355,1.1102997002715471,0.01608469483265355,1.0321253240333663,0.01608469483265355,1.1102997002715471,0.01608469483265355,1.032149803257514,0.01608469483265355,1.1103096160835815,0.01608469483265355,1.0321253240333663,0.01608469483265355,1.1102997002715471
0.016689560099780232,1.0424034909033528,0.016689560099780232,1.1218188815556638,0.016689560099780232,1.0424034909033528,0.016689560099780232,1.1218188815556638,0.016689560099780232,1.042430154501338,0.016689560099780232,1.1218297290007584,0.016689560099780232,1.0424034909033528,0.016689560099780232,1.1218188815556638
0.01731717133723353,1.0533643340459937,0.01731717133723353,1.1341186245288952,0.01731717133723353,1.0533643340459937,0.01731717133723353,1.1341186245288952,0.01731717133723353,1.0533933967210187,0.01731717133723353,1.1341305029278017,0.01731717133723353,1.0533643340459937,0.01731717133723353,1.1341186245288952
0.01796838390767719,1.0650472056880174,0.01796838390767719,1.147246362531944,0.01796838390767719,1.0650472056880174,0.01796838390767719,1.147246362531944,0.01796838390767719,1.0650789057729357,0.01796838390767719,1.1472593834336136,0.01796838390767719,1.0650472056880174,0.01796838390767719,1.147246362531944
0.018644085339704852,1.077493095548717,0.018644085339704852,1.161251901721435,0.018644085339704852,1.077493095548717,0.018644085339704852,1.161251901721435,0.018644085339704852,1.0775276978960646,0.018644085339704852,1.161266190624846,0.018644085339704852,1.077493095548717,0.018644085339704852,1.161251901721435
0.01934519653744044,1.0907446475376568,0.01934519653744044,1.1761875160728377,0.01934519653744044,1.0907446475376568,0.01934519653744044,1.1761875160728377,0.01934519653744044,1.0907824467935532,0.01934519653744044,1.1762032144199601,0.01934519653744044,1.0907446475376568,0.01934519653744044,1.1761875160728377
0.020072673035625682,1.10484617483095,0.020072673035625682,1.1921080506197723,0.020072673035625682,1.10484617483095,0.020072673035625682,1.1921080506197723,0.020072673035625682,1.1048874991472406,0.020072673035625682,1.1921253181066156,0.020072673035625682,1.10484617483095,0.020072673035625682,1.1921080506197723
0.020827506301905142,1.1198436738972302,0.020827506301905142,1.2090710348750242,0.020827506301905142,1.1198436738972302,0.020827506301905142,1.2090710348750242,0.020827506301905142,1.1198888891444458,0.020827506301905142,1.209090052136584,0.020827506301905142,1.1198436738972302,0.020827506301905142,1.2090710348750242
0.021610725088083763,1.1357848381522242,0.021610725088083763,1.2271368086822043,0.021610725088083763,1.1357848381522242,0.021610725088083763,1.2271368086822043,0.021610725088083763,1.1358343527054684,0.021610725088083763,1.2271577804178326,0.021610725088083763,1.1357848381522242,0.021610725088083763,1.2271368086822043
0.02242339683219845,1.1527190720172735,0.02242339683219845,1.2463686630670703,0.02242339683219845,1.1527190720172735,0.02242339683219845,1.2463686630670703,0.02242339683219845,1.152773342198238,0.02242339683219845,1.2463918216856866,0.02242339683219845,1.1527190720172735,0.02242339683219845,1.2463686630670703
0.02326662911331458,1.1706975062362144,0.02326662911331458,1.2668329989921292,0.02326662911331458,1.1706975062362144,0.02326662911331458,1.2668329989921292,0.02326662911331458,1.1707570425074674,0.02326662911331458,1.2668586088723552,0.02326662911331458,1.1706975062362144,0.02326662911331458,1.2668329989921292
0.02414157116103018,1.1897730153603991,0.02414157116103018,1.2885995072657228,0.02414157116103018,1.1897730153603991,0.02414157116103018,1.2885995072657228,0.02414157116103018,1.1898383893831828,0.02414157116103018,1.2886278697449827,0.02414157116103018,1.1897730153603991,0.02414157116103018,1.2885995072657228
0.025049415421745023,1.2100002383366473,0.025049415421745023,1.3117413732162686,0.025049415421745023,1.2100002383366473,0.025049415421745023,1.3117413732162686,0.025049415421745023,1.2100720910210647,0.025049415421745023,1.3117728324459912,0.025049415421745023,1.2100002383366473,0.025049415421745023,1.3117413732162686
0.02599139918382933,1.2314356031207663,0.02599139918382933,1.3363355101132515,0.02599139918382933,1.2314356031207663,0.02599139918382933,1.3363355101132515,0.02599139918382933,1.231514653817887,0.02599139918382933,1.3363704599454633,0.02599139918382933,1.2314356031207663,0.02599139918382933,1.3363355101132515
0.026968806263906926,1.2541373561831068,0.026968806263906926,1.3624628256993807,0.026968806263906926,1.2541373561831068,0.026968806263906926,1.3624628256993807,0.026968806263906926,1.2542244131927034,0.026968806263906926,1.3625017178043537,0.026968806263906926,1.2541373561831068,0.026968806263906926,1.3624628256993807
0.02798296875655116,1.278165597665353,0.02798296875655116,1.3902085265942226,0.02798296875655116,1.278165597665353,0.02798296875655116,1.3902085265942226,0.02798296875655116,1.2782615702613185,0.02798296875655116,1.3902518800510093,0.02798296875655116,1.278165597665353,0.02798296875655116,1.3902085265942226
0.02903526884977814,1.3035823227820722,0.02903526884977814,1.419662465740644,0.02903526884977814,1.3035823227820722,0.02903526884977814,1.419662465740644,0.02903526884977814,1.3036882349908547,0.02903526884977814,1.4197108783940589,0.02903526884977814,1.3035823227820722,0.02903526884977814,1.419662465740644
0.03012714070881164,1.3304514698286931,0.03012714070881164,1.4509195384938782,0.03012714070881164,1.3304514698286931,0.03012714070881164,1.4509195384938782,0.03012714070881164,1.330568476235123,0.03012714070881164,1.4509737004352083,0.03012714070881164,1.3304514698286931,0.03012714070881164,1.4509195384938782
0.03126007243068701,1.358838974850782,0.03126007243068701,1.4840801334013127,0.03126007243068701,1.358838974850782,0.03126007243068701,1.4840801334013127,0.03126007243068701,1.3589683787515539,0.03126007243068701,1.4841408430086585,0.03126007243068701,1.358838974850782,0.03126007243068701,1.4840801334013127
0.03243560807235808,1.388812832637562,0.03243560807235808,1.5192506441904554,0.03243560807235808,1.388812832637562,0.03243560807235808,1.5192506441904554,0.03243560807235808,1.3889561069165248,0.03243560807235808,1.5193188272619074,0.03243560807235808,1.388812832637562,0.03243560807235808,1.5192506441904554
0.03365534975507091,1.420443163213152,0.03365534975507091,1.5565440499720118,0.03365534975507091,1.420443163213152,0.03365534975507091,1.5565440499720118,0.03365534975507091,1.4206019743759,0.03365534975507091,1.5566207826055427,0.03365534975507091,1.420443163213152,0.03365534975507091,1.5565440499720118
0.034920959847872676,1.4538022823965424,0.034920959847872676,1.5960805711695119,0.034920959847872676,1.4538022823965424,0.034920959847872676,1.5960805711695119,0.034920959847872676,1.4539785182761693,0.034920959847872676,1.596167107193579,0.034920959847872676,1.4538022823965424,0.034920959847872676,1.5960805711695119
0.03623416323323146,1.488964774266046,0.03623416323323146,1.6379884091946657,0.03623416323323146,1.488964774266046,0.03623416323323146,1.6379884091946657,0.03623416323323146,1.4891605759992457,0.03623416323323146,1.6380862131406815,0.03623416323323146,1.488964774266046,0.03623416323323146,1.6379884091946657
0.03759674965785464,1.5260075624706997,0.03759674965785464,1.6824045783766084,0.03759674965785464,1.5260075624706997,0.03759674965785464,1.6824045783766084,0.03759674965785464,1.526225361445787,0.03759674965785464,1.6825153652184432,0.03759674965785464,1.5260075624706997,0.03759674965785464,1.6824045783766084
0.039010576171909894,1.5650099762475578,0.039010576171909894,1.7294758390862097,0.039010576171909894,1.5650099762475578,0.039010576171909894,1.7294758390862097,0.039010576171909894,1.5652525368458705,0.039010576171909894,1.729601622265196,0.039010576171909894,1.5650099762475578,0.039010576171909894,1.7294758390862097
0.04047756965997318,1.606053805689035,0.04047756965997318,1.7793597413144073,0.04047756965997318,1.606053805689035,0.04047756965997318,1.7793597413144073,0.04047756965997318,1.6063242747812831,0.04047756965997318,1.7795028909369128,0.04047756965997318,1.606053805689035,0.04047756965997318,1.7793597413144073
0.04199972946715302,1.6492233392069402,0.04199972946715302,1.8322257880753727,0.04199972946715302,1.6492233392069402,0.04199972946715302,1.8322257880753727,0.04199972946715302,1.649525303529313,0.04199972946715302,1.8323891016343337,0.04199972946715302,1.6492233392069402,0.04199972946715302,1.8322257880753727
0.04357913012397025,1.6946053741953753,0.04357913012397025,1.8882567277754092,0.04357913012397025,1.6946053741953753,0.04357913012397025,1.8882567277754092,0.04357913012397025,1.694942926919772,0.04357913012397025,1.8884435163336417,0.04357913012397025,1.6946053741953753,0.04357913012397025,1.8882567277754092
0.04521792417370697,1.7422891895242674,0.04521792417370697,1.9476499839177057,0.04521792417370697,1.7422891895242674,0.04521792417370697,1.9476499839177057,0.04521792417370697,1.7426670075560347,0.04521792417370697,1.9478641774330079,0.04521792417370697,1.7422891895242674,0.04521792417370697,1.9476499839177057
0.04691834510607794,1.7923664656028517,0.04691834510607794,2.0106192289120854,0.04691834510607794,1.7923664656028517,0.04691834510607794,2.0106192289120854,0.04691834510607794,1.7927898993909168,0.04691834510607794,2.0108655053255555,0.04691834510607794,1.7923664656028517,0.04691834510607794,2.0106192289120854
0.04868271040122279,1.8449311342225967,0.04868271040122279,2.0773961059117187,0.04868271040122279,1.8449311342225967,0.04868271040122279,2.0773961059117187,0.04868271040122279,1.8454063121533453,0.04868271040122279,2.077680049816986,0.04868271040122279,1.8449311342225967,0.04868271040122279,2.0773961059117187
0.050513424688167614,1.9000791360855132,0.050513424688167614,2.148232097910374,0.050513424688167614,1.9000791360855132,0.050513424688167614,2.148232097910374,0.050513424688167614,1.9006130858545625,0.050513424688167614,2.1485603961437993,0.050513424688167614,1.9000791360855132,0.050513424688167614,2.148232097910374
0.052412983022060565,1.9579080586882986,0.052412983022060565,2.223400535956811,0.052412983022060565,1.9579080586882986,0.052412983022060565,2.223400535956811,0.052412983022060565,1.9585088484028605,0.052412983022060565,2.223781219388094,0.052412983022060565,1.9579080586882986,0.052412983022060565,2.223400535956811
0.05438397428464796,2.0185166208860195,0.05438397428464796,2.303198727075432,0.05438397428464796,2.0185166208860195,0.05438397428464796,2.303198727075432,0.05438397428464796,2.019193523041015,0.05438397428464796,2.3036414703497474,0.05438397428464796,2.0185166208860195,0.05438397428464796,2.303198727075432
0.056429084712625366,2.082003962804055,0.056429084712625366,2.3879501656240807,0.056429084712625366,2.082003962804055,0.056429084712625366,2.3879501656240807,0.056429084712625366,2.0827676446886834,0.056429084712625366,2.388466659755587,0.056429084712625366,2.082003962804055,0.056429084712625366,2.3879501656240807
0.05855110155867238,2.148468690597814,0.05855110155867238,2.4780067669738925,0.05855110155867238,2.148468690597814,0.05855110155867238,2.4780067669738925,0.05855110155867238,2.1493314351093193,0.05855110155867238,2.4786111836956275,0.05855110155867238,2.148468690597814,0.05855110155867238,2.4780067669738925
0.06075291689016071,2.2180076146766354,0.06075291689016071,2.5737510261952736,0.06075291689016071,2.2180076146766354,0.06075291689016071,2.5737510261952736,0.06075291689016071,2.2189835759165293,0.06075291689016071,2.574460598049642,0.06075291689016071,2.2180076146766354,0.06075291689016071,2.5737510261952736
0.06303753153071275,2.2907141072455643,0.06303753153071275,2.6755979521712008,0.06303753153071275,2.2907141072455643,0.06303753153071275,2.6755979521712008,0.06303753153071275,2.291819605606205,0.06303753153071275,2.676433698733434,0.06303753153071275,2.2907141072455643,0.06303753153071275,2.6755979521712008
0.06540805914998253,2.3666759902886914,0.06540805914998253,2.7839965526950605,0.06540805914998253,2.3666759902886914,0.06540805914998253,2.7839965526950605,0.06540805914998253,2.36792985193693,0.06540805914998253,2.7849841913421445,0.06540805914998253,2.3666759902886914,0.06540805914998253,2.7839965526950605
0.06786773050723295,2.4459728484801824,0.06786773050723295,2.8994305396427653,0.06786773050723295,2.4459728484801824,0.06786773050723295,2.8994305396427653,0.06786773050723295,2.4473967941094283,0.06786773050723295,2.900601629194326,0.06786773050723295,2.4459728484801824,0.06786773050723295,2.8994305396427653
0.07041989785449289,2.5286726432756264,0.07041989785449289,3.0224177730012287,0.07041989785449289,2.5286726432756264,0.07041989785449289,3.0224177730012287,0.07041989785449289,2.530291730583658,0.07041989785449289,3.0238111505848324,0.07041989785449289,2.5286726432756264,0.07041989785449289,3.0224177730012287
0.073068039505295,2.6148274853231883,0.073068039505295,3.153507752061942,0.073068039505295,2.6148274853231883,0.073068039505295,3.153507752061942,0.073068039505295,2.616670608677075,0.073068039505295,3.1551713377196915,0.073068039505295,2.6148274853231883,0.073068039505295,3.153507752061942
0.0758157645752211,2.7044684036783537,0.0758157645752211,3.29327617027256,0.0758157645752211,2.7044684036783537,0.0758157645752211,3.29327617027256,0.0758157645752211,2.706568852571733,0.0758157645752211,3.2952692297255712,0.0758157645752211,2.7044684036783537,0.0758157645752211,3.29327617027256
0.07866681790071582,2.797598934361269,0.07866681790071582,3.442315150803384,0.07866681790071582,2.797598934361269,0.07866681790071582,3.442315150803384,0.07866681790071582,2.799995009181588,0.07866681790071582,3.4447111231640863,0.07866681790071582,2.797598934361269,0.07866681790071582,3.442315150803384
0.0816250851428722,2.89418734111739,0.0816250851428722,3.6012172426172797,0.0816250851428722,2.89418734111739,0.0816250851428722,3.6012172426172797,0.0816250851428722,2.8969230199429306,0.0816250851428722,3.6041072538275274,0.0816250851428722,2.89418734111739,0.0816250851428722,3.6012172426172797
0.08469459808314576,2.9941572831648706,0.08469459808314576,3.7705505519413816,0.08469459808314576,2.9941572831648706,0.08469459808314576,3.7705505519413816,0.08469459808314576,2.99728292621046,0.08469459808314576,3.7740477406321498,0.08469459808314576,2.9941572831648706,0.08469459808314576,3.7705505519413816
0.0878795401182131,3.097376765885659,0.0878795401182131,3.95082149300011,0.0878795401182131,3.097376765885659,0.0878795401182131,3.95082149300011,0.0878795401182131,3.1009498341192407,0.0878795401182131,3.955066262859412,0.0878795401182131,3.097376765885659,0.0878795401182131,3.95082149300011
0.09118425196146562,3.203645261324402,0.09118425196146562,4.142420580453322,0.09118425196146562,3.203645261324402,0.09118425196146562,4.142420580453322,0.09118425196146562,3.2077310119431925,0.09118425196146562,4.147586843927944,0.09118425196146562,3.203645261324402,0.09118425196146562,4.142420580453322
0.0946132375589076,3.3126789796389677,0.0946132375589076,4.345545548581125,0.0946132375589076,3.3126789796389677,0.0946132375589076,4.345545548581125,0.0946132375589076,3.3173510828499757,0.0946132375589076,4.351847911142974,0.0946132375589076,3.3126789796389677,0.0946132375589076,4.345545548581125
0.09817117022752184,3.424094426916759,0.09817117022752184,4.56009512016371,0.09817117022752184,3.424094426916759,0.09817117022752184,4.56009512016371,0.09817117022752184,3.4294354254200887,0.09817117022752184,4.567796726936734,0.09817117022752184,3.424094426916759,0.09817117022752184,4.56009512016371
0.10186289902446866,3.5373906174500838,0.10186289902446866,4.785526494840912,0.10186289902446866,3.5373906174500838,0.10186289902446866,4.785526494840912,0.10186289902446866,3.5434921224159854,0.10186289902446866,4.794946858453008,0.10186289902446866,3.5373906174500838,0.10186289902446866,4.785526494840912
0.10569345535579873,3.651930636980903,0.10569345535579873,5.020671072752162,0.10569345535579873,3.651930636980903,0.10569345535579873,5.020671072752162,0.10569345535579873,3.658893123538219,0.10569345535579873,5.032192546565524,0.10569345535579873,3.651930636980903,0.10569345535579873,5.020671072752162
0.10966805983368674,3.766923688350106,0.10966805983368674,5.263507703545551,0.10966805983368674,3.766923688350106,0.10966805983368674,5.263507703545551,0.10966805983368674,3.7748557229004596,0.10966805983368674,5.277578294565927,0.10966805983368674,3.766923688350106,0.10966805983368674,5.263507703545551
0.1137921293915314,3.8814092877766986,0.1137921293915314,5.510903164298343,0.1137921293915314,3.8814092877766986,0.1137921293915314,5.510903164298343,0.1137921293915314,3.890425994662111,0.1137921293915314,5.528032110211852,0.1137921293915314,3.8814092877766986,0.1137921293915314,5.510903164298343
0.11807128466661891,3.994245886144786,0.11807128466661891,5.7583481719008915,0.11807128466661891,3.994245886144786,0.11807128466661891,5.7583481719008915,0.11807128466661891,4.004466451413641,0.11807128466661891,5.7790893581782985,0.11807128466661891,3.994245886144786,0.11807128466661891,5.7583481719008915
0.12251135766041178,4.1041067900687604,0.12251135766041178,5.999745284779559,0.12251135766041178,4.1041067900687604,0.12251135766041178,5.999745284779559,0.12251135766041178,4.115650817692092,0.12251135766041178,6.024662765013406,0.12251135766041178,4.1041067900687604,0.12251135766041178,5.999745284779559
0.12711839968690275,4.209486721341425,0.12711839968690275,6.2273392736289335,0.12711839968690275,4.209486721341425,0.12711839968690275,6.2273392736289335,0.12711839968690275,4.22246931675256,0.12711839968690275,6.256950040205595,0.12711839968690275,4.209486721341425,0.12711839968690275,6.2273392736289335
0.13189868961986692,4.308722490640616,0.13189868961986692,6.431908487377143,0.13189868961986692,4.308722490640616,0.13189868961986692,6.431908487377143,0.13189868961986692,4.323248061441953,0.13189868961986692,6.466601780314375,0.13189868961986692,4.308722490640616,0.13189868961986692,6.431908487377143
0.13685874245025179,4.400030840299731,0.13685874245025179,6.603332820547899,0.13685874245025179,4.400030840299731,0.13685874245025179,6.603332820547899,0.13685874245025179,4.416185781386312,0.13685874245025179,6.643273749233025,0.13685874245025179,4.400030840299731,0.13685874245025179,6.603332820547899
0.14200531816536818,4.481565308296192,0.14200531816536818,6.731589379936575,0.14200531816536818,4.481565308296192,0.14200531816536818,6.731589379936575,0.14200531816536818,4.499409971372611,0.14200531816536818,6.776626322456209,0.14200531816536818,4.481565308296192,0.14200531816536818,6.731589379936575
0.14734543096198344,4.551491854651174,0.14734543096198344,6.808086410746676,0.14734543096198344,4.551491854651174,0.14734543096198344,6.808086410746676,0.14734543096198344,4.571052461537603,0.14734543096198344,6.857691486443616,0.14734543096198344,4.551491854651174,0.14734543096198344,6.808086410746676
0.15288635880587295,4.608080054129652,0.15288635880587295,6.827064314157428,0.15288635880587295,4.608080054129652,0.15288635880587295,6.827064314157428,0.15288635880587295,4.62934144602509,0.15288635880587295,6.880336128138233,0.15288635880587295,4.608080054129652,0.15288635880587295,6.827064314157428
0.15863565335085897,4.649803281875611,0.15863565335085897,6.786665460403102,0.15863565335085897,4.649803281875611,0.15863565335085897,6.786665460403102,0.15863565335085897,4.672703530885662,0.15863565335085897,6.842407711013148,0.15863565335085897,4.649803281875611,0.15863565335085897,6.786665460403102
0.16460115023085498,4.67543820768726,0.16460115023085498,6.689310077684845,0.16460115023085498,4.67543820768726,0.16460115023085498,6.689310077684845,0.16460115023085498,4.699866080301322,0.16460115023085498,6.746172530366788,0.16460115023085498,4.67543820768726,0.16460115023085498,6.689310077684845
0.1707909797389427,4.684151971383119,0.1707909797389427,6.541238927009782,0.1707909797389427,4.684151971383119,0.1707909797389427,6.541238927009782,0.1707909797389427,4.7099479823353505,0.1707909797389427,6.597882959495095,0.1707909797389427,4.684151971383119,0.1707909797389427,6.541238927009782
0.17721357790803585,4.675565457824486,0.17721357790803585,6.351386512189831,0.17721357790803585,4.675565457824486,0.17721357790803585,6.351386512189831,0.17721357790803585,4.702526799171673,0.17721357790803585,6.406630483106216,0.17721357790803585,4.675565457824486,0.17721357790803585,6.351386512189831
0.1838776980082327,4.649783522495316,0.1838776980082327,6.129959915897498,0.1838776980082327,4.649783522495316,0.1838776980082327,6.129959915897498,0.1838776980082327,4.677672577119847,0.1838776980082327,6.18287282456273,0.1838776980082327,4.649783522495316,0.1838776980082327,6.129959915897498
0.1907924224765265,4.607387552349823,0.1907924224765265,5.887118323105772,0.1907924224765265,4.607387552349823,0.1907924224765265,5.887118323105772,0.1907924224765265,4.635943135892488,0.1907924224765265,5.937053329750897,0.1907924224765265,4.607387552349823,0.1907924224765265,5.887118323105772
0.19796717529513327,4.54939140751713,0.19796717529513327,5.63201119274973,0.19796717529513327,4.54939140751713,0.19796717529513327,5.63201119274973,0.19796717529513327,4.5783414701684135,0.19796717529513327,5.678590008872622,0.19796717529513327,4.54939140751713,0.19796717529513327,5.63201119274973
0.20541173483530642,4.477167206363626,0.20541173483530642,5.372249948040715,0.20541173483530642,4.477167206363626,0.20541173483530642,5.372249948040715,0.20541173483530642,4.506241566620355,0.20541173483530642,5.415317820755734,0.20541173483530642,4.477167206363626,0.20541173483530642,5.372249948040715
0.21313624718414376,4.392351302158944,0.21313624718414376,5.113751866987928,0.21313624718414376,4.392351302158944,0.21313624718414376,5.113751866987928,0.21313624718414376,4.4212931020766275,0.21313624718414376,5.153321909322932,0.21313624718414376,4.392351302158944,0.21313624718414376,5.113751866987928
0.22115123997254887,4.296742392069908,0.22115123997254887,4.860835989439609,0.22115123997254887,4.296742392069908,0.22115123997254887,4.860835989439609,0.22115123997254887,4.325317301231337,0.22115123997254887,4.8970357982876225,0.22115123997254887,4.296742392069908,0.22115123997254887,4.860835989439609
0.22946763672319362,4.1922029604139395,0.22946763672319362,4.616452129328209,0.22946763672319362,4.1922029604139395,0.22946763672319362,4.616452129328209,0.22946763672319362,4.220205606004645,0.22946763672319362,4.649479304069508,0.22946763672319362,4.1922029604139395,0.22946763672319362,4.616452129328209
0.23809677173803584,4.080572770498012,0.23809677173803584,4.382454139565073,0.23809677173803584,4.080572770498012,0.23809677173803584,4.382454139565073,0.23809677173803584,4.1078303174838595,0.23809677173803584,4.41254262234395,0.23809677173803584,4.080572770498012,0.23809677173803584,4.382454139565073
0.24705040554568256,3.9635997778891006,0.24705040554568256,4.159863356215075,0.24705040554568256,3.9635997778891006,0.24705040554568256,4.159863356215075,0.24705040554568256,3.9899729385302876,0.24705040554568256,4.187259837854634,0.24705040554568256,3.9635997778891006,0.24705040554568256,4.159863356215075
0.2563407409296515,3.8428905105415496,0.2563407409296515,3.949095940564472,0.2563407409296515,3.8428905105415496,0.2563407409296515,3.949095940564472,0.2563407409296515,3.8682724839501113,0.2563407409296515,3.974044452183433,0.2563407409296515,3.8428905105415496,0.2563407409296515,3.949095940564472
0.26598043955937584,3.719879257502792,0.26598043955937584,3.7501459142062434,0.26598043955937584,3.719879257502792,0.26598043955937584,3.7501459142062434,0.26598043955937584,3.744193187921301,0.26598043955937584,3.772878530593054,0.26598043955937584,3.719879257502792,0.26598043955937584,3.7501459142062434
0.27598263924661803,3.595813605132137,0.27598263924661803,3.5627255845318335,0.27598263924661803,3.595813605132137,0.27598263924661803,3.5627255845318335,0.27598263924661803,3.619009130273404,0.27598263924661803,3.58345741320142,0.27598263924661803,3.595813605132137,0.27598263924661803,3.5627255845318335
0.2863609718508116,3.4717529536008613,0.2863609718508116,3.386369437066676,0.2863609718508116,3.4717529536008613,0.2863609718508116,3.386369437066676,0.2863609718508116,3.493802330699197,0.2863609718508116,3.405296458383176,0.2863609718508116,3.4717529536008613,0.2863609718508116,3.386369437066676
0.2971295818577334,3.3485764605139954,0.2971295818577334,3.2205087474247076,0.2971295818577334,3.3485764605139954,0.2971295818577334,3.2205087474247076,0.2971295818577334,3.3694706443039624,0.2971295818577334,3.2378074561984684,0.2971295818577334,3.3485764605139954,0.2971295818577334,3.2205087474247076
0.3083031456568277,3.226997153353733,0.3083031456568277,3.064523743742237,0.3083031456568277,3.226997153353733,0.3083031456568277,3.064523743742237,0.3083031456568277,3.24674208437442,0.3083031456568277,3.0803518623725474,0.3083031456568277,3.226997153353733,0.3083031456568277,3.064523743742237
0.3198968915434538,3.1075795024652133,0.3198968915434538,2.9177790902024876,0.3198968915434538,3.1075795024652133,0.3198968915434538,2.9177790902024876,0.3198968915434538,3.1261927624307564,0.3198968915434538,2.932276865940503,0.3198968915434538,3.1075795024652133,0.3198968915434538,2.9177790902024876
0.3319266204733183,2.9907583782873677,0.3319266204733183,2.779647272007631,0.3319266204733183,2.9907583782873677,0.3319266204733183,2.779647272007631,0.3319266204733183,3.008266289117227,0.3319266204733183,2.7929390446918845,0.3319266204733183,2.9907583782873677,0.3319266204733183,2.779647272007631
0.34440872759738167,2.876857918525334,0.34440872759738167,2.649523375150518,0.34440872759738167,2.876857918525334,0.34440872759738167,2.649523375150518,0.34440872759738167,2.8932931039829337,0.34440872759738167,2.6617192213807486,0.34440872759738167,2.876857918525334,0.34440872759738167,2.649523375150518
0.3573602246065781,2.766109343975242,0.3573602246065781,2.526833853199394,0.3573602246065781,2.766109343975242,0.3573602246065781,2.526833853199394,0.3573602246065781,2.7815087351151857,0.3573602246065781,2.538031192688027,0.3573602246065781,2.766109343975242,0.3573602246065781,2.526833853199394
0.3707987629168165,2.658667164940815,0.3707987629168165,2.411041166570778,0.3707987629168165,2.658667164940815,0.3707987629168165,2.411041166570778,0.3707987629168165,2.673070408607238,0.3707987629168165,2.4213262681587127,0.3707987629168165,2.658667164940815,0.3707987629168165,2.411041166570778
0.3847426577258498,2.554623516354545,0.3847426577258498,2.3016456446685263,0.3847426577258498,2.554623516354545,0.3847426577258498,2.3016456446685263,0.3847426577258498,2.568071735531757,0.3847426577258498,2.311095002136122,0.3847426577258498,2.554623516354545,0.3847426577258498,2.3016456446685263
0.39921091297480454,2.454020563564071,0.39921091297480454,2.1981855256530887,0.39921091297480454,2.454020563564071,0.39921091297480454,2.1981855256530887,0.39921091297480454,2.46655541570775,0.39921091297480454,2.2068670933956893,0.39921091297480454,2.454020563564071,0.39921091297480454,2.1981855256530887
0.41422324724838894,2.356861051222884,0.41422324724838894,2.100235841010385,0.41422324724838894,2.356861051222884,0.41422324724838894,2.100235841010385,0.41422324724838894,2.368524032836866,0.41422324724838894,2.1082101313106936,0.41422324724838894,2.356861051222884,0.41422324724838894,2.100235841010385
0.42980012064907896,2.2631171434693336,0.42980012064907896,2.0074066056236317,0.42980012064907896,2.2631171434693336,0.42980012064907896,2.0074066056236317,0.42980012064907896,2.2739490939787976,0.42980012064907896,2.014727655634637,0.42980012064907896,2.2631171434693336,0.42980012064907896,2.0074066056236317
0.44596276268190865,2.1727377406917263,0.44596276268190865,1.9193406272779248,0.44596276268190865,2.1727377406917263,0.44596276268190865,1.9193406272779248,0.44596276268190865,2.182778504623178,0.44596276268190865,1.9260568469146504,0.44596276268190865,2.1727377406917263,0.44596276268190865,1.9193406272779248
0.46273320118786837,2.0856544694879458,0.46273320118786837,1.835711146048571,0.46273320118786837,2.0856544694879458,0.46273320118786837,1.835711146048571,0.46273320118786837,2.0949426821602417,0.46273320118786837,1.8418660590697586,0.46273320118786837,2.0856544694879458,0.46273320118786837,1.835711146048571
0.48013429236534455,2.0017865375636514,0.48013429236534455,1.7562194416233798,0.48013429236534455,2.0017865375636514,0.48013429236534455,1.7562194416233798,0.48013429236534455,2.0103595053713343,0.48013429236534455,1.7618523320975903,0.48013429236534455,2.0017865375636514,0.48013429236534455,1.7562194416233798
0.4981897519205155,1.9210446311531892,0.4981897519205155,1.6805924963440018,0.4981897519205155,1.9210446311531892,0.4981897519205155,1.6805924963440018,0.4981897519205155,1.9289382827989625,0.4981897519205155,1.6857389719651201,0.4981897519205155,1.9210446311531892,0.4981897519205155,1.6805924963440018
0.5169241873891594,1.8433340137886567,0.5169241873891594,1.608580767156415,0.5169241873891594,1.8433340137886567,0.5169241873891594,1.608580767156415,0.5169241873891594,1.850582903383805,0.5169241873891594,1.6132732498281557,0.5169241873891594,1.8433340137886567,0.5169241873891594,1.608580767156415
0.5363631316739235,1.7685569649433028,0.5363631316739235,1.5399560961011165,0.5363631316739235,1.7685569649433028,0.5363631316739235,1.5399560961011165,0.5363631316739235,1.7751943117357298,0.5363631316739235,1.5442242490473421,0.5363631316739235,1.7685569649433028,0.5363631316739235,1.5399560961011165
0.5565330778427641,1.6966146771170385,0.5565330778427641,1.4745097731487409,0.5565330778427641,1.6966146771170385,0.5565330778427641,1.4745097731487409,0.5565330778427641,1.7026724297773619,0.5565330778427641,1.4783808726425023,0.5565330778427641,1.6966146771170385,0.5565330778427641,1.4745097731487409
0.5774615152359814,1.6274087113831492,0.5774615152359814,1.4120507547570487,0.5774615152359814,1.6274087113831492,0.5774615152359814,1.4120507547570487,0.5774615152359814,1.6329176273591663,0.5774615152359814,1.415550013461395,0.5774615152359814,1.6274087113831492,0.5774615152359814,1.4120507547570487
0.5991769669310613,1.5608420948054205,0.5991769669310613,1.352404034838978,0.5991769669310613,1.5608420948054205,0.5991769669310613,1.352404034838978,0.5991769669310613,1.5658318273330822,0.5991769669310613,1.3555548827498238,0.5991769669310613,1.5608420948054205,0.5991769669310613,1.352404034838978
0.6217090286163821,1.4968201286489486,0.6217090286163821,1.2954091607268527,0.6217090286163821,1.4968201286489486,0.6217090286163821,1.2954091607268527,0.6217090286163821,1.5013193156711442,0.6217090286163821,1.2982334888168063,0.6217090286163821,1.4968201286489486,0.6217090286163821,1.2954091607268527
0.6450884089267687,1.4352509639232076,0.6450884089267687,1.240918884380549,0.6450884089267687,1.4352509639232076,0.6450884089267687,1.240918884380549,0.6450884089267687,1.4392873144963565,0.6450884089267687,1.2434372552654598,0.6450884089267687,1.4352509639232076,0.6450884089267687,1.240918884380549
0.6693469712958654,1.3760459903731308,0.6693469712958654,1.1887979379485998,0.6693469712958654,1.3760459903731308,0.6693469712958654,1.1887979379485998,0.6693469712958654,1.3796463652061182,0.6693469712958654,1.1910297672325918,0.6693469712958654,1.3760459903731308,0.6693469712958654,1.1887979379485998
0.6945177773823689,1.3191200763764486,0.6945177773823689,1.138921922455393,0.6945177773823689,1.3191200763764486,0.6945177773823689,1.138921922455393,0.6945177773823689,1.3223105600063014,0.6945177773823689,1.1408856338488125,0.6945177773823689,1.3191200763764486,0.6945177773823689,1.138921922455393
0.7206351321293045,1.2643916900960765,0.7206351321293045,1.0911762985808389,0.7206351321293045,1.2643916900960765,0.7206351321293045,1.0911762985808389,0.7206351321293045,1.267197652908938,0.7206351321293045,1.0928894554211062,0.7206351321293045,1.2643916900960765,0.7206351321293045,1.0911762985808389
0.747734630517758,1.2117829264590885,0.747734630517758,1.0454554690326088,0.747734630517758,1.2117829264590885,0.747734630517758,1.0454554690326088,0.747734630517758,1.2142290753526304,0.747734630517758,1.0469348844619857,0.747734630517758,1.2117829264590885,0.747734630517758,1.0454554690326088
0.7758532060787828,1.1612194598857362,0.7758532060787828,1.0016619427557885,0.7758532060787828,1.1612194598857362,0.7758532060787828,1.0016619427557885,0.7758532060787828,1.163329876870435,0.7758532060787828,1.002923770514093,0.7758532060787828,1.1612194598857362,0.7758532060787828,1.0016619427557885
0.8050291812295973,1.1126304389888373,0.8050291812295973,0.9597055720920896,0.8050291812295973,1.1126304389888373,0.8050291812295973,0.9597055720920896,0.8050291812295973,1.1144286074628267,0.8050291812295973,0.9607653796579761,0.8050291812295973,1.1126304389888373,0.8050291812295973,0.9597055720920896
0.8353023195026771,1.0659483365413722,0.8353023195026771,0.9195028549299245,0.8353023195026771,1.0659483365413722,0.8353023195026771,0.9195028549299245,0.8353023195026771,1.0674571553624388,0.8353023195026771,0.9203756805830158,0.8353023195026771,1.0659483365413722,0.8353023195026771,0.9195028549299245
0.8667138797389224,1.021108765724179,0.8667138797389224,0.8809762948356178,0.8667138797389224,1.021108765724179,0.8667138797389224,0.8809762948356178,0.8667138797389224,1.0223505515524403,0.8667138797389224,0.8816766901050189,0.8667138797389224,1.021108765724179,0.8667138797389224,0.8809762948356178
0.8993066723187614,0.9780502718903087,0.8993066723187614,0.8440538130950732,0.8993066723187614,0.9780502718903087,0.8993066723187614,0.8440538130950732,0.8993066723187614,0.9790467505909288,0.8993066723187614,0.8445958719987875,0.8993066723187614,0.9780502718903087,0.8993066723187614,0.8440538130950732
0.933125117507824,0.9367141077087701,0.933125117507824,0.8086682075022416,0.933125117507824,0.9367141077087701,0.933125117507824,0.8086682075022416,0.933125117507824,0.9374863958864545,0.933125117507824,0.8090655839577585,0.933125117507824,0.9367141077087701,0.933125117507824,0.8086682075022416
0.9682153059967076,0.8970439984838652,0.9682153059967076,0.7747566535886846,0.9682153059967076,0.8970439984838652,0.9682153059967076,0.7747566535886846,0.9682153059967076,0.8976125764676566,0.9682153059967076,0.7750225683781407,0.9682153059967076,0.8970439984838652,0.9682153059967076,0.7747566535886846
1.0046250617173402,0.8589859036063315,1.0046250617173402,0.7422602447832135,1.0046250617173402,0.8589859036063315,1.0046250617173402,0.7422602447832135,1.0046250617173402,0.8593705814102042,1.0046250617173402,0.7424074834776232,1.0046250617173402,0.8589859036063315,1.0046250617173402,0.7422602447832135
1.042404007021556,0.8224877794108042,1.042404007021556,0.7111235687099862,1.042404007021556,0.8224877794108042,1.042404007021556,0.7111235687099862,1.042404007021556,0.8227076573576018,1.042404007021556,0.7111644719865461,1.042404007021556,0.8224877794108042,1.042404007021556,0.7111235687099862
1.0816036303107095,0.787499348133888,1.0816036303107095,0.6812943174670669,1.0816036303107095,0.787499348133888,1.0816036303107095,0.6812943174670669,1.0816036303107095,0.787572773942118,1.0816036303107095,0.6812407652823557,1.0816036303107095,0.787499348133888,1.0816036303107095,0.6812943174670669
1.122277356208507,0.7539718771427001,1.122277356208507,0.652722930266602,1.122277356208507,0.7539718771427001,1.122277356208507,0.652722930266602,1.122277356208507,0.7539164013332402,1.122277356208507,0.6525863213680246,1.122277356208507,0.7539718771427001,1.122277356208507,0.652722930266602
1.1644806183726855,0.721857972099953,1.1644806183726855,0.6253622672556854,1.1644806183726855,0.721857972099953,1.1644806183726855,0.6253622672556854,1.1644806183726855,0.7216903035801219,1.1644806183726855,0.625153495516233,1.1644806183726855,0.721857972099953,1.1644806183726855,0.6253622672556854
1.208270935044776,0.6911113872234369,1.208270935044776,0.5991673136695106,1.208270935044776,0.6911113872234369,1.208270935044776,0.5991673136695106,1.208270935044776,0.6908473508485224,1.208270935044776,0.5988967427106374,1.208270935044776,0.6911113872234369,1.208270935044776,0.5991673136695106
1.2537079874409196,0.6616868552696864,1.2537079874409196,0.5740949136943213,1.2537079874409196,0.6616868552696864,1.2537079874409196,0.5740949136943213,1.2537079874409196,0.6613413530687902,1.2537079874409196,0.5737723512139935,1.2537079874409196,0.6616868552696864,1.2537079874409196,0.5740949136943213
1.3008537010905705,0.6335399393169432,1.3008537010905705,0.5501035335392236,1.3008537010905705,0.6335399393169432,1.3008537010905705,0.5501035335392236,1.3008537010905705,0.6331269169053414,1.3008537010905705,0.549738206684425,1.3008537010905705,0.6335399393169432,1.3008537010905705,0.5501035335392236
1.3497723302339417,0.6066269078423203,1.3497723302339417,0.5271530532390017,1.3497723302339417,0.6066269078423203,1.3497723302339417,0.5271530532390017,1.3497723302339417,0.6061593273333573,1.3497723302339417,0.5267535862536646,1.3497723302339417,0.6066269078423203,1.3497723302339417,0.5271530532390017
1.4005305453932198,0.580904633989778,1.4005305453932198,0.5052045866441558,1.4005305453932198,0.580904633989778,1.4005305453932198,0.5052045866441558,1.4005305453932198,0.5803944544745899,1.4005305453932198,0.5047789818861989,1.4005305453932198,0.580904633989778,1.4005305453932198,0.5052045866441558
1.4531975242368953,0.5563305193216331,1.4531975242368953,0.484220328912388,1.4531975242368953,0.5563305193216331,1.4531975242368953,0.484220328912388,1.4531975242368953,0.5557886857152283,1.4531975242368953,0.48377595217068975,1.4531975242368953,0.5563305193216331,1.4531975242368953,0.484220328912388
1.507845045861051,0.5328624417524561,1.507845045861051,0.46416343061329973,1.507845045861051,0.5328624417524561,1.507845045861051,0.46416343061329973,1.507845045861051,0.5322988825212807,1.507845045861051,0.46370700147209576,1.507845045861051,0.5328624417524561,1.507845045861051,0.46416343061329973
1.5645475886160958,0.5104587267977163,1.5645475886160958,0.44499789731285927,1.5645475886160958,0.5104587267977163,1.5645475886160958,0.44499789731285927,1.5645475886160958,0.5098823607983461,1.5645475886160958,0.44453548511351604,1.5645475886160958,0.5104587267977163,1.5645475886160958,0.44499789731285927
1.6233824316122782,0.4890781407476135,1.6233824316122782,0.4266885132349963,1.6233824316122782,0.4890781407476135,1.6233824316122782,0.4266885132349963,1.6233824316122782,0.4884968931296623,1.6233824316122782,0.42622553898043364,1.6233824316122782,0.4890781407476135,1.6233824316122782,0.4266885132349963
1.6844297600423153,0.4686799039149641,1.6844297600423153,0.4092007873233157,1.6844297600423153,0.4686799039149641,1.6844297600423153,0.4092007873233157,1.6844297600423153,0.46810073078357184,1.6844297600423153,0.4087420316658914,1.6844297600423153,0.4686799039149641,1.6844297600423153,0.4092007873233157
1.747772774464681,0.44922372171790265,1.747772774464681,0.3925009197642649,1.747772774464681,0.44922372171790265,1.747772774464681,0.3925009197642649,1.747772774464681,0.44865264302051816,1.747772774464681,0.39205053702088294,1.747772774464681,0.44922372171790265,1.747772774464681,0.3925009197642649
1.8134978041964953,0.43066983105323653,1.8134978041964953,0.3765557868001428,1.8134978041964953,0.43066983105323653,1.8134978041964953,0.3765557868001428,1.8134978041964953,0.43011197095816034,1.8134978041964953,0.3761173247552462,1.8134978041964953,0.43066983105323653,1.8134978041964953,0.3765557868001428
1.8816944249705556,0.41297905920031425,1.8816944249705556,0.3613329414695259,1.8816944249705556,0.41297905920031425,1.8816944249705556,0.3613329414695259,1.8816944249705556,0.41243869307482955,1.8816944249705556,0.36090936656313843,1.8816944249705556,0.41297905920031425,1.8816944249705556,0.3613329414695259
1.952455581016861,0.39611289237007025,1.952455581016861,0.34680062777425247,1.952455581016861,0.39611289237007025,1.952455581016861,0.34680062777425247,1.952455581016861,0.3955934993461405,1.952455581016861,0.34639435513276223,1.952455581016861,0.39611289237007025,1.952455581016861,0.34680062777425247
2.025877711735017,0.3800335509775364,2.025877711735017,0.3329278056929194,2.025877711735017,0.3800335509775364,2.025877711735017,0.3329278056929194,2.025877711735017,0.37953787101322134,2.025877711735017,0.33254073334798967,2.025877711735017,0.3800335509775364,2.025877711735017,0.3329278056929194
2.1020608831301586,0.36470406876330436,2.1020608831301586,0.3196841844443044,2.1020608831301586,0.36470406876330436,2.1020608831301586,0.3196841844443044,2.1020608831301586,0.3642341630668431,2.1020608831301586,0.31931773100191185,2.1020608831301586,0.36470406876330436,2.1020608831301586,0.3196841844443044
2.1811089241915154,0.3500883730122318,2.1811089241915154,0.3070402614502798,2.1811089241915154,0.3500883730122318,2.1811089241915154,0.3070402614502798,2.1811089241915154,0.3496456866904442,2.1811089241915154,0.3066954064179228,2.1811089241915154,0.3500883730122318,2.1811089241915154,0.3070402614502798
2.263129568399525,0.3361513633061767,2.263129568399525,0.29496736455380484,2.263129568399525,0.3361513633061767,2.263129568399525,0.29496736455380484,2.263129568399525,0.3357367891257388,2.263129568399525,0.29464469050868014,2.263129568399525,0.3361513633061767,2.263129568399525,0.29496736455380484
2.348234600554272,0.32285898649051936,2.348234600554272,0.28343769520807277,2.348234600554272,0.32285898649051936,2.348234600554272,0.28343769520807277,2.348234600554272,0.3224729286954289,2.348234600554272,0.2831374309908216,2.348234600554272,0.32285898649051936,2.348234600554272,0.28343769520807277
2.436540009125461,0.31017830581973044,2.436540009125461,0.2724243705604342,2.436540009125461,0.31017830581973044,2.436540009125461,0.2724243705604342,2.436540009125461,0.30982074302622814,2.436540009125461,0.2721464347053897,2.436540009125461,0.31017830581973044,2.436540009125461,0.2724243705604342
2.5281661443314953,0.29807756256340895,2.5281661443314953,0.26190146260060737,2.5281661443314953,0.29807756256340895,2.5281661443314953,0.26190146260060737,2.5281661443314953,0.2977481088499495,2.5281661443314953,0.2616455062612288,2.5281661443314953,0.29807756256340895,2.5281661443314953,0.26190146260060737
2.623237882163118,0.286526228689283,2.623237882163118,0.25184403281711154,2.623237882163118,0.286526228689283,2.623237882163118,0.25184403281711154,2.623237882163118,0.286224192109184,2.623237882163118,0.2516094815109182,2.623237882163118,0.286526228689283,2.623237882163118,0.25184403281711154
2.721884794575174,0.2754950495826993,2.721884794575174,0.24222816109875447,2.721884794575174,0.2754950495826993,2.721884794575174,0.24222816109875447,2.721884794575174,0.275219487446321,2.721884794575174,0.24201425467578172,2.721884794575174,0.2754950495826993,2.721884794575174,0.24222816109875447
2.82424132607843,0.264956076102967,2.82424132607843,0.23303096791924674,2.82424132607843,0.264956076102967,2.82424132607843,0.23303096791924674,2.82424132607843,0.26470584650054013,2.82424132607843,0.23283679824794007,2.82424132607843,0.264956076102967,2.82424132607843,0.23303096791924674
2.930446976972138,0.2548826856064655,2.930446976972138,0.22423062914291117,2.930446976972138,0.2548826856064655,2.930446976972138,0.22423062914291117,2.930446976972138,0.2546564947681145,2.930446976972138,0.22405517510360348,2.930446976972138,0.2548826856064655,2.930446976972138,0.22423062914291117
3.0406464934670625,0.24524959187664683,3.0406464934670625,0.2158063830790379,3.0406464934670625,0.24524959187664683,3.0406464934670625,0.2158063830790379,3.0406464934670625,0.24504603708931538,3.0406464934670625,0.21564854255401697,3.0406464934670625,0.24524959187664683,3.0406464934670625,0.2158063830790379
3.154990064958082,0.23603284418513906,3.154990064958082,0.20773852968372908,3.154990064958082,0.23603284418513906,3.154990064958082,0.20773852968372908,3.154990064958082,0.2358504521039573,3.154990064958082,0.2075971483309589,3.154990064958082,0.23603284418513906,3.154990064958082,0.20773852968372908
3.2736335287152407,0.22720981596049253,3.2736335287152407,0.2000084220543034,3.2736335287152407,0.22720981596049253,3.2736335287152407,0.2000084220543034,3.2736335287152407,0.22704707626198373,3.2736335287152407,0.1998823187460423,3.2736335287152407,0.22720981596049253,3.2736335287152407,0.2000084220543034
3.3967385822722025,0.21875918375736522,3.3967385822722025,0.19259845057710978,3.3967385822722025,0.21875918375736522,3.3967385822722025,0.19259845057710978,3.3967385822722025,0.21861457818160285,3.3967385822722025,0.1924864394723009,3.3967385822722025,0.21875918375736522,3.3967385822722025,0.19259845057710978
3.5244730038015804,0.21066089739614652,3.5244730038015804,0.18549202027098155,3.5244730038015804,0.21066089739614652,3.5244730038015804,0.18549202027098155,3.5244730038015804,0.21053292431279358,3.5244730038015804,0.18539292956921957,3.5244730038015804,0.21066089739614652,3.5244730038015804,0.18549202027098155
3.6570108807774857,0.20289614227948985,3.6570108807774857,0.17867352201316958,3.6570108807774857,0.20289614227948985,3.6570108807774857,0.17867352201316958,3.6570108807774857,0.20278333698736709,3.6570108807774857,0.17858620950662984,3.6570108807774857,0.20289614227948985,3.6570108807774857,0.17867352201316958
3.7945328472369346,0.195447294987701,3.7945328472369346,0.17212829844153424,3.7945328472369346,0.195447294987701,3.7945328472369346,0.17212829844153424,3.7945328472369346,0.19534824601837414,3.7945328472369346,0.1720516640384019,3.7945328472369346,0.195447294987701,3.7945328472369346,0.17212829844153424
3.937226329963475,0.18829787331039205,3.937226329963475,0.16584260539662946,3.937226329963475,0.18829787331039205,3.937226329963475,0.16584260539662946,3.937226329963475,0.18821123505301512,3.937226329963475,0.16577560083473153,3.937226329963475,0.18829787331039205,3.937226329963475,0.16584260539662946
4.085285803928557,0.1814324818895206,4.085285803928557,0.1598035698019423,4.085285803928557,0.1814324818895206,4.085285803928557,0.1598035698019423,4.085285803928557,0.1813569838870472,4.085285803928557,0.15974520580445115,4.085285803928557,0.1814324818895206,4.085285803928557,0.1598035698019423
4.238913057338775,0.17483675463221485,4.238913057338775,0.15399914488298963,4.238913057338775,0.17483675463221485,4.238913057338775,0.15399914488298963,4.238913057338775,0.1747712079187605,4.238913057338775,0.15394849602966026,4.238913057338775,0.17483675463221485,4.238913057338775,0.15399914488298963
4.398317466650219,0.16849729500484936,4.398317466650219,0.14841806360011317,4.398317466650219,0.16849729500484936,4.398317466650219,0.14841806360011317,4.398317466650219,0.1684405958615189,4.398317466650219,0.1483742711983783,4.398317466650219,0.16849729500484936,4.398317466650219,0.14841806360011317
4.563716281924754,0.1624016152475924,4.563716281924754,0.1430497911202137,4.563716281924754,0.1624016152475924,4.563716281924754,0.1430497911202137,4.563716281924754,0.16235274675083028,4.563716281924754,0.14301206436173775,4.563716281924754,0.1624016152475924,4.563716281924754,0.1430497911202137
4.7353349229171116,0.15653807545639797,4.7353349229171116,0.1378844770842415,4.7353349229171116,0.15653807545639797,4.7353349229171116,0.1378844770842415,4.7353349229171116,0.15649610718045684,4.7353349229171116,0.1378520927655996,4.7353349229171116,0.15653807545639797,4.7353349229171116,0.1378844770842415
4.913407286296357,0.1508958233726206,4.913407286296357,0.13291290834503655,4.913407286296357,0.1508958233726206,4.913407286296357,0.13291290834503655,4.913407286296357,0.15085990958779202,4.913407286296357,0.1328852094175303,4.913407286296357,0.1508958233726206,4.913407286296357,0.13291290834503655
5.09817606442042,0.14546473560445483,5.09817606442042,0.12812646275896955,5.09817606442042,0.14546473560445483,5.09817606442042,0.12812646275896955,5.09817606442042,0.14543411228701433,5.09817606442042,0.1281028559537619,5.09817606442042,0.14546473560445483,5.09817606442042,0.12812646275896955
5.289893076098146,0.14023536088426636,5.289893076098146,0.12351706451931599,5.289893076098146,0.14023536088426636,5.289893076098146,0.12351706451931599,5.289893076098146,0.1402093418243662,5.289893076098146,0.12349701727155678,5.289893076098146,0.14023536088426636,5.289893076098146,0.12351706451931599
5.488819609789666,0.13519886584610943,5.488819609789666,0.11907714142341283,5.488819609789666,0.13519886584610943,5.488819609789666,0.11907714142341283,5.488819609789666,0.13517683810770054,5.488819609789666,0.11906017829423333,5.488819609789666,0.13519886584610943,5.488819609789666,0.11907714142341283
5.6952267797128195,0.13034698369215933,5.6952267797128195,0.11479958437282166,5.6952267797128195,0.13034698369215933,5.6952267797128195,0.11479958437282166,5.6952267797128195,0.13032840264587936,5.6952267797128195,0.1147852831422444,5.6952267797128195,0.13034698369215933,5.6952267797128195,0.11479958437282166
5.909395895340965,0.1256719660085715,5.909395895340965,0.11067770931866197,5.909395895340965,0.1256719660085715,5.909395895340965,0.11067770931866197,5.909395895340965,0.12565635012561718,5.909395895340965,0.11066569689665683,5.909395895340965,0.1256719660085715,5.909395895340965,0.11067770931866197
6.131618844795769,0.12116653789274187,6.131618844795769,0.10670522178501181,6.131618844795769,0.12116653789274187,6.131618844795769,0.10670522178501181,6.131618844795769,0.12115346345605453,6.131618844795769,0.10669517006299789,6.131618844795769,0.12116653789274187,6.131618844795769,0.10670522178501181
6.362198492657482,0.11682385646669456,6.362198492657482,0.10287618403316202,6.362198492657482,0.11682385646669456,6.362198492657482,0.10287618403316202,6.362198492657482,0.11681295232610113,6.362198492657482,0.1028678057748553,6.362198492657482,0.11682385646669456,6.362198492657482,0.10287618403316202
6.601449092734883,0.11263747277624792,6.601449092734883,0.09918498486928518,6.601449092734883,0.11263747277624792,6.601449092734883,0.09918498486928518,6.601449092734883,0.11262841524706134,6.601449092734883,0.09917802971840037,6.601449092734883,0.11263747277624792,6.601449092734883,0.09918498486928518
6.84969671635744,0.10860129701298529,6.84969671635744,0.09562631204796834,6.84969671635744,0.10860129701298529,6.84969671635744,0.09562631204796834,6.84969671635744,0.10859380499332291,6.84969671635744,0.09562056271117951,6.84969671635744,0.10860129701298529,6.84969671635744,0.09562631204796834
7.1072796967734115,0.10470956694563406,7.1072796967734115,0.09219512718382217,7.1072796967734115,0.10470956694563406,7.1072796967734115,0.09219512718382217,7.1072796967734115,0.10470339730652677,7.1072796967734115,0.09219039583072254,7.1072796967734115,0.10470956694563406,7.1072796967734115,0.09219512718382217
7.3745490902595465,0.10095681940857133,7.3745490902595465,0.08888664305246416,7.3745490902595465,0.10095681940857133,7.3745490902595465,0.08888664305246416,7.3745490902595465,0.10095176269283201,7.3745490902595465,0.08888276796004545,7.3745490902595465,0.10095681940857133,7.3745490902595465,0.08888664305246416
7.651869154570818,0.09733786466688152,7.651869154570818,0.08569630313976569,7.651869154570818,0.09733786466688152,7.651869154570818,0.08569630313976569,7.651869154570818,0.09733374111757019,7.651869154570818,0.08569314559709072,7.651869154570818,0.09733786466688152,7.651869154570818,0.08569630313976569
7.939617845382275,0.09384776345850895,7.939617845382275,0.08261976328339152,7.939617845382275,0.09384776345850895,7.939617845382275,0.08261976328339152,7.939617845382275,0.09384441938549949,7.939617845382275,0.08261720476250156,7.939617845382275,0.09384776345850895,7.939617845382275,0.08261976328339152
8.238187331399601,0.09048180650333568,8.238187331399601,0.07965287524230005,8.238187331399601,0.09048180650333568,8.238187331399601,0.07965287524230005,8.238187331399601,0.09047911098669895,8.238187331399601,0.07965081483378385,8.238187331399601,0.09048180650333568,8.238187331399601,0.07965287524230005
8.547984528840406,0.08723549626515101,8.547984528840406,0.07679167202695591,8.547984528840406,0.08723549626515101,8.547984528840406,0.07679167202695591,8.547984528840406,0.08723333818654785,8.547984528840406,0.0767900241327827,8.547984528840406,0.08723549626515101,8.547984528840406,0.07679167202695591
8.869431656014704,0.08410453075421583,8.869431656014704,0.07403235482449806,8.869431656014704,0.08410453075421583,8.869431656014704,0.07403235482449806,8.869431656014704,0.08410281614193893,8.869431656014704,0.07403104709644244,8.869431656014704,0.08410453075421583,8.869431656014704,0.07403235482449806
9.20296680876041,0.0810847891642565,9.20296680876041,0.07137128135805806,9.20296680876041,0.0810847891642565,9.20296680876041,0.07137128135805806,9.20296680876041,0.08108343883368264,9.20296680876041,0.07137025286708241,9.20296680876041,0.0810847891642565,9.20296680876041,0.07137128135805806
9.549044557518078,0.07817231914717937,9.549044557518078,0.06880495552695501,9.549044557518078,0.07817231914717937,9.549044557518078,0.06880495552695501,9.549044557518078,0.0781712666159056,9.549044557518078,0.06880415514704481,9.549044557518078,0.07817231914717937,9.549044557518078,0.06880495552695501
9.908136566858666,0.07536332554061259,9.908136566858666,0.06633001818385532,9.908136566858666,0.07536332554061259,9.908136566858666,0.06633001818385532,9.908136566858666,0.0753625151961932,9.908136566858666,0.0663294031728069,9.908136566858666,0.07536332554061259,9.908136566858666,0.06633001818385532
10.280732238308648,0.07265416037673951,10.280732238308648,0.06394323891552121,10.280732238308648,0.07265416037673951,10.280732238308648,0.06394323891552121,10.280732238308648,0.07265354587447771,10.280732238308648,0.0639427736748841,10.280732238308648,0.07265416037673951,10.280732238308648,0.06394323891552121
10.66733937734857,0.07004131401510628,10.66733937734857,0.06164150870494797,10.66733937734857,0.07004131401510628,10.66733937734857,0.06164150870494797,10.66733937734857,0.07004085688357947,10.66733937734857,0.06164116370155224,10.66733937734857,0.07004131401510628,10.66733937734857,0.06164150870494797
11.06848488549412,0.06752140725659704,11.06848488549412,0.05942183336406427,11.06848488549412,0.06752140725659704,11.06848488549412,0.05942183336406427,11.06848488549412,0.06752107568933075,11.06848488549412,0.05942158419618608,11.06848488549412,0.06752140725659704,11.06848488549412,0.05942183336406427
11.48471547840289,0.06509118431015189,11.48471547840289,0.05728132763741335,11.48471547840289,0.06509118431015189,11.48471547840289,0.05728132763741335,11.48471547840289,0.06509095212295303,11.48471547840289,0.05728115422952729,11.48471547840289,0.06509118431015189,11.48471547840289,0.05728132763741335
11.916598430985587,0.06274750649770817,11.916598430985587,0.05521720988808121,11.916598430985587,0.06274750649770817,11.916598430985587,0.05521720988808121,11.916598430985587,0.06274735223250606,11.916598430985587,0.05521709579922256,11.916598430985587,0.06274750649770817,11.916598430985587,0.05521720988808121
12.36472235053715,0.06048734659605003,12.36472235053715,0.05322679728741302,12.36472235053715,0.06048734659605003,12.36472235053715,0.05322679728741302,12.36472235053715,0.060487252753567124,12.36472235053715,0.05322672911935183,12.36472235053715,0.06048734659605003,12.36472235053715,0.05322679728741302
12.829697978941475,0.058307783726578945,12.829697978941475,0.05130750143964196,12.829697978941475,0.058307783726578945,12.829697978941475,0.05130750143964196,12.829697978941475,0.058307736111697296,12.829697978941475,0.05130746833229159,12.829697978941475,0.058307783726578945,12.829697978941475,0.05130750143964196
13.312159025043076,0.05620599871538602,13.312159025043076,0.04945682438136537,13.312159025043076,0.05620599871538602,13.312159025043076,0.04945682438136537,13.312159025043076,0.056205985880616684,13.312159025043076,0.049456817584068745,13.312159025043076,0.05620599871538602,13.312159025043076,0.04945682438136537
13.812763028320095,0.054179269856354774,13.812763028320095,0.0476723549038199,13.812763028320095,0.054179269856354774,13.812763028320095,0.0476723549038199,13.812763028320095,0.0541792826303265,13.812763028320095,0.04767236741234208,13.812763028320095,0.054179269856354774,13.812763028320095,0.0476723549038199
14.33219225503571,0.0522249690193545,14.33219225503571,0.04595176515311991,14.33219225503571,0.0522249690193545,14.33219225503571,0.04595176515311991,14.33219225503571,0.05222500010867385,14.33219225503571,0.04595179140330308,14.33219225503571,0.0522249690193545,14.33219225503571,0.04595176515311991
14.871154628089506,0.050340558053916726,14.871154628089506,0.04429280747005603,14.871154628089506,0.050340558053916726,14.871154628089506,0.04429280747005603,14.871154628089506,0.050340601708099085,14.871154628089506,0.04429284308014852,14.871154628089506,0.050340558053916726,14.871154628089506,0.04429280747005603
15.430384691835615,0.048523585446165834,15.430384691835615,0.04269331143674269,15.430384691835615,0.048523585446165834,15.430384691835615,0.04269331143674269,15.430384691835615,0.04852363717658335,15.430384691835615,0.04269335299138581,15.430384691835615,0.048523585446165834,15.430384691835615,0.04269331143674269
16.010644613183146,0.04677168319325751,16.010644613183146,0.04115118110239288,16.010644613183146,0.04677168319325751,16.010644613183146,0.04115118110239288,16.010644613183146,0.046771739538185746,16.010644613183146,0.04115122597213765,16.010644613183146,0.04677168319325751,16.010644613183146,0.04115118110239288
16.612725220342895,0.04508256386523344,16.612725220342895,0.03966439236485386,16.612725220342895,0.04508256386523344,16.612725220342895,0.03966439236485386,16.612725220342895,0.045082622194109176,16.612725220342895,0.03966443855587943,16.612725220342895,0.04508256386523344,16.612725220342895,0.03966439236485386
17.237447080636162,0.04345401782909804,17.237447080636162,0.03823099048829752,17.237447080636162,0.04345401782909804,17.237447080636162,0.03823099048829752,17.237447080636162,0.04345407618002087,17.237447080636162,0.038231036517720945,17.237447080636162,0.04345401782909804,17.237447080636162,0.03823099048829752
17.885661618834582,0.041883910614133754,17.885661618834582,0.0368490877406978,17.885661618834582,0.041883910614133754,17.885661618834582,0.0368490877406978,17.885661618834582,0.04188396755946464,17.885661618834582,0.03684913253350031,17.885661618834582,0.041883910614133754,17.885661618834582,0.0368490877406978
18.55825227755515,0.04037018040106893,18.55825227755515,0.03551686113748582,18.55825227755515,0.04037018040106893,18.55825227755515,0.03551686113748582,18.55825227755515,0.04037023493670305,18.55825227755515,0.035516903941643224,18.55825227755515,0.04037018040106893,18.55825227755515,0.03551686113748582
19.256135721291948,0.038910835620762,19.256135721291948,0.03423255028011493,19.256135721291948,0.038910835620762,19.256135721291948,0.03423255028011493,19.256135721291948,0.03891088707528826,19.256135721291948,0.03423259059701169,19.256135721291948,0.038910835620762,19.256135721291948,0.03423255028011493
19.980263085725465,0.03750395265063247,19.980263085725465,0.03299445528023558,19.980263085725465,0.03750395265063247,19.980263085725465,0.03299445528023558,19.980263085725465,0.03750400061114785,19.980263085725465,0.03299449280787206,19.980263085725465,0.03750395265063247,19.980263085725465,0.03299445528023558
20.73162127401227,0.03614767359921085,20.73162127401227,0.0318009347618228,20.73162127401227,0.03614767359921085,20.73162127401227,0.0318009347618228,20.73162127401227,0.03614771785103947,20.73162127401227,0.0318009693486977,20.73162127401227,0.03614767359921085,20.73162127401227,0.0318009347618228
21.511234301821627,0.03484020417095334,21.511234301821627,0.03065040393495733,21.511234301821627,0.03484020417095334,21.511234301821627,0.03065040393495733,21.511234301821627,0.03484024464893755,21.511234301821627,0.030650435542830073,21.511234301821627,0.03484020417095334,21.511234301821627,0.03065040393495733
22.3201646929523,0.033579811604917936,22.3201646929523,0.02954133273607619,22.3201646929523,0.033579811604917936,22.3201646929523,0.02954133273607619,22.3201646929523,0.03357984835430775,22.3201646929523,0.029541361410090953,22.3201646929523,0.033579811604917936,22.3201646929523,0.02954133273607619
23.1595149274315,0.0323648226820761,23.1595149274315,0.02847224403040999,23.1595149274315,0.0323648226820761,23.1595149274315,0.02847224403040999,23.1595149274315,0.03236485582735233,23.1595149274315,0.028472269875301385,23.1595149274315,0.0323648226820761,23.1595149274315,0.02847224403040999
24.030428944069648,0.03119362179697704,24.030428944069648,0.02744171187304918,24.030428944069648,0.03119362179697704,24.030428944069648,0.02744171187304918,24.030428944069648,0.031193651517206576,24.030428944069648,0.027441735034352883,24.030428944069648,0.03119362179697704,24.030428944069648,0.02744171187304918
24.934093699518755,0.03006464909022571,24.934093699518755,0.026448359825653602,24.934093699518755,0.03006464909022571,24.934093699518755,0.026448359825653602,24.934093699518755,0.03006467559977353,24.934093699518755,0.02644838047501889,24.934093699518755,0.03006464909022571,24.934093699518755,0.026448359825653602
25.871740785959187,0.028976398638817874,25.871740785959187,0.025490859326267892,25.871740785959187,0.028976398638817874,25.871740785959187,0.025490859326267892,25.871740785959187,0.02897642217243096,25.871740785959187,0.025490877650115994,25.871740785959187,0.028976398638817874,25.871740785959187,0.025490859326267892
26.844648109619598,0.027927416701820564,26.844648109619598,0.024567928110049528,26.844648109619598,0.027927416701820564,26.844648109619598,0.024567928110049528,26.844648109619598,0.02792743750326201,26.844648109619598,0.02456794430094743,26.844648109619598,0.027927416701820564,26.844648109619598,0.024567928110049528
27.854141632417633,0.02691630001922479,27.854141632417633,0.02367832867897919,27.854141632417633,0.02691630001922479,27.854141632417633,0.02367832867897919,27.854141632417633,0.026916318332773883,27.854141632417633,0.02367834292920399,27.854141632417633,0.02691630001922479,27.854141632417633,0.02367832867897919
28.901597179095056,0.025941694162049535,28.901597179095056,0.022820866818820132,28.901597179095056,0.025941694162049535,28.901597179095056,0.022820866818820132,28.901597179095056,0.025941710226300003,28.901597179095056,0.022820879315678458,28.901597179095056,0.025941694162049535,28.901597179095056,0.022820866818820132
29.988442312310248,0.0250022919319636,29.988442312310248,0.021994390161741467,29.988442312310248,0.0250022919319636,29.988442312310248,0.021994390161741467,29.988442312310248,0.025002305975450008,29.988442312310248,0.02199440108428424,29.988442312310248,0.0250022919319636,29.988442312310248,0.021994390161741467
31.116158278243567,0.02409683180882977,31.116158278243567,0.02119778679313091,31.116158278243567,0.02409683180882977,31.116158278243567,0.02119778679313091,31.116158278243567,0.024096844047095257,31.116158278243567,0.021197796309966696,31.116158278243567,0.02409683180882977,31.116158278243567,0.02119778679313091
32.28628202536727,0.02322409644468034,32.28628202536727,0.02042998390120741,32.28628202536727,0.02322409644468034,32.28628202536727,0.02042998390120741,32.28628202536727,0.02322410707846784,32.28628202536727,0.020429992169171053,32.28628202536727,0.02322409644468034,32.28628202536727,0.02042998390120741
33.500408299131294,0.022382911202713452,33.500408299131294,0.019689946468111227,33.500408299131294,0.022382911202713452,33.500408299131294,0.019689946468111227,33.500408299131294,0.02238292041702078,33.500408299131294,0.019689953631589593,33.500408299131294,0.022382911202713452,33.500408299131294,0.019689946468111227
34.76019181541974,0.021572142739964467,34.76019181541974,0.01897667600120527,34.76019181541974,0.021572142739964467,34.76019181541974,0.01897667600120527,34.76019181541974,0.021572150703752787,34.76019181541974,0.018976682191958485,34.76019181541974,0.021572142739964467,34.76019181541974,0.01897667600120527
36.06734951574024,0.02079069763236542,36.06734951574024,0.018289209303370906,36.06734951574024,0.02079069763236542,36.06734951574024,0.018289209303370906,36.06734951574024,0.020790704498750857,36.06734951574024,0.01828921464071946,36.06734951574024,0.02079069763236542,36.06734951574024,0.018289209303370906
37.42366290721977,0.020037521040956654,37.42366290721977,0.01762661728112851,37.42366290721977,0.020037521040956654,37.42366290721977,0.01762661728112851,37.42366290721977,0.020037526947748963,37.42366290721977,0.017626621872401972,37.42366290721977,0.020037521040956654,37.42366290721977,0.01762661728112851
38.83098049059601,0.019311595418067727,38.83098049059601,0.016988003789458226,38.83098049059601,0.019311595418067727,38.83098049059601,0.016988003789458226,38.83098049059601,0.019311600488547742,38.83098049059601,0.01698800773062314,38.83098049059601,0.019311595418067727,38.83098049059601,0.016988003789458226
40.29122027951344,0.018611939252334356,40.29122027951344,0.016372504512242265,40.29122027951344,0.018611939252334356,40.29122027951344,0.016372504512242265,40.29122027951344,0.01861194359618542,40.29122027951344,0.016372507888644586,40.29122027951344,0.018611939252334356,40.29122027951344,0.016372504512242265
41.806372414557536,0.017937605851470143,41.806372414557536,0.01577928587729522,41.806372414557536,0.017937605851470143,41.806372414557536,0.01577928587729522,41.806372414557536,0.017937609565797787,41.806372414557536,0.01577928876446691,41.806372414557536,0.017937605851470143,41.806372414557536,0.01577928587729522
43.37850187558985,0.017287682161762154,43.37850187558985,0.015207544004994125,43.37850187558985,0.017287682161762154,43.37850187558985,0.015207544004994125,43.37850187558985,0.01728768533215158,43.37850187558985,0.015207546469486126,43.37850187558985,0.017287682161762154,43.37850187558985,0.015207544004994125
45.00975129608042,0.016661287623308808,45.00975129608042,0.014656503689564657,45.00975129608042,0.016661287623308808,45.00975129608042,0.014656503689564657,45.00975129608042,0.01666129032488286,45.00975129608042,0.014656505789777301,45.00975129608042,0.016661287623308808,45.00975129608042,0.014656503689564657
46.70234388327331,0.016057573060066308,46.70234388327331,0.014125417412121605,46.70234388327331,0.016057573060066308,46.70234388327331,0.014125417412121605,46.70234388327331,0.016057575358516415,46.70234388327331,0.014125419199112295,46.70234388327331,0.016057573060066308,46.70234388327331,0.014125417412121605
48.45858644816491,0.015475719603813708,48.45858644816491,0.01361356438460293,48.45858644816491,0.015475719603813708,48.45858644816491,0.01361356438460293,48.45858644816491,0.015475721556384749,48.45858644816491,0.013613565902856024,48.45858644816491,0.015475719603813708,48.45858644816491,0.01361356438460293
50.28087254942475,0.014914937651187643,50.28087254942475,0.013120249623772647,50.28087254942475,0.014914937651187643,50.28087254942475,0.013120249623772647,50.28087254942475,0.014914939307604099,50.28087254942475,0.013120250911922725,50.28087254942475,0.014914937651187643,50.28087254942475,0.013120249623772647
52.171685755543436,0.014374465852973495,52.171685755543436,0.012644803054502374,52.171685755543436,0.014374465852973495,52.171685755543436,0.012644803054502374,52.171685755543436,0.01437446725629894,52.171685755543436,0.012644804146004619,52.171685755543436,0.014374465852973495,52.171685755543436,0.012644803054502374
54.133603029653756,0.013853570134871209,54.133603029653756,0.01218657864157021,54.133603029653756,0.013853570134871209,54.133603029653756,0.01218657864157021,54.133603029653756,0.013853571322297612,54.133603029653756,0.012186579565315523,54.133603029653756,0.013853570134871209,54.133603029653756,0.01218657864157021
56.16929824163804,0.013351542748980193,56.16929824163804,0.011744953549241785,56.16929824163804,0.013351542748980193,56.16929824163804,0.011744953549241785,56.16929824163804,0.013351543752545969,56.16929824163804,0.01174495433011602,56.16929824163804,0.013351542748980193,56.16929824163804,0.011744953549241785
58.2815458123084,0.012867701355269748,58.2815458123084,0.011319327327920584,58.2815458123084,0.012867701355269748,58.2815458123084,0.011319327327920584,58.2815458123084,0.012867702202507807,58.2815458123084,0.011319327987308862,58.2815458123084,0.012867701355269748,58.2815458123084,0.011319327327920584
60.47322449462643,0.012401388132318392,60.47322449462643,0.010909121127172489,60.47322449462643,0.012401388132318392,60.47322449462643,0.010909121127172489,60.47322449462643,0.01240138884683692,60.47322449462643,0.010909121683411054,60.47322449462643,0.012401388132318392,60.47322449462643,0.010909121127172489
62.74732129711575,0.011951968916619453,62.74732129711575,0.010513776934445806,62.74732129711575,0.011951968916619453,62.74732129711575,0.010513776934445806,62.74732129711575,0.011951969518619182,62.74732129711575,0.010513777403224255,62.74732129711575,0.011951968916619453,62.74732129711575,0.010513776934445806
65.10693555481454,0.011518832369760116,65.10693555481454,0.01013275683881991,65.10693555481454,0.011518832369760116,65.10693555481454,0.01013275683881991,65.10693555481454,0.0115188328764925,65.10693555481454,0.010132757233537326,65.10693555481454,0.011518832369760116,65.10693555481454,0.01013275683881991
67.5552831533164,0.011101389172788816,67.5552831533164,0.009765542319126762,67.5552831533164,0.011101389172788816,67.5552831533164,0.009765542319126762,67.5552831533164,0.011101389598959819,67.5552831533164,0.009765542651205524,67.5552831533164,0.011101389172788816,67.5552831533164,0.009765542319126762
70.09570091165618,0.010699071247091676,70.09570091165618,0.00941163355579817,70.09570091165618,0.010699071247091676,70.09570091165618,0.00941163355579817,70.09570091165618,0.010699071605216126,70.09570091165618,0.009411633834959217,70.09570091165618,0.010699071247091676,70.09570091165618,0.00941163355579817
72.73165113001454,0.010311331001102673,72.73165113001454,0.009070548765799376,72.73165113001454,0.010311331001102673,72.73165113001454,0.009070548765799376,72.73165113001454,0.010311331301813756,72.73165113001454,0.009070549000302639,72.73165113001454,0.010311331001102673,72.73165113001454,0.009070548765799376
75.46672630843887,0.009937640602175642,75.46672630843887,0.008741823560016423,75.46672630843887,0.009937640602175642,75.46672630843887,0.008741823560016423,75.46672630843887,0.009937640854494402,75.46672630843887,0.008741823756870097,75.46672630843887,0.009937640602175642,75.46672630843887,0.008741823560016423
78.30465404301182,0.009577491272949356,78.30465404301182,0.008425010322471125,78.30465404301182,0.009577491272949356,78.30465404301182,0.008425010322471125,78.30465404301182,0.00957749148451849,78.30465404301182,0.008425010487613243,78.30465404301182,0.009577491272949356,78.30465404301182,0.008425010322471125
81.24930210614048,0.00923039261154025,81.24930210614048,0.008119677610744131,81.24930210614048,0.00923039261154025,81.24930210614048,0.008119677610744131,81.24930210614048,0.00923039278882629,81.24930210614048,0.008119677749199488,81.24930210614048,0.00923039261154025,81.24930210614048,0.008119677610744131
84.30468371788967,0.008895871934900637,84.30468371788967,0.007825409576992837,84.30468371788967,0.008895871934900637,84.30468371788967,0.007825409576992837,84.30468371788967,0.008895872083368308,84.30468371788967,0.007825409693008415,84.30468371788967,0.008895871934900637,84.30468371788967,0.007825409576992837
87.47496301554415,0.008573473644684792,87.47496301554415,0.007541805408958228,87.47496301554415,0.008573473644684792,87.47496301554415,0.007541805408958228,87.47496301554415,0.00857347376894696,87.47496301554415,0.007541805506119519,87.47496301554415,0.008573473644684792,87.47496301554415,0.007541805408958228
90.76446072885356,0.008262758614970367,90.76446072885356,0.007268478790361964,90.76446072885356,0.008262758614970367,90.76446072885356,0.007268478790361964,90.76446072885356,0.008262758718916668,90.76446072885356,0.007268478871692891,90.76446072885356,0.008262758614970367,90.76446072885356,0.007268478790361964
94.17766006869519,0.007963303601188673,94.17766006869519,0.0070050573801034586,94.17766006869519,0.007963303601188673,94.17766006869519,0.0070050573801034586,94.17766006869519,0.00796330368809567,94.17766006869519,0.007005057448151816,94.17766006869519,0.007963303601188673,94.17766006869519,0.0070050573801034586
97.71921283717977,0.007674700669624615,97.71921283717977,0.006751182309675289,97.71921283717977,0.007674700669624615,97.71921283717977,0.006751182309675289,97.71921283717977,0.007674700742249826,97.71921283717977,0.006751182366585776,97.71921283717977,0.007674700669624615,97.71921283717977,0.006751182309675289
101.39394576752896,0.007396556646854976,101.39394576752896,0.006506507698224864,101.39394576752896,0.007396556646854976,101.39394576752896,0.006506507698224864,101.39394576752896,0.007396556707517082,101.39394576752896,0.006506507745801311,101.39394576752896,0.007396556646854976,101.39394576752896,0.006506507698224864
105.20686710236207,0.007128492588503568,105.20686710236207,0.00627070018470072,105.20686710236207,0.007128492588503568,105.20686710236207,0.00627070018470072,105.20686710236207,0.007128492639150664,105.20686710236207,0.006270700224459085,105.20686710236207,0.007128492588503568,105.20686710236207,0.00627070018470072
109.16317341936126,0.0068701432667010055,109.16317341936126,0.006043438476532041,109.16317341936126,0.0068701432667010055,109.16317341936126,0.006043438476532041,109.16317341936126,0.006870143308968566,109.16317341936126,0.006043438509745379,109.16317341936126,0.0068701432667010055,109.16317341936126,0.006043438476532041
113.26825671361514,0.006621156675648769,113.26825671361514,0.0058244129143019555,113.26825671361514,0.006621156675648769,113.26825671361514,0.0058244129143019555,113.26825671361514,0.006621156710908831,113.26825671361514,0.0058244129420386296,113.26825671361514,0.006621156675648769,113.26825671361514,0.0058244129143019555
117.52771174629427,0.0063811935546984255,117.52771174629427,0.005613325051886716,117.52771174629427,0.0063811935546984255,117.52771174629427,0.005613325051886716,117.52771174629427,0.006381193584101256,117.52771174629427,0.005613325075042704,117.52771174629427,0.0063811935546984255,117.52771174629427,0.005613325051886716
121.94734366967359,0.006149926928369644,121.94734366967359,0.005409887251545128,121.94734366967359,0.006149926928369644,121.94734366967359,0.005409887251545128,121.94734366967359,0.006149926952878985,121.94734366967359,0.0054098872708714316,121.94734366967359,0.006149926928369644,121.94734366967359,0.005409887251545128
126.53317593889403,0.005927041662743557,126.53317593889403,0.005213822293455494,126.53317593889403,0.005927041662743557,126.53317593889403,0.005213822293455494,126.53317593889403,0.005927041683166368,126.53317593889403,0.005213822309581198,126.53317593889403,0.005927041662743557,126.53317593889403,0.005213822293455494
131.29145852124626,0.005712234037681547,131.29145852124626,0.005024862999209828,131.29145852124626,0.005712234037681547,131.29145852124626,0.005024862999209828,131.29145852124626,0.005712234054693147,131.29145852124626,0.005024863012661645,131.29145852124626,0.005712234037681547,131.29145852124626,0.005024862999209828
136.2286764141644,0.005505211334333403,136.2286764141644,0.004842751868788567,136.2286764141644,0.005505211334333403,136.2286764141644,0.004842751868788567,136.2286764141644,0.005505211348498658,136.2286764141644,0.004842751880007274,136.2286764141644,0.005505211334333403,136.2286764141644,0.004842751868788567
141.3515584835393,0.0053056914374129864,141.3515584835393,0.004667240730551912,141.3515584835393,0.0053056914374129864,141.3515584835393,0.004667240730551912,141.3515584835393,0.005305691449204132,141.3515584835393,0.004667240739906207,141.3515584835393,0.0053056914374129864,141.3515584835393,0.004667240730551912
146.66708663439655,0.005113402451733758,146.66708663439655,0.0044980904037974145,146.66708663439655,0.005113402451733758,146.66708663439655,0.0044980904037974145,146.66708663439655,0.0051134024615453995,146.66708663439655,0.00449809041159557,146.66708663439655,0.005113402451733758,146.66708663439655,0.0044980904037974145
152.1825053264384,0.004928082332510854,152.1825053264384,0.004335070373446435,152.1825053264384,0.004928082332510854,152.1825053264384,0.004335070373446435,152.1825053264384,0.004928082340672607,152.1825053264384,0.0043350703799461135,152.1825053264384,0.004928082332510854,152.1825053264384,0.004335070373446435
157.90533144741727,0.004749478528951118,157.90533144741727,0.004177958476435484,157.90533144741727,0.004749478528951118,157.90533144741727,0.004177958476435484,157.90533144741727,0.0047494785357381645,157.90533144741727,0.004177958481851948,157.90533144741727,0.004749478528951118,157.90533144741727,0.004177958476435484
163.84336455779814,0.0045773476406664095,163.84336455779814,0.00402654059940141,163.84336455779814,0.0045773476406664095,163.84336455779814,0.00402654059940141,163.84336455779814,0.00457734764630842,163.84336455779814,0.004026540603914448,163.84336455779814,0.0045773476406664095,163.84336455779814,0.00402654059940141
170.00469752067147,0.004411455086460201,170.00469752067147,0.003880610387262318,170.00469752067147,0.004411455086460201,170.00469752067147,0.003880610387262318,170.00469752067147,0.00441145509114878,170.00469752067147,0.0038806103910220503,170.00469752067147,0.004411455086460201,170.00469752067147,0.003880610387262318
176.39772753140417,0.004251574785051344,176.39772753140417,0.0037399689623089393,176.39772753140417,0.004251574785051344,176.39772753140417,0.0037399689623089393,176.39772753140417,0.004251574788946288,176.39772753140417,0.0037399689654406573,176.39772753140417,0.004251574785051344,176.39772753140417,0.0037399689623089393
183.03116756206092,0.004097488847312862,183.03116756206092,0.0036044246534335115,183.03116756206092,0.004097488847312862,183.03116756206092,0.0036044246534335115,183.03116756206092,0.004097488850547389,183.03116756206092,0.003604424656041771,183.03116756206092,0.004097488847312862,183.03116756206092,0.0036044246534335115
189.91405823619317,0.003948987279617313,189.91405823619317,0.003473792735135667,189.91405823619317,0.003948987279617313,189.91405823619317,0.003473792735135667,189.91405823619317,0.003948987282302442,189.91405823619317,0.0034737927373077,189.91405823619317,0.003948987279617313,189.91405823619317,0.003473792735135667
197.05578015017963,0.0038058676978937997,197.05578015017963,0.0033478951759567687,197.05578015017963,0.0038058676978937997,197.05578015017963,0.0033478951759567687,197.05578015017963,0.0038058677001220325,197.05578015017963,0.003347895177765324,197.05578015017963,0.0038058676978937997,197.05578015017963,0.0033478951759567687
204.46606665791137,0.0036679350520146107,204.46606665791137,0.0032265603960058334,204.46606665791137,0.0036679350520146107,204.46606665791137,0.0032265603960058334,204.46606665791137,0.0036679350538629876,204.46606665791137,0.0032265603975115717,204.46606665791137,0.0036679350520146107,204.46606665791137,0.0032265603960058334
212.1550171362448,0.003535001360142629,212.1550171362448,0.003109623033251654,212.1550171362448,0.003535001360142629,212.1550171362448,0.003109623033251654,212.1550171362448,0.003535001361675302,212.1550171362448,0.003109623034505158,212.1550171362448,0.003535001360142629,212.1550171362448,0.003109623033251654
220.1331107493028,0.003406885452682926,220.1331107493028,0.0029969237182669714,220.1331107493028,0.003406885452682926,220.1331107493028,0.0029969237182669714,220.1331107493028,0.0034068854539532857,220.1331107493028,0.0029969237193103924,220.1331107493028,0.003406885452682926,220.1331107493028,0.0029969237182669714
228.4112207303821,0.003283412725494287,228.4112207303821,0.002888308857121164,228.4112207303821,0.003283412725494287,228.4112207303821,0.002888308857121164,228.4112207303821,0.003283412726546775,228.4112207303821,0.0028883088579896377,228.4112207303821,0.003283412725494287,228.4112207303821,0.002888308857121164
237.00062920093256,0.003164414902028308,237.00062920093256,0.002783630422128704,237.00062920093256,0.003164414902028308,237.00062920093256,0.002783630422128704,237.00062920093256,0.0031644149028998785,237.00062920093256,0.0027836304228515013,237.00062920093256,0.003164414902028308,237.00062920093256,0.002783630422128704
245.91304254680415,0.0030497298040751105,245.91304254680415,0.002682745750170678,245.91304254680415,0.0030497298040751105,245.91304254680415,0.002682745750170678,245.91304254680415,0.0030497298047965156,245.91304254680415,0.0026827457507721903,245.91304254680415,0.0030497298040751105,245.91304254680415,0.002682745750170678
255.16060737271812,0.0029392011308061214,255.16060737271812,0.002585517348316649,255.16060737271812,0.0029392011308061214,255.16060737271812,0.002585517348316649,255.16060737271812,0.0029392011314029213,255.16060737271812,0.002585517348817189,255.16060737271812,0.0029392011308061214,255.16060737271812,0.002585517348316649
264.7559270567064,0.0028326782458150132,264.7559270567064,0.002491812706483749,264.7559270567064,0.0028326782458150132,264.7559270567064,0.002491812706483749,264.7559270567064,0.002832678246308452,264.7559270567064,0.002491812706900242,264.7559270567064,0.0028326782458150132,264.7559270567064,0.002491812706483749
274.7120789270809,0.0027300159718685814,274.7120789270809,0.0024015041168791765,274.7120789270809,0.0027300159718685814,274.7120789270809,0.0024015041168791765,274.7120789270809,0.0027300159722763177,274.7120789270809,0.0024015041172257105,274.7120789270809,0.0027300159718685814,274.7120789270809,0.0024015041168791765
285.04263208534314,0.0026310743930894466,285.04263208534314,0.002314468499981245,285.04263208534314,0.0026310743930894466,285.04263208534314,0.002314468499981245,285.04263208534314,0.0026310743934261516,285.04263208534314,0.0023144685002695546,285.04263208534314,0.0026310743930894466,285.04263208534314,0.002314468499981245
295.76166589932507,0.0025357186643023724,295.76166589932507,0.0022305872368229233,295.76166589932507,0.0025357186643023724,295.76166589932507,0.0022305872368229233,295.76166589932507,0.0025357186645802283,295.76166589932507,0.0022305872370627752,295.76166589932507,0.0025357186643023724,295.76166589932507,0.0022305872368229233
306.8837891917639,0.0024438188272854827,306.8837891917639,0.0021497460073501063,306.8837891917639,0.0024438188272854827,306.8837891917639,0.0021497460073501063,306.8837891917639,0.0024438188275145976,306.8837891917639,0.0021497460075496373,306.8837891917639,0.0024438188272854827,306.8837891917639,0.0021497460073501063
318.42416015046496,0.0023552496336769263,318.42416015046496,0.002071834634635126,318.42416015046496,0.0023552496336769263,318.42416015046496,0.002071834634635126,318.42416015046496,0.002355249633865699,318.42416015046496,0.002071834634801107,318.42416015046496,0.0023552496336769263,318.42416015046496,0.002071834634635126
330.3985069871855,0.002269890374296471,330.3985069871855,0.0019967469347337264,330.3985069871855,0.002269890374296471,330.3985069871855,0.0019967469347337264,330.3985069871855,0.0022698903744518702,330.3985069871855,0.001996746934871789,330.3985069871855,0.002269890374296471,330.3985069871855,0.0019967469347337264
342.8231493733967,0.0021876247146500284,342.8231493733967,0.001924380571981437,342.8231493733967,0.0021876247146500284,342.8231493733967,0.001924380571981437,342.8231493733967,0.0021876247147778285,342.8231493733967,0.001924380572096273,342.8231493733967,0.0021876247146500284,342.8231493733967,0.001924380571981437
355.71502068213823,0.002108340536393514,355.71502068213823,0.0018546369195325482,355.71502068213823,0.002108340536393514,355.71502068213823,0.0018546369195325482,355.71502068213823,0.0021083405364985056,355.71502068213823,0.00185463691962806,355.71502068213823,0.002108340536393514,355.71502068213823,0.0018546369195325482
369.09169106627746,0.0020319297845404673,369.09169106627746,0.001787420924951976,369.09169106627746,0.0020319297845404673,369.09169106627746,0.001787420924951976,369.09169106627746,0.0020319297846266193,369.09169106627746,0.001787420925031413,369.09169106627746,0.0020319297845404673,369.09169106627746,0.001787420924951976
382.9713914046277,0.0019582883202055455,382.9713914046277,0.0017226409806771368,382.9713914046277,0.0019582883202055455,382.9713914046277,0.0017226409806771368,382.9713914046277,0.001958288320276148,382.9713914046277,0.0017226409807432016,382.9713914046277,0.0019582883202055455,382.9713914046277,0.0017226409806771368
397.37303814856045,0.0018873157786835598,397.37303814856045,0.0016602087991735334,397.37303814856045,0.0018873157786835598,397.37303814856045,0.0016602087991735334,397.37303814856045,0.0018873157787413386,397.37303814856045,0.0016602087992284762,397.37303814856045,0.0018873157786835598,397.37303814856045,0.0016602087991735334
412.3162591029748,0.0018189154326709,412.3162591029748,0.001600039292614113,412.3162591029748,0.0018189154326709,412.3162591029748,0.001600039292614113,412.3162591029748,0.0018189154327181087,412.3162591029748,0.0016000392926598017,412.3162591029748,0.0018189154326709,412.3162591029748,0.001600039292614113
427.8214201767613,0.0017529940604431374,427.8214201767613,0.0015420504569185903,427.8214201767613,0.0017529940604431374,427.8214201767613,0.0015420504569185903,427.8214201767613,0.0017529940604816426,427.8214201767613,0.001542050456956584,427.8214201767613,0.0017529940604431374,427.8214201767613,0.0015420504569185903
443.90965313921663,0.0016894618188093885,443.90965313921663,0.0014861632599948453,443.90965313921663,0.0016894618188093885,443.90965313921663,0.0014861632599948453,443.90965313921663,0.0016894618188407335,443.90965313921663,0.0014861632600264379,443.90965313921663,0.0016894618188093885,443.90965313921663,0.0014861632599948453
460.60288442023983,0.0016282321206704036,460.60288442023983,0.0014323015340301864,460.60288442023983,0.0016282321206704036,460.60288442023983,0.0014323015340301864,460.60288442023983,0.0016282321206958642,460.60288442023983,0.001432301534056457,460.60288442023983,0.0016282321206704036,460.60288442023983,0.0014323015340301864
477.9238649935595,0.0015692215170136719,477.9238649935595,0.0013803918716858042,477.9238649935595,0.0015692215170136719,477.9238649935595,0.0013803918716858042,477.9238649935595,0.0015692215170343023,477.9238649935595,0.0013803918717076476,477.9238649935595,0.0015692215170136719,477.9238649935595,0.0013803918716858042
495.8962013837212,0.0015123495831848048,495.8962013837212,0.0013303635260530165,495.8962013837212,0.0015123495831848048,495.8962013837212,0.0013303635260530165,495.8962013837212,0.0015123495832014742,495.8962013837212,0.0013303635260711775,495.8962013837212,0.0015123495831848048,495.8962013837212,0.0013303635260530165
514.5443878390925,0.0014575388092803116,514.5443878390925,0.0012821483142350168,514.5443878390925,0.0014575388092803116,514.5443878390925,0.0012821483142350168,514.5443878390925,0.0014575388092937373,514.5443878390925,0.0012821483142501163,514.5443878390925,0.0014575388092803116,514.5443878390925,0.0012821483142350168
533.893839714735,0.0014047144945124438,533.893839714735,0.0012356805244228028,533.893839714735,0.0014047144945124438,533.893839714735,0.0012356805244228028,533.893839714735,0.0014047144945232182,533.893839714735,0.0012356805244353548,533.893839714735,0.0014047144945124438,533.893839714735,0.0012356805244228028
553.97092811064,0.00135380464540223,553.97092811064,0.0011908968263386584,553.97092811064,0.00135380464540223,553.97092811064,0.0011908968263386584,553.97092811064,0.0013538046454108406,553.97092811064,0.0011908968263490958,553.97092811064,0.00135380464540223,553.97092811064,0.0011908968263386584
574.8030158125351,0.001304739877661968,574.8030158125351,0.0011477361849252048,574.8030158125351,0.001304739877661968,574.8030158125351,0.0011477361849252048,574.8030158125351,0.0013047398776688149,574.8030158125351,0.0011477361849338815,574.8030158125351,0.001304739877661968,574.8030158125351,0.0011477361849252048
596.418494584246,0.0012574533216335357,596.418494584246,0.0011061397771623934,596.418494584246,0.0012574533216335357,596.418494584246,0.0011061397771623934,596.418494584246,0.0012574533216389476,596.418494584246,0.0011061397771696064,596.418494584246,0.0012574533216335357,596.418494584246,0.0011061397771623934
618.8468238624383,0.001211880531153649,618.8468238624383,0.0010660509118991233,618.8468238624383,0.001211880531153649,618.8468238624383,0.0010660509118991233,618.8468238624383,0.0012118805311578985,618.8468238624383,0.0010660509119051187,618.8468238624383,0.001211880531153649,618.8468238624383,0.0010660509118991233
642.1185709064745,0.0011679593957219208,642.1185709064745,0.001027414952590234,642.1185709064745,0.0011679593957219208,642.1185709064745,0.001027414952590234,642.1185709064745,0.001167959395725229,642.1185709064745,0.0010274149525952181,642.1185709064745,0.0011679593957219208,642.1185709064745,0.001027414952590234
666.2654524581136,0.0011256300558520073,666.2654524581136,0.000990179242833588,666.2654524581136,0.0011256300558520073,666.2654524581136,0.000990179242833588,666.2654524581136,0.001125630055854557,666.2654524581136,0.0009901792428377292,666.2654524581136,0.0011256300558520073,666.2654524581136,0.000990179242833588
691.3203779678114,0.0010848348214905464,691.3203779678114,0.0009542930346057986,691.3203779678114,0.0010848348214905464,691.3203779678114,0.0009542930346057986,691.3203779678114,0.0010848348214924867,691.3203779678114,0.0009542930346092413,691.3203779678114,0.0010848348214905464,691.3203779678114,0.0009542930346057986
717.3174944465597,0.0010455180933926621,717.3174944465597,0.0009197074190987835,717.3174944465597,0.0010455180933926621,717.3174944465597,0.0009197074190987835,717.3174944465597,0.0010455180933941141,717.3174944465597,0.0009197074191016453,717.3174944465597,0.0010455180933926621,717.3174944465597,0.0009197074190987835
744.2922330043742,0.001007626287346944,744.2922330043742,0.0008863752600628961,744.2922330043742,0.001007626287346944,744.2922330043742,0.0008863752600628961,744.2922330043742,0.0010076262873480062,744.2922330043742,0.0008863752600652735,744.2922330043742,0.001007626287346944,744.2922330043742,0.0008863752600628961
772.2813571388626,0.0009711077611466112,772.2813571388626,0.0008542511295658193,772.2813571388626,0.0009711077611466112,772.2813571388626,0.0008542511295658193,772.2813571388626,0.0009711077611473659,772.2813571388626,0.0008542511295677944,772.2813571388626,0.0009711077611466112,772.2813571388626,0.0008542511295658193
801.323012839687,0.0009359127442073639,801.323012839687,0.0008232912460796551,801.323012839687,0.0009359127442073639,801.323012839687,0.0008232912460796551,801.323012839687,0.000935912744207875,801.323012839687,0.0008232912460812976,801.323012839687,0.0009359127442073639,801.323012839687,0.0008232912460796551
831.4567805772047,0.0009019932697359805,831.4567805772047,0.0007934534148118503,831.4567805772047,0.0009019932697359805,831.4567805772047,0.0007934534148118503,831.4567805772047,0.0009019932697363024,831.4567805772047,0.0007934534148132141,831.4567805772047,0.0009019932697359805,831.4567805772047,0.0007934534148118503
862.7237292461433,0.0008693031093572525,862.7237292461433,0.0007646969701986214,862.7237292461433,0.0008693031093572525,862.7237292461433,0.0007646969701986214,862.7237292461433,0.0008693031093574267,862.7237292461433,0.0007646969701997552,862.7237292461433,0.0008693031093572525,862.7237292461433,0.0007646969701986214
895.1664721378284,0.0008377977101101431,895.1664721378284,0.0007369827204825398,895.1664721378284,0.0008377977101101431,895.1664721378284,0.0007369827204825398,895.1664721378284,0.0008377977101102057,895.1664721378284,0.0007369827204834818,895.1664721378284,0.0008377977101101431,895.1664721378284,0.0007369827204825398
928.829225017248,0.0008074341337273265,928.829225017248,0.0007102728942987165,928.829225017248,0.0008074341337273265,928.829225017248,0.0007102728942987165,928.829225017248,0.0008074341337273034,928.829225017248,0.0007102728942994988,928.829225017248,0.0008074341337273265,928.829225017248,0.0007102728942987165
963.7578663841069,0.0007781709981153345,963.7578663841069,0.000684531089196807,963.7578663841069,0.0007781709981153345,963.7578663841069,0.000684531089196807,963.7578663841069,0.0007781709981152493,963.7578663841069,0.0006845310891974565,963.7578663841069,0.0007781709981153345,963.7578663841069,0.000684531089196807
1000.0,0.0007499684209555854,1000.0,0.0006597222220286781,1000.0,0.0007499684209555854,1000.0,0.0006597222220286781,1000.0,0.0007499684209554543,1000.0,0.0006597222220292184,1000.0,0.0007499684209555854,1000.0,0.0006597222220286781
