w_Gen1,mag_Gen1,w_k2a_Gen1,mag_k2a_Gen1,w_Gen2,mag_Gen2,w_k2a_Gen2,mag_k2a_Gen2,w_Gen3,mag_Gen3,w_k2a_Gen3,mag_k2a_Gen3,w_Gen4,mag_Gen4,w_k2a_Gen4,mag_k2a_Gen4
1e-05,0.7882785588734035,1e-05,0.9025001230441225,1e-05,0.7882785588734035,1e-05,0.9025001230441225,1e-05,0.7882785588875291,1e-05,0.9025001230469559,1e-05,0.7882785588734035,1e-05,0.9025001230441225
1.0376050197669118e-05,0.7882785670420644,1.0376050197669118e-05,0.9025001324722776,1.0376050197669118e-05,0.7882785670420644,1.0376050197669118e-05,0.9025001324722776,1.0376050197669118e-05,0.7882785670572718,1.0376050197669118e-05,0.9025001324753275,1.0376050197669118e-05,0.7882785670420644,1.0376050197669118e-05,0.9025001324722776
1.0766241770454934e-05,0.7882785758366418,1.0766241770454934e-05,0.9025001426228563,1.0766241770454934e-05,0.7882785758366418,1.0766241770454934e-05,0.9025001426228563,1.0766241770454934e-05,0.7882785758530149,1.0766241770454934e-05,0.9025001426261411,1.0766241770454934e-05,0.7882785758366418,1.0766241770454934e-05,0.9025001426228563
1.1171106505048242e-05,0.7882785853050964,1.1171106505048242e-05,0.9025001535512158,1.1171106505048242e-05,0.7882785853050964,1.1171106505048242e-05,0.9025001535512158,1.1171106505048242e-05,0.7882785853227242,1.1171106505048242e-05,0.9025001535547517,1.1171106505048242e-05,0.7882785853050964,1.1171106505048242e-05,0.9025001535512158
1.1591196185988858e-05,0.788278595499064,1.1591196185988858e-05,0.902500165316951,1.1591196185988858e-05,0.788278595499064,1.1591196185988858e-05,0.902500165316951,1.1591196185988858e-05,0.7882785955180422,1.1591196185988858e-05,0.9025001653207583,1.1591196185988858e-05,0.788278595499064,1.1591196185988858e-05,0.902500165316951
1.202708334768512e-05,0.7882786064741355,1.202708334768512e-05,0.9025001779842263,1.202708334768512e-05,0.7882786064741355,1.202708334768512e-05,0.9025001779842263,1.202708334768512e-05,0.7882786064945679,1.202708334768512e-05,0.9025001779883249,1.202708334768512e-05,0.7882786064741355,1.202708334768512e-05,0.9025001779842263
1.2479362054713115e-05,0.788278618290163,1.2479362054713115e-05,0.9025001916221214,1.2479362054713115e-05,0.788278618290163,1.2479362054713115e-05,0.9025001916221214,1.2479362054713115e-05,0.7882786183121613,1.2479362054713115e-05,0.9025001916265347,1.2479362054713115e-05,0.788278618290163,1.2479362054713115e-05,0.9025001916221214
1.2948648711459049e-05,0.788278631011584,1.2948648711459049e-05,0.9025002063050094,1.2948648711459049e-05,0.788278631011584,1.2948648711459049e-05,0.9025002063050094,1.2948648711459049e-05,0.7882786310352677,1.2948648711459049e-05,0.9025002063097598,1.2948648711459049e-05,0.788278631011584,1.2948648711459049e-05,0.9025002063050094
1.3435582902208263e-05,0.788278644707774,1.3435582902208263e-05,0.9025002221129609,1.3435582902208263e-05,0.788278644707774,1.3435582902208263e-05,0.9025002221129609,1.3435582902208263e-05,0.7882786447332716,1.3435582902208263e-05,0.9025002221180756,1.3435582902208263e-05,0.788278644707774,1.3435582902208263e-05,0.9025002221129609
1.3940828262825786e-05,0.7882786594534223,1.3940828262825786e-05,0.9025002391321839,1.3940828262825786e-05,0.7882786594534223,1.3940828262825786e-05,0.9025002391321839,1.3940828262825786e-05,0.7882786594808743,1.3940828262825786e-05,0.9025002391376903,1.3940828262825786e-05,0.7882786594534223,1.3940828262825786e-05,0.9025002391321839
1.4465073385216472e-05,0.7882786753289439,1.4465073385216472e-05,0.902500257455491,1.4465073385216472e-05,0.7882786753289439,1.4465073385216472e-05,0.902500257455491,1.4465073385216472e-05,0.7882786753584999,1.4465073385216472e-05,0.902500257461419,1.4465073385216472e-05,0.7882786753289439,1.4465073385216472e-05,0.902500257455491
1.5009032755797366e-05,0.7882786924209145,1.5009032755797366e-05,0.9025002771828058,1.5009032755797366e-05,0.7882786924209145,1.5009032755797366e-05,0.9025002771828058,1.5009032755797366e-05,0.7882786924527353,1.5009032755797366e-05,0.9025002771891882,1.5009032755797366e-05,0.7882786924209145,1.5009032755797366e-05,0.9025002771828058
1.557344772926135e-05,0.7882787108225435,1.557344772926135e-05,0.9025002984217103,1.557344772926135e-05,0.7882787108225435,1.557344772926135e-05,0.9025002984217103,1.557344772926135e-05,0.7882787108568021,1.557344772926135e-05,0.9025002984285824,1.557344772926135e-05,0.7882787108225435,1.557344772926135e-05,0.9025002984217103
1.615908753895919e-05,0.7882787306341821,1.615908753895919e-05,0.9025003212880286,1.615908753895919e-05,0.7882787306341821,1.615908753895919e-05,0.9025003212880286,1.615908753895919e-05,0.7882787306710655,1.615908753895919e-05,0.9025003212954268,1.615908753895919e-05,0.7882787306341821,1.615908753895919e-05,0.9025003212880286
1.676675034527701e-05,0.7882787519638711,1.676675034527701e-05,0.9025003459064591,1.676675034527701e-05,0.7882787519638711,1.676675034527701e-05,0.9025003459064591,1.676675034527701e-05,0.7882787520035811,1.676675034527701e-05,0.902500345914425,1.676675034527701e-05,0.7882787519638711,1.676675034527701e-05,0.9025003459064591
1.7397264323438025e-05,0.7882787749279303,1.7397264323438025e-05,0.9025003724112574,1.7397264323438025e-05,0.7882787749279303,1.7397264323438025e-05,0.9025003724112574,1.7397264323438025e-05,0.7882787749706827,1.7397264323438025e-05,0.9025003724198329,1.7397264323438025e-05,0.7882787749279303,1.7397264323438025e-05,0.9025003724112574
1.80514887922111e-05,0.788278799651591,1.80514887922111e-05,0.9025004009469642,1.80514887922111e-05,0.788278799651591,1.80514887922111e-05,0.9025004009469642,1.80514887922111e-05,0.7882787996976198,1.80514887922111e-05,0.9025004009561961,1.80514887922111e-05,0.788278799651591,1.80514887922111e-05,0.9025004009469642
1.8730315385064383e-05,0.7882788262696824,1.8730315385064383e-05,0.9025004316691955,1.8730315385064383e-05,0.7882788262696824,1.8730315385064383e-05,0.9025004316691955,1.8730315385064383e-05,0.7882788263192376,1.8730315385064383e-05,0.9025004316791351,1.8730315385064383e-05,0.7882788262696824,1.8730315385064383e-05,0.9025004316691955
1.943466926536022e-05,0.7882788549273627,1.943466926536022e-05,0.9025004647454926,1.943466926536022e-05,0.7882788549273627,1.943466926536022e-05,0.9025004647454926,1.943466926536022e-05,0.7882788549807156,1.943466926536022e-05,0.9025004647561942,1.943466926536022e-05,0.7882788549273627,1.943466926536022e-05,0.9025004647454926
2.0165510387247484e-05,0.7882788857809149,2.0165510387247484e-05,0.9025005003562335,2.0165510387247484e-05,0.7882788857809149,2.0165510387247484e-05,0.9025005003562335,2.0165510387247484e-05,0.7882788858383554,2.0165510387247484e-05,0.9025005003677553,2.0165510387247484e-05,0.7882788857809149,2.0165510387247484e-05,0.9025005003562335
2.092383480396979e-05,0.7882789189985945,2.092383480396979e-05,0.9025005386956189,2.092383480396979e-05,0.7882789189985945,2.092383480396979e-05,0.9025005386956189,2.092383480396979e-05,0.7882789190604366,2.092383480396979e-05,0.9025005387080235,2.092383480396979e-05,0.7882789189985945,2.092383480396979e-05,0.9025005386956189
2.1710676025372672e-05,0.7882789547615521,2.1710676025372672e-05,0.9025005799727281,2.1710676025372672e-05,0.7882789547615521,2.1710676025372672e-05,0.9025005799727281,2.1710676025372672e-05,0.7882789548281334,2.1710676025372672e-05,0.9025005799860835,2.1710676025372672e-05,0.7882789547615521,2.1710676025372672e-05,0.9025005799727281
2.2527106426459828e-05,0.7882789932648165,2.2527106426459828e-05,0.9025006244126621,2.2527106426459828e-05,0.7882789932648165,2.2527106426459828e-05,0.9025006244126621,2.2527106426459828e-05,0.7882789933364985,2.2527106426459828e-05,0.90250062442704,2.2527106426459828e-05,0.7882789932648165,2.2527106426459828e-05,0.9025006244126621
2.3374238708918172e-05,0.7882790347183619,2.3374238708918172e-05,0.902500672257769,2.3374238708918172e-05,0.7882790347183619,2.3374238708918172e-05,0.902500672257769,2.3374238708918172e-05,0.7882790347955368,2.3374238708918172e-05,0.9025006722732488,2.3374238708918172e-05,0.7882790347183619,2.3374238708918172e-05,0.902500672257769
2.4253227417603554e-05,0.7882790793482519,2.4253227417603554e-05,0.9025007237689675,2.4253227417603554e-05,0.7882790793482519,2.4253227417603554e-05,0.9025007237689675,2.4253227417603554e-05,0.7882790794313401,2.4253227417603554e-05,0.9025007237856335,2.4253227417603554e-05,0.7882790793482519,2.4253227417603554e-05,0.9025007237689675
2.516527051405389e-05,0.7882791273978694,2.516527051405389e-05,0.9025007792271708,2.516527051405389e-05,0.7882791273978694,2.516527051405389e-05,0.9025007792271708,2.516527051405389e-05,0.7882791274873246,2.516527051405389e-05,0.9025007792451135,2.516527051405389e-05,0.7882791273978694,2.516527051405389e-05,0.9025007792271708
2.6111611009174623e-05,0.7882791791292503,2.6111611009174623e-05,0.9025008389348119,2.6111611009174623e-05,0.7882791791292503,2.6111611009174623e-05,0.9025008389348119,2.6111611009174623e-05,0.7882791792255595,2.6111611009174623e-05,0.9025008389541302,2.6111611009174623e-05,0.7882791791292503,2.6111611009174623e-05,0.9025008389348119
2.709353865732049e-05,0.7882792348245052,2.709353865732049e-05,0.902500903217503,2.709353865732049e-05,0.7882792348245052,2.709353865732049e-05,0.902500903217503,2.709353865732049e-05,0.7882792349281945,2.709353865732049e-05,0.9025009032383012,2.709353865732049e-05,0.7882792348245052,2.709353865732049e-05,0.902500903217503
2.811239171408461e-05,0.7882792947873632,2.811239171408461e-05,0.9025009724258022,2.811239171408461e-05,0.7882792947873632,2.811239171408461e-05,0.9025009724258022,2.811239171408461e-05,0.788279294898998,2.811239171408461e-05,0.9025009724481945,2.811239171408461e-05,0.7882792947873632,2.811239171408461e-05,0.9025009724258022
2.916955876018793e-05,0.7882793593448264,2.916955876018793e-05,0.9025010469371315,2.916955876018793e-05,0.7882793593448264,2.916955876018793e-05,0.9025010469371315,2.916955876018793e-05,0.7882793594650149,2.916955876018793e-05,0.9025010469612386,2.916955876018793e-05,0.7882793593448264,2.916955876018793e-05,0.9025010469371315
3.026648059395689e-05,0.7882794288489523,3.026648059395689e-05,0.9025011271578295,3.026648059395689e-05,0.7882794288489523,3.026648059395689e-05,0.9025011271578295,3.026648059395689e-05,0.7882794289783501,3.026648059395689e-05,0.9025011271837843,3.026648059395689e-05,0.7882794288489523,3.026648059395689e-05,0.9025011271578295
3.140465219496749e-05,0.7882795036787745,3.140465219496749e-05,0.9025012135253725,3.140465219496749e-05,0.7882795036787745,3.140465219496749e-05,0.9025012135253725,3.140465219496749e-05,0.7882795038180871,3.140465219496749e-05,0.9025012135533166,3.140465219496749e-05,0.7882795036787745,3.140465219496749e-05,0.9025012135253725
3.258562476153223e-05,0.7882795842423712,3.258562476153223e-05,0.9025013065107587,3.258562476153223e-05,0.7882795842423712,3.258562476153223e-05,0.9025013065107587,3.258562476153223e-05,0.7882795843923585,3.258562476153223e-05,0.9025013065408433,3.258562476153223e-05,0.7882795842423712,3.258562476153223e-05,0.9025013065107587
3.381100782480682e-05,0.7882796709790859,3.381100782480682e-05,0.9025014066210735,3.381100782480682e-05,0.7882796709790859,3.381100782480682e-05,0.9025014066210735,3.381100782480682e-05,0.7882796711405666,3.381100782480682e-05,0.9025014066534633,3.381100782480682e-05,0.7882796709790859,3.381100782480682e-05,0.9025014066210735
3.5082471442397884e-05,0.7882797643619311,3.5082471442397884e-05,0.902501514402259,3.5082471442397884e-05,0.7882797643619311,3.5082471442397884e-05,0.902501514402259,3.5082471442397884e-05,0.7882797645357854,3.5082471442397884e-05,0.9025015144371316,3.5082471442397884e-05,0.7882797643619311,3.5082471442397884e-05,0.902501514402259
3.640174847446138e-05,0.788279864900161,3.640174847446138e-05,0.9025016304420908,3.640174847446138e-05,0.788279864900161,3.640174847446138e-05,0.9025016304420908,3.640174847446138e-05,0.788279865087336,3.640174847446138e-05,0.9025016304796343,3.640174847446138e-05,0.788279864900161,3.640174847446138e-05,0.9025016304420908
3.7770636945393644e-05,0.7882799731420496,3.7770636945393644e-05,0.9025017553733793,3.7770636945393644e-05,0.7882799731420496,3.7770636945393644e-05,0.9025017553733793,3.7770636945393644e-05,0.788279973343567,3.7770636945393644e-05,0.9025017554137998,3.7770636945393644e-05,0.7882799731420496,3.7770636945393644e-05,0.9025017553733793
3.919100249433402e-05,0.7882800896778841,3.919100249433402e-05,0.9025018898774256,3.919100249433402e-05,0.7882800896778841,3.919100249433402e-05,0.9025018898774256,3.919100249433402e-05,0.7882800898948434,3.919100249433402e-05,0.9025018899209433,3.919100249433402e-05,0.7882800896778841,3.919100249433402e-05,0.9025018898774256
4.066478091781854e-05,0.7882802151431819,4.066478091781854e-05,0.902502034687735,4.066478091781854e-05,0.7882802151431819,4.066478091781854e-05,0.902502034687735,4.066478091781854e-05,0.7882802153767648,4.066478091781854e-05,0.9025020347345869,4.066478091781854e-05,0.7882802151431819,4.066478091781854e-05,0.902502034687735
4.219398080805024e-05,0.7882803502221551,4.219398080805024e-05,0.9025021905940164,4.219398080805024e-05,0.7882803502221551,4.219398080805024e-05,0.9025021905940164,4.219398080805024e-05,0.7882803504736369,4.219398080805024e-05,0.9025021906444582,4.219398080805024e-05,0.7882803502221551,4.219398080805024e-05,0.9025021905940164
4.3780686290381665e-05,0.7882804956514449,4.3780686290381665e-05,0.902502358446489,4.3780686290381665e-05,0.7882804956514449,4.3780686290381665e-05,0.902502358446489,4.3780686290381665e-05,0.7882804959221953,4.3780686290381665e-05,0.9025023585007962,4.3780686290381665e-05,0.7882804956514449,4.3780686290381665e-05,0.902502358446489
4.542705986374043e-05,0.7882806522241343,4.542705986374043e-05,0.9025025391605205,4.542705986374043e-05,0.7882806522241343,4.542705986374043e-05,0.9025025391605205,4.542705986374043e-05,0.7882806525156311,4.542705986374043e-05,0.9025025392189897,4.542705986374043e-05,0.7882806522241343,4.542705986374043e-05,0.9025025391605205
4.713534534786907e-05,0.788280820794078,4.713534534786907e-05,0.9025027337216183,4.713534534786907e-05,0.788280820794078,4.713534534786907e-05,0.9025027337216183,4.713534534786907e-05,0.7882808211079109,4.713534534786907e-05,0.9025027337845669,4.713534534786907e-05,0.788280820794078,4.713534534786907e-05,0.9025027337216183
4.89078709413959e-05,0.7882810022805564,4.89078709413959e-05,0.9025029431908019,4.89078709413959e-05,0.7882810022805564,4.89078709413959e-05,0.9025029431908019,4.89078709413959e-05,0.7882810026184361,4.89078709413959e-05,0.9025029432585736,4.89078709413959e-05,0.7882810022805564,4.89078709413959e-05,0.9025029431908019
5.074705239490466e-05,0.7882811976732875,5.074705239490466e-05,0.9025031687103909,5.074705239490466e-05,0.7882811976732875,5.074705239490466e-05,0.9025031687103909,5.074705239490466e-05,0.7882811980370573,5.074705239490466e-05,0.9025031687833562,5.074705239490466e-05,0.7882811976732875,5.074705239490466e-05,0.9025031687103909
5.265539630332755e-05,0.7882814080378275,5.265539630332755e-05,0.9025034115102359,5.265539630332755e-05,0.7882814080378275,5.265539630332755e-05,0.9025034115102359,5.265539630332755e-05,0.7882814084294711,5.265539630332755e-05,0.902503411588792,5.265539630332755e-05,0.7882814080378275,5.265539630332755e-05,0.9025034115102359
5.463550352214876e-05,0.7882816345213787,5.463550352214876e-05,0.9025036729144222,5.463550352214876e-05,0.7882816345213787,5.463550352214876e-05,0.9025036729144222,5.463550352214876e-05,0.7882816349430319,5.463550352214876e-05,0.9025036729989971,5.463550352214876e-05,0.7882816345213787,5.463550352214876e-05,0.9025036729144222
5.669007271207434e-05,0.788281878359048,5.669007271207434e-05,0.902503954348493,5.669007271207434e-05,0.788281878359048,5.669007271207434e-05,0.902503954348493,5.669007271207434e-05,0.7882818788130095,5.669007271207434e-05,0.902503954439549,5.669007271207434e-05,0.788281878359048,5.669007271207434e-05,0.902503954348493
5.8821904016999556e-05,0.7882821408805799,5.8821904016999556e-05,0.9025042573472216,5.8821904016999556e-05,0.7882821408805799,5.8821904016999556e-05,0.9025042573472216,5.8821904016999556e-05,0.7882821413693263,5.8821904016999556e-05,0.9025042574452552,5.8821904016999556e-05,0.7882821408805799,5.8821904016999556e-05,0.9025042573472216
6.103390288028621e-05,0.7882824235176099,6.103390288028621e-05,0.9025045835629837,6.103390288028621e-05,0.7882824235176099,6.103390288028621e-05,0.9025045835629837,6.103390288028621e-05,0.7882824240438064,6.103390288028621e-05,0.9025045836685279,6.103390288028621e-05,0.7882824235176099,6.103390288028621e-05,0.9025045835629837
6.332908400455115e-05,0.7882827278114733,6.332908400455115e-05,0.9025049347747646,6.332908400455115e-05,0.7882827278114733,6.332908400455115e-05,0.9025049347747646,6.332908400455115e-05,0.7882827283779897,6.332908400455115e-05,0.9025049348883967,6.332908400455115e-05,0.7882827278114733,6.332908400455115e-05,0.9025049347747646
6.57105754603627e-05,0.7882830554216065,6.57105754603627e-05,0.9025053128978663,6.57105754603627e-05,0.7882830554216065,6.57105754603627e-05,0.9025053128978663,6.57105754603627e-05,0.7882830560315318,6.57105754603627e-05,0.9025053130202052,6.57105754603627e-05,0.7882830554216065,6.57105754603627e-05,0.9025053128978663
6.818162294944479e-05,0.7882834081346007,6.818162294944479e-05,0.9025057199943466,6.818162294944479e-05,0.7882834081346007,6.818162294944479e-05,0.9025057199943466,6.818162294944479e-05,0.7882834087912615,6.818162294944479e-05,0.9025057201260593,6.818162294944479e-05,0.7882834081346007,6.818162294944479e-05,0.9025057199943466
7.074559422819878e-05,0.7882837878739419,7.074559422819878e-05,0.9025061582842676,7.074559422819878e-05,0.7882837878739419,7.074559422819878e-05,0.9025061582842676,7.074559422819878e-05,0.7882837885809191,7.074559422819878e-05,0.9025061584260733,7.074559422819878e-05,0.7882837878739419,7.074559422819878e-05,0.9025061582842676
7.340598369757212e-05,0.7882841967105023,7.340598369757212e-05,0.902506630157804,7.340598369757212e-05,0.7882841967105023,7.340598369757212e-05,0.902506630157804,7.340598369757212e-05,0.788284197471652,7.340598369757212e-05,0.9025066303104753,7.340598369757212e-05,0.7882841967105023,7.340598369757212e-05,0.902506630157804
7.616641716552892e-05,0.7882846368738347,7.616641716552892e-05,0.9025071381882726,7.616641716552892e-05,0.7882846368738347,7.616641716552892e-05,0.9025071381882726,7.616641716552892e-05,0.7882846376933075,7.616641716552892e-05,0.9025071383526426,7.616641716552892e-05,0.7882846368738347,7.616641716552892e-05,0.9025071381882726
7.903065678861348e-05,0.7882851107643267,7.903065678861348e-05,0.902507685146171,7.903065678861348e-05,0.7882851107643267,7.903065678861348e-05,0.902507685146171,7.903065678861348e-05,0.7882851116465911,7.903065678861348e-05,0.9025076853231361,7.903065678861348e-05,0.7882851107643267,7.903065678861348e-05,0.902507685146171
8.200260619934131e-05,0.7882856209662953,8.200260619934131e-05,0.9025082740142841,8.200260619934131e-05,0.7882856209662953,8.200260619934131e-05,0.9025082740142841,8.200260619934131e-05,0.7882856219161632,8.200260619934131e-05,0.902508274204809,8.200260619934131e-05,0.7882856209662953,8.200260619934131e-05,0.9025082740142841
8.508631582640582e-05,0.788286170262079,8.508631582640582e-05,0.9025089080039493,8.508631582640582e-05,0.788286170262079,8.508631582640582e-05,0.9025089080039493,8.508631582640582e-05,0.7882861712847311,8.508631582640582e-05,0.9025089082090733,8.508631582640582e-05,0.788286170262079,8.508631582640582e-05,0.9025089080039493
8.82859884149515e-05,0.788286761647211,8.82859884149515e-05,0.9025095905725712,8.82859884149515e-05,0.788286761647211,8.82859884149515e-05,0.9025095905725712,8.82859884149515e-05,0.7882867627482235,8.82859884149515e-05,0.902509590793413,8.82859884149515e-05,0.788286761647211,8.82859884149515e-05,0.9025095905725712
9.16059847544371e-05,0.7882873983467548,9.16059847544371e-05,0.9025103254424767,9.16059847544371e-05,0.7882873983467548,9.16059847544371e-05,0.9025103254424767,9.16059847544371e-05,0.7882873995321324,9.16059847544371e-05,0.9025103256802401,9.16059847544371e-05,0.7882873983467548,9.16059847544371e-05,0.9025103254424767
9.505082962189511e-05,0.7882880838328916,9.505082962189511e-05,0.9025111166212115,9.505082962189511e-05,0.7882880838328916,9.505082962189511e-05,0.9025111166212115,9.505082962189511e-05,0.7882880851090993,9.505082962189511e-05,0.9025111168771935,9.505082962189511e-05,0.7882880838328916,9.505082962189511e-05,0.9025111166212115
9.862521794868784e-05,0.788288821843856,9.862521794868784e-05,0.9025119684233976,9.862521794868784e-05,0.788288821843856,9.862521794868784e-05,0.9025119684233976,9.862521794868784e-05,0.7882888232178532,9.862521794868784e-05,0.9025119686989949,9.862521794868784e-05,0.788288821843856,9.862521794868784e-05,0.9025119684233976
0.00010233402121916423,0.7882896164043226,0.00010233402121916423,0.9025128854942628,0.00010233402121916423,0.7882896164043226,0.00010233402121916423,0.9025128854942628,0.00010233402121916423,0.7882896178836025,0.00010233402121916423,0.9025128857909773,0.00010233402121916423,0.7882896164043226,0.00010233402121916423,0.9025128854942628
0.00010618229410993846,0.7882904718473537,0.00010618229410993846,0.9025138728349713,0.00010618229410993846,0.7882904718473537,0.00010618229410993846,0.9025138728349713,0.00010618229410993846,0.7882904734399845,0.00010618229410993846,0.9025138731544222,0.00010618229410993846,0.7882904718473537,0.00010618229410993846,0.9025138728349713
0.00011017528137883873,0.7882913928380283,0.00011017528137883873,0.9025149358298996,0.00011017528137883873,0.7882913928380283,0.00011017528137883873,0.9025149358298996,0.00011017528137883873,0.7882913945526951,0.00011017528137883873,0.9025149361738282,0.00011017528137883873,0.7882913928380283,0.00011017528137883873,0.9025149358298996
0.00011431842501291502,0.7882923843988862,0.00011431842501291502,0.9025160802759966,0.00011431842501291502,0.7882923843988862,0.00011431842501291502,0.9025160802759966,0.00011431842501291502,0.7882923862449408,0.00011431842501291502,0.9025160806462794,0.00011431842501291502,0.7882923843988862,0.00011431842501291502,0.9025160802759966
0.00011861737164524792,0.7882934519373137,0.00011861737164524792,0.9025173124144021,0.00011861737164524792,0.7882934519373137,0.00011861737164524792,0.9025173124144021,0.00011861737164524792,0.788293453924823,0.00011861737164524792,0.9025173128130579,0.00011861737164524792,0.7882934519373137,0.00011861737164524792,0.9025173124144021
0.00012307798025066658,0.788294601275035,0.00012307798025066658,0.9025186389644767,0.00012307798025066658,0.788294601275035,0.00012307798025066658,0.9025186389644767,0.00012307798025066658,0.7882946034148393,0.00012307798025066658,0.9025186393936809,0.00012307798025066658,0.788294601275035,0.00012307798025066658,0.9025186389644767
0.00012770633013086446,0.7882958386798609,0.00012770633013086446,0.9025200671604496,0.00012770633013086446,0.7882958386798609,0.00012770633013086446,0.9025200671604496,0.00012770633013086446,0.7882958409836291,0.00012770633013086446,0.9025200676225416,0.00012770633013086446,0.7882958386798609,0.00012770633013086446,0.9025200671604496
0.0001325087291997954,0.7882971708998666,0.0001325087291997954,0.9025216047908684,0.0001325087291997954,0.7882971708998666,0.0001325087291997954,0.9025216047908684,0.0001325087291997954,0.7882971733801644,0.0001325087291997954,0.9025216052883691,0.0001325087291997954,0.7882971708998666,0.0001325087291997954,0.9025216047908684
0.00013749172258064192,0.788298605200197,0.00013749172258064192,0.9025232602410745,0.00013749172258064192,0.788298605200197,0.00013749172258064192,0.9025232602410745,0.00013749172258064192,0.7882986078705506,0.00013749172258064192,0.9025232607766969,0.00013749172258064192,0.788298605200197,0.00013749172258064192,0.9025232602410745
0.00014266210152607368,0.7883001494026837,0.00014266210152607368,0.9025250425389305,0.00014266210152607368,0.7883001494026837,0.00014266210152607368,0.9025250425389305,0.00014266210152607368,0.7883001522776575,0.00014266210152607368,0.9025250431155962,0.00014266210152607368,0.7883001494026837,0.00014266210152607368,0.9025250425389305
0.00014802691267395087,0.7883018119284996,0.00014802691267395087,0.9025269614040567,0.00014802691267395087,0.7883018119284996,0.00014802691267395087,0.9025269614040567,0.00014802691267395087,0.7883018150237724,0.00014802691267395087,0.9025269620249103,0.00014802691267395087,0.7883018119284996,0.00014802691267395087,0.9025269614040567
0.0001535934676510897,0.7883036018440861,0.0001535934676510897,0.9025290273008332,0.0001535934676510897,0.7883036018440861,0.0001535934676510897,0.9025290273008332,0.0001535934676510897,0.7883036051765396,0.0001535934676510897,0.902529027969261,0.0001535934676510897,0.7883036018440861,0.0001535934676510897,0.9025290273008332
0.00015936935303817744,0.7883055289105949,0.00015936935303817744,0.9025312514954696,0.00015936935303817744,0.7883055289105949,0.00015936935303817744,0.9025312514954696,0.00015936935303817744,0.7883055324984042,0.00015936935303817744,0.9025312522151172,0.00015936935303817744,0.7883055289105949,0.00015936935303817744,0.9025312514954696
0.00016536244070941805,0.7883076036371215,0.00016536244070941805,0.9025336461174437,0.00016536244070941805,0.7883076036371215,0.00016536244070941805,0.9025336461174437,0.00016536244070941805,0.788307607499855,0.00016536244070941805,0.9025336468922364,0.00016536244070941805,0.7883076036371215,0.00016536244070941805,0.9025336461174437
0.0001715808985610005,0.7883098373380136,0.0001715808985610005,0.9025362242256504,0.0001715808985610005,0.7883098373380136,0.0001715808985610005,0.9025362242256504,0.0001715808985610005,0.7883098414967386,0.0001715808985610005,0.9025362250598145,0.0001715808985610005,0.7883098373380136,0.0001715808985610005,0.9025362242256504
0.0001780332016430114,0.7883122421945755,0.0001780332016430114,0.9025389998796189,0.0001780332016430114,0.7883122421945755,0.0001780332016430114,0.9025389998796189,0.0001780332016430114,0.7883122466719736,0.0001780332016430114,0.9025390007777032,0.0001780332016430114,0.7883122421945755,0.0001780332016430114,0.9025389998796189
0.00018472814370996341,0.7883148313214974,0.00018472814370996341,0.9025419882161844,0.00018472814370996341,0.7883148313214974,0.00018472814370996341,0.9025419882161844,0.00018472814370996341,0.78831483614199,0.00018472814370996341,0.9025419891830876,0.00018472814370996341,0.7883148313214974,0.00018472814370996341,0.9025419882161844
0.0001916748492056815,0.7883176188383783,0.0001916748492056815,0.9025452055320388,0.0001916748492056815,0.7883176188383783,0.0001916748492056815,0.9025452055320388,0.0001916748492056815,0.7883176240282558,0.0001916748492056815,0.9025452065730346,0.0001916748492056815,0.7883176188383783,0.0001916748492056815,0.9025452055320388
0.00019888278569888098,0.7883206199467214,0.00019888278569888098,0.9025486693726047,0.00019888278569888098,0.7883206199467214,0.00019888278569888098,0.9025486693726047,0.00019888278569888098,0.7883206255342916,0.00019888278569888098,0.9025486704933722,0.00019888278569888098,0.7883206199467214,0.00019888278569888098,0.9025486693726047
0.00020636177678638588,0.7883238510128415,0.00020636177678638588,0.9025523986277209,0.00020636177678638588,0.7883238510128415,0.00020636177678638588,0.9025523986277209,0.00020636177678638588,0.7883238570285811,0.00020636177678638588,0.9025523998343712,0.00020636177678638588,0.7883238510128415,0.00020636177678638588,0.9025523986277209
0.00021412201548157294,0.7883273296571147,0.00021412201548157294,0.9025564136346557,0.00021412201548157294,0.7883273296571147,0.00021412201548157294,0.9025564136346557,0.00021412201548157294,0.7883273361338363,0.00021412201548157294,0.9025564149337723,0.00021412201548157294,0.7883273296571147,0.00021412201548157294,0.9025564136346557
0.00022217407810628823,0.7883310748500727,0.00022217407810628823,0.9025607362890208,0.00022217407810628823,0.7883310748500727,0.00022217407810628823,0.9025607362890208,0.00022217407810628823,0.7883310818231036,0.00022217407810628823,0.9025607376876906,0.00022217407810628823,0.7883310748500727,0.00022217407810628823,0.9025607362890208
0.00023052893870517061,0.7883351070158582,0.00023052893870517061,0.90256539016418,0.00023052893870517061,0.7883351070158582,0.00023052893870517061,0.90256539016418,0.00023052893870517061,0.7883351145232318,0.00023052893870517061,0.9025653916700309,0.00023052893870517061,0.7883351070158582,0.00023052893870517061,0.90256539016418
0.00023919798400202374,0.7883394481436052,0.00023919798400202374,0.9025704006398071,0.00023919798400202374,0.7883394481436052,0.00023919798400202374,0.9025704006398071,0.00023919798400202374,0.7883394562262732,0.00023919798400202374,0.9025704022610539,0.00023919798400202374,0.7883394481436052,0.00023919798400202374,0.9025704006398071
0.00024819302891862527,0.7883441219073635,0.00024819302891862527,0.9025757950402957,0.00024819302891862527,0.7883441219073635,0.00024819302891862527,0.9025757950402957,0.00024819302891862527,0.7883441306094141,0.00024819302891862527,0.9025757967857825,0.00024819302891862527,0.7883441219073635,0.00024819302891862527,0.9025757950402957
0.00025752633267711985,0.7883491537951987,0.00025752633267711985,0.9025816027837787,0.00025752633267711985,0.7883491537951987,0.00025752633267711985,0.9025816027837787,0.00025752633267711985,0.7883491631641009,0.00025752633267711985,0.9025816046630272,0.00025752633267711985,0.7883491537951987,0.00025752633267711985,0.9025816027837787
0.00026721061550794326,0.7883545712481984,0.00026721061550794326,0.9025878555425595,0.00026721061550794326,0.7883545712481984,0.00026721061550794326,0.9025878555425595,0.00026721061550794326,0.788354581335059,0.00026721061550794326,0.9025878575658213,0.00026721061550794326,0.7883545712481984,0.00026721061550794326,0.9025878555425595
0.0002772590759860481,0.788360403810119,0.0002772590759860481,0.9025945874158461,0.0002772590759860481,0.788360403810119,0.0002772590759860481,0.9025945874158461,0.0002772590759860481,0.7883604146699625,0.0002772590759860481,0.9025945895941594,0.0002772590759860481,0.788360403810119,0.0002772590759860481,0.9025945874158461
0.00028768540901905916,0.7883666832885051,0.00028768540901905916,0.9026018351157128,0.00028768540901905916,0.7883666832885051,0.00028768540901905916,0.9026018351157128,0.00028768540901905916,0.7883666949805741,0.00028768540901905916,0.9026018374609607,0.00028768540901905916,0.7883666832885051,0.00028768540901905916,0.9026018351157128
0.00029850382451187293,0.7883734439281554,0.00029850382451187293,0.9026096381673173,0.00029850382451187293,0.7883734439281554,0.00029850382451187293,0.9026096381673173,0.00029850382451187293,0.7883734565162351,0.00029850382451187293,0.9026096406922957,0.00029850382451187293,0.7883734439281554,0.00029850382451187293,0.9026096381673173
0.0003097290667331407,0.7883807225978788,0.0003097290667331407,0.9026180391244581,0.0003097290667331407,0.7883807225978788,0.0003097290667331407,0.9026180391244581,0.0003097290667331407,0.7883807361506433,0.0003097290667331407,0.9026180418429429,0.0003097290667331407,0.7883807225978788,0.0003097290667331407,0.9026180391244581
0.00032137643441002754,0.7883885589915628,0.00032137643441002754,0.9026270838016556,0.00032137643441002754,0.7883885589915628,0.00032137643441002754,0.9026270838016556,0.00032137643441002754,0.7883885735829512,0.00032137643441002754,0.902627086728478,0.00032137643441002754,0.7883885589915628,0.00032137643441002754,0.9026270838016556
0.00033346180157863627,0.7883969958446448,0.00033346180157863627,0.9026368215240038,0.00033346180157863627,0.7883969958446448,0.00033346180157863627,0.9026368215240038,0.00033346180157863627,0.7883970115542659,0.00033346180157863627,0.9026368246751341,0.00033346180157863627,0.7883969958446448,0.00033346180157863627,0.9026368215240038
0.0003460016392185109,0.7884060791671808,0.0003460016392185109,0.9026473053961872,0.0003460016392185109,0.7884060791671808,0.0003460016392185109,0.9026473053961872,0.0003460016392185109,0.788406096080746,0.0003460016392185109,0.9026473087888202,0.0003460016392185109,0.7884060791671808,0.0003460016392185109,0.9026473053961872
0.00035901303770070685,0.7884158584947615,0.00035901303770070685,0.9026585925920987,0.00035901303770070685,0.7884158584947615,0.00035901303770070685,0.9026585925920987,0.00035901303770070685,0.7884158767045555,0.00035901303770070685,0.9026585962447461,0.00035901303770070685,0.7884158584947615,0.00035901303770070685,0.9026585925920987
0.00037251373008002095,0.7884263871586681,0.00037251373008002095,0.9026707446666563,0.00037251373008002095,0.7884263871586681,0.00037251373008002095,0.9026707446666563,0.00037251373008002095,0.7884264067640522,0.00037251373008002095,0.9026707485992512,0.00037251373008002095,0.7884263871586681,0.00037251373008002095,0.9026707446666563
0.00038652211626312617,0.7884377225767203,0.00038652211626312617,0.9026838278915169,0.00038652211626312617,0.7884377225767203,0.00038652211626312617,0.9026838278915169,0.00038652211626312617,0.7884377436846739,0.00038652211626312617,0.9026838321255205,0.00038652211626312617,0.7884377225767203,0.00038652211626312617,0.9026838278915169
0.0004010572880855496,0.7884499265664167,0.0004010572880855496,0.9026979136165139,0.0004010572880855496,0.7884499265664167,0.0004010572880855496,0.9026979136165139,0.0004010572880855496,0.788449949292125,0.0004010572880855496,0.9026979181750336,0.0004010572880855496,0.7884499265664167,0.0004010572880855496,0.9026979136165139
0.0004161390553316707,0.7884630656820714,0.0004161390553316707,0.9027130786587944,0.0004161390553316707,0.7884630656820714,0.0004161390553316707,0.9027130786587944,0.0004161390553316707,0.7884630901495542,0.0004161390553316707,0.9027130835667111,0.0004161390553316707,0.7884630656820714,0.0004161390553316707,0.9027130786587944
0.00043178797273320214,0.7884772115777839,0.00043178797273320214,0.9027294057217808,0.00043178797273320214,0.7884772115777839,0.00043178797273320214,0.9027294057217808,0.00043178797273320214,0.7884772379205713,0.00043178797273320214,0.9027294110058819,0.00043178797273320214,0.7884772115777839,0.00043178797273320214,0.9027294057217808
0.00044802536798294897,0.788492441398223,0.00044802536798294897,0.9027469838462335,0.00044802536798294897,0.788492441398223,0.00044802536798294897,0.9027469838462335,0.00044802536798294897,0.7884924697600886,0.00044802536798294897,0.9027469895353644,0.00044802536798294897,0.788492441398223,0.00044802536798294897,0.9027469838462335
0.0004648733708020257,0.7885088381993607,0.0004648733708020257,0.9027659088958893,0.0004648733708020257,0.7885088381993607,0.0004648733708020257,0.9027659088958893,0.0004648733708020257,0.7885088687351075,0.0004648733708020257,0.9027659150211055,0.0004648733708020257,0.7885088381993607,0.0004648733708020257,0.9027659088958893
0.00048235494310014675,0.7885264914014428,0.00048235494310014675,0.9027862840803093,0.00048235494310014675,0.7885264914014428,0.00048235494310014675,0.9027862840803093,0.00048235494310014675,0.7885265242777514,0.00048235494310014675,0.902786290675052,0.00048235494310014675,0.7885264914014428,0.00048235494310014675,0.9027862840803093
0.0005004939102700954,0.7885454972766777,0.0005004939102700954,0.9028082205178065,0.0005004939102700954,0.7885454972766777,0.0005004939102700954,0.9028082205178065,0.0005004939102700954,0.7885455326730153,0.0005004939102700954,0.9028082276180818,0.0005004939102700954,0.7885454972766777,0.0005004939102700954,0.9028082205178065
0.0005193149936590213,0.7885659594742951,0.0005193149936590213,0.9028318378415078,0.0005193149936590213,0.7885659594742951,0.0005193149936590213,0.9028318378415078,0.0005193149936590213,0.7885659975839022,0.0005193149936590213,0.9028318454860871,0.0005193149936590213,0.7885659594742951,0.0005193149936590213,0.9028318378415078
0.0005388438442608224,0.7885879895858398,0.0005388438442608224,0.9028572648518715,0.0005388438442608224,0.7885879895858398,0.0005388438442608224,0.9028572648518715,0.0005388438442608224,0.788588030616787,0.0005388438442608224,0.9028572730825005,0.0005388438442608224,0.7885879895858398,0.0005388438442608224,0.9028572648518715
0.0005591070776755293,0.7886117077537935,0.0005591070776755293,0.9028846402192108,0.0005591070776755293,0.7886117077537935,0.0005591070776755293,0.9028846402192108,0.0005591070776755293,0.7886117519301198,0.0005591070776755293,0.902884649080842,0.0005591070776755293,0.7886117077537935,0.0005591070776755293,0.9028846402192108
0.0005801323103833379,0.7886372433268329,0.0005801323103833379,0.9029141132400632,0.0005801323103833379,0.7886372433268329,0.0005801323103833379,0.9029141132400632,0.0005801323103833379,0.7886372908897757,0.0005801323103833379,0.9029141227811001,0.0005801323103833379,0.7886372433268329,0.0005801323103833379,0.9029141132400632
0.0006019481973827274,0.7886647355653069,0.0006019481973827274,0.9029458446515312,0.0006019481973827274,0.7886647355653069,0.0006019481973827274,0.9029458446515312,0.0006019481973827274,0.7886647867746249,0.0006019481973827274,0.9029458549240952,0.0006019481973827274,0.7886647355653069,0.0006019481973827274,0.9029458446515312
0.0006245844712439618,0.78869433440078,0.0006245844712439618,0.902980007508043,0.0006245844712439618,0.78869433440078,0.0006245844712439618,0.902980007508043,0.0006245844712439618,0.7886943895361755,0.0006245844712439618,0.9029800185682584,0.0006245844712439618,0.78869433440078,0.0006245844712439618,0.902980007508043
0.0006480719826311971,0.7887262012537872,0.0006480719826311971,0.9030167881253085,0.0006480719826311971,0.7887262012537872,0.0006480719826311971,0.9030167881253085,0.0006480719826311971,0.7887262606164438,0.0006480719826311971,0.9030168000336123,0.0006480719826311971,0.7887262012537872,0.0006480719826311971,0.9030167881253085
0.0006724427423484249,0.7887605099142553,0.0006724427423484249,0.903056387096636,0.0006724427423484249,0.7887605099142553,0.0006724427423484249,0.903056387096636,0.0006724427423484249,0.788760573828492,0.0006724427423484249,0.903056399918109,0.0006724427423484249,0.7887605099142553,0.0006724427423484249,0.903056387096636
0.0006977299649665538,0.7887974474894144,0.0006977299649665538,0.9030990203871516,0.0006977299649665538,0.7887974474894144,0.0006977299649665538,0.9030990203871516,0.0006977299649665538,0.7887975163044616,0.0006977299649665538,0.9030990341918762,0.0006977299649665538,0.7887974474894144,0.0006977299649665538,0.9030990203871516
0.0007239681140910877,0.7888372154243404,0.0007239681140910877,0.9031449205118894,0.0007239681140910877,0.7888372154243404,0.0007239681140910877,0.9031449205118894,0.0007239681140910877,0.7888372895162669,0.0007239681140910877,0.9031449353753371,0.0007239681140910877,0.7888372154243404,0.0007239681140910877,0.9031449205118894
0.0007511929493320969,0.7888800306007342,0.0007511929493320969,0.9031943378041988,0.0007511929493320969,0.7888800306007342,0.0007511929493320969,0.9031943378041988,0.0007511929493320969,0.7888801103745097,0.0007511929493320969,0.9031943538076438,0.0007511929493320969,0.7888800306007342,0.0007511929493320969,0.9031943378041988
0.0007794415750404951,0.7889261265199053,0.0007794415750404951,0.9032475417813822,0.0007794415750404951,0.7889261265199053,0.0007794415750404951,0.9032475417813822,0.0007794415750404951,0.7889262124116314,0.0007794415750404951,0.9032475590123509,0.0007794415750404951,0.7889261265199053,0.0007794415750404951,0.9032475417813822
0.0008087524908770458,0.7889757545764293,0.0008087524908770458,0.9033048226150235,0.0008087524908770458,0.7889757545764293,0.0008087524908770458,0.9033048226150235,0.0008087524908770458,0.7889758470557405,0.0008087524908770458,0.9033048411677758,0.0008087524908770458,0.7889757545764293,0.0008087524908770458,0.9033048226150235
0.0008391656442830162,0.7890291854294355,0.0008391656442830162,0.903366492714044,0.0008391656442830162,0.7890291854294355,0.0008391656442830162,0.903366492714044,0.0008391656442830162,0.7890292850020872,0.0008391656442830162,0.9033665126900968,0.0008391656442830162,0.7890291854294355,0.0008391656442830162,0.903366492714044
0.0008707224849239922,0.7890867104789945,0.0008707224849239922,0.9034328884291272,0.0008707224849239922,0.7890867104789945,0.0008707224849239922,0.9034328884291272,0.0008707224849239922,0.789086817689652,0.0008707224849239922,0.9034329099378104,0.0008707224849239922,0.7890867104789945,0.0008707224849239922,0.9034328884291272
0.0009034660211810525,0.7891486434556849,0.0009034660211810525,0.9035043718878176,0.0009034660211810525,0.7891486434556849,0.0009034660211810525,0.9035043718878176,0.0009034660211810525,0.7891487588909305,0.0009034660211810525,0.9035043950468835,0.0009034660211810525,0.7891486434556849,0.0009034660211810525,0.9035043718878176
0.0009374408787662991,0.7892153221319984,0.0009374408787662991,0.9035813329703363,0.0009374408787662991,0.7892153221319984,0.0009374408787662991,0.9035813329703363,0.0009374408787662991,0.7892154464235713,0.0009374408787662991,0.9035813579066111,0.0009374408787662991,0.7892153221319984,0.0009374408787662991,0.9035813329703363
0.0009726933615426169,0.7892871101649415,0.0009726933615426169,0.9036641914368926,0.0009726933615426169,0.7892871101649415,0.0009726933615426169,0.9036641914368926,0.0009726933615426169,0.7892872439932326,0.0009726933615426169,0.9036642182869764,0.0009726933615426169,0.7892871101649415,0.0009726933615426169,0.9036641914368926
0.0010092715146305707,0.78936439907989,0.0010092715146305707,0.903753399218125,0.0010092715146305707,0.78936439907989,0.0010092715146305707,0.903753399218125,0.0010092715146305707,0.7893645431777072,0.0010092715146305707,0.9037534281291534,0.0010092715146305707,0.78936439907989,0.0010092715146305707,0.903753399218125
0.0010472251898884343,0.7894476104065273,0.0010472251898884343,0.9038494428811936,0.0010472251898884343,0.7894476104065273,0.0010472251898884343,0.9038494428811936,0.0010472251898884343,0.7894477655631585,0.0010472251898884343,0.9038494740116548,0.0010472251898884343,0.7894476104065273,0.0010472251898884343,0.9038494428811936
0.001086606113854597,0.7895371979785343,0.001086606113854597,0.9039528462850024,0.001086606113854597,0.7895371979785343,0.001086606113854597,0.9039528462850024,0.001086606113854597,0.7895373650441274,0.001086606113854597,0.9039528798056187,0.001086606113854597,0.7895371979785343,0.001086606113854597,0.9039528462850024
0.0011274679582449461,0.7896336504095962,0.0011274679582449461,0.9040641734390665,0.0011274679582449461,0.7896336504095962,0.0011274679582449461,0.9040641734390665,0.0011274679582449461,0.7896338302998821,0.0011274679582449461,0.9040642095337472,0.0011274679582449461,0.7896336504095962,0.0011274679582449461,0.9040641734390665
0.001169866413101307,0.7897374937592464,0.001169866413101307,0.9041840315816724,0.001169866413101307,0.7897374937592464,0.001169866413101307,0.9041840315816724,0.001169866413101307,0.7897376874606351,0.001169866413101307,0.9041840704485407,0.001169866413101307,0.7897374937592464,0.001169866413101307,0.9041840315816724
0.0012138592626906278,0.7898492944031118,0.0012138592626906278,0.9043130744941543,0.0012138592626906278,0.7898492944031118,0.0012138592626906278,0.9043130744941543,0.0012138592626906278,0.7898495029781902,0.0012138592626906278,0.9043131163466547,0.0012138592626906278,0.7898492944031118,0.0012138592626906278,0.9043130744941543
0.0012595064642583577,0.789969662123251,0.0012595064642583577,0.9044520060694303,0.0012595064642583577,0.789969662123251,0.0012595064642583577,0.9044520060694303,0.0012595064642583577,0.7899698867167129,0.0012595064642583577,0.9044520511375278,0.0012595064642583577,0.789969662123251,0.0012595064642583577,0.9044520060694303
0.0013068702297433464,0.7900992534354656,0.0013068702297433464,0.9046015841543305,0.0013068702297433464,0.7900992534354656,0.0013068702297433464,0.9046015841543305,0.0013068702297433464,0.7900994952805137,0.0013068702297433464,0.9046016326857996,0.0013068702297433464,0.7900992534354656,0.0013068702297433464,0.9046015841543305
0.0013560151105656334,0.7902387751717758,0.0013560151105656334,0.9047626246867416,0.0013560151105656334,0.7902387751717758,0.0013560151105656334,0.9047626246867416,0.0013560151105656334,0.79023903559703,0.0013560151105656334,0.9047626769485636,0.0013560151105656334,0.7902387751717758,0.0013560151105656334,0.9047626246867416
0.001407008085602685,0.7903889883376483,0.001407008085602685,0.9049360061502421,0.001407008085602685,0.7903889883376483,0.001407008085602685,0.9049360061502421,0.001407008085602685,0.7903892687746055,0.001407008085602685,0.9049360624301082,0.001407008085602685,0.7903889883376483,0.001407008085602685,0.9049360061502421
0.0014599186524739786,0.7905507122650658,0.0014599186524739786,0.9051226743706009,0.0014599186524739786,0.7905507122650658,0.0014599186524739786,0.9051226743706009,0.0014599186524739786,0.7905510142561496,0.0014599186524739786,0.9051227349785449,0.0014599186524739786,0.7905507122650658,0.0014599186524739786,0.9051226743706009
0.0015148189222583457,0.7907248290841441,0.0015148189222583457,0.9053236476804588,0.0015148189222583457,0.7907248290841441,0.0015148189222583457,0.9053236476804588,0.0015148189222583457,0.790725154291407,0.0015148189222583457,0.9053237129506146,0.0015148189222583457,0.7907248290841441,0.0015148189222583457,0.9053236476804588
0.0015717837177731627,0.7909122885377757,0.0015717837177731627,0.9055400224804773,0.0015717837177731627,0.7909122885377757,0.0015717837177731627,0.9055400224804773,0.0015717837177731627,0.7909126387522922,0.0015717837177731627,0.9055400927729742,0.0015717837177731627,0.7909122885377757,0.0015717837177731627,0.9055400224804773
0.0016308906755493327,0.7911141131656269,0.0016308906755493327,0.9057729792274544,0.0016308906755493327,0.7911141131656269,0.0016308906755493327,0.9057729792274544,0.0016308906755493327,0.7911144903176454,0.0016308906755493327,0.9057730549304822,0.0016308906755493327,0.7911141131656269,0.0016308906755493327,0.9057729792274544
0.0016922203516410374,0.7913314038858691,0.0016922203516410374,0.906023788882279,0.0016922203516410374,0.7913314038858691,0.0016922203516410374,0.906023788882279,0.0016922203516410374,0.7913318100557839,0.0016922203516410374,0.9060238704143062,0.0016922203516410374,0.7913314038858691,0.0016922203516410374,0.906023788882279
0.0017558563314144689,0.7915653460052023,0.0017558563314144689,0.9062938198530948,0.0017558563314144689,0.7915653460052023,0.0017558563314144689,0.9062938198530948,0.0017558563314144689,0.7915657834354166,0.0017558563314144689,0.9062939076652728,0.0017558563314144689,0.7915653460052023,0.0017558563314144689,0.9062938198530948
0.0018218853434651652,0.7918172156900766,0.0018218853434651652,0.9065845454718098,0.0018218853434651652,0.7918172156900766,0.0018218853434651652,0.9065845454718098,0.0018218853434651652,0.7918176867978283,0.0018218853434651652,0.9065846400505786,0.0018218853434651652,0.7918172156900766,0.0018218853434651652,0.9065845454718098
0.0018903973778192195,0.792088386934569,0.0018903973778192195,0.9068975520450299,0.0018903973778192195,0.792088386934569,0.0018903973778192195,0.9068975520450299,0.0018903973778192195,0.79208889432581,0.0018903973778192195,0.9068976539149354,0.0018903973778192195,0.792088386934569,0.0018903973778192195,0.9068975520450299
0.0019614858085794293,0.7923803390630887,0.0019614858085794293,0.9072345475236784,0.0019614858085794293,0.7923803390630887,0.0019614858085794293,0.9072345475236784,0.0019614858085794293,0.792380885547499,0.0019614858085794293,0.9072346572504268,0.0019614858085794293,0.7923803390630887,0.0019614858085794293,0.9072345475236784
0.002035247521183576,0.7926946648090485,0.002035247521183576,0.9075973708389922,0.002035247521183576,0.7926946648090485,0.002035247521183576,0.9075973708389922,0.002035247521183576,0.7926952534162929,0.002035247521183576,0.9075974890327555,0.002035247521183576,0.7926946648090485,0.002035247521183576,0.9075973708389922
0.0021117830444482423,0.7930330790137983,0.0021117830444482423,0.9079880019562788,0.0021117830444482423,0.7930330790137983,0.0021117830444482423,0.9079880019562788,0.0021117830444482423,0.7930337130111287,0.0021117830444482423,0.9079881292752824,0.0021117830444482423,0.7930330790137983,0.0021117830444482423,0.9079880019562788
0.0021911966875781475,0.7933974279935446,0.0021911966875781475,0.9084085727018254,0.0021911966875781475,0.7933974279935446,0.0021911966875781475,0.9084085727018254,0.0021911966875781475,0.793398110904874,0.0021911966875781475,0.9084087098562372,0.0021911966875781475,0.7933974279935446,0.0021911966875781475,0.9084085727018254
0.0022735966823277153,0.7937896996256789,0.0022735966823277153,0.9088613784226353,0.0022735966823277153,0.7937896996256789,0.0022735966823277153,0.9088613784226353,0.0022735966823277153,0.7937904352522505,0.0022735966823277153,0.9088615261787866,0.0022735966823277153,0.7937896996256789,0.0022735966823277153,0.9088613784226353
0.0023590953305086338,0.7942120342098895,0.0023590953305086338,0.9093488905433246,0.0023590953305086338,0.7942120342098895,0.0023590953305086338,0.9093488905433246,0.0023590953305086338,0.7942128266526958,0.0023590953305086338,0.9093490497282913,0.0023590953305086338,0.7942120342098895,0.0023590953305086338,0.9093488905433246
0.0024478091570444404,0.7946667361637471,0.0024478091570444404,0.909873770089525,0.0024478091570444404,0.7946667361637471,0.0024478091570444404,0.909873770089525,0.0024478091570444404,0.7946675898478426,0.0024478091570444404,0.9098739415961067,0.0024478091570444404,0.7946667361637471,0.0024478091570444404,0.909873770089525
0.002539859068780724,0.7951562866170429,0.002539859068780724,0.9104388822525235,0.002539859068780724,0.7951562866170429,0.002539859068780724,0.9104388822525235,0.002539859068780724,0.7951572063179502,0.002539859068780724,0.9104390670446547,0.002539859068780724,0.7951562866170429,0.002539859068780724,0.9104388822525235
0.002635370519267393,0.7956833569741772,0.002635370519267393,0.9110473120757465,0.002635370519267393,0.7956833569741772,0.002635370519267393,0.9110473120757465,0.002635370519267393,0.7956843478465481,0.002635370519267393,0.9110475111943837,0.002635370519267393,0.7956833569741772,0.002635370519267393,0.9110473120757465
0.00273447367973758,0.7962508235192379,0.00273447367973758,0.9117023813499556,0.00273447367973758,0.7962508235192379,0.00273447367973758,0.9117023813499556,0.00273447367973758,0.7962518911280172,0.00273447367973758,0.9117025959194819,0.00273447367973758,0.7962508235192379,0.00273447367973758,0.9117023813499556
0.0028373036165162116,0.7968617831442217,0.0028373036165162116,0.9124076668108625,0.0028373036165162116,0.7968617831442217,0.0028373036165162116,0.9124076668108625,0.0028373036165162116,0.7968629334985233,0.0028373036165162116,0.9124078980460678,0.0028373036165162116,0.7968617831442217,0.0028373036165162116,0.9124076668108625
0.0029440004751000335,0.7975195702871062,0.0029440004751000335,0.9131670197401958,0.0029440004751000335,0.7975195702871062,0.0029440004751000335,0.9131670197401958,0.0029440004751000335,0.7975208098770806,0.0029440004751000335,0.9131672689538846,0.0029440004751000335,0.7975195702871062,0.0029440004751000335,0.9131670197401958
0.003054709671159968,0.7982277751732098,0.003054709671159968,0.9139845870792093,0.003054709671159968,0.7982277751732098,0.003054709671159968,0.9139845870792093,0.003054709671159968,0.7982291110101827,0.003054709671159968,0.9139848556905009,0.003054709671159968,0.7982277751732098,0.003054709671159968,0.9139845870792093
0.003169582088726115,0.7989902634605658,0.003169582088726115,0.9148648341722001,0.003169582088726115,0.7989902634605658,0.003169582088726115,0.9148648341722001,0.003169582088726115,0.7989917031207847,0.003169582088726115,0.9148651237155889,0.003169582088726115,0.7989902634605658,0.003169582088726115,0.9148648341722001
0.00328877428582551,0.7998111973979001,0.00328877428582551,0.915812569266862,0.00328877428582551,0.7998111973979001,0.00328877428582551,0.915812569266862,0.00328877428582551,0.7998127490702298,0.00328877428582551,0.9158128814021245,0.00328877428582551,0.7998111973979001,0.00328877428582551,0.915812569266862
0.0034124487078528894,0.8006950586122497,0.0034124487078528894,0.9168329699083642,0.0034124487078528894,0.8006950586122497,0.0034124487078528894,0.9168329699083642,0.0034124487078528894,0.8006967311502385,0.0034124487078528894,0.916833306431389,0.0034124487078528894,0.8006950586122497,0.0034124487078528894,0.9168329699083642
0.00354077390896527,0.80164667265245,0.00354077390896527,0.9179316113748471,0.00354077390896527,0.80164667265245,0.00354077390896527,0.9179316113748471,0.00354077390896527,0.8016484756311936,0.00354077390896527,0.9179319742295011,0.00354077390896527,0.80164667265245,0.00354077390896527,0.9179316113748471
0.0036739247818020743,0.8026712354245634,0.0036739247818020743,0.9191144973138023,0.0036739247818020743,0.8026712354245634,0.0036739247818020743,0.9191144973138023,0.0036739247818020743,0.8026731792028833,0.0036739247818020743,0.9191148886049316,0.0036739247818020743,0.8026712354245634,0.0036739247818020743,0.9191144973138023
0.003812082795843888,0.8037743416660343,0.003812082795843888,0.920388092751474,0.003812082795843888,0.8037743416660343,0.003812082795843888,0.920388092751474,0.003812082795843888,0.8037764374545123,0.003812082795843888,0.9203885147591696,0.003812082795843888,0.8037743416660343,0.003812082795843888,0.920388092751474
0.003955436244734702,0.8049620156168352,0.003955436244734702,0.9217593596611829,0.003955436244734702,0.8049620156168352,0.003955436244734702,0.9217593596611829,0.003955436244734702,0.8049642755523432,0.003955436244734702,0.9217598148564556,0.003955436244734702,0.8049620156168352,0.003955436244734702,0.9217593596611829
0.004104180502904709,0.8062407440583793,0.004104180502904709,0.9232357952913615,0.004104180502904709,0.8062407440583793,0.004104180502904709,0.9232357952913615,0.004104180502904709,0.8062431812858026,0.004104180502904709,0.9232362863533752,0.004104180502904709,0.8062407440583793,0.004104180502904709,0.9232357952913615
0.004258518291843414,0.8076175119043982,0.004258518291843414,0.9248254734702295,0.004258518291843414,0.8076175119043982,0.004258518291843414,0.9248254734702295,0.004258518291843414,0.8076201406663345,0.004258518291843414,0.9248260033052775,0.004258518291843414,0.8076175119043982,0.004258518291843414,0.9248254734702295
0.004418659956385941,0.8090998405425536,0.004418659956385941,0.9265370891215218,0.004418659956385941,0.8090998405425536,0.004418659956385941,0.9265370891215218,0.004418659956385941,0.8091026762778829,0.004418659956385941,0.9265376608839501,0.004418659956385941,0.8090998405425536,0.004418659956385941,0.9265370891215218
0.004584823751389096,0.8106958291412933,0.004584823751389096,0.9283800062446638,0.004584823751389096,0.8106958291412933,0.004584823751389096,0.9283800062446638,0.004584823751389096,0.8106988885936176,0.004584823751389096,0.9283806233599664,0.004584823751389096,0.8106958291412933,0.004584823751389096,0.9283800062446638
0.004757236139187885,0.8124141991534783,0.004757236139187885,0.9303643096333784,0.004757236139187885,0.8124141991534783,0.004757236139187885,0.9303643096333784,0.004757236139187885,0.8124175004905543,0.004757236139187885,0.9303649758237227,0.004757236139187885,0.8124141991534783,0.004757236139187885,0.9303643096333784
0.004936132098237912,0.8142643422667325,0.004936132098237912,0.9325008606290289,0.004936132098237912,0.8142643422667325,0.004936132098237912,0.9325008606290289,0.004936132098237912,0.814267905212176,0.004936132098237912,0.9325015799415171,0.004936132098237912,0.8142643422667325,0.004936132098237912,0.9325008606290289
0.005121755443364236,0.8162563720704055,0.005121755443364236,0.9348013572293352,0.005121755443364236,0.8162563720704055,0.005121755443364236,0.9348013572293352,0.005121755443364236,0.8162602180491102,0.005121755443364236,0.9348021340673223,0.005121755443364236,0.8162563720704055,0.005121755443364236,0.9348013572293352
0.005314359158053236,0.8184011797306273,0.005314359158053236,0.9372783988994381,0.005314359158053236,0.8184011797306273,0.005314359158053236,0.9372783988994381,0.005314359158053236,0.8184053320295287,0.005314359158053236,0.9372792380573024,0.005314359158053236,0.8184011797306273,0.005314359158053236,0.9372783988994381
0.005514205739240296,0.8207104939883191,0.005514205739240296,0.9399455564610263,0.005514205739240296,0.8207104939883191,0.005514205739240296,0.9399455564610263,0.005514205739240296,0.8207149779343571,0.005514205739240296,0.9399464631628248,0.005514205739240296,0.8207104939883191,0.005514205739240296,0.9399455564610263
0.005721567555063246,0.8231969458203604,0.005721567555063246,0.9428174474664704,0.005721567555063246,0.8231969458203604,0.005721567555063246,0.9428174474664704,0.005721567555063246,0.8232017889777553,0.005721567555063246,0.9428184274089771,0.005721567555063246,0.8231969458203604,0.005721567555063246,0.9428174474664704
0.00593672721606912,0.825874138131599,0.00593672721606912,0.9459098174989345,0.00593672721606912,0.825874138131599,0.00593672721606912,0.9459098174989345,0.00593672721606912,0.8258793705208197,0.00593672721606912,0.945910876899638,0.00593672721606912,0.825874138131599,0.00593672721606912,0.9459098174989345
0.006159977960380162,0.8287567208751548,0.006159977960380162,0.9492396278765272,0.006159977960380162,0.8287567208751548,0.006159977960380162,0.9492396278765272,0.006159977960380162,0.8287623752163245,0.006159977960380162,0.9492407735272409,0.006159977960380162,0.8287567208751548,0.006159977960380162,0.9492396278765272
0.006391624053343999,0.8318604720308314,0.006391624053343999,0.9528251502790207,0.006391624053343999,0.8318604720308314,0.006391624053343999,0.9528251502790207,0.006391624053343999,0.8318665840146655,0.006391624053343999,0.9528263896058622,0.006391624053343999,0.8318604720308314,0.006391624053343999,0.9528251502790207
0.006631981202212669,0.835202384906509,0.006631981202212669,0.9566860688598234,0.006631981202212669,0.835202384906509,0.006631981202212669,0.9566860688598234,0.006631981202212669,0.8352089934963507,0.006631981202212669,0.9566874099904237,0.006631981202212669,0.835202384906509,0.006631981202212669,0.9566860688598234
0.006881376986415663,0.8388007622655287,0.006881376986415663,0.9608435904541593,0.006881376986415663,0.8388007622655287,0.006881376986415663,0.9608435904541593,0.006881376986415663,0.8388079100345271,0.006881376986415663,0.9608450422931106,0.006881376986415663,0.8388007622655287,0.006881376986415663,0.9608435904541593
0.007140151304013396,0.8426753178244792,0.007140151304013396,0.9653205635472096,0.007140151304013396,0.8426753178244792,0.007140151304013396,0.9653205635472096,0.007140151304013396,0.8426830513325719,0.007140151304013396,0.9653221358608938,0.007140151304013396,0.8426753178244792,0.007140151304013396,0.9653205635472096
0.00740865683493956,0.8468472857108436,0.00740865683493956,0.9701416067237366,0.00740865683493956,0.8468472857108436,0.00740865683493956,0.9701416067237366,0.00740865683493956,0.8468556559268454,0.00740865683493956,0.9701433102358666,0.00740865683493956,0.8468472857108436,0.00740865683493956,0.9701416067237366
0.007687259521663728,0.8513395385189325,0.007687259521663728,0.9753332473840347,0.007687259521663728,0.8513395385189325,0.007687259521663728,0.9753332473840347,0.007687259521663728,0.8513486012938516,0.007687259521663728,0.9753350938834546,0.007687259521663728,0.8513395385189325,0.007687259521663728,0.9753332473840347
0.007976339067929272,0.8561767146558582,0.007976339067929272,0.9809240715805347,0.007976339067929272,0.8561767146558582,0.007976339067929272,0.9809240715805347,0.007976339067929272,0.8561865312544438,0.007976339067929272,0.9809260740430494,0.007976339067929272,0.8561767146558582,0.007976339067929272,0.9809240715805347
0.008276289456246344,0.8613853557273853,0.008276289456246344,0.9869448859056371,0.008276289456246344,0.8613853557273853,0.008276289456246344,0.9869448859056371,0.008276289456246344,0.861395993425955,0.008276289456246344,0.9869470586319494,0.008276289456246344,0.8613853557273853,0.008276289456246344,0.9869448859056371
0.008587519484845171,0.8669940547767461,0.008587519484845171,0.9934288924452098,0.008587519484845171,0.8669940547767461,0.008587519484845171,0.9934288924452098,0.008587519484845171,0.8670055875365775,0.008587519484845171,0.9934312512173707,0.008587519484845171,0.8669940547767461,0.008587519484845171,0.9934288924452098
0.008910453324821512,0.8730336162585572,0.008910453324821512,1.0004118779044957,0.008910453324821512,0.8730336162585572,0.008910453324821512,1.0004118779044957,0.008910453324821512,0.8730461254855134,0.008910453324821512,1.0004144401636492,0.008910453324821512,0.8730336162585572,0.008910453324821512,1.0004118779044957
0.00924553109823357,0.8795372287052271,0.00924553109823357,1.0079324181148233,0.00924553109823357,0.8795372287052271,0.00924553109823357,1.0079324181148233,0.00924553109823357,0.8795508041079317,0.00924553109823357,1.0079352031635247,0.00924553109823357,0.8795372287052271,0.00924553109823357,1.0079324181148233
0.009593209477938241,0.8865406511254663,0.009593209477938241,1.0160320992417686,0.009593209477938241,0.8865406511254663,0.009593209477938241,1.0160320992417686,0.009593209477938241,0.8865553916862516,0.009593209477938241,1.016035128474668,0.009593209477938241,0.8865406511254663,0.009593209477938241,1.0160320992417686
0.009953962309984233,0.8940824142643136,0.009953962309984233,1.0247557571393056,0.009953962309984233,0.8940824142643136,0.009953962309984233,1.0247557571393056,0.009953962309984233,0.8940984293393531,0.009953962309984233,1.0247590543066465,0.009953962309984233,0.8940824142643136,0.009953962309984233,1.0247557571393056
0.010328281259410285,0.9022040379522407,0.010328281259410285,1.0341517364316066,0.010328281259410285,0.9022040379522407,0.010328281259410285,1.0341517364316066,0.010328281259410285,0.9022214485198711,0.010328281259410285,1.0341553279407525,0.010328281259410285,0.9022040379522407,0.010328281259410285,1.0341517364316066
0.010716676480328632,0.9109502658782684,0.010716676480328632,1.0442721710559844,0.010716676480328632,0.9109502658782684,0.010716676480328632,1.0442721710559844,0.010716676480328632,0.9109692059574998,0.010716676480328632,1.0442760863170695,0.010716676480328632,0.9109502658782684,0.010716676480328632,1.0442721710559844
0.011119677311206989,0.9203693192395341,0.011119677311206989,1.0551732881688671,0.011119677311206989,0.9203693192395341,0.011119677311206989,1.0551732881688671,0.011119677311206989,0.9203899375042283,0.011119677311206989,1.0551775599917501,0.011119677311206989,0.9203693192395341,0.011119677311206989,1.0551732881688671
0.011537832996296609,0.9305131708483934,0.011537832996296609,1.0669157375037444,0.011537832996296609,0.9305131708483934,0.011537832996296609,1.0669157375037444,0.011537832996296609,0.9305356324666937,0.011537832996296609,1.066920402554687,0.011537832996296609,0.9305131708483934,0.011537832996296609,1.0669157375037444
0.011971713434189657,0.9414378414190911,0.011971713434189657,1.0795649484780114,0.011971713434189657,0.9414378414190911,0.011971713434189657,1.0795649484780114,0.011971713434189657,0.9414623301524425,0.011971713434189657,1.0795700478060422,0.011971713434189657,0.9414378414190911,0.011971713434189657,1.0795649484780114
0.012421909954526161,0.9532037199105312,0.012421909954526161,1.093191517577375,0.012421909954526161,0.9532037199105312,0.012421909954526161,1.093191517577375,0.012421909954526161,0.9532304405122091,0.012421909954526161,1.0931970972220384,0.012421909954526161,0.9532037199105312,0.012421909954526161,1.093191517577375
0.012889036123908916,0.9658759099710388,0.012889036123908916,1.1078716288048407,0.012889036123908916,0.9658759099710388,0.012889036123908916,1.1078716288048407,0.012889036123908916,0.9659050909306462,0.012889036123908916,1.1078777404992202,0.012889036123908916,0.9658759099710388,0.012889036123908916,1.1078716288048407
0.01337372858212495,0.9795246047167933,0.01337372858212495,1.1236875102700148,0.01337372858212495,0.9795246047167933,0.01337372858212495,1.1236875102700148,0.01337372858212495,0.9795565014048357,0.01337372858212495,1.1236942122554379,0.01337372858212495,0.9795246047167933,0.01337372858212495,1.1236875102700148
0.013876647909813071,0.9942254922794134,0.013876647909813071,1.140727930317347,0.013876647909813071,0.9942254922794134,0.013876647909813071,1.140727930317347,0.013876647909813071,0.9942603905550453,0.013876647909813071,1.1407352882892428,0.013876647909813071,0.9942254922794134,0.013876647909813071,1.140727930317347
0.014398479528760066,1.0100601947817576,0.014398479528760066,1.1590887369536915,0.014398479528760066,1.0100601947817576,0.014398479528760066,1.1590887369536915,0.014398479528760066,1.0100984151373633,0.014398479528760066,1.159096825161755,0.014398479528760066,1.0100601947817576,0.014398479528760066,1.1590887369536915
0.014939934636052562,1.027116743646315,0.014939934636052562,1.1788734447414806,0.014939934636052562,1.027116743646315,0.014939934636052562,1.1788734447414806,0.014939934636052562,1.0271586459749782,0.014939934636052562,1.1788823472716858,0.014939934636052562,1.027116743646315,0.014939934636052562,1.1788734447414806
0.015501751173357689,1.0454900944096024,0.015501751173357689,1.200193873779835,0.015501751173357689,1.0454900944096024,0.015501751173357689,1.200193873779835,0.015501751173357689,1.045536083496153,0.015501751173357689,1.2002036860511496,0.015501751173357689,1.0454900944096024,0.015501751173357689,1.200193873779835
0.01608469483265355,1.0652826845109815,0.01608469483265355,1.2231708459091384,0.01608469483265355,1.0652826845109815,0.01608469483265355,1.2231708459091384,0.01608469483265355,1.065333216364525,0.01608469483265355,1.223181676424203,0.01608469483265355,1.0652826845109815,0.01608469483265355,1.2231708459091384
0.016689560099780232,1.0866050378474963,0.016689560099780232,1.2479349438529144,0.016689560099780232,1.0866050378474963,0.016689560099780232,1.2479349438529144,0.016689560099780232,1.0866606270136832,0.016689560099780232,1.2479469162496568,0.016689560099780232,1.0866050378474963,0.016689560099780232,1.2479349438529144
0.01731717133723353,1.10957642024016,0.01731717133723353,1.2746273396634717,0.01731717133723353,1.10957642024016,0.01731717133723353,1.2746273396634717,0.01731717133723353,1.1096376482554455,0.01731717133723353,1.2746405951240172,0.01731717133723353,1.10957642024016,0.01731717133723353,1.2746273396634717
0.01796838390767719,1.1343255503438539,0.01796838390767719,1.3034006995753296,0.01796838390767719,1.1343255503438539,0.01796838390767719,1.3034006995753296,0.01796838390767719,1.134393075522474,0.01796838390767719,1.3034153996599018,0.01796838390767719,1.1343255503438539,0.01796838390767719,1.3034006995753296
0.018644085339704852,1.1609913709551565,0.018644085339704852,1.3344201732051482,0.018644085339704852,1.1609913709551565,0.018644085339704852,1.3344201732051482,0.018644085339704852,1.1610659397331926,0.018644085339704852,1.334436503192466,0.018644085339704852,1.1609913709551565,0.018644085339704852,1.3344201732051482
0.01934519653744044,1.1897238861320472,0.01934519653744044,1.3678644759827243,0.01934519653744044,1.1897238861320472,0.01934519653744044,1.3678644759827243,0.01934519653744044,1.1898063462329307,0.01934519653744044,1.3678826488152138,0.01934519653744044,1.1897238861320472,0.01934519653744044,1.3678644759827243
0.020072673035625682,1.220685070038582,0.020072673035625682,1.4039270747710235,0.020072673035625682,1.220685070038582,0.020072673035625682,1.4039270747710235,0.020072673035625682,1.2207763857718437,0.020072673035625682,1.4039473357236447,0.020072673035625682,1.220685070038582,0.020072673035625682,1.4039270747710235
0.020827506301905142,1.254049853967646,0.020827506301905142,1.4428174878526303,0.020827506301905142,1.254049853967646,0.020827506301905142,1.4428174878526303,0.020827506301905142,1.254151124029181,0.020827506301905142,1.4428401200692296,0.020827506301905142,1.254049853967646,0.020827506301905142,1.4428174878526303
0.021610725088083763,1.290007198576474,0.021610725088083763,1.4847627118474325,0.021610725088083763,1.290007198576474,0.021610725088083763,1.4847627118474325,0.021610725088083763,1.2901196767858505,0.021610725088083763,1.4847880429192066,0.021610725088083763,1.290007198576474,0.021610725088083763,1.4847627118474325
0.02242339683219845,1.3287612589923643,0.02242339683219845,1.530008789706324,0.02242339683219845,1.3287612589923643,0.02242339683219845,1.530008789706324,0.02242339683219845,1.328886378482896,0.02242339683219845,1.5300371995046966,0.02242339683219845,1.3287612589923643,0.02242339683219845,1.530008789706324
0.02326662911331458,1.3705326511076912,0.02326662911331458,1.5788225357274583,0.02326662911331458,1.3705326511076912,0.02326662911331458,1.5788225357274583,0.02326662911331458,1.3706720525808318,0.02326662911331458,1.5788544657500352,0.02326662911331458,1.3705326511076912,0.02326662911331458,1.5788225357274583
0.02414157116103018,1.4155598280797765,0.02414157116103018,1.6314934355979842,0.02414157116103018,1.4155598280797765,0.02414157116103018,1.6314934355979842,0.02414157116103018,1.4157153928499664,0.02414157116103018,1.6315294001433702,0.02414157116103018,1.4155598280797765,0.02414157116103018,1.6314934355979842
0.025049415421745023,1.4641005767747433,0.025049415421745023,1.6883357418137952,0.025049415421745023,1.4641005767747433,0.025049415421745023,1.6883357418137952,0.025049415421745023,1.464274465468092,0.025049415421745023,1.6883763413716482,0.025049415421745023,1.4641005767747433,0.025049415421745023,1.6883357418137952
0.02599139918382933,1.5164336446334052,0.02599139918382933,1.7496907875167345,0.02599139918382933,1.5164336446334052,0.02599139918382933,1.7496907875167345,0.02599139918382933,1.51662834256819,0.02599139918382933,1.7497367248467077,0.02599139918382933,1.5164336446334052,0.02599139918382933,1.7496907875167345
0.026968806263906926,1.572860508173953,0.026968806263906926,1.8159295448636479,0.026968806263906926,1.572860508173953,0.026968806263906926,1.8159295448636479,0.026968806263906926,1.5730788786485812,0.026968806263906926,1.8159816443451686,0.026968806263906926,1.572860508173953,0.026968806263906926,1.8159295448636479
0.02798296875655116,1.633707295055229,0.02798296875655116,1.8874554575632037,0.02798296875655116,1.633707295055229,0.02798296875655116,1.8874554575632037,0.02798296875655116,1.6339526420069317,0.02798296875655116,1.8875146885325325,0.02798296875655116,1.633707295055229,0.02798296875655116,1.8874554575632037
0.02903526884977814,1.6993268722699026,0.02903526884977814,1.9647075812512842,0.02903526884977814,1.6993268722699026,0.02903526884977814,1.9647075812512842,0.02903526884977814,1.69960301405357,0.02903526884977814,1.9647750862098174,0.02903526884977814,1.6993268722699026,0.02903526884977814,1.9647075812512842
0.03012714070881164,1.7701011135693299,0.03012714070881164,2.0481640700006536,0.03012714070881164,1.7701011135693299,0.03012714070881164,2.0481640700006536,0.03012714070881164,1.7704124699506574,0.03012714070881164,2.0482411987874203,0.03012714070881164,1.7701011135693299,0.03012714070881164,2.0481640700006536
0.03126007243068701,1.8464433595735246,0.03126007243068701,2.1383460525625195,0.03126007243068701,1.8464433595735246,0.03126007243068701,2.1383460525625195,0.03126007243068701,1.8467950544466267,0.03126007243068701,2.138434403845158,0.03126007243068701,1.8464433595735246,0.03126007243068701,2.1383460525625195
0.03243560807235808,1.9288010840987686,0.03243560807235808,2.2358219480153956,0.03243560807235808,1.9288010840987686,0.03243560807235808,2.2358219480153956,0.03243560807235808,1.9291990669407086,0.03243560807235808,2.235923419781365,0.03243560807235808,1.9288010840987686,0.03243560807235808,2.2358219480153956
0.03365534975507091,2.0176587799189853,0.03365534975507091,2.3412122774613735,0.03365534975507091,2.0176587799189853,0.03365534975507091,2.3412122774613735,0.03365534975507091,2.018109969600705,0.03365534975507091,2.341329128602373,0.03365534975507091,2.0176587799189853,0.03365534975507091,2.3412122774613735
0.034920959847872676,2.113541076301396,0.034920959847872676,2.4551950363857777,0.034920959847872676,2.113541076301396,0.034920959847872676,2.4551950363857777,0.034920959847872676,2.114053531608565,0.034920959847872676,2.455329961985872,0.034920959847872676,2.113541076301396,0.034920959847872676,2.4551950363857777
0.03623416323323146,2.217016099005137,0.03623416323323146,2.578511701419962,0.03623416323323146,2.217016099005137,0.03623416323323146,2.578511701419962,0.03623416323323146,2.2175992211104054,0.03623416323323146,2.5786679250106315,0.03623416323323146,2.217016099005137,0.03623416323323146,2.578511701419962
0.03759674965785464,2.328699080717766,0.03759674965785464,2.7119739556676405,0.03759674965785464,2.328699080717766,0.03759674965785464,2.7119739556676405,0.03759674965785464,2.329363853920323,0.03759674965785464,2.7121553425380704,0.03759674965785464,2.328699080717766,0.03759674965785464,2.7119739556676405
0.039010576171909894,2.449256225754381,0.039010576171909894,2.856471228630788,0.039010576171909894,2.449256225754381,0.039010576171909894,2.856471228630788,0.039010576171909894,2.450015504102433,0.039010576171909894,2.8566824253269147,0.039010576171909894,2.449256225754381,0.039010576171909894,2.856471228630788
0.04047756965997318,2.5794088267682325,0.04047756965997318,3.012979160264047,0.04047756965997318,2.5794088267682325,0.04047756965997318,3.012979160264047,0.04047756965997318,2.5802776757516153,0.04047756965997318,3.0132257667370497,0.04047756965997318,2.5794088267682325,0.04047756965997318,3.012979160264047
0.04199972946715302,2.71993762258489,0.04199972946715302,3.182569113956272,0.04199972946715302,2.71993762258489,0.04199972946715302,3.182569113956272,0.04199972946715302,2.720933726983472,0.04199972946715302,3.18285789650996,0.04199972946715302,2.71993762258489,0.04199972946715302,3.182569113956272
0.04357913012397025,2.871687374251848,0.04357913012397025,3.366418880425068,0.04357913012397025,2.871687374251848,0.04357913012397025,3.366418880425068,0.04357913012397025,2.872831525515364,0.04357913012397025,3.366758035765502,0.04357913012397025,2.871687374251848,0.04357913012397025,3.366418880425068
0.04521792417370697,3.0355716199331284,0.04521792417370697,3.565824733718902,0.04521792417370697,3.0355716199331284,0.04521792417370697,3.565824733718902,0.04521792417370697,3.0368882992243043,0.04521792417370697,3.5662242171627434,0.04521792417370697,3.0355716199331284,0.04521792417370697,3.565824733718902
0.04691834510607794,3.2125775470176587,0.04691834510607794,3.782215021783573,0.04691834510607794,3.2125775470176587,0.04691834510607794,3.782215021783573,0.04691834510607794,3.214095623358094,0.04691834510607794,3.782686956208733,0.04691834510607794,3.2125775470176587,0.04691834510607794,3.782215021783573
0.04868271040122279,3.4037708900238766,0.04868271040122279,4.017165497278927,0.04868271040122279,3.4037708900238766,0.04868271040122279,4.017165497278927,0.04868271040122279,3.4055244569354097,0.04868271040122279,4.017724683929328,0.04868271040122279,3.4037708900238766,0.04868271040122279,4.017165497278927
0.050513424688167614,3.61030072338747,0.050513424688167614,4.272416619248931,0.050513424688167614,3.61030072338747,0.050513424688167614,4.272416619248931,0.050513424688167614,3.6123301021216023,0.050513424688167614,4.273081177331619,0.050513424688167614,3.61030072338747,0.050513424688167614,4.272416619248931
0.052412983022060565,3.8334039662765824,0.052412983022060565,4.549893082277051,0.052412983022060565,3.8334039662765824,0.052412983022060565,4.549893082277051,0.052412983022060565,3.8357569092722987,0.052412983022060565,4.550685251801764,0.052412983022060565,3.8334039662765824,0.052412983022060565,4.549893082277051
0.05438397428464796,4.074409348793115,0.05438397428464796,4.85172585586902,0.05438397428464796,4.074409348793115,0.05438397428464796,4.85172585586902,0.05438397428464796,4.0771424834907855,0.05438397428464796,4.852673007884734,0.05438397428464796,4.074409348793115,0.05438397428464796,4.85172585586902
0.056429084712625366,4.3347405011317885,0.056429084712625366,5.180277041286804,0.056429084712625366,4.3347405011317885,0.056429084712625366,5.180277041286804,0.056429084712625366,4.337921061762045,0.056429084712625366,5.181412952229207,0.056429084712625366,4.3347405011317885,0.056429084712625366,5.180277041286804
0.05855110155867238,4.615917714479085,0.05855110155867238,5.538167873195599,0.05855110155867238,4.615917714479085,0.05855110155867238,5.538167873195599,0.05855110155867238,4.619625617949087,0.05855110155867238,5.53953433634126,0.05855110155867238,4.615917714479085,0.05855110155867238,5.538167873195599
0.06075291689016071,4.919557778763538,0.06075291689016071,5.9283102050903285,0.06075291689016071,4.919557778763538,0.06075291689016071,5.9283102050903285,0.06075291689016071,4.923888110187307,0.06075291689016071,5.929959073249797,0.06075291689016071,4.919557778763538,0.06075291689016071,5.9283102050903285
0.06303753153071275,5.247371121133843,0.06303753153071275,6.35394181420334,0.06303753153071275,5.247371121133843,0.06303753153071275,6.35394181420334,0.06303753153071275,5.252437104640982,0.06303753153071275,6.355937595254648,0.06303753153071275,5.247371121133843,0.06303753153071275,6.35394181420334
0.06540805914998253,5.601155243008957,0.06540805914998253,6.818665834023804,0.06540805914998253,5.601155243008957,0.06540805914998253,6.818665834023804,0.06540805914998253,5.6070917836940515,0.06540805914998253,6.8210889966105555,0.06540805914998253,5.601155243008957,0.06540805914998253,6.818665834023804
0.06786773050723295,5.982783175502258,0.06786773050723295,7.326494556788686,0.06786773050723295,5.982783175502258,0.06786773050723295,7.326494556788686,0.06786773050723295,5.9897510678171075,0.06786773050723295,7.32944574996973,0.06786773050723295,5.982783175502258,0.06786773050723295,7.326494556788686
0.07041989785449289,6.394185336850543,0.07041989785449289,7.881897724083639,0.07041989785449289,6.394185336850543,0.07041989785449289,7.881897724083639,0.07041989785449289,6.4023762418600425,0.07041989785449289,7.8855031751182505,0.07041989785449289,6.394185336850543,0.07041989785449289,7.881897724083639
0.073068039505295,6.837322778001588,0.073068039505295,8.489855211752593,0.073068039505295,6.837322778001588,0.073068039505295,8.489855211752593,0.073068039505295,6.846965074314453,0.073068039505295,8.494273644597335,0.073068039505295,6.837322778001588,0.073068039505295,8.489855211752593
0.0758157645752211,7.314149346494542,0.0758157645752211,9.155913673714723,0.0758157645752211,7.314149346494542,0.0758157645752211,9.155913673714723,0.0758157645752211,7.325514953711467,0.0758157645752211,9.16134519228116,0.0758157645752211,7.314149346494542,0.0758157645752211,9.155913673714723
0.07866681790071582,7.826559797539308,0.07866681790071582,9.886246178433938,0.07866681790071582,7.826559797539308,0.07866681790071582,9.886246178433938,0.07866681790071582,7.8399720514418005,0.07866681790071582,9.892943689434263,0.07866681790071582,7.826559797539308,0.07866681790071582,9.886246178433938
0.0816250851428722,8.376320365484146,0.0816250851428722,10.687713067826564,0.0816250851428722,8.376320365484146,0.0816250851428722,10.687713067826564,0.0816250851428722,8.392162983475268,0.0816250851428722,10.69599698547496,0.0816250851428722,8.376320365484146,0.0816250851428722,10.687713067826564
0.08469459808314576,8.964977836329238,0.08469459808314576,11.567921074701395,0.08469459808314576,8.964977836329238,0.08469459808314576,11.567921074701395,0.08469459808314576,8.983704939752737,0.08469459808314576,11.578198261855228,0.08469459808314576,8.964977836329238,0.08469459808314576,11.567921074701395
0.0878795401182131,9.593742829848305,0.0878795401182131,12.535275991554359,0.0878795401182131,9.593742829848305,0.0878795401182131,12.535275991554359,0.0878795401182131,9.615889873724148,0.0878795401182131,12.548064157325891,0.0878795401182131,9.593742829848305,0.0878795401182131,12.535275991554359
0.09118425196146562,10.263342960406295,0.09118425196146562,13.599021675857456,0.09118425196146562,10.263342960406295,0.09118425196146562,13.599021675857456,0.09118425196146562,10.289538244982097,0.09118425196146562,13.614980774767673,0.09118425196146562,10.263342960406295,0.09118425196146562,13.599021675857456
0.0946132375589076,10.973842022141872,0.0946132375589076,14.769254623897277,0.0946132375589076,10.973842022141872,0.0946132375589076,14.769254623897277,0.0946132375589076,11.004818206885908,0.0946132375589076,14.78922718734913,0.0946132375589076,10.973842022141872,0.0946132375589076,14.769254623897277
0.09817117022752184,11.72442264444241,0.09817117022752184,16.05689839369993,0.09817117022752184,11.72442264444241,0.09817117022752184,16.05689839369993,0.09817117022752184,11.761027337126263,0.09817117022752184,16.081961159916425,0.09817117022752184,11.72442264444241,0.09817117022752184,16.05689839369993
0.10186289902446866,12.513132380423883,0.10186289902446866,17.47361539149195,0.10186289902446866,12.513132380423883,0.10186289902446866,17.47361539149195,0.10186289902446866,12.556336421624145,0.10186289902446866,17.505145050357434,0.10186289902446866,12.513132380423883,0.10186289902446866,17.47361539149195
0.10569345535579873,13.336597377319741,0.10569345535579873,19.03162451846542,0.10569345535579873,13.336597377319741,0.10569345535579873,19.03162451846542,0.10569345535579873,13.387498889475266,0.10569345535579873,19.071380774965004,0.10569345535579873,13.336597377319741,0.10569345535579873,19.03162451846542
0.10966805983368674,14.189714073853166,0.10966805983368674,20.74338155557689,0.10966805983368674,14.189714073853166,0.10966805983368674,20.74338155557689,0.10966805983368674,14.249535728714351,0.10966805983368674,20.793610887604103,0.10966805983368674,14.189714073853166,0.10966805983368674,20.74338155557689
0.1137921293915314,15.065338059239219,0.1137921293915314,22.621064909620674,0.1137921293915314,15.065338059239219,0.1137921293915314,22.621064909620674,0.1137921293915314,15.135414419942675,0.1137921293915314,22.68462808026174,0.1137921293915314,15.065338059239219,0.1137921293915314,22.621064909620674
0.11807128466661891,15.954000198984547,0.11807128466661891,24.675793166572028,0.11807128466661891,15.954000198984547,0.11807128466661891,24.675793166572028,0.11807128466661891,16.03575156049736,0.11807128466661891,24.75631829140666,0.11807128466661891,15.954000198984547,0.11807128466661891,24.675793166572028
0.12251135766041178,16.8436925442885,0.12251135766041178,26.916485000390853,0.12251135766041178,16.8436925442885,0.12251135766041178,26.916485000390853,0.12251135766041178,16.938581653169592,0.12251135766041178,27.018545053081244,0.12251135766041178,16.8436925442885,0.12251135766041178,26.916485000390853
0.12711839968690275,17.719778457149776,0.12711839968690275,29.34826122038249,0.12711839968690275,17.719778457149776,0.12711839968690275,29.34826122038249,0.12711839968690275,17.82924713091683,0.12711839968690275,29.477569254288834,0.12711839968690275,17.719778457149776,0.12711839968690275,29.34826122038249
0.13189868961986692,18.56508950135227,0.13189868961986692,31.970292206041453,0.13189868961986692,18.56508950135227,0.13189868961986692,31.970292206041453,0.13189868961986692,18.690473800761605,0.13189868961986692,32.133897950264995,0.13189868961986692,18.56508950135227,0.13189868961986692,31.970292206041453
0.13685874245025179,19.36027139558876,0.13685874245025179,34.77302674761842,0.13685874245025179,19.36027139558876,0.13685874245025179,34.77302674761842,0.13685874245025179,19.502696855718632,0.13685874245025179,34.979483220336746,0.13685874245025179,19.36027139558876,0.13685874245025179,34.77302674761842
0.14200531816536818,20.084427612523946,0.14200531816536818,37.73482228322931,0.14200531816536818,20.084427612523946,0.14200531816536818,37.73482228322931,0.14200531816536818,20.244690090487275,0.14200531816536818,37.99426989576382,0.14200531816536818,20.084427612523946,0.14200531816536818,37.73482228322931
0.14734543096198344,20.716078102955983,0.14734543096198344,40.81815810766668,0.14734543096198344,20.716078102955983,0.14734543096198344,40.81815810766668,0.14734543096198344,20.89452060612898,0.14734543096198344,41.14224768686551,0.14734543096198344,20.716078102955983,0.14734543096198344,40.81815810766668
0.15288635880587295,21.23440178526754,0.15288635880587295,43.965873805053256,0.15288635880587295,21.23440178526754,0.15288635880587295,43.965873805053256,0.15288635880587295,21.43080222388567,0.15288635880587295,44.36742463933495,0.15288635880587295,21.23440178526754,0.15288635880587295,43.965873805053256
0.15863565335085897,21.620670560141207,0.15863565335085897,47.09823025718463,0.15863565335085897,21.620670560141207,0.15863565335085897,47.09823025718463,0.15863565335085897,21.83415828755133,0.15863565335085897,47.590507268714475,0.15863565335085897,21.620670560141207,0.15863565335085897,47.09823025718463
0.16460115023085498,21.859722433901858,0.16460115023085498,50.11197513454901,0.16460115023085498,21.859722433901858,0.16460115023085498,50.11197513454901,0.16460115023085498,22.08874117276691,0.16460115023085498,50.70749130003225,0.16460115023085498,21.859722433901858,0.16460115023085498,50.11197513454901
0.1707909797389427,21.941279691012358,0.1707909797389427,52.882848073203014,0.1707909797389427,21.941279691012358,0.1707909797389427,52.882848073203014,0.1707909797389427,22.18360999630484,0.1707909797389427,53.59167867765384,0.1707909797389427,21.941279691012358,0.1707909797389427,52.882848073203014
0.17721357790803585,21.86091235040149,0.17721357790803585,55.27282460820143,0.17721357790803585,21.86091235040149,0.17721357790803585,55.27282460820143,0.17721357790803585,22.11375829692778,0.17721357790803585,56.10057255387775,0.17721357790803585,21.86091235040149,0.17721357790803585,55.27282460820143
0.1838776980082327,21.62048680606895,0.1838776980082327,57.14260340432647,0.1838776980082327,21.62048680606895,0.1838776980082327,57.14260340432647,0.1838776980082327,21.880620738739033,0.1838776980082327,58.08835873988146,0.1838776980082327,21.62048680606895,0.1838776980082327,57.14260340432647
0.1907924224765265,21.22802005754809,0.1907924224765265,58.36831364188204,0.1907924224765265,21.22802005754809,0.1907924224765265,58.36831364188204,0.1907924224765265,21.491968759228673,0.1907924224765265,59.42313062575145,0.1907924224765265,21.22802005754809,0.1907924224765265,58.36831364188204
0.19796717529513327,20.696962178790695,0.19796717529513327,58.85952173367002,0.19796717529513327,20.696962178790695,0.19796717529513327,58.85952173367002,0.19796717529513327,20.961210617463866,0.19796717529513327,60.00597631688788,0.19796717529513327,20.696962178790695,0.19796717529513327,58.85952173367002
0.20541173483530642,20.045026193737883,0.20541173483530642,58.57420167424077,0.20541173483530642,20.045026193737883,0.20541173483530642,58.57420167424077,0.20541173483530642,20.30621305673707,0.20541173483530642,59.787397339255,0.20541173483530642,20.045026193737883,0.20541173483530642,58.57420167424077
0.21313624718414376,19.29274996157737,0.21313624718414376,57.52637139176673,0.21313624718414376,19.29274996157737,0.21313624718414376,57.52637139176673,0.21313624718414376,19.54783269447037,0.21313624718414376,58.7763501791454,0.21313624718414376,19.29274996157737,0.21313624718414376,57.52637139176673
0.22115123997254887,18.46199518381064,0.22115123997254887,55.783974163715136,0.22115123997254887,18.46199518381064,0.22115123997254887,55.783974163715136,0.22115123997254887,18.708369756331138,0.22115123997254887,57.039027423222294,0.22115123997254887,18.46199518381064,0.22115123997254887,55.783974163715136
0.22946763672319362,17.574565661303403,0.22946763672319362,53.457621279674626,0.22946763672319362,17.574565661303403,0.22946763672319362,53.457621279674626,0.22946763672319362,17.810135356953033,0.22946763672319362,54.68770971656507,0.22946763672319362,17.574565661303403,0.22946763672319362,53.457621279674626
0.23809677173803584,16.651074135329825,0.23809677173803584,50.68356607063416,0.23809677173803584,16.651074135329825,0.23809677173803584,50.68356607063416,0.23809677173803584,16.874269917239545,0.23809677173803584,51.863088866684635,0.23809677173803584,16.651074135329825,0.23809677173803584,50.68356607063416
0.24705040554568256,15.710123199282528,0.24705040554568256,47.605490088053784,0.24705040554568256,15.710123199282528,0.24705040554568256,47.605490088053784,0.24705040554568256,15.919884050204018,0.24705040554568256,48.71494309889288,0.24705040554568256,15.710123199282528,0.24705040554568256,47.605490088053784
0.2563407409296515,14.76780747601029,0.2563407409296515,44.3590664279884,0.2563407409296515,14.76780747601029,0.2563407409296515,44.3590664279884,0.2563407409296515,14.963532010085565,0.2563407409296515,45.385521120792674,0.2563407409296515,14.76780747601029,0.2563407409296515,44.3590664279884
0.26598043955937584,13.837501690399526,0.26598043955937584,41.0615119005265,0.26598043955937584,13.837501690399526,0.26598043955937584,41.0615119005265,0.26598043955937584,14.018982628476275,0.26598043955937584,41.99815088376166,0.26598043955937584,13.837501690399526,0.26598043955937584,41.0615119005265
0.27598263924661803,12.929875482853376,0.27598263924661803,37.80646555385524,0.27598263924661803,12.929875482853376,0.27598263924661803,37.80646555385524,0.27598263924661803,13.097227085002261,0.27598263924661803,38.65154492899968,0.27598263924661803,12.929875482853376,0.27598263924661803,37.80646555385524
0.2863609718508116,12.053068570836306,0.2863609718508116,34.663241617853586,0.2863609718508116,12.053068570836306,0.2863609718508116,34.663241617853586,0.2863609718508116,12.206654725999142,0.2863609718508116,35.4188345563491,0.2863609718508116,12.053068570836306,0.2863609718508116,34.663241617853586
0.2971295818577334,11.212964311908438,0.2971295818577334,31.67898227125485,0.2971295818577334,11.212964311908438,0.2971295818577334,31.67898227125485,0.2971295818577334,11.353332422826158,0.2971295818577334,32.349760983275125,0.2971295818577334,11.212964311908438,0.2971295818577334,31.67898227125485
0.3083031456568277,10.413510627753096,0.3083031456568277,28.882295628477788,0.3083031456568277,10.413510627753096,0.3083031456568277,28.882295628477788,0.3083031456568277,10.541334162447953,0.3083031456568277,29.47449554650818,0.3083031456568277,10.413510627753096,0.3083031456568277,28.882295628477788
0.3198968915434538,9.657050364141943,0.3198968915434538,26.287313550646353,0.3198968915434538,9.657050364141943,0.3198968915434538,26.287313550646353,0.3198968915434538,9.773081187874444,0.3198968915434538,26.807932003849643,0.3198968915434538,9.657050364141943,0.3198968915434538,26.287313550646353
0.3319266204733183,8.944635677296086,0.3319266204733183,23.8975084335881,0.3319266204733183,8.944635677296086,0.3319266204733183,23.8975084335881,0.3319266204733183,9.049666066239132,0.3319266204733183,24.353731843204454,0.3319266204733183,8.944635677296086,0.3319266204733183,23.8975084335881
0.34440872759738167,8.276311483381916,0.34440872759738167,21.70894291584508,0.34440872759738167,8.276311483381916,0.34440872759738167,21.70894291584508,0.34440872759738167,8.371144985555198,0.34440872759738167,22.107767622891522,0.34440872759738167,8.276311483381916,0.34440872759738167,21.70894291584508
0.3573602246065781,7.651360902827144,0.3573602246065781,19.712853883942298,0.3573602246065781,7.651360902827144,0.3573602246065781,19.712853883942298,0.3573602246065781,7.73679084352208,0.3573602246065781,20.06085680613818,0.3573602246065781,7.651360902827144,0.3573602246065781,19.712853883942298
0.3707987629168165,7.068511093934432,0.3707987629168165,17.89760253323894,0.3707987629168165,7.068511093934432,0.3707987629168165,17.89760253323894,0.3707987629168165,7.145305409371665,0.3707987629168165,18.20082007305569,0.3707987629168165,7.068511093934432,0.3707987629168165,17.89760253323894
0.3847426577258498,6.526101310311661,0.3847426577258498,16.25008262106413,0.3847426577258498,6.526101310311661,0.3847426577258498,16.25008262106413,0.3847426577258498,6.5949924388370915,0.3847426577258498,16.51396328873806,0.3847426577258498,6.526101310311661,0.3847426577258498,16.25008262106413
0.39921091297480454,6.02221692639532,0.39921091297480454,14.756696241378888,0.39921091297480454,6.02221692639532,0.39921091297480454,14.756696241378888,0.39921091297480454,6.083895618757232,0.39921091297480454,14.986100582343184,0.39921091297480454,6.02221692639532,0.39921091297480454,14.756696241378888
0.41422324724838894,5.554794014771438,0.41422324724838894,13.40400071701881,0.41422324724838894,5.554794014771438,0.41422324724838894,13.40400071701881,0.41422324724838894,5.609906094125812,0.41422324724838894,13.60322951130936,0.41422324724838894,5.554794014771438,0.41422324724838894,13.40400071701881
0.42980012064907896,5.121699205064796,0.42980012064907896,12.179114619598895,0.42980012064907896,5.121699205064796,0.42980012064907896,12.179114619598895,0.42980012064907896,5.170844482006995,0.42980012064907896,12.351952282088154,0.42980012064907896,5.121699205064796,0.42980012064907896,12.179114619598895
0.44596276268190865,4.720789289826188,0.44596276268190865,11.06995291637252,0.44596276268190865,4.720789289826188,0.44596276268190865,11.06995291637252,0.44596276268190865,4.764522000244996,0.44596276268190865,11.219717509590566,0.44596276268190865,4.720789289826188,0.44596276268190865,11.06995291637252
0.46273320118786837,4.349954566095044,0.46273320118786837,10.06534447905834,0.46273320118786837,4.349954566095044,0.46273320118786837,10.06534447905834,0.46273320118786837,4.388784841536748,0.46273320118786837,10.194938955458646,0.46273320118786837,4.349954566095044,0.46273320118786837,10.06534447905834
0.48013429236534455,4.007149341971073,0.48013429236534455,9.155071120500573,0.48013429236534455,4.007149341971073,0.48013429236534455,9.155071120500573,0.48013429236534455,4.041545340836875,0.48013429236534455,9.267032613597145,0.48013429236534455,4.007149341971073,0.48013429236534455,9.155071120500573
0.4981897519205155,3.6904124748824927,0.4981897519205155,8.329856221107802,0.4981897519205155,3.6904124748824927,0.4981897519205155,8.329856221107802,0.4981897519205155,3.7208028988474107,0.4981897519205155,8.42640166700124,0.4981897519205155,3.6904124748824927,0.4981897519205155,8.329856221107802
0.5169241873891594,3.3978802863902,0.5169241873891594,7.581322594293345,0.5169241873891594,3.3978802863902,0.5169241873891594,7.581322594293345,0.5169241873891594,3.4246570822964335,0.5169241873891594,7.66438990295248,0.5169241873891594,3.3978802863902,0.5169241873891594,7.581322594293345
0.5363631316739235,3.127793738249467,0.5363631316739235,6.9019330511679176,0.5363631316739235,3.127793738249467,0.5363631316739235,6.9019330511679176,0.5363631316739235,3.151314844418892,0.5363631316739235,6.973217625470526,0.5363631316739235,3.127793738249467,0.5363631316739235,6.9019330511679176
0.5565330778427641,2.8785013626089526,0.5565330778427641,6.284922673753076,0.5565330778427641,2.8785013626089526,0.5565330778427641,6.284922673753076,0.5565330778427641,2.8990934031239455,0.5565330778427641,6.345909413541436,0.5565330778427641,2.8785013626089526,0.5565330778427641,6.284922673753076
0.5774615152359814,2.648459113885762,0.5774615152359814,5.724228664324519,0.5774615152359814,2.648459113885762,0.5774615152359814,5.724228664324519,0.5774615152359814,2.666419977740289,0.5774615152359814,5.776219776599479,0.5774615152359814,2.648459113885762,0.5774615152359814,5.724228664324519
0.5991769669310613,2.4362280449165734,0.5991769669310613,5.2144214578265595,0.5991769669310613,2.4362280449165734,0.5991769669310613,5.2144214578265595,0.5991769669310613,2.4518293114892593,0.5991769669310613,5.258560479996842,0.5991769669310613,2.4362280449165734,0.5991769669310613,5.2144214578265595
0.6217090286163821,2.240470497528655,0.6217090286163821,4.75063929523245,0.6217090286163821,2.240470497528655,0.6217090286163821,4.75063929523245,0.6217090286163821,2.2539596876072725,0.6217090286163821,4.787931764277465,0.6217090286163821,2.240470497528655,0.6217090286163821,4.75063929523245
0.6450884089267687,2.0599453294424963,0.6450884089267687,4.328527456615213,0.6450884089267687,2.0599453294424963,0.6450884089267687,4.328527456615213,0.6450884089267687,2.071547973670134,0.6450884089267687,4.359858648068966,0.6450884089267687,2.0599453294424963,0.6450884089267687,4.328527456615213
0.6693469712958654,1.8935025676219706,0.6693469712958654,3.9441826960331454,0.6693469712958654,1.8935025676219706,0.6693469712958654,3.9441826960331454,0.6693469712958654,1.9034240930264534,0.6693469712958654,3.9703328288041453,0.6693469712958654,1.8935025676219706,0.6693469712958654,3.9441826960331454
0.6945177773823689,1.7400777758994075,0.6945177773823689,3.5941030000448015,0.6945177773823689,1.7400777758994075,0.6945177773823689,3.5941030000448015,0.6945177773823689,1.7485052171041786,0.6945177773823689,3.615760266192338,0.6945177773823689,1.7400777758994075,0.6945177773823689,3.5941030000448015
0.7206351321293045,1.5986863459840128,0.7206351321293045,3.275142532474268,0.7206351321293045,1.5986863459840128,0.7206351321293045,3.275142532474268,0.7206351321293045,1.605789891537921,0.7206351321293045,3.292914271166989,0.7206351321293045,1.5986863459840128,0.7206351321293045,3.275142532474268
0.747734630517758,1.4684178608577527,0.747734630517758,2.984471477119906,0.747734630517758,1.4684178608577527,0.747734630517758,2.984471477119906,0.747734630517758,1.4743522474317037,0.747734630517758,2.998893772573105,0.747734630517758,1.4684178608577527,0.747734630517758,2.984471477119906
0.7758532060787828,1.3484306340173209,0.7758532060787828,2.7195404107278986,0.7758532060787828,1.3484306340173209,0.7758532060787828,2.7195404107278986,0.7758532060787828,1.3533364024193815,0.7758532060787828,2.7310863568155113,0.7758532060787828,1.3484306340173209,0.7758532060787828,2.7195404107278986
0.8050291812295973,1.2379464937644928,0.8050291812295973,2.4780488054722136,0.8050291812295973,1.2379464937644928,0.8050291812295973,2.4780488054722136,0.8050291812295973,1.241951121131535,0.8050291812295973,2.4871356458171,0.8050291812295973,1.2379464937644928,0.8050291812295973,2.4780488054722136
0.8353023195026771,1.1362458561753186,0.8353023195026771,2.2579172561858867,0.8353023195026771,1.1362458561753186,0.8353023195026771,2.2579172561858867,0.8353023195026771,1.1394647785344698,0.8353023195026771,2.2649125781422446,0.8353023195026771,1.1362458561753186,0.8353023195026771,2.2579172561858867
0.8667138797389224,1.0426631114387563,0.8667138797389224,2.0572630410958057,0.8667138797389224,1.0426631114387563,0.8667138797389224,2.0572630410958057,0.8667138797389224,1.0452006502595788,0.8667138797389224,2.0624901751160993,0.8667138797389224,1.0426631114387563,0.8667138797389224,2.0572630410958057
0.8993066723187614,0.9565823343447067,0.8993066723187614,1.8743786481479179,0.8993066723187614,0.9565823343447067,0.8993066723187614,1.8743786481479179,0.8993066723187614,0.9585325398426564,0.8993066723187614,1.8781214003708946,0.8993066723187614,0.9565823343447067,0.8993066723187614,1.8743786481479179
0.933125117507824,0.8774333195806373,0.933125117507824,1.7077129271864335,0.933125117507824,0.8774333195806373,0.933125117507824,1.7077129271864335,0.933125117507824,0.8788807424721742,0.933125117507824,1.7102197524182954,0.933125117507824,0.8774333195806373,0.933125117507824,1.7077129271864335
0.9682153059967076,0.8046879352159207,0.9682153059967076,1.555854558119777,0.9682153059967076,0.8046879352159207,0.9682153059967076,1.555854558119777,0.9682153059967076,0.8057083374329046,0.9682153059967076,1.5573422624180666,0.9682153059967076,0.8046879352159207,0.9682153059967076,1.555854558119777
1.0046250617173402,0.7378567825943859,1.0046250617173402,1.4175175548600092,1.0046250617173402,0.7378567825943859,1.0046250617173402,1.4175175548600092,1.0046250617173402,0.7385177961933124,1.0046250617173402,1.41817460139392,1.0046250617173402,0.7378567825943859,1.0046250617173402,1.4175175548600092
1.042404007021556,0.6764861472801157,1.042404007021556,1.2915285531793734,1.042404007021556,0.6764861472801157,1.042404007021556,1.2915285531793734,1.042404007021556,0.6768478894748331,1.042404007021556,1.2915180316827253,1.042404007021556,0.6764861472801157,1.042404007021556,1.2915285531793734
1.0816036303107095,0.6201552233112985,1.0816036303107095,1.1768156571425152,1.0816036303107095,0.6201552233112985,1.0816036303107095,1.1768156571425152,1.0816036303107095,0.6202708742548825,1.0816036303107095,1.1762779658777323,1.0816036303107095,0.6201552233112985,1.0816036303107095,1.1768156571425152
1.122277356208507,0.5684735915220869,1.122277356208507,1.072398643238473,1.122277356208507,0.5684735915220869,1.122277356208507,1.072398643238473,1.122277356208507,0.5683899401992634,1.122277356208507,1.0714539227591084,1.122277356208507,0.5684735915220869,1.122277356208507,1.072398643238473
1.1644806183726855,0.5210789318842565,1.1644806183726855,0.9773803437456317,1.1644806183726855,0.5210789318842565,1.1644806183726855,0.9773803437456317,1.1644806183726855,0.5208368942815684,1.1644806183726855,0.9761306937089835,1.1644806183726855,0.5210789318842565,1.1644806183726855,0.9773803437456317
1.208270935044776,0.4776349495499034,1.208270935044776,0.8909390513154661,1.208270935044776,0.4776349495499034,1.208270935044776,0.8909390513154661,1.208270935044776,0.47727006217442147,1.208270935044776,0.8894705549976603,1.208270935044776,0.4776349495499034,1.208270935044776,0.8909390513154661
1.2537079874409196,0.4378294944366869,1.2537079874409196,0.812321805404168,1.2537079874409196,0.4378294944366869,1.2537079874409196,0.812321805404168,1.2537079874409196,0.43737238527885813,1.2537079874409196,0.810706381257518,1.2537079874409196,0.4378294944366869,1.2537079874409196,0.812321805404168
1.3008537010905705,0.40137285470971606,1.3008537010905705,0.7408384381700299,1.3008537010905705,0.40137285470971606,1.3008537010905705,0.7408384381700299,1.3008537010905705,0.40084969291006306,1.3008537010905705,0.7391355335905236,1.3008537010905705,0.40137285470971606,1.3008537010905705,0.7408384381700299
1.3497723302339417,0.367996205318335,1.3497723302339417,0.6758562729304085,1.3497723302339417,0.367996205318335,1.3497723302339417,0.6758562729304085,1.3497723302339417,0.3674291301132282,1.3497723302339417,0.6741144122273435,1.3497723302339417,0.367996205318335,1.3497723302339417,0.6758562729304085
1.4005305453932198,0.33745019379079794,1.4005305453932198,0.6167953823531854,1.4005305453932198,0.33745019379079794,1.4005305453932198,0.6167953823531854,1.4005305453932198,0.3368577227848568,1.4005305453932198,0.6150535785898927,1.4005305453932198,0.33745019379079794,1.4005305453932198,0.6167953823531854
1.4531975242368953,0.30950364672867803,1.4531975242368953,0.5631243263362194,1.4531975242368953,0.30950364672867803,1.4531975242368953,0.5631243263362194,1.4531975242368953,0.3089010631690609,1.4531975242368953,0.5614133650992911,1.4531975242368953,0.30950364672867803,1.4531975242368953,0.5631243263362194
1.507845045861051,0.2839423818303897,1.507845045861051,0.5143563010739871,1.507845045861051,0.2839423818303897,1.507845045861051,0.5143563010739871,1.507845045861051,0.2833421003334042,1.507845045861051,0.5126999031917872,1.507845045861051,0.2839423818303897,1.507845045861051,0.5143563010739871
1.5645475886160958,0.26056811176394556,1.5645475886160958,0.470045641176578,1.5645475886160958,0.26056811176394556,1.5645475886160958,0.470045641176578,1.5645475886160958,0.25998002185329483,1.5645475886160958,0.46846151081672865,1.5645475886160958,0.26056811176394556,1.5645475886160958,0.470045641176578
1.6233824316122782,0.23919742775714245,1.6233824316122782,0.42978462593596384,1.6233824316122782,0.23919742775714245,1.6233824316122782,0.42978462593596384,1.6233824316122782,0.23862921459733272,1.6233824316122782,0.42828539024701995,1.6233824316122782,0.23919742775714245,1.6233824316122782,0.42978462593596384
1.6844297600423153,0.21966085233374,1.6844297600423153,0.3932005489690623,1.6844297600423153,0.21966085233374,1.6844297600423153,0.3932005489690623,1.6844297600423153,0.21911829416011402,1.6844297600423153,0.39179459538805644,1.6844297600423153,0.21966085233374,1.6844297600423153,0.3932005489690623
1.747772774464681,0.2018019521540836,1.747772774464681,0.359953017550744,1.747772774464681,0.2018019521540836,1.747772774464681,0.359953017550744,1.747772774464681,0.2012891940892965,1.747772774464681,0.35864523498507694,1.747772774464681,0.2018019521540836,1.747772774464681,0.359953017550744
1.8134978041964953,0.18547650337942329,1.8134978041964953,0.3297314540341117,1.8134978041964953,0.18547650337942329,1.8134978041964953,0.3297314540341117,1.8134978041964953,0.18499630756151336,1.8134978041964953,0.3285238842693952,1.8134978041964953,0.18547650337942329,1.8134978041964953,0.3297314540341117
1.8816944249705556,0.17055170333797665,1.8816944249705556,0.30225277690130337,1.8816944249705556,0.17055170333797665,1.8816944249705556,0.30225277690130337,1.8816944249705556,0.17010567554527345,1.8816944249705556,0.30114518272878427,1.8816944249705556,0.17055170333797665,1.8816944249705556,0.30225277690130337
1.952455581016861,0.15690542350178285,1.952455581016861,0.2772592432668466,1.952455581016861,0.15690542350178285,1.952455581016861,0.2772592432668466,1.952455581016861,0.15649421672492486,1.952455581016861,0.2762495999237193,1.952455581016861,0.15690542350178285,1.952455581016861,0.2772592432668466
2.025877711735017,0.14442549986859574,2.025877711735017,0.25451643814746866,2.025877711735017,0.14442549986859574,2.025877711735017,0.25451643814746866,2.025877711735017,0.14404899553324862,2.025877711735017,0.25360135469409045,2.025877711735017,0.14442549986859574,2.025877711735017,0.25451643814746866
2.1020608831301586,0.13300905777250904,2.1020608831301586,0.23381139860411082,2.1020608831301586,0.13300905777250904,2.1020608831301586,0.23381139860411082,2.1020608831301586,0.13266652554500366,2.1020608831301586,0.23298647581001733,2.1020608831301586,0.13300905777250904,2.1020608831301586,0.23381139860411082
2.1811089241915154,0.12256186891835152,2.1811089241915154,0.21495086304445207,2.1811089241915154,0.12256186891835152,2.1811089241915154,0.21495086304445207,2.1811089241915154,0.12225210622123228,2.1811089241915154,0.2142109942167459,2.1811089241915154,0.12256186891835152,2.1811089241915154,0.21495086304445207
2.263129568399525,0.1129977390526012,2.263129568399525,0.1977596376388533,2.263129568399525,0.1129977390526012,2.263129568399525,0.1977596376388533,2.263129568399525,0.1127191915724608,2.263129568399525,0.19709925860660016,2.263129568399525,0.1129977390526012,2.263129568399525,0.1977596376388533
2.348234600554272,0.10423792515768536,2.348234600554272,0.1820790730380821,2.348234600554272,0.10423792515768536,2.348234600554272,0.1820790730380821,2.348234600554272,0.10398878974140716,2.348234600554272,0.18149236721504558,2.348234600554272,0.10423792515768536,2.348234600554272,0.1820790730380821
2.436540009125461,0.09621058140119822,2.436540009125461,0.1677656454708155,2.436540009125461,0.09621058140119822,2.436540009125461,0.1677656454708155,2.436540009125461,0.09598889280932409,2.436540009125461,0.16724670956991236,2.436540009125461,0.09621058140119822,2.436540009125461,0.1677656454708155
2.5281661443314953,0.08885023330374299,2.5281661443314953,0.1546896369188066,2.5281661443314953,0.08885023330374299,2.5281661443314953,0.1546896369188066,2.5281661443314953,0.0886539363237214,2.5281661443314953,0.154232612500382,2.5281661443314953,0.08885023330374299,2.5281661443314953,0.1546896369188066
2.623237882163118,0.08209727972690332,2.623237882163118,0.14273390948443496,2.623237882163118,0.08209727972690332,2.623237882163118,0.14273390948443496,2.623237882163118,0.08192428814855507,2.623237882163118,0.14233308510223094,2.623237882163118,0.08209727972690332,2.623237882163118,0.14273390948443496
2.721884794575174,0.07589752234457395,2.721884794575174,0.13179276933613268,2.721884794575174,0.07589752234457395,2.721884794575174,0.13179276933613268,2.721884794575174,0.07574576627021566,2.721884794575174,0.1314426576140485,2.721884794575174,0.07589752234457395,2.721884794575174,0.13179276933613268
2.82424132607843,0.07020172226388123,2.82424132607843,0.12177091578863798,2.82424132607843,0.07020172226388123,2.82424132607843,0.12177091578863798,2.82424132607843,0.07006918517156753,2.82424132607843,0.12146630933063576,2.82424132607843,0.07020172226388123,2.82424132607843,0.12177091578863798
2.930446976972138,0.06496518342196435,2.930446976972138,0.11258247118417988,2.930446976972138,0.06496518342196435,2.930446976972138,0.11258247118417988,2.930446976972138,0.06484993032758275,2.930446976972138,0.11231848079935212,2.930446976972138,0.06496518342196435,2.930446976972138,0.11258247118417988
3.0406464934670625,0.06014736231566183,3.0406464934670625,0.10415008731554232,3.0406464934670625,0.06014736231566183,3.0406464934670625,0.10415008731554232,3.0406464934670625,0.060047560293178134,3.0406464934670625,0.10392216563844892,3.0406464934670625,0.06014736231566183,3.0406464934670625,0.10415008731554232
3.154990064958082,0.05571150353412613,3.154990064958082,0.09640412419260364,3.154990064958082,0.05571150353412613,3.154990064958082,0.09640412419260364,3.154990064958082,0.055625435757641055,3.154990064958082,0.09620807740120417,3.154990064958082,0.05571150353412613,3.154990064958082,0.09640412419260364
3.2736335287152407,0.05162430046880088,3.2736335287152407,0.08928189701387672,3.2736335287152407,0.05162430046880088,3.2736335287152407,0.08928189701387672,3.2736335287152407,0.05155037483911505,3.2736335287152407,0.0891138869973582,3.2736335287152407,0.05162430046880088,3.2736335287152407,0.08928189701387672
3.3967385822722025,0.04785558047818868,3.3967385822722025,0.08272698727198372,3.3967385822722025,0.04785558047818868,3.3967385822722025,0.08272698727198372,3.3967385822722025,0.047792333793520145,3.3967385822722025,0.08258352628034987,3.3967385822722025,0.04785558047818868,3.3967385822722025,0.08272698727198372
3.5244730038015804,0.044378013691749776,3.5244730038015804,0.07668861400110089,3.5244730038015804,0.044378013691749776,3.5244730038015804,0.07668861400110089,3.5244730038015804,0.04432411221969647,3.5244730038015804,0.07656655351796808,3.5244730038015804,0.044378013691749776,3.5244730038015804,0.07668861400110089
3.6570108807774857,0.041166844551898986,3.6570108807774857,0.0711210612665813,3.6570108807774857,0.041166844551898986,3.6570108807774857,0.0711210612665813,3.6570108807774857,0.04112108175973208,3.6570108807774857,0.07101757658559114,3.6570108807774857,0.041166844551898986,3.6570108807774857,0.0711210612665813
3.7945328472369346,0.03819964511800941,3.7945328472369346,0.06598315810182591,3.7945328472369346,0.03819964511800941,3.7945328472369346,0.06598315810182591,3.7945328472369346,0.03816093722245523,3.7945328472369346,0.06589572985405344,3.7945328472369346,0.03819964511800941,3.7945328472369346,0.06598315810182591
3.937226329963475,0.03545608909321646,3.937226329963475,0.061237807213601086,3.937226329963475,0.03545608909321646,3.937226329963475,0.061237807213601086,3.937226329963475,0.035423469000181305,3.937226329963475,0.06116420088652898,3.937226329963475,0.03545608909321646,3.937226329963475,0.061237807213601086
4.085285803928557,0.03291774548459122,4.085285803928557,0.05685155890261372,4.085285803928557,0.03291774548459122,4.085285803928557,0.05685155890261372,4.085285803928557,0.03289035560460671,4.085285803928557,0.05678980320864147,4.085285803928557,0.03291774548459122,4.085285803928557,0.05685155890261372
4.238913057338775,0.030567890770325297,4.238913057338775,0.05279422677945687,4.238913057338775,0.030567890770325297,4.238913057338775,0.05279422677945687,4.238913057338775,0.030544975117382616,4.238913057338775,0.05274259157147362,4.238913057338775,0.030567890770325297,4.238913057338775,0.05279422677945687
4.398317466650219,0.028391338423951237,4.398317466650219,0.049038541995452996,4.398317466650219,0.028391338423951237,4.398317466650219,0.049038541995452996,4.398317466650219,0.028372234334183545,4.398317466650219,0.048995516286761444,4.398317466650219,0.028391338423951237,4.398317466650219,0.049038541995452996
4.563716281924754,0.026374284635027036,4.563716281924754,0.04555984285222112,4.563716281924754,0.026374284635027036,4.563716281924754,0.04555984285222112,4.563716281924754,0.026358414377539236,4.563716281924754,0.045524113376213635,4.563716281924754,0.026374284635027036,4.563716281924754,0.04555984285222112
4.7353349229171116,0.02450416906759294,4.7353349229171116,0.042335796802010286,4.7353349229171116,0.02450416906759294,4.7353349229171116,0.042335796802010286,4.7353349229171116,0.024491031562637038,4.7353349229171116,0.042306227441793284,4.7353349229171116,0.02450416906759294,4.7353349229171116,0.042335796802010286
4.913407286296357,0.022769549511301123,4.913407286296357,0.03934615200226907,4.913407286296357,0.022769549511301123,4.913407286296357,0.03934615200226907,4.913407286296357,0.022758712320836785,4.913407286296357,0.03932176433038318,4.913407286296357,0.022769549511301123,4.913407286296357,0.03934615200226907
5.09817606442042,0.021159989304473947,5.09817606442042,0.03657251574195382,5.09817606442042,0.021159989304473947,5.09817606442042,0.03657251574195382,5.09817606442042,0.021151081016711894,5.09817606442042,0.036552470834052525,5.09817606442042,0.021159989304473947,5.09817606442042,0.03657251574195382
5.289893076098146,0.019665956442340423,5.289893076098146,0.03399815721314043,5.289893076098146,0.019665956442340423,5.289893076098146,0.03399815721314043,5.289893076098146,0.019658659534821963,5.289893076098146,0.03398173883568323,5.289893076098146,0.019665956442340423,5.289893076098146,0.03399815721314043
5.488819609789666,0.01827873332607429,5.488819609789666,0.031607832258946165,5.488819609789666,0.01827873332607429,5.488819609789666,0.031607832258946165,5.488819609789666,0.01827277756079548,5.488819609789666,0.03159443147842452,5.488819609789666,0.01827873332607429,5.488819609789666,0.031607832258946165
5.6952267797128195,0.016990336157644052,5.6952267797128195,0.02938762788682191,5.6952267797128195,0.016990336157644052,5.6952267797128195,0.02938762788682191,5.6952267797128195,0.016985492536226453,5.6952267797128195,0.02937672910561874,5.6952267797128195,0.016990336157644052,5.6952267797128195,0.02938762788682191
5.909395895340965,0.01579344304045955,5.909395895340965,0.027324824494033045,5.909395895340965,0.01579344304045955,5.909395895340965,0.027324824494033045,5.909395895340965,0.015789518326891697,5.909395895340965,0.02731599288460226,5.909395895340965,0.01579344304045955,5.909395895340965,0.027324824494033045
6.131618844795769,0.014681329904913252,6.131618844795769,0.02540777390855775,6.131618844795769,0.014681329904913252,6.131618844795769,0.02540777390855775,6.131618844795769,0.014678161707397542,6.131618844795769,0.02540064419213292,6.131618844795769,0.014681329904913252,6.131618844795769,0.02540777390855775
6.362198492657482,0.013647813439750854,6.362198492657482,0.0236257915025635,6.362198492657482,0.013647813439750854,6.362198492657482,0.0236257915025635,6.362198492657482,0.013645265831139975,6.362198492657482,0.023620058000018655,6.362198492657482,0.013647813439750854,6.362198492657482,0.0236257915025635
6.601449092734883,0.012687200273419989,6.601449092734883,0.021969060785881407,6.601449092734883,0.012687200273419989,6.601449092734883,0.021969060785881407,6.601449092734883,0.01268515992106448,6.601449092734883,0.02196446865568186,6.601449092734883,0.012687200273419989,6.601449092734883,0.021969060785881407
6.84969671635744,0.011794241712902649,6.84969671635744,0.020428549032321663,6.84969671635744,0.011794241712902649,6.84969671635744,0.020428549032321663,6.84969671635744,0.011792614482927843,6.84969671635744,0.020424886602770066,6.84969671635744,0.011794241712902649,6.84969671635744,0.020428549032321663
7.1072796967734115,0.010964093409942222,7.1072796967734115,0.0189959326311576,7.1072796967734115,0.010964093409942222,7.1072796967734115,0.0189959326311576,7.1072796967734115,0.010962801407528398,7.1072796967734115,0.01899302473048312,7.1072796967734115,0.010964093409942222,7.1072796967734115,0.0189959326311576
7.3745490902595465,0.010192279385094887,7.3745490902595465,0.017663530988682695,7.3745490902595465,0.010192279385094887,7.3745490902595465,0.017663530988682695,7.3745490902595465,0.01019125839078987,7.3745490902595465,0.017661233176128763,7.3745490902595465,0.010192279385094887,7.3745490902595465,0.017663530988682695
7.651869154570818,0.009474659897908142,7.651869154570818,0.01642424792960887,7.651869154570818,0.009474659897908142,7.651869154570818,0.01642424792960887,7.651869154570818,0.009473857159942175,7.651869154570818,0.016422441532818778,7.651869154570818,0.009474659897908142,7.651869154570818,0.01642424792960887
7.939617845382275,0.008807402706164248,7.939617845382275,0.0152715196646073,7.939617845382275,0.008807402706164248,7.939617845382275,0.0152715196646073,7.939617845382275,0.008806775049801513,7.939617845382275,0.01527010753264669,7.939617845382275,0.008807402706164248,7.939617845382275,0.0152715196646073
8.238187331399601,0.008186957308107078,8.238187331399601,0.014199268498089931,8.238187331399601,0.008186957308107078,8.238187331399601,0.014199268498089931,8.238187331399601,0.008186469524943387,8.238187331399601,0.01419817138482416,8.238187331399601,0.008186957308107078,8.238187331399601,0.014199268498089931
8.547984528840406,0.007610031808627175,8.547984528840406,0.013201861549179001,8.547984528840406,0.007610031808627175,8.547984528840406,0.013201861549179001,8.547984528840406,0.007609655291168628,8.547984528840406,0.013201015047975473,8.547984528840406,0.007610031808627175,8.547984528840406,0.013201861549179001
8.869431656014704,0.007073572093386835,8.869431656014704,0.012274073848701925,8.869431656014704,0.007073572093386835,8.869431656014704,0.012274073848701925,8.869431656014704,0.007073283683004784,8.869431656014704,0.012273425806165543,8.869431656014704,0.007073572093386835,8.869431656014704,0.012274073848701925
9.20296680876041,0.006574743033811928,9.20296680876041,0.011411055256132058,9.20296680876041,0.006574743033811928,9.20296680876041,0.011411055256132058,9.20296680876041,0.006574524053095556,9.20296680876041,0.011410563599498692,9.20296680876041,0.006574743033811928,9.20296680876041,0.011411055256132058
9.549044557518078,0.006110911480848466,9.549044557518078,0.010608300712976387,9.549044557518078,0.006110911480848466,9.549044557518078,0.010608300712976387,9.549044557518078,0.006110746924334996,9.549044557518078,0.010607931632645904,9.549044557518078,0.006110911480848466,9.549044557518078,0.010608300712976387
9.908136566858666,0.005679630836540349,9.908136566858666,0.00986162341360497,9.908136566858666,0.005679630836540349,9.908136566858666,0.00986162341360497,9.908136566858666,0.005679508696696451,9.908136566858666,0.009861349848912076,9.908136566858666,0.005679630836540349,9.908136566858666,0.00986162341360497
10.280732238308648,0.005278627020048984,10.280732238308648,0.009167130531430978,10.280732238308648,0.005278627020048984,10.280732238308648,0.009167130531430978,10.280732238308648,0.005278537728134838,10.280732238308648,0.00916693091400544,10.280732238308648,0.005278627020048984,10.280732238308648,0.009167130531430978
10.66733937734857,0.004905785668962725,10.66733937734857,0.008521201188251273,10.66733937734857,0.004905785668962725,10.66733937734857,0.008521201188251273,10.66733937734857,0.004905721632986062,10.66733937734857,0.008521058403123683,10.66733937734857,0.004905785668962725,10.66733937734857,0.008521201188251273
11.06848488549412,0.004559140437911236,11.06848488549412,0.007920466398043242,11.06848488549412,0.004559140437911236,11.06848488549412,0.007920466398043242,11.06848488549412,0.004559095662244331,11.06848488549412,0.007920366927963916,11.06848488549412,0.004559140437911236,11.06848488549412,0.007920466398043242
11.48471547840289,0.004236862274898163,11.48471547840289,0.007361790754199711,11.48471547840289,0.004236862274898163,11.48471547840289,0.007361790754199711,11.48471547840289,0.004236832048272563,11.48471547840289,0.00736172397743443,11.48471547840289,0.004236862274898163,11.48471547840289,0.007361790754199711
11.916598430985587,0.003937249571679929,11.916598430985587,0.0068422556616746085,11.916598430985587,0.003937249571679929,11.916598430985587,0.0068422556616746085,11.916598430985587,0.003937230212190183,11.916598430985587,0.006842213277825634,11.916598430985587,0.003937249571679929,11.916598430985587,0.0068422556616746085
12.36472235053715,0.003658719098230686,12.36472235053715,0.006359143943394665,12.36472235053715,0.003658719098230686,12.36472235053715,0.006359143943394665,12.36472235053715,0.0036587077456739134,12.36472235053715,0.006359119505584229,12.36472235053715,0.003658719098230686,12.36472235053715,0.006359143943394665
12.829697978941475,0.0033997976431055046,12.829697978941475,0.005909925674121754,12.829697978941475,0.0033997976431055046,12.829697978941475,0.005909925674121754,12.829697978941475,0.0033997920904713292,12.829697978941475,0.005909914209196794,12.829697978941475,0.0033997976431055046,12.829697978941475,0.005909925674121754
13.312159025043076,0.0031591142915939753,13.312159025043076,0.0054922451152425635,13.312159025043076,0.0031591142915939753,13.312159025043076,0.0054922451152425635,13.312159025043076,0.0031591128488120818,13.312159025043076,0.005492242816547873,13.312159025043076,0.0031591142915939753,13.312159025043076,0.0054922451152425635
13.812763028320095,0.002935393282167713,13.812763028320095,0.005103908641190067,13.812763028320095,0.002935393282167713,13.812763028320095,0.005103908641190067,13.812763028320095,0.002935394666336799,13.812763028320095,0.005103912620950786,13.812763028320095,0.002935393282167713,13.812763028320095,0.005103908641190067
14.33219225503571,0.0027274473890725372,14.33219225503571,0.004742873562792283,14.33219225503571,0.0027274473890725372,14.33219225503571,0.004742873562792283,14.33219225503571,0.002727450636350983,14.33219225503571,0.004742881653285765,14.33219225503571,0.0027274473890725372,14.33219225503571,0.004742873562792283
14.871154628089506,0.0025341717851797606,14.871154628089506,0.004407237765180528,14.871154628089506,0.0025341717851797606,14.871154628089506,0.004407237765180528,14.871154628089506,0.0025341761803334686,14.871154628089506,0.004407248359700634,14.871154628089506,0.0025341717851797606,14.871154628089506,0.004407237765180528
15.430384691835615,0.002354538344551357,15.430384691835615,0.0040952300883082835,15.430384691835615,0.002354538344551357,15.430384691835615,0.0040952300883082835,15.430384691835615,0.002354543364844701,15.430384691835615,0.004095242014471246,15.430384691835615,0.002354538344551357,15.430384691835615,0.0040952300883082835
16.010644613183146,0.0021875903487304465,16.010644613183146,0.003805201386928987,16.010644613183146,0.0021875903487304465,16.010644613183146,0.003805201386928987,16.010644613183146,0.0021875956194278875,16.010644613183146,0.0038052138061732185,16.010644613183146,0.0021875903487304465,16.010644613183146,0.003805201386928987
16.612725220342895,0.002032437564662852,16.612725220342895,0.0035356162143127773,16.612725220342895,0.002032437564662852,16.612725220342895,0.0035356162143127773,16.612725220342895,0.002032442823896785,16.612725220342895,0.003535628542539156,16.612725220342895,0.002032437564662852,16.612725220342895,0.0035356162143127773
17.237447080636162,0.0018882516654915703,17.237447080636162,0.0032850450802684524,17.237447080636162,0.0018882516654915703,17.237447080636162,0.0032850450802684524,17.237447080636162,0.001888256736659057,17.237447080636162,0.0032850569254815796,17.237447080636162,0.0018882516654915703,17.237447080636162,0.0032850450802684524
17.885661618834582,0.0017542619683327463,17.885661618834582,0.003052157239366339,17.885661618834582,0.0017542619683327463,17.885661618834582,0.003052157239366339,17.885661618834582,0.0017542667385222867,17.885661618834582,0.0030521683529376167,17.885661618834582,0.0017542619683327463,17.885661618834582,0.003052157239366339
18.55825227755515,0.0016297514656148494,18.55825227755515,0.0028357139697901554,18.55825227755515,0.0016297514656148494,18.55825227755515,0.0028357139697901554,18.55825227755515,0.0016297558688445999,18.55825227755515,0.002835724208593573,18.55825227755515,0.0016297514656148494,18.55825227755515,0.0028357139697901554
19.256135721291948,0.0015140531287059608,19.256135721291948,0.002634562307116078,19.256135721291948,0.0015140531287059608,19.256135721291948,0.002634562307116078,19.256135721291948,0.0015140571329858349,19.256135721291948,0.002634571604307656,19.256135721291948,0.0015140531287059608,19.256135721291948,0.002634562307116078
19.980263085725465,0.0014065464644208822,19.980263085725465,0.002447629200638183,19.980263085725465,0.0014065464644208822,19.980263085725465,0.002447629200638183,19.980263085725465,0.0014065500618409784,19.980263085725465,0.0024476375432777625,19.980263085725465,0.0014065464644208822,19.980263085725465,0.002447629200638183
20.73162127401227,0.0013066543066350854,20.73162127401227,0.002273916062725354,20.73162127401227,0.0013066543066350854,20.73162127401227,0.002273916062725354,20.73162127401227,0.0013066575058383574,20.73162127401227,0.002273923474789923,20.73162127401227,0.0013066543066350854,20.73162127401227,0.002273916062725354
21.511234301821627,0.0012138398266737145,21.511234301821627,0.002112493684184378,21.511234301821627,0.0012138398266737145,21.511234301821627,0.002112493684184378,21.511234301821627,0.0012138426471978215,21.511234301821627,0.002112500213808591,21.511234301821627,0.0012138398266737145,21.511234301821627,0.002112493684184378
22.3201646929523,0.0011276037474217812,22.3201646929523,0.001962497490781574,22.3201646929523,0.0011276037474217812,22.3201646929523,0.001962497490781574,22.3201646929523,0.001127606215498305,22.3201646929523,0.0019625032007941365,22.3201646929523,0.0011276037474217812,22.3201646929523,0.001962497490781574
23.1595149274315,0.0010474817472422276,23.1595149274315,0.0018231231179946425,23.1595149274315,0.0010474817472422276,23.1595149274315,0.0018231231179946425,23.1595149274315,0.001047483892725302,23.1595149274315,0.001823128079008644,23.1595149274315,0.0010474817472422276,23.1595149274315,0.0018231231179946425
24.030428944069648,0.0009730420408128413,24.030428944069648,0.001693622282771169,24.030428944069648,0.0009730420408128413,24.030428944069648,0.001693622282771169,24.030428944069648,0.0009730438949769241,24.030428944069648,0.0016936265682393988,24.030428944069648,0.0009730420408128413,24.030428944069648,0.001693622282771169
24.934093699518755,0.0009038831249184098,24.934093699518755,0.0015732989325957574,24.934093699518755,0.0009038831249184098,24.934093699518755,0.0015732989325957574,24.934093699518755,0.0009038847189196178,24.934093699518755,0.0015733026153656692,24.934093699518755,0.0009038831249184098,24.934093699518755,0.0015732989325957574
25.871740785959187,0.0008396316780756863,25.871740785959187,0.001461505653543833,25.871740785959187,0.0008396316780756863,25.871740785959187,0.001461505653543833,25.871740785959187,0.0008396330419149486,25.871740785959187,0.0014615088035460258,25.871740785959187,0.0008396316780756863,25.871740785959187,0.001461505653543833
26.844648109619598,0.0007799406036371261,26.844648109619598,0.0013576403202496597,26.844648109619598,0.0007799406036371261,26.844648109619598,0.0013576403202496597,26.844648109619598,0.0007799417654986054,26.844648109619598,0.0013576430030333615,26.844648109619598,0.0007799406036371261,26.844648109619598,0.0013576403202496597
27.854141632417633,0.0007244872067249204,27.854141632417633,0.0012611429718585112,27.854141632417633,0.0007244872067249204,27.854141632417633,0.0012611429718585112,27.854141632417633,0.0007244881925912195,27.854141632417633,0.0012611452477510959,27.854141632417633,0.0007244872067249204,27.854141632417633,0.0012611429718585112
28.901597179095056,0.0006729714959973149,28.901597179095056,0.0011714928990833311,28.901597179095056,0.0006729714959973149,28.901597179095056,0.0011714928990833311,28.901597179095056,0.0006729723294653181,28.901597179095056,0.001171494822801508,28.901597179095056,0.0006729714959973149,28.901597179095056,0.0011714928990833311
29.988442312310248,0.000625114601851132,29.988442312310248,0.0010882059284569887,29.988442312310248,0.000625114601851132,29.988442312310248,0.0010882059284569887,29.988442312310248,0.0006251153040900231,29.988442312310248,0.001088207549037364,29.988442312310248,0.000625114601851132,29.988442312310248,0.0010882059284569887
31.116158278243567,0.0005806573032230302,31.116158278243567,0.001010831890772058,31.116158278243567,0.0005806573032230302,31.116158278243567,0.001010831890772058,31.116158278243567,0.0005806578930300301,31.116158278243567,0.001010833251720486,31.116158278243567,0.0005806573032230302,31.116158278243567,0.001010831890772058
32.28628202536727,0.0005393586556718141,32.28628202536727,0.0009389522615388676,32.28628202536727,0.0005393586556718141,32.28628202536727,0.0009389522615388676,32.28628202536727,0.00053935914959214,32.28628202536727,0.0009389534011228497,32.28628202536727,0.0005393586556718141,32.28628202536727,0.0009389522615388676
33.500408299131294,0.0005009947139085554,33.500408299131294,0.0008721779620756177,33.500408299131294,0.0005009947139085554,33.500408299131294,0.0008721779620756177,33.500408299131294,0.0005009951263946857,33.500408299131294,0.0008721789137035054,33.500408299131294,0.0005009947139085554,33.500408299131294,0.0008721779620756177
34.76019181541974,0.0004653573423934017,34.76019181541974,0.0008101473105767881,34.76019181541974,0.0004653573423934017,34.76019181541974,0.0008101473105767881,34.76019181541974,0.0004653576859854219,34.76019181541974,0.0008101481032226131,34.76019181541974,0.0004653573423934017,34.76019181541974,0.0008101473105767881
36.06734951574024,0.0004322531080404451,36.06734951574024,0.0007525241131918002,36.06734951574024,0.0004322531080404451,36.06734951574024,0.0007525241131918002,36.06734951574024,0.00043225339355437915,36.06734951574024,0.0007525247718362766,36.06734951574024,0.0004322531080404451,36.06734951574024,0.0007525241131918002
37.42366290721977,0.00040150224946678065,37.42366290721977,0.0006989958857887001,37.42366290721977,0.00040150224946678065,37.42366290721977,0.0006989958857887001,37.42366290721977,0.0004015024861817659,37.42366290721977,0.0006989964318558318,37.42366290721977,0.00040150224946678065,37.42366290721977,0.0006989958857887001
38.83098049059601,0.0003729377175911344,38.83098049059601,0.0006492721976801046,38.83098049059601,0.0003729377175911344,38.83098049059601,0.0006492721976801046,38.83098049059601,0.0003729379134292774,38.83098049059601,0.0006492726494556211,38.83098049059601,0.0003729377175911344,38.83098049059601,0.0006492721976801046
40.29122027951344,0.0003464042827325843,40.29122027951344,0.0006030831291535855,40.29122027951344,0.0003464042827325843,40.29122027951344,0.0006030831291535855,40.29122027951344,0.0003464044444275874,40.29122027951344,0.0006030835021764976,40.29122027951344,0.0003464042827325843,40.29122027951344,0.0006030831291535855
41.806372414557536,0.0003217577036826959,41.806372414557536,0.0005601778351781633,41.806372414557536,0.0003217577036826959,41.806372414557536,0.0005601778351781633,41.806372414557536,0.00032175783693500035,41.806372414557536,0.000560178142600481,41.806372414557536,0.0003217577036826959,41.806372414557536,0.0005601778351781633
43.37850187558985,0.00029886395452610937,43.37850187558985,0.0005203232081548862,43.37850187558985,0.00029886395452610937,43.37850187558985,0.0005203232081548862,43.37850187558985,0.00029886406414348895,43.37850187558985,0.0005203234610672526,43.37850187558985,0.00029886395452610937,43.37850187558985,0.0005203232081548862
45.00975129608042,0.00027759850526662324,45.00975129608042,0.0004833026330444018,45.00975129608042,0.00027759850526662324,45.00975129608042,0.0004833026330444018,45.00975129608042,0.00027759859529003514,45.00975129608042,0.0004833028407672942,45.00975129608042,0.00027759850526662324,45.00975129608042,0.0004833026330444018
46.70234388327331,0.0002578456525793673,46.70234388327331,0.0004489148286398814,46.70234388327331,0.0002578456525793673,46.70234388327331,0.0004489148286398814,46.70234388327331,0.00025784572639443357,46.70234388327331,0.00044891499898140586,46.70234388327331,0.0002578456525793673,46.70234388327331,0.0004489148286398814
48.45858644816491,0.0002394978972558639,48.45858644816491,0.0004169727691615124,48.45858644816491,0.0002394978972558639,48.45858644816491,0.0004169727691615124,48.45858644816491,0.0002394979576907516,48.45858644816491,0.00041697290864359243,48.45858644816491,0.0002394978972558639,48.45858644816491,0.0004169727691615124
50.28087254942475,0.00022245536513881478,50.28087254942475,0.00038730268073044127,50.28087254942475,0.00022245536513881478,50.28087254942475,0.00038730268073044127,50.28087254942475,0.00022245541454951384,50.28087254942475,0.0003873027947857915,50.28087254942475,0.00022245536513881478,50.28087254942475,0.00038730268073044127
52.171685755543436,0.000206625268558301,52.171685755543436,0.0003597431076375,52.171685755543436,0.000206625268558301,52.171685755543436,0.0003597431076375,52.171685755543436,0.0002066253089024104,52.171685755543436,0.0003597432007799944,52.171685755543436,0.000206625268558301,52.171685755543436,0.0003597431076375
54.133603029653756,0.0001919214054817955,54.133603029653756,0.00033414404365648113,54.133603029653756,0.0001919214054817955,54.133603029653756,0.00033414404365648113,54.133603029653756,0.00019192143838198683,54.133603029653756,0.0003341441196276282,54.133603029653756,0.0001919214054817955,54.133603029653756,0.00033414404365648113
56.16929824163804,0.00017826369377784557,56.16929824163804,0.0003103661239648597,56.16929824163804,0.00017826369377784557,56.16929824163804,0.0003103661239648597,56.16929824163804,0.00017826372057614927,56.16929824163804,0.00031036618585906275,56.16929824163804,0.00017826369377784557,56.16929824163804,0.0003103661239648597
58.2815458123084,0.00016557773816841092,58.2815458123084,0.000288279873527903,58.2815458123084,0.00016557773816841092,58.2815458123084,0.000288279873527903,58.2815458123084,0.0001655777599724243,58.2815458123084,0.00028827992389905444,58.2815458123084,0.00016557773816841092,58.2815458123084,0.000288279873527903
60.47322449462643,0.00015379442760840746,60.47322449462643,0.000267765008076443,60.47322449462643,0.00015379442760840746,60.47322449462643,0.000267765008076443,60.47322449462643,0.00015379444533045113,60.47322449462643,0.0002677650490282375,60.47322449462643,0.00015379442760840746,60.47322449462643,0.000267765008076443
62.74732129711575,0.00014284956098383758,62.74732129711575,0.0002487097840653919,62.74732129711575,0.00014284956098383758,62.74732129711575,0.0002487097840653919,62.74732129711575,0.00014284957537400204,62.74732129711575,0.00024870981732752533,62.74732129711575,0.00014284956098383758,62.74732129711575,0.0002487097840653919
65.10693555481454,0.00013268349916263346,65.10693555481454,0.00023101039424046268,65.10693555481454,0.00013268349916263346,65.10693555481454,0.00023101039424046268,65.10693555481454,0.00013268351083656449,65.10693555481454,0.00023101042123270039,65.10693555481454,0.00013268349916263346,65.10693555481454,0.00023101039424046268
67.5552831533164,0.00012324084156571278,67.5552831533164,0.00021457040566563628,67.5552831533164,0.00012324084156571278,67.5552831533164,0.00021457040566563628,67.5552831533164,0.00012324085102789325,67.5552831533164,0.00021457042755148532,67.5552831533164,0.00012324084156571278,67.5552831533164,0.00021457040566563628
70.09570091165618,0.00011447012555034384,70.09570091165618,0.00019930023727456788,70.09570091165618,0.00011447012555034384,70.09570091165618,0.00019930023727456788,70.09570091165618,0.000114470133213542,70.09570091165618,0.00019930025500610528,70.09570091165618,0.00011447012555034384,70.09570091165618,0.00019930023727456788
72.73165113001454,0.00010632354701430105,72.73165113001454,0.00018511667420632823,72.73165113001454,0.00010632354701430105,72.73165113001454,0.00018511667420632823,72.73165113001454,0.00010632355321576417,72.73165113001454,0.00018511668856153167,72.73165113001454,0.00010632354701430105,72.73165113001454,0.00018511667420632823
75.46672630843887,9.875670073800984e-05,75.46672630843887,0.0001719424163704416,75.46672630843887,9.875670073800984e-05,75.46672630843887,0.0001719424163704416,75.46672630843887,9.875670575291622e-05,75.46672630843887,0.00017194242798419403,75.46672630843887,9.875670073800984e-05,75.46672630843887,0.0001719424163704416
78.30465404301182,9.172833908342108e-05,78.30465404301182,0.0001597056588588842,78.30465404301182,9.172833908342108e-05,78.30465404301182,0.0001597056588588842,78.30465404301182,9.172834313602418e-05,78.30465404301182,0.00015970566824865734,78.30465404301182,9.172833908342108e-05,78.30465404301182,0.0001597056588588842
81.24930210614048,8.520014776317683e-05,81.24930210614048,0.00014833970198427848,81.24930210614048,8.520014776317683e-05,81.24930210614048,0.00014833970198427848,81.24930210614048,8.520015103601636e-05,81.24930210614048,0.00014833970957136395,81.24930210614048,8.520014776317683e-05,81.24930210614048,0.00014833970198427848
84.30468371788967,7.91365374821528e-05,84.30468371788967,0.00013778258887465358,84.30468371788967,7.91365374821528e-05,84.30468371788967,0.00013778258887465358,84.30468371788967,7.913654012365161e-05,84.30468371788967,0.00013778259500167142,84.30468371788967,7.91365374821528e-05,84.30468371788967,0.00013778258887465358
87.47496301554415,7.350445033610472e-05,87.47496301554415,0.0001279767686964277,87.47496301554415,7.350445033610472e-05,87.47496301554415,0.0001279767686964277,87.47496301554415,7.350445246682158e-05,87.47496301554415,0.00012797677364173747,87.47496301554415,7.350445033610472e-05,87.47496301554415,0.0001279767686964277
90.76446072885356,6.827317992926699e-05,90.76446072885356,0.00011886878370937168,90.76446072885356,6.827317992926699e-05,90.76446072885356,0.00011886878370937168,90.76446072885356,6.827318164703342e-05,90.76446072885356,0.00011886878769891376,90.76446072885356,6.827317992926699e-05,90.76446072885356,0.00011886878370937168
94.17766006869519,6.341420424470448e-05,94.17766006869519,0.00011040897848071792,94.17766006869519,6.341420424470448e-05,94.17766006869519,0.00011040897848071792,94.17766006869519,6.341420562883812e-05,94.17766006869519,0.00011040898169772378,94.17766006869519,6.341420424470448e-05,94.17766006869519,0.00011040897848071792
97.71921283717977,5.890103036833651e-05,97.71921283717977,0.0001025512297008682,97.71921283717977,5.890103036833651e-05,97.71921283717977,0.0001025512297008682,97.71921283717977,5.890103148309004e-05,97.71921283717977,0.00010255123229381223,97.71921283717977,5.890103036833651e-05,97.71921283717977,0.0001025512297008682
101.39394576752896,5.4709050230134526e-05,101.39394576752896,9.525269515079514e-05,101.39394576752896,5.4709050230134526e-05,101.39394576752896,9.525269515079514e-05,101.39394576752896,5.470905112751594e-05,101.39394576752896,9.52526972398951e-05,101.39394576752896,5.4709050230134526e-05,101.39394576752896,9.525269515079514e-05
105.20686710236207,5.0815406584350295e-05,105.20686710236207,8.847358047170805e-05,105.20686710236207,5.0815406584350295e-05,105.20686710236207,8.847358047170805e-05,105.20686710236207,5.0815407306425194e-05,105.20686710236207,8.84735821542339e-05,105.20686710236207,5.0815406584350295e-05,105.20686710236207,8.847358047170805e-05
109.16317341936126,4.7198868504997166e-05,109.16317341936126,8.217692248129743e-05,109.16317341936126,4.7198868504997166e-05,109.16317341936126,8.217692248129743e-05,109.16317341936126,4.719886908576555e-05,109.16317341936126,8.217692383589906e-05,109.16317341936126,4.7198868504997166e-05,109.16317341936126,8.217692248129743e-05
113.26825671361514,4.383971572348825e-05,113.26825671361514,7.63283878683124e-05,113.26825671361514,4.383971572348825e-05,113.26825671361514,7.63283878683124e-05,113.26825671361514,4.383971619041305e-05,113.26825671361514,7.632838895854469e-05,113.26825671361514,4.383971572348825e-05,113.26825671361514,7.63283878683124e-05
117.52771174629427,4.071963118252473e-05,117.52771174629427,7.089608617875296e-05,117.52771174629427,4.071963118252473e-05,117.52771174629427,7.089608617875296e-05,117.52771174629427,4.071963155777503e-05,117.52771174629427,7.089608705594255e-05,117.52771174629427,4.071963118252473e-05,117.52771174629427,7.089608617875296e-05
121.94734366967359,3.7821601224286084e-05,121.94734366967359,6.585039608294844e-05,121.94734366967359,3.7821601224286084e-05,121.94734366967359,6.585039608294844e-05,121.94734366967359,3.7821601525747394e-05,121.94734366967359,6.585039678852436e-05,121.94734366967359,3.7821601224286084e-05,121.94734366967359,6.585039608294844e-05
126.53317593889403,3.5129822871897915e-05,126.53317593889403,6.116380398360167e-05,126.53317593889403,3.5129822871897915e-05,126.53317593889403,6.116380398360167e-05,126.53317593889403,3.5129823113991614e-05,126.53317593889403,6.116380455098746e-05,126.53317593889403,3.5129822871897915e-05,126.53317593889403,6.116380398360167e-05
131.29145852124626,3.262961770124763e-05,131.29145852124626,5.681075409083183e-05,131.29145852124626,3.262961770124763e-05,131.29145852124626,5.681075409083183e-05,131.29145852124626,3.262961789559611e-05,131.29145852124626,5.681075454697919e-05,131.29145852124626,3.262961770124763e-05,131.29145852124626,5.681075409083183e-05
136.2286764141644,3.0307351835672968e-05,136.2286764141644,5.276750915167847e-05,136.2286764141644,3.0307351835672968e-05,136.2286764141644,5.276750915167847e-05,136.2286764141644,3.0307351991638412e-05,136.2286764141644,5.2767509518311086e-05,136.2286764141644,3.0307351835672968e-05,136.2286764141644,5.276750915167847e-05
141.3515584835393,2.8150361629037486e-05,141.3515584835393,4.901202107870649e-05,141.3515584835393,2.8150361629037486e-05,141.3515584835393,4.901202107870649e-05,141.3515584835393,2.8150361754157835e-05,141.3515584835393,4.9012021373327334e-05,141.3515584835393,2.8150361629037486e-05,141.3515584835393,4.901202107870649e-05
146.66708663439655,2.6146884633396803e-05,146.66708663439655,4.552381077559103e-05,146.66708663439655,2.6146884633396803e-05,146.66708663439655,4.552381077559103e-05,146.66708663439655,2.6146884733738548e-05,146.66708663439655,4.552381101229623e-05,146.66708663439655,2.6146884633396803e-05,146.66708663439655,4.552381077559103e-05
152.1825053264384,2.4285995476005622e-05,152.1825053264384,4.22838565070798e-05,152.1825053264384,2.4285995476005622e-05,152.1825053264384,4.22838565070798e-05,152.1825053264384,2.42859955564492e-05,152.1825053264384,4.228385669721857e-05,152.1825053264384,2.4285995476005622e-05,152.1825053264384,4.22838565070798e-05
157.90533144741727,2.2557546296967676e-05,157.90533144741727,3.9274490206830955e-05,157.90533144741727,2.2557546296967676e-05,157.90533144741727,3.9274490206830955e-05,157.90533144741727,2.2557546361437542e-05,157.90533144741727,3.9274490359537355e-05,157.90533144741727,2.2557546296967676e-05,157.90533144741727,3.9274490206830955e-05
163.84336455779814,2.0952111423514348e-05,163.84336455779814,3.647930115948363e-05,163.84336455779814,2.0952111423514348e-05,163.84336455779814,3.647930115948363e-05,163.84336455779814,2.095211147516523e-05,163.84336455779814,3.6479301282106875e-05,163.84336455779814,2.0952111423514348e-05,163.84336455779814,3.647930115948363e-05
170.00469752067147,1.9460935979855578e-05,170.00469752067147,3.388304653319495e-05,170.00469752067147,1.9460935979855578e-05,170.00469752067147,3.388304653319495e-05,170.00469752067147,1.9460936021222492e-05,170.00469752067147,3.388304663164641e-05,170.00469752067147,1.9460935979855578e-05,170.00469752067147,3.388304653319495e-05
176.39772753140417,1.8075888152884386e-05,176.39772753140417,3.1471568275957416e-05,176.39772753140417,1.8075888152884386e-05,176.39772753140417,3.1471568275957416e-05,176.39772753140417,1.807588818600367e-05,176.39772753140417,3.147156835499057e-05,176.39772753140417,1.8075888152884386e-05,176.39772753140417,3.1471568275957416e-05
183.03116756206092,1.6789414853853284e-05,183.03116756206092,2.9231715923481975e-05,183.03116756206092,1.6789414853853284e-05,183.03116756206092,2.9231715923481975e-05,183.03116756206092,1.6789414880360167e-05,183.03116756206092,2.9231715986918417e-05,183.03116756206092,1.6789414853853284e-05,183.03116756206092,2.9231715923481975e-05
189.91405823619317,1.5594500534579347e-05,189.91405823619317,2.7151274898488458e-05,189.91405823619317,1.5594500534579347e-05,189.91405823619317,2.7151274898488458e-05,189.91405823619317,1.559450055578643e-05,189.91405823619317,2.7151274949399726e-05,189.91405823619317,1.5594500534579347e-05,189.91405823619317,2.7151274898488458e-05
197.05578015017963,1.448462893387145e-05,197.05578015017963,2.5218899911037993e-05,197.05578015017963,1.448462893387145e-05,197.05578015017963,2.5218899911037993e-05,197.05578015017963,1.448462895083217e-05,197.05578015017963,2.521889995189241e-05,197.05578015017963,1.448462893387145e-05,197.05578015017963,2.5218899911037993e-05
204.46606665791137,1.3453747545797424e-05,204.46606665791137,2.3424053097237634e-05,204.46606665791137,1.3453747545797424e-05,204.46606665791137,2.3424053097237634e-05,204.46606665791137,1.3453747559356879e-05,204.46606665791137,2.3424053130018185e-05,204.46606665791137,1.3453747545797424e-05,204.46606665791137,2.3424053097237634e-05
212.1550171362448,1.2496234616210237e-05,212.1550171362448,2.1756946559386973e-05,212.1550171362448,1.2496234616210237e-05,212.1550171362448,2.1756946559386973e-05,212.1550171362448,1.249623462704624e-05,212.1550171362448,2.175694658568657e-05,212.1550171362448,1.2496234616210237e-05,212.1550171362448,2.1756946559386973e-05
220.1331107493028,1.1606868487702545e-05,220.1331107493028,2.020848899455929e-05,220.1331107493028,1.1606868487702545e-05,220.1331107493028,2.020848899455929e-05,220.1331107493028,1.1606868496358486e-05,220.1331107493028,2.0208489015657243e-05,220.1331107493028,1.1606868487702545e-05,220.1331107493028,2.020848899455929e-05
228.4112207303821,1.0780799125937822e-05,228.4112207303821,1.8770236120838327e-05,228.4112207303821,1.0780799125937822e-05,228.4112207303821,1.8770236120838327e-05,228.4112207303821,1.0780799132849326e-05,228.4112207303821,1.8770236137762022e-05,228.4112207303821,1.0780799125937822e-05,228.4112207303821,1.8770236120838327e-05
237.00062920093256,1.0013521672178824e-05,237.00062920093256,1.7434344631089843e-05,237.00062920093256,1.0013521672178824e-05,237.00062920093256,1.7434344631089843e-05,237.00062920093256,1.001352167769485e-05,237.00062920093256,1.743434464466395e-05,237.00062920093256,1.0013521672178824e-05,237.00062920093256,1.7434344631089843e-05
245.91304254680415,9.300851877864012e-06,245.91304254680415,1.6193529423339687e-05,245.91304254680415,9.300851877864012e-06,245.91304254680415,1.6193529423339687e-05,245.91304254680415,9.300851882264194e-06,245.91304254680415,1.61935294342263e-05,245.91304254680415,9.300851877864012e-06,245.91304254680415,1.6193529423339687e-05
255.16060737271812,8.638903287331983e-06,255.16060737271812,1.5041023874665337e-05,255.16060737271812,8.638903287331983e-06,255.16060737271812,1.5041023874665337e-05,255.16060737271812,8.638903290840214e-06,255.16060737271812,1.5041023883395904e-05,255.16060737271812,8.638903287331983e-06,255.16060737271812,1.5041023874665337e-05
264.7559270567064,8.024066044313622e-06,264.7559270567064,1.397054294207545e-05,264.7559270567064,8.024066044313622e-06,264.7559270567064,1.397054294207545e-05,264.7559270567064,8.024066047109125e-06,264.7559270567064,1.3970542949076463e-05,264.7559270567064,8.024066044313622e-06,264.7559270567064,1.397054294207545e-05
274.7120789270809,7.452987206657555e-06,274.7120789270809,1.2976248889247254e-05,274.7120789270809,7.452987206657555e-06,274.7120789270809,1.2976248889247254e-05,274.7120789270809,7.452987208883808e-06,274.7120789270809,1.2976248894860982e-05,274.7120789270809,7.452987206657555e-06,274.7120789270809,1.2976248889247254e-05
285.04263208534314,6.9225524619709994e-06,285.04263208534314,1.2052719452292017e-05,285.04263208534314,6.9225524619709994e-06,285.04263208534314,1.2052719452292017e-05,285.04263208534314,6.922552463742793e-06,285.04263208534314,1.2052719456793089e-05,285.04263208534314,6.9225524619709994e-06,285.04263208534314,1.2052719452292017e-05
295.76166589932507,6.429869144491407e-06,295.76166589932507,1.1194918271005416e-05,295.76166589932507,6.429869144491407e-06,295.76166589932507,1.1194918271005416e-05,295.76166589932507,6.429869145900535e-06,295.76166589932507,1.119491827461414e-05,295.76166589932507,6.429869144491407e-06,295.76166589932507,1.1194918271005416e-05
306.8837891917639,5.972250460594991e-06,306.8837891917639,1.0398167424402376e-05,306.8837891917639,5.972250460594991e-06,306.8837891917639,1.0398167424402376e-05,306.8837891917639,5.9722504617148214e-06,306.8837891917639,1.0398167427295485e-05,306.8837891917639,5.972250460594991e-06,306.8837891917639,1.0398167424402376e-05
318.42416015046496,5.547200836935295e-06,318.42416015046496,9.65812192080117e-06,318.42416015046496,5.547200836935295e-06,318.42416015046496,9.65812192080117e-06,318.42416015046496,5.547200837824508e-06,318.42416015046496,9.658121923120456e-06,318.42416015046496,5.547200836935295e-06,318.42416015046496,9.65812192080117e-06
330.3985069871855,5.152402311323774e-06,330.3985069871855,8.97074600337343e-06,330.3985069871855,5.152402311323774e-06,330.3985069871855,8.97074600337343e-06,330.3985069871855,5.1524023120292505e-06,330.3985069871855,8.97074600523259e-06,330.3985069871855,5.152402311323774e-06,330.3985069871855,8.97074600337343e-06
342.8231493733967,4.785701892147619e-06,342.8231493733967,8.332291141970256e-06,342.8231493733967,4.785701892147619e-06,342.8231493733967,8.332291141970256e-06,342.8231493733967,4.785701892706775e-06,342.8231493733967,8.332291143460542e-06,342.8231493733967,4.785701892147619e-06,342.8231493733967,8.332291141970256e-06
355.71502068213823,4.44509981740009e-06,355.71502068213823,7.739275591226189e-06,355.71502068213823,4.44509981740009e-06,355.71502068213823,7.739275591226189e-06,355.71502068213823,4.445099817842807e-06,355.71502068213823,7.7392755924207e-06,355.71502068213823,4.44509981740009e-06,355.71502068213823,7.739275591226189e-06
369.09169106627746,4.128738649302669e-06,369.09169106627746,7.188465403479305e-06,369.09169106627746,4.128738649302669e-06,369.09169106627746,7.188465403479305e-06,369.09169106627746,4.128738649652779e-06,369.09169106627746,7.18846540443669e-06,369.09169106627746,4.128738649302669e-06,369.09169106627746,7.188465403479305e-06
382.9713914046277,3.8348931450534574e-06,382.9713914046277,6.6768567929773154e-06,382.9713914046277,3.8348931450534574e-06,382.9713914046277,6.6768567929773154e-06,382.9713914046277,3.834893145329977e-06,382.9713914046277,6.676856793744625e-06,382.9713914046277,3.8348931450534574e-06,382.9713914046277,6.6768567929773154e-06
397.37303814856045,3.5619608484679317e-06,397.37303814856045,6.201659755204907e-06,397.37303814856045,3.5619608484679317e-06,397.37303814856045,6.201659755204907e-06,397.37303814856045,3.5619608486860253e-06,397.37303814856045,6.201659755819858e-06,397.37303814856045,3.5619608484679317e-06,397.37303814856045,6.201659755204907e-06
412.3162591029748,3.3084533512083668e-06,412.3162591029748,5.7602828520109485e-06,412.3162591029748,3.3084533512083668e-06,412.3162591029748,5.7602828520109485e-06,412.3162591029748,3.308453351380105e-06,412.3162591029748,5.760282852503758e-06,412.3162591029748,3.3084533512083668e-06,412.3162591029748,5.7602828520109485e-06
427.8214201767613,3.072988175948918e-06,427.8214201767613,5.350319079569345e-06,427.8214201767613,3.072988175948918e-06,427.8214201767613,5.350319079569345e-06,427.8214201767613,3.072988176083917e-06,427.8214201767613,5.350319079964262e-06,427.8214201767613,3.072988175948918e-06,427.8214201767613,5.350319079569345e-06
443.90965313921663,2.8542812372147275e-06,443.90965313921663,4.969532742111881e-06,443.90965313921663,2.8542812372147275e-06,443.90965313921663,4.969532742111881e-06,443.90965313921663,2.8542812373206396e-06,443.90965313921663,4.9695327424283335e-06,443.90965313921663,2.8542812372147275e-06,443.90965313921663,4.969532742111881e-06
460.60288442023983,2.65113983878284e-06,460.60288442023983,4.6158472598543474e-06,460.60288442023983,2.65113983878284e-06,460.60288442023983,4.6158472598543474e-06,460.60288442023983,2.6511398388657513e-06,460.60288442023983,4.615847260107922e-06,460.60288442023983,2.65113983878284e-06,460.60288442023983,4.6158472598543474e-06
477.9238649935595,2.4624561694586894e-06,477.9238649935595,4.287333844631548e-06,477.9238649935595,2.4624561694586894e-06,477.9238649935595,4.287333844631548e-06,477.9238649935595,2.462456169523437e-06,477.9238649935595,4.28733384483473e-06,477.9238649935595,2.4624561694586894e-06,477.9238649935595,4.287333844631548e-06
495.8962013837212,2.287201261759253e-06,495.8962013837212,3.9822009814875986e-06,495.8962013837212,2.287201261759253e-06,495.8962013837212,3.9822009814875986e-06,495.8962013837212,2.2872012618096726e-06,495.8962013837212,3.982200981650381e-06,495.8962013837212,2.287201261759253e-06,495.8962013837212,3.9822009814875986e-06
514.5443878390925,2.1244193805582688e-06,514.5443878390925,3.6987846588627963e-06,514.5443878390925,2.1244193805582688e-06,514.5443878390925,3.6987846588627963e-06,514.5443878390925,2.1244193805974055e-06,514.5443878390925,3.6987846589932144e-06,514.5443878390925,2.1244193805582688e-06,514.5443878390925,3.6987846588627963e-06
533.893839714735,1.973222811093351e-06,533.893839714735,3.4355392941002387e-06,533.893839714735,1.973222811093351e-06,533.893839714735,3.4355392941002387e-06,533.893839714735,1.973222811123621e-06,533.893839714735,3.435539294204723e-06,533.893839714735,1.973222811093351e-06,533.893839714735,3.4355392941002387e-06
553.97092811064,1.8327870179126577e-06,553.97092811064,3.191029304786774e-06,553.97092811064,1.8327870179126577e-06,553.97092811064,3.191029304786774e-06,553.97092811064,1.832787017935972e-06,553.97092811064,3.1910293048704763e-06,553.97092811064,1.8327870179126577e-06,553.97092811064,3.191029304786774e-06
574.8030158125351,1.702346148361367e-06,574.8030158125351,2.9639212799645955e-06,574.8030158125351,1.702346148361367e-06,574.8030158125351,2.9639212799645955e-06,574.8030158125351,1.702346148379234e-06,574.8030158125351,2.9639212800316483e-06,574.8030158125351,1.702346148361367e-06,574.8030158125351,2.9639212799645955e-06
596.418494584246,1.581188856087212e-06,596.418494584246,2.752976708521026e-06,596.418494584246,1.581188856087212e-06,596.418494584246,2.752976708521026e-06,596.418494584246,1.5811888561008226e-06,596.418494584246,2.752976708574737e-06,596.418494584246,1.581188856087212e-06,596.418494584246,2.752976708521026e-06
618.8468238624383,1.4686544217892509e-06,618.8468238624383,2.557045225102123e-06,618.8468238624383,1.4686544217892509e-06,618.8468238624383,2.557045225102123e-06,618.8468238624383,1.46865442179955e-06,618.8468238624383,2.5570452251451402e-06,618.8468238624383,1.4686544217892509e-06,618.8468238624383,2.557045225102123e-06
642.1185709064745,1.3641291500551142e-06,642.1185709064745,2.3750583367180442e-06,642.1185709064745,1.3641291500551142e-06,642.1185709064745,2.3750583367180442e-06,642.1185709064745,1.3641291500628419e-06,642.1185709064745,2.3750583367525066e-06,642.1185709064745,1.3641291500551142e-06,642.1185709064745,2.3750583367180442e-06
666.2654524581136,1.2670430226373932e-06,666.2654524581136,2.2060235958293353e-06,666.2654524581136,1.2670430226373932e-06,666.2654524581136,2.2060235958293353e-06,666.2654524581136,1.2670430226431327e-06,666.2654524581136,2.206023595856928e-06,666.2654524581136,1.2670430226373932e-06,666.2654524581136,2.2060235958293353e-06
691.3203779678114,1.1768665899184257e-06,691.3203779678114,2.0490191881379994e-06,691.3203779678114,1.1768665899184257e-06,691.3203779678114,2.0490191881379994e-06,691.3203779678114,1.1768665899226352e-06,691.3203779678114,2.0490191881601e-06,691.3203779678114,1.1768665899184257e-06,691.3203779678114,2.0490191881379994e-06
717.3174944465597,1.0931080836114277e-06,717.3174944465597,1.903188905568766e-06,717.3174944465597,1.0931080836114277e-06,717.3174944465597,1.903188905568766e-06,717.3174944465597,1.0931080836144635e-06,717.3174944465597,1.903188905586464e-06,717.3174944465597,1.0931080836114277e-06,717.3174944465597,1.903188905568766e-06
744.2922330043742,1.0153107349525862e-06,744.2922330043742,1.7677374770263702e-06,744.2922330043742,1.0153107349525862e-06,744.2922330043742,1.7677374770263702e-06,744.2922330043742,1.015310734954727e-06,744.2922330043742,1.7677374770405383e-06,744.2922330043742,1.0153107349525862e-06,744.2922330043742,1.7677374770263702e-06
772.2813571388626,9.430502837591837e-07,772.2813571388626,1.6419262314659076e-06,772.2813571388626,9.430502837591837e-07,772.2813571388626,1.6419262314659076e-06,772.2813571388626,9.430502837606493e-07,772.2813571388626,1.641926231477254e-06,772.2813571388626,9.430502837591837e-07,772.2813571388626,1.6419262314659076e-06
801.323012839687,8.759326647697587e-07,801.323012839687,1.5250690696253404e-06,801.323012839687,8.759326647697587e-07,801.323012839687,1.5250690696253404e-06,801.323012839687,8.759326647707153e-07,801.323012839687,1.525069069634426e-06,801.323012839687,8.759326647697587e-07,801.323012839687,1.5250690696253404e-06
831.4567805772047,8.135918586490053e-07,831.4567805772047,1.4165287224525154e-06,831.4567805772047,8.135918586490053e-07,831.4567805772047,1.4165287224525154e-06,831.4567805772047,8.13591858649586e-07,831.4567805772047,1.4165287224597868e-06,831.4567805772047,8.135918586490053e-07,831.4567805772047,1.4165287224525154e-06
862.7237292461433,7.556878959381872e-07,862.7237292461433,1.3157132758225367e-06,862.7237292461433,7.556878959381872e-07,862.7237292461433,1.3157132758225367e-06,862.7237292461433,7.556878959384901e-07,862.7237292461433,1.3157132758283596e-06,862.7237292461433,7.556878959381872e-07,862.7237292461433,1.3157132758225367e-06
895.1664721378284,7.019050030657996e-07,895.1664721378284,1.222072942593461e-06,895.1664721378284,7.019050030657996e-07,895.1664721378284,1.222072942593461e-06,895.1664721378284,7.019050030659043e-07,895.1664721378284,1.2220729425981196e-06,895.1664721378284,7.019050030657996e-07,895.1664721378284,1.222072942593461e-06
928.829225017248,6.519498803079982e-07,928.829225017248,1.1350970643970542e-06,928.829225017248,6.519498803079982e-07,928.829225017248,1.1350970643970542e-06,928.829225017248,6.519498803079609e-07,928.829225017248,1.1350970644007847e-06,928.829225017248,6.519498803079982e-07,928.829225017248,1.1350970643970542e-06
963.7578663841069,6.055501023078159e-07,963.7578663841069,1.0543113268143102e-06,963.7578663841069,6.055501023078159e-07,963.7578663841069,1.0543113268143102e-06,963.7578663841069,6.055501023076835e-07,963.7578663841069,1.0543113268172922e-06,963.7578663841069,6.055501023078159e-07,963.7578663841069,1.0543113268143102e-06
1000.0,5.624526324306142e-07,1000.0,9.792751727489106e-07,1000.0,5.624526324306142e-07,1000.0,9.792751727489106e-07,1000.0,5.624526324304175e-07,1000.0,9.792751727512977e-07,1000.0,5.624526324306142e-07,1000.0,9.792751727489106e-07
